Session Number,Scenario Number (within session) ,"Scenario Type                   (REMEMBER: 7 positive, 2 resilience, 1 negative) ",Broad Domain 1,Broad Domain 2,Broad Domain 3,Hoos TC Title ,Staff scenario body,Staff scenario body #2 (negation scenarios only),Staff comprehension question,Staff correct response,Staff incorrect response,Staff photo link,Letters Missing,Occurrence
1,1,Positive,Academics/Work/Career Development,Social Situations,,The Meeting,You are walking to an important meeting with your supervisor. Suddenly your mind goes blank as you reach for the doorknob to her office. You think about your mind going blank and think that this is normal.,N/A,Is it scary that your mind went blank right before your meeting?,No,,https://drive.google.com/file/d/1v_4FGXs96Yggu3t319aUfGuvOfo--Ji7/view?usp=sharing,1,3
,2,Positive,Academics/Work/Career Development,Mental Health,,A big presentation,You are about to give an important presentation. You are anxious about it. This feeling makes you exhilarated.,N/A,Are you excited about the presentation?,Yes,,https://drive.google.com/file/d/1Isymza3G0kL57wzhqwxZgxIn5utKL9wO/view?usp=sharing,1,3
,3,Resilience/Negation,Academics/Work/Career Development,,,New work opportunity,You are at work and find out that an opportunity for promotion in your department just came up. You think you might be eligible and decide to ask your boss for more details. Your boss tells you that the selection criteria are very strict and that your application will likely be rejected.,"The next day, you bump into your boss in the corridor. You then realize that although your boss thinks you may not be ready for promotion just yet, they strongly believe you are capable of being ready for one next year and are likely to succeed.",Your boss thinks you shouldn't apply for a promotion now because ...,You will be ready for one next year.,You will never be capable.,https://drive.google.com/file/d/1OpOhL2p65K4b_HCgRQpLm16ZlkzUCe2s/view?usp=sharing,1,2
,4,Positive,Academics/Work/Career Development,,,A sudden stumble,"It is your first day at a new job, and you report to your manager. As you approach them, you stumble, then recover. They noticed, and their first impression of you is probably that you are very prepared.",N/A,Your manager will probably think that ...,You are ready to take on challenges.,You are a clumsy person.,https://drive.google.com/file/d/1DttLONiIj8xl29lRpUM8ExKkKo4JbVNe/view?usp=sharing,1,3
,5,Negative,Academics/Work/Career Development,Social Situations,,Showcasing your experience,"Your supervisor calls a meeting tied to a new initiative and asks each attendee in turn to present their ideas and prior experience. When it is your turn to speak, you pause frequently. As you reflect on the meeting later in the day, you feel that the supervisor thought you sounded silly.",N/A,Your supervisor probably found you to be ...,Unprepared and lacking. ,Effective,https://drive.google.com/file/d/1npkE7h685FSS9kM33IyEeOyngro5KOvm/view?usp=sharing,1,3
,6,Positive,Academics/Work/Career Development,,,Noisy Neighbors,"Your neighbors were really loud last night so you couldn't sleep. You have a huge presentation to give to your coworkers this morning on a complicated topic. As you think about how you'll do in the presentation, you feel prepared.",,Are you ready for your presentation?,Yes,,https://drive.google.com/file/d/1HsDUCeU29zHEdpx6zFJUNO-bHxtE6WBU/view?usp=sharing,1,3
,7,Positive,Academics/Work/Career Development,,,Ready to Work,"You have a lot of tasks to finish tomorrow. You've been procrastinating getting them done because they are going to be hard. When you think about whether you will be able to do the work, you think you can.",,Are you going to complete your work?,Yes,,https://drive.google.com/file/d/1ctfYI6TZJr5mbm-BjK9jNskpLStAn1mj/view?usp=sharing,1,3
,8,Resilience/Negation,Academics/Work/Career Development,Social Situations,,Feedback on your work,"You recently turned in a report, and your boss asks to see you about your work. As you walk into their office, they tell you to sit down because there's lots of feedback to go through, and they look at you with a frown.","During the meeting, you realize that your boss is taking great care to give you useful feedback and that they see this as a way to provide you with a valuable learning opportunity.",Your boss probably thinks that ...,You have great potential.,You are incapable.,https://drive.google.com/file/d/1LeCW8Zaw5qO3kfJKG0mZmeeHjw8dApHc/view?usp=sharing,1,3
,9,Positive,Academics/Work/Career Development,,,The Difficult Course,"You have enrolled in a data science program offered by your workplace because you think it will be a useful skill to acquire going forward. You know the demand for people with data science experience is increasing, but the program is very difficult. ","Imagining how you will do in the program, you do not see yourself failing, but instead you believe your efforts to learn some data science skills will be successful.",Do you think you will be effective at picking up some data science skills?,Yes,No,https://drive.google.com/file/d/18HsxK2zdx8J0wLQE1QZITsfajDWRjgaX/view?usp=sharing,1,3
,10,Positive,Academics/Work/Career Development,Social Situations,,Word stumbling,"You have to make a presentation about your work to your colleagues and your boss. As you start, you stumble on your first few words. Continuing with it, you think that your performance will be evaluated positively.",N/A,Do you think others will like your presentation?,Yes,,https://drive.google.com/file/d/1xUVHP-lj26dCvOIiMMMta2bgIGRH5hR9/view?usp=sharing,1,3
2,1,Positive,Academics/Work/Career Development,,,New work opportunity,You are at work and find out that an opportunity for promotion in your department just came up. You think you might be eligible and decide to ask your boss for more details. Your boss tells you that the selection criteria are very strict and that your application will likely be rejected.,"The next day, you bump into your boss in the corridor. You then realize that although your boss thinks you may not be ready for promotion just yet, they strongly believe you are capable of being ready for one next year and are likely to succeed.",Your boss thinks you shouldn't apply for a promotion now because ...,You will be ready for one next year.,You will never be capable.,https://drive.google.com/file/d/1OpOhL2p65K4b_HCgRQpLm16ZlkzUCe2s/view?usp=sharing,1,2
,2,Positive,Academics/Work/Career Development,,,Finishing Work,"You have a project due at work next week. You haven't started it yet because you're unsure how to best complete it. When you think about completing the project on time, you feel confident.",N/A,Are you worried about completing your project on time?,No,,https://drive.google.com/file/d/12ozsRqQm34HuapdP-IpswqSXrE7BODWH/view?usp=sharing,1,2
,3,Negative,Academics/Work/Career Development,,,Writing Project,"Your supervisor asks you to write a report. The finished document is quite brief but took a lot of time and effort. Based on your writing, you expect your supervisor's opinion of you will be negative.",N/A,Your supervisor probably found you to be...,Incapable,Capable,https://drive.google.com/file/d/1ZdlotRy46kMOko2PYg-y4oaDD1yOaad1/view?usp=sharing,1,3
,4,Resilience/Negation,Academics/Work/Career Development,,,Crowd of speech,"You are giving a speech at a convention for work. As you speak, you look into the crowd and notice that your boss’s expression is almost emotionless, but you can make out a slight frown.","After the speech, you realize that people often look emotionless and frown when they are concentrating and focusing hard. You think that your boss was most likely feeling impressed.",Does your boss’s neutral expression mean that they are disappointed with your speech?,No,,https://drive.google.com/file/d/1j_wTSZ6LyYqWqgOAZFYdxFtjd0jBduSd/view?usp=sharing,1,3
,5,Positive,Academics/Work/Career Development,,,Certainty of being correct,"You are having an intellectual discussion with your colleague. On one of the questions they ask you, you are 90% certain that you know the correct answer. When you respond, you feel confident.",N/A,Are you uneasy about your answer?,No,,https://drive.google.com/file/d/1nVCrQvzsMF5KCRUZMiYr0rakkwQqslrO/view?usp=sharing,1,3
,6,Positive,Academics/Work/Career Development,Social Situations,,Prepare to Succeed,"In your meeting today, you have an important presentation. In order to follow your boss's instructions, you must present for 15 minutes. When you think about completing this presentation, you feel prepared.",,Are you able to complete the presentation?,Yes,,https://drive.google.com/file/d/1pQHZTO39FaMtxe96k3wQ-bwUufBsPYvC/view?usp=sharing,1,3
,7,Positive,Academics/Work/Career Development,,,Putting Preparation to the Test,"You have an important presentation today. You've been working hard on it because it is a requirement for your job. When you begin the presentation, you feel prepared.",N/A ,Do you feel ready for your presentation today? ,Yes,,https://drive.google.com/file/d/1MSvkZ7ilWBOwRh_oL2pAafze77-a_M3n/view?usp=sharing,1,2
,8,Positive,Academics/Work/Career Development,,,Poor Performance,"Tonight you find out the results of your yearly performance evaluation at work. Your rankings are low in one category, and you know your supervisor will want to meet with you to discuss your performance. When you think about what your supervisor will say to you, you feel ok.",N/A,Can you handle your department head's reaction to your poor evaluation?,Yes,,https://drive.google.com/file/d/1R2qiJM_IDzSxINZRkJ1oU9N7X9ZhWZBn/view?usp=sharing,1,3
,9,Positive,Academics/Work/Career Development,,,Important visitors,"Some important people are visiting your office, and you are asked to present a project to them. On the day of the presentation, you arrange your slides and mentally prepare yourself. You think the visitors will evaluate your performance as organized.",N/A,Will the visitors be unimpressed with your performance?,No,,https://drive.google.com/file/d/1cJz2W2jQrnpZ4LfT39NhgX0UGBztrPPa/view?usp=sharing,1,3
,10,Resilience/Negation,Academics/Work/Career Development,,,An interview panel,"You are the third and final candidate to be interviewed for a job. The interview panel greets you as you walk into the conference room. When you sit down, you feel your cheeks burning red, and you start to shake. The panel probably sees you as nervous.","After the interview, you realize that it is normal to be nervous during panel interviews. The panelists probably saw you as reasonably calm and enthusiastic.",Do you think the interviewers see you as a nervous person?,No,,https://drive.google.com/file/d/1mTDpifErX2S2EJttSEMaqR6mz1MpzjR7/view?usp=sharing,1,2
3,1,Positive,Academics/Work/Career Development,,,Rearranging After Exposure,"You have a presentation for your department coming up and you’ve been working hard in the hopes that you’ll impress your supervisor. The night before, you find out a friend you had dinner with tested positive for COVID. You think your supervisor will understand and help you arrange to do the presentation safely.",N/A,Will your supervisor penalize you for being exposed?,No,,https://drive.google.com/file/d/1Z-r6oLOiCidGbAjEgRq2EYOz5a33RgN0/view?usp=sharing,1,2
,2,Positive,Academics/Work/Career Development,Family & Home Life,,Approaching Deadline,"You and your partner share a home office. You have a work assignment due tonight but they're using the office. When you think about completing the work on time, you feel confident.",N/A,Will you get your assignment done in time?,Yes,,https://drive.google.com/file/d/1q13omJofjfnPiBpNlEwv-3_ZALGQEk6h/view?usp=sharing,1,3
,3,Resilience/Negation,Academics/Work/Career Development,,,"1, 2, 3. Eyes on Me",You have a big presentation to your boss and other staff members. You know everyone's eyes are on you as you stand in front of the room. You feel nervous.,"You give yourself a moment to collect your thoughts and begin the presentation. During the presentation, you feel prepared.",Are you feeling prepared for your presentation?,Yes,,https://drive.google.com/file/d/1nUDKdq79IsojabL_DGbGTayRJ_gaEEvX/view?usp=sharing,1,2
,4,Positive,Academics/Work/Career Development,,,Getting an Opportunity,"You have submitted an application for a job that you have been hoping to get. You hope to get an interview for the job after they review your application, but you know it is very competitive. With your qualifications, you expect to get a call.",,Your qualifications...,Put you in a good position to get an interview.,Are probably not strong enough to make you stand out.,https://drive.google.com/file/d/1kw58e9iPvU1vOT2PxZuYepma0F30V2qn/view?usp=sharing,1,3
,5,Resilience/Negation,Academics/Work/Career Development,Social Situations,,Mind Going Blank,Your boss calls on you to answer a question about the plans you just discussed. You don't know what to say. Your mind goes blank.,"You give yourself a moment to collect your thoughts and then answer the question. When you think about the answer you gave, you feel good.",Are you able to answer the question?,Yes,,https://drive.google.com/file/d/1peJsSeWbW75_7SXUaFUQcsUBkEkp3q7I/view?usp=sharing,1,3
,6,Positive,Academics/Work/Career Development,Social Situations,,Leaning on your Peers,"You get your evaluation back today and your results are lower than you expected. Your peers are talking about their results and they are more positive than yours. If you tell your peers about your evalutation results, they will be understanding.",,Will your peers judge you for getting more negative evalutation results than them?,No,,https://drive.google.com/file/d/1ruzqRzoiX02FLhAnwN6oJ70yaCOV9usy/view?usp=sharing,1,2
,7,Positive,Academics/Work/Career Development,Social Situations,,Stuttering in office ,"You are having a conversation with your supervisor in their office. You notice that you are stuttering over your words a bit more than you normally do. As the conversation continues, you decide this is okay.",N/A,Are you embarrassed due to stuttering over your words?,No,,https://drive.google.com/file/d/1aUoa1C9eagfLdwz6V8WTzXzAjHHYPXaJ/view?usp=sharing,1,3
,8,Negative,Academics/Work/Career Development,,,Unstable WiFi,"You don't have stable internet access at home and you found out UVA has converted to online operations. You wonder how you'll be able to keep up with your work. As you think about the situation, you feel stressed.",N/A,Are you worried about keeping up with your work? ,Yes,,https://drive.google.com/file/d/1Dyk0jx8bXiVMVELskA1wH2t85AfZV8H8/view?usp=sharing,1,3
,9,Positive,Academics/Work/Career Development,Social Situations,,Nerve-wracking presentation,"You have to give a presentation to your boss. As you think about the talk, you feel butterflies in your stomach. On the morning of the talk, you feel nervous, and you think your nerves will be manageable.",N/A,Are you able to tolerate your anxiety?,Yes,,https://drive.google.com/file/d/16jiyG_dY7BTG2s8QjNuSQJn_RwkLlqXH/view?usp=sharing,1,3
,10,Positive,Academics/Work/Career Development,,,Discussing the Evaluation ,"You just received your preformance evaluation and you notice their are some critiques about your work that you did not realize were an issue. While waiting for your meeting with your boss, you feel ready.",N/A,Are you spending your time worrying about meeting with your boss?,No,,https://drive.google.com/file/d/1ruzqRzoiX02FLhAnwN6oJ70yaCOV9usy/view?usp=sharing,1,3
4,1,Resilience/Negation,Academics/Work/Career Development,Social Situations,,Assessments at School,You are currently have a lot going on with work. Your friend who you have not seen in a while has asked you to hang out the night before a deadline. You know that you need to do prioritize your work but worry that your friend will be upset for not making time for them. ,You realize that you will have greater flexibility in the next few weeks to see your friend and that they will understand that you need to work.,Will your friend be mad at you for not seeing them?,No,,https://drive.google.com/file/d/1l7EYIU9EAQNPZ729hAe8kKcigikut6sh/view?usp=sharing,2,2
,2,Negative,Academics/Work/Career Development,Social Situations,,Dealing with Group Work,"You are assigned a project to complete for work. You've been grouped with coworkers who usually don't contribute much to work projects. You start to think about how the project will go, and feel uneasy.",,Are you worried about completing the presentation?,Yes,,https://drive.google.com/file/d/1MSvkZ7ilWBOwRh_oL2pAafze77-a_M3n/view?usp=sharing,2,3
,3,Positive,Academics/Work/Career Development,,,Discussing the Evaluation ,"You just received your preformance evaluation and you notice their are some critiques about your work that you did not realize were an issue. While waiting for your meeting with your boss, you feel ready.",N/A,Are you spending your time worrying about meeting with your boss?,No,,https://drive.google.com/file/d/1ruzqRzoiX02FLhAnwN6oJ70yaCOV9usy/view?usp=sharing,2,3
,4,Resilience/Negation,Academics/Work/Career Development,,,Feedback on your work,"You recently turned in a report, and your boss asks to see you about your work. As you walk into their office, they tell you to sit down because there's lots of feedback to go through, and they look at you with a frown.","During the meeting, you realize that your boss is taking great care to give you useful feedback and that they see this as a way to provide you with a valuable learning opportunity.",Your boss probably thinks that ...,You have great potential.,You are incapable.,https://drive.google.com/file/d/1LeCW8Zaw5qO3kfJKG0mZmeeHjw8dApHc/view?usp=sharing,2,3
,5,Positive,Academics/Work/Career Development,,,Running Late,"You wake up and realize that you're late for your first online meeting of the day. You log into the meeting and when you do, your supervisor stops talking. You apologize for being late in the chat, and spend the rest of the meeting feeling calm.",N/A,Are you anxious for the rest of the meeting because you were late?,No,,https://drive.google.com/file/d/11hkKoc95B-7-zuWUGB6ZlYkbaj1oMxzZ/view?usp=sharing,2,2
,6,Positive,Academics/Work/Career Development,Social Situations,,Speaking Up in Class,Your boss is talking about one of your role models in your field of work during a meeting and she asks if anyone knows about their work. In front of everyone you quickly raise your hand and your colleagues turns to you. You realize that you feel confident.,,Are you embarrassed that you raised your hand?,No,,https://drive.google.com/file/d/1qGMXNyoVsjti9RZVA8vAZ6RjVRacfgBv/view?usp=sharing,2,1
,7,Positive,Academics/Work/Career Development,Social Situations,,Writing workshop,"A coworker suggests that your team participates in a workshop on writing for the workplace. You go online and read information about the workshop. As you navigate through the site, the thought of other people looking at your writing makes you feel enthusiastic",N/A,Do you expect to feel uncomfortable if others look at your work?,No,,https://drive.google.com/file/d/1vQbs0ifLnQbnC1ejFEq6WujzKLqZl7vv/view?usp=sharing,2,2
,8,Positive,Academics/Work/Career Development,Social Situations,,A sip of water,"You are told you need to give a presentation to your coworkers. When it is time to present, you have a sip of water and wonder what your coworkers will think of you. As you begin to speak, you feel scared and decide to continue.",N/A,When you feel anxious during a presentation...,You have the ability to continue with your talk.,You have to stop your talk and flee the situation.,https://drive.google.com/file/d/1M2nmwy6Vs-FYWSeplo1FuQ51PqchzdnB/view?usp=sharing,2,3
,9,Positive,Academics/Work/Career Development,,,Important visitors,"Some important people are visiting your office, and you are asked to present a project to them. On the day of the presentation, you arrange your slides and mentally prepare yourself. You think the visitors will evaluate your performance as organized.",N/A,Will the visitors be unimpressed with your performance?,No,,https://drive.google.com/file/d/1cJz2W2jQrnpZ4LfT39NhgX0UGBztrPPa/view?usp=sharing,2,3
,10,Positive,Academics/Work/Career Development,,,A night off,"You have a big project due at the end of the week. Your work isn't finished, but you consider taking a break to go out with friends. Taking the night off would be reasonable. ",N/A,Is it okay that you stopped working to go out with friends?  ,Yes,,https://drive.google.com/file/d/1sp47R6r1ixHVuH4FTKwHC2nrZaym61Iy/view?usp=sharing,2,3
5,1,Positive,Academics/Work/Career Development,Social Situations,,An engaged audience,"You are required to give a presentation to a group of work colleagues that you know well. They all are quiet during your presentation. As you think about it later at home, you think that your colleagues found your presentation interesting.",N/A,Your cohort members were probably quiet because ...,They were engaged by your presentation.,They were bored by your presentation.,https://drive.google.com/file/d/12S8nfxTZe8xGCPO8jz-sGM6I1c8zCe1q/view?usp=sharing,2,3
,2,Positive,Academics/Work/Career Development,Mental Health,,Answering Unexpected Questions,"You are presenting your work to a group of your peers. After you present, someone asks you a very specific question that you do not know the answer to and you feel like you are unqualified. You remember that you did a lot of research, and this question may just not be relevant.",N/A,Are you qualified to be giving your presentation?,Yes,,https://drive.google.com/file/d/12gcbXlswsM0sW5_Z7DcSBJGr1Bq-2t8t/view?usp=sharing,2,3
,3,Resilience/Negation,Academics/Work/Career Development,Social Situations,,Shaking Hands,"You are giving a presentation to your coworkers about a new training plan. You feel that your hands are shaking a little. Wondering if it is obvious, you look around and see that a few people have noticed.",You realize that your coworkers are more interested in your presentation than your hands. You continue your presentation and as time passes you realize that your nerves are manageable.,Are you able to handle your anxiety during your presentation?,Yes,,https://drive.google.com/file/d/1Cw3oPXTNc-8SRhdtrmQYyiTvDaszARPN/view?usp=sharing,2,2
,4,Positive,Academics/Work/Career Development,,,Taking Your Own Career Path,"You've decided to take time off work to travel. You don't know anyone who has taken this type of break, and all of your friends are questioning it. When you think about your decision, you feel like it's right.",,Are you satisfied with your decision to go take time off to travel?,Yes,,https://drive.google.com/file/d/1T7YdAdETacEaggsYW81HUKjoT_lV5Ptt/view?usp=sharing,2,2
,5,Positive,Academics/Work/Career Development,Mental Health,,Teaching Others,"You have been selected to lead a training class for new employees. The leader before you was extremely well liked, and you worry you won't be able to live up to others' expectation of the course. You remember that you know the material well, and when you think about leading the course, you are hopeful.",N/A,Will you lead the course well?,Yes,,https://drive.google.com/file/d/1C5L6fKZvsuJRuh2QnDj4U7_d1_Djs1Rr/view?usp=sharing,2,3
,6,Positive,Academics/Work/Career Development,Finances,,Work-Study Balance,"Last month, you accepted an offer to take on extra responsibilities at work for a pay increase. However, this has caused you to spend much less time on other important areas of your life, like family and friends. You talk with your supervisor and make a plan to reduce your responsibilities slightly, which makes you feel relieved. ",,Will your job continue to take up all of your time?,No,Yes,https://drive.google.com/file/d/11q5pKXoPWPhEb3Jj9q5NvtB1VcTrqt3e/view?usp=sharing,2,2
,7,Negative,Academics/Work/Career Development,Mental Health,,Important Email,"Today you are receiving an email about whether or not you received a promotion. You have a few hours to wait until you'll get the email. When you think about waiting that long, you feel miserable.",N/A,Do you feel OK having to wait for the email?,No,,https://drive.google.com/file/d/1N6vR25DLC0FZk7m0Kj9cqT3vnyjdyQOA/view?usp=sharing,2,3
,8,Positive,Academics/Work/Career Development,Social Situations,,Missing meeting,"Although you are normally on time for work events, today you receive an email from your boss saying that you are a few minutes late for a scheduled meeting with them, which you had completely forgotten about. As you quickly head to the office, you wonder whether they are going to judge you for being late. As you walk into the room, your anxiety is tolerable.",N/A,"During the meeting, your boss will probably think you are ...","Competent, even though you made a mistake. ",Irresponsible and nervous.,https://drive.google.com/file/d/17IOmNhMDq3epnJGE8TemGWfg4KUWPytl/view?usp=sharing,2,3
,9,Resilience/Negation,Academics/Work/Career Development,Family & Home life,,Expectations,"The year just ended and your boss wants to meet with you about your performance. They have high expectations for you, but you performed worse than previous years. Your boss will be upset.","You think about why they want you to perform well. You know it is because they want you to do well, so that makes you feel better.",Do you stay upset when thinking about talking to your boss about your perfomance this year? ,No,,https://drive.google.com/file/d/1wCwgto6cdEuwAN3zGRHJfTtYQnaB_Rh4/view?usp=sharing,2,2
,10,Positive,Academics/Work/Career Development,Social Situations,,Peer Evaluations,"You are having a debate with coworkers about a task at your job. The other people have more experience than you do. When you think about arguing your position, you feel confident.",N/A,Are you worried about the debate?,No,,https://drive.google.com/file/d/1Gf9_VnvtNkCVWOZu8VQ1INYnQFjRuB7m/view?usp=sharing,2,2
6,1,Positive,Academics/Work/Career Development,Mental Health,,Managing Responsibilities,"You have started to volunteer at a local organization and have had a difficult time managing it with work. One of the volunteer leaders asked if you would be willing to help her out with a project outside of your usual responsibilities, and you are worried if she will be dissappointed if you say no. After thinking on it, you tell her that you can't help out with this project because of work, but are willing to help out on the next one.",N/A,Is it okay to turn down additional responsibility?,Yes,,https://drive.google.com/file/d/1mnjPZpYIVahZEm1gr4Zu9gKZfMCjl2Tk/view?usp=sharing,2,3
,2,Resilience/Negation,Academics/Work/Career Development,Social Situations,,Recovering From a Mistake,You are giving a presentation at a meeting and accidentally skip a section so have to start again. You are embarrassed by the mistake and worry what the audience thought of you. The audience probably thinks your delivery after starting over was awkward.,"Later that day, you realize that it is common to make mistakes when presenting. The audience probably thought your delivery after starting over was admirable.",Do you think that the audience thought of you as awkward for making a mistake?,No,,https://drive.google.com/file/d/10fLWhto09ulpTOoQ_oICa06UK6vWzttW/view?usp=sharing,2,3
,3,Positive,Academics/Work/Career Development,,,Rearranging After Exposure,"You have a presentation for your department coming up and you’ve been working hard in the hopes that you’ll impress your supervisor. The night before, you find out a friend you had dinner with tested positive for COVID. You think your supervisor will understand and help you arrange to do the presentation safely.",N/A,Will your supervisor penalize you for being exposed?,No,,https://drive.google.com/file/d/1Z-r6oLOiCidGbAjEgRq2EYOz5a33RgN0/view?usp=sharing,2,2
,4,Positive,Academics/Work/Career Development,,,Reconnecting With People,"You have had a lot of work pile up these past couple of weeks. As a result, you have not been able to spend time with friends or family as much as you would want and have often times felt lonely. Once your workload lessens, you plan on reconnecting with people who mean a lot to you.",N/A,Will you be able to hang out with friends and family when you have more time?,Yes,,https://drive.google.com/file/d/1oRVHiCteKOP5kuq94IS2VDj-UvycRI7V/view?usp=sharing,2,2
,5,Positive,Academics/Work/Career Development,,,Deleted section,"You recently turned in a manuscript to a research journal. You decide to re-read your submitted manuscript, and realize that you accidentally deleted a section you meant to include in the paper. Given that you accidentally made this deletion, you think that you are likely to recieve positive feedback.",N/A,Are you going to get positive feedback on your manuscript?,Yes,,https://drive.google.com/file/d/1Yt4G6HZMK_t-ihnEQ6iXy7znjFBPDG8C/view?usp=sharing,2,2
,6,Negative,Academics/Work/Career Development,,,Completion Complications,"You are proposing a new idea in a meeting today. You only have an hour before the meeting and you don't know where to start. When you think about your ability to complete the proposal, you feel doubtful.",,Will you be able to finish your proposal in time?,No,,https://drive.google.com/file/d/1HUpZhRLel0QTYYZM64ONySSJM68ju4jm/view?usp=sharing,2,2
,7,Resilience/Negation,Academics/Work/Career Development,,,Crowd of speech,"You are giving a speech at a convention for work. As you speak, you look into the crowd and notice that your boss’s expression is almost emotionless, but you can make out a slight frown.","After the speech, you realize that people often look emotionless and frown when they are concentrating and focusing hard. You think that your boss was most likely feeling impressed.",Does your boss’s neutral expression mean that they are disappointed with your speech?,No,,https://drive.google.com/file/d/1j_wTSZ6LyYqWqgOAZFYdxFtjd0jBduSd/view?usp=sharing,2,3
,8,Positive,Academics/Work/Career Development,,,Taking Your Own Career Path,"You've decided to take time off work to travel. You don't know anyone who has taken this type of break, and all of your friends are questioning it. When you think about your decision, you feel like it's right.",,Are you satisfied with your decision to go take time off to travel?,Yes,,https://drive.google.com/file/d/1T7YdAdETacEaggsYW81HUKjoT_lV5Ptt/view?usp=sharing,2,2
,9,Positive,Academics/Work/Career Development,,,Putting in the Work,"This year, you've decided to take on more weekly hours. This is your first time working this many hours and you've heard from your peers that it's difficult. When you think about the workload, you think that you will be able to handle it well.",,Will you succeed with your new workload?,Yes,,https://drive.google.com/file/d/1P-A1Dw9BpwfIdrZwOnIWzDOp28x4JMYX/view?usp=sharing,2,2
,10,Positive,Academics/Work/Career Development,,,Making a Choice,"Your partner wants you to take on a specific job. You would rather work in a different place but your partner has made it clear they are not on board with the job choice. When you think about talking with your partner about your choice, you feel prepared.",N/A,Can you handle talking to your partner about your job choice?,Yes,,https://drive.google.com/file/d/1Z0nzrIQHVjl7UmtuA4nngOFyGYVvmBB-/view?usp=sharing,2,3
7,1,Positive,Academics/Work/Career Development,,,Taking Your Time,"Your boss calls on you to answer a question about the presentation just given. You don't know what to say, and your mind goes blank. After a few moments, you prepare your answer and feel ok.",N/A,Are you able to answer the question?,Yes,,https://drive.google.com/file/d/1peJsSeWbW75_7SXUaFUQcsUBkEkp3q7I/view?usp=sharing,all,2
,2,Positive,Academics/Work/Career Development,,,A lengthy read,"You have been assigned a task, and you try very hard to make sure it is thorough. The job is quite difficult. When your supervisor sees it, you think they will judge your efforts as suitable.",N/A,Will your supervisor judge your efforts as reasonable?,Yes,,https://drive.google.com/file/d/1RKi9OcuyFaniZ5jGBXttumHbaAOKNP2G/view?usp=sharing,all,2
,3,Negative,Academics/Work/Career Development,,,Troublesome Typos,"You just sent an important email. As you reread what you've sent, you see a typo in the first sentence. You believe that you should be concerned.",,Should you be worried about the typo?,Yes,,https://drive.google.com/file/d/1h6K5Zfme1ZXvFeEUrUxMpeqnVyoRZwcr/view?usp=sharing,all,2
,4,Positive,Academics/Work/Career Development,Social Situations,,Contributing to a discussion,Your boss calls a meeting to discuss a new project that will involve most of the staff at your office. You are suddenly asked to contribute your ideas to the discussion. You quickly come up with some ideas on the spot and think that your colleagues will find your ideas to be exciting.,N/A,The people in your office will probably ...,Support your ideas.,Dislike your ideas. ,https://drive.google.com/file/d/1JLyALw0FAi4CqbIXE3sRzXwYRToDyEgw/view?usp=sharing,all,3
,5,Resilience/Negation,Academics/Work/Career Development,,,Wrapping Up Work,"Work has been piling up at your job recently, and you were going to take the weekend to catch up. However, your friend reminded you of an event this weekend that you committed to, and it would be rude to cancel last minute. You think that completing your work will be doable.",N/A,Will you be able to do work this weekend?,Yes,,https://drive.google.com/file/d/1gJDoLG7URU4HHx8zhlc35lrAo1XCsO_8/view?usp=sharing,all,2
,6,Positive,Academics/Work/Career Development,,,Ready to Work,"You have a lot of tasks to finish tomorrow. You've been procrastinating getting them done because they are going to be hard. When you think about whether you will be able to do the work, you think you can.",,Are you going to complete your work?,Yes,,https://drive.google.com/file/d/1ctfYI6TZJr5mbm-BjK9jNskpLStAn1mj/view?usp=sharing,all,3
,7,Resilience/Negation,Academics/Work/Career Development,Social Situations,,Quick correction,"In the corridor at work, your boss asks you a question, and you realize you respond incorrectly. Your boss corrects you. You think the experience of being corrected by your boss is awful.","In the end, you remind yourself that occasionally making mistakes does not make you a bad employee. Your boss had corrected you kindly, as was their job, and you feel that the whole interaction went well.",Is it okay to occasionally answer a question from your boss incorrectly?,Yes,,https://drive.google.com/file/d/1LkIEzSKHGt3ThPYYrQWPZjfUroEcuFve/view?usp=sharing,all,3
,8,Positive,Academics/Work/Career Development,Social Situations,,Optional presentation,"Your boss has hired a few interns for the summer. They ask you to stay after work to give the interns a brief presentation about the company's goals and values, but tells you that this is completely optional. You feel a little nervous about giving the presentation, and you decide to stay.",N/A,Do you stay to give the optional presentation?,Yes,,https://drive.google.com/file/d/1f7AX8AtByV-EKIO86OXhrR2a6P9gCwXU/view?usp=sharing,all,2
,9,Positive,Academics/Work/Career Development,Family & Home Life,,Others' Opinions,"You were denied a promotion this year and know that your friend was rooting for you to get a promotion. They frown when you tell them about not getting one. You tell them that you worked extremely hard despite not getting a promotion, and they are proud of the effort you gave throughout the year.",N/A,Is your friend disappointed that you did not get the promotion?,No,,https://drive.google.com/file/d/1WzyVq9WXRsCbwmV-3XbVYvTo1EVSJtPA/view?usp=sharing,all,3
,10,Positive,Academics/Work/Career Development,,,Reconnecting With People,"You have had a lot of work pile up these past couple of weeks. As a result, you have not been able to spend time with friends or family as much as you would want and have often times felt lonely. Once your workload lessens, you plan on reconnecting with people who mean a lot to you.",N/A,Will you be able to hang out with friends and family when you have more time?,Yes,,https://drive.google.com/file/d/1oRVHiCteKOP5kuq94IS2VDj-UvycRI7V/view?usp=sharing,all,2
8,1,Resilience/Negation,Academics/Work/Career Development,,,A sudden stumble,"It is your first day at a new job, and you report to your manager. As you approach them, you stumble, then recover. They noticed, and their first impression of you is probably that you are very prepared.",N/A,Your manager will probably think that ...,You are ready to take on challenges.,You are a clumsy person.,https://drive.google.com/file/d/1DttLONiIj8xl29lRpUM8ExKkKo4JbVNe/view?usp=sharing,all,3
,2,Positive,Academics/Work/Career Development,,,Future limitations,This morning you hear the news that a lot of companies are currently downsizing. You think about what will happen if you lose your job. You decide that finding another job will be possible.,N/A,"If you lose your job, you will probably ...",Find a new job that you enjoy. ,Be unable to support yourself. ,https://drive.google.com/file/d/1RnImJE-U_C1bMfkgSBjJk7I4RaUqraB1/view?usp=sharing,all,2
,3,Resilience/Negation,Academics/Work/Career Development,Social Situations,,Brief Introduction,"You are at a workshop, and the leader asks all attendees to stand up and introduce themselves. During your brief presentation, you momentarily forget what you planned to say, and the audience stares at you looking annoyed. ","In the end, you realize that everyone has these moments, and you quickly recover. As you finish introducing yourself, you see that the others are listening with keen interest.",Did the other people think you were boring?,No,,https://drive.google.com/file/d/1lgF7Z1c-zfEyeOyad_Bo6EmeBmmYmSe7/view?usp=sharing,all,2
,4,Positive,Academics/Work/Career Development,Social Situations,,Train of thought,"You are giving a presentation at work. During one of your slides, you lose your train of thought and have to take a moment to look over your notes. As you start again, you think that losing one's train of thought while presenting is normal.",N/A,Is it normal to lose your train of thought while presenting?,Yes,,https://drive.google.com/file/d/1PHmQe4AQ2pdApKjmB9uPD73GJXIyik1b/view?usp=sharing,all,3
,5,Positive,Academics/Work/Career Development,Mental Health,,Unfinished Work,"You had a very busy day, and were not able to get all of your tasks done. At dinner, your partner brags about how they finished everything on their to-do list. Thinking about whether you can complete your work tomorrow, you feel confident.",N/A,Will you get everything done?,Yes ,,https://drive.google.com/file/d/1b4FsJv5cKIMQtEO-gCgq-Ezc9XEaINoP/view?usp=sharing,all,2
,6,Positive,Academics/Work/Career Development,,,Class Clowns,During a staff meeting you are called on to share your thoughts. As you start to talk you hear a loud burst of laughter behind you. Your fellow coworkers are laughing at a joke.,N/A,Are your coworkers laughing at you?,No,,https://drive.google.com/file/d/1N-h1oDhAEgaw_56cFBMGZAp4l_MONTJU/view?usp=sharing,all,2
,7,Positive,Academics/Work/Career Development,,,Waiting for Big News,"Today, you will receive an important email. It will tell you whether you received or didn't get a promotion that would really advance your career.  As you think about waiting for the email, you feel excited.",N/A,Are you miserable waiting for the important email?,No,,https://drive.google.com/file/d/1N6vR25DLC0FZk7m0Kj9cqT3vnyjdyQOA/view?usp=sharing,all,3
,8,Positive,Academics/Work/Career Development,,,Making a Choice,"Your partner wants you to take on a specific job. You would rather work in a different place but your partner has made it clear they are not on board with the job choice. When you think about talking with your partner about your choice, you feel prepared.",N/A,Can you handle talking to your partner about your job choice?,Yes,,https://drive.google.com/file/d/1Z0nzrIQHVjl7UmtuA4nngOFyGYVvmBB-/view?usp=sharing,all,3
,9,Negative,Academics/Work/Career Development,Family & Home Life,,Disappointing News,A new office initiative started by you and a few other coworkers was rejected by your boss and you have to tell the news to the others. They don't say anything when you tell them. They are probably feeling disappointed.,,Are your coworkers disappointed that your initiative was rejected?,Yes,,https://drive.google.com/file/d/15VPmA2W3BJTESFcdDiE0Xg8dzS88Klsc/view?usp=sharing,all,3
,10,Positive,Academics/Work/Career Development,Mental Health,,First Impressions,"A new supervisor is hired for the department you are in, and you hear that he is very precise on how things are to be done. You meet him for the first time and talk about the upcoming month. Getting up to leave at the end of your meeting, you think that he found you to be intelligent.",N/A,Does your new supervisor have a good opinion of you?,Yes,,https://drive.google.com/file/d/1HqiTE-Prk9nPEql4rphcp64fbwE9fnxx/view?usp=sharing,all,2
9,1,Positive,Academics/Work/Career Development,,,Certainty of being correct,"You are having an intellectual discussion with your colleague. On one of the questions they ask you, you are 90% certain that you know the correct answer. When you respond, you feel confident.",N/A,Are you uneasy about your answer?,No,,https://drive.google.com/file/d/1nVCrQvzsMF5KCRUZMiYr0rakkwQqslrO/view?usp=sharing,all,3
,2,Positive,Academics/Work/Career Development,Social Situations,,Expressing Your Ideas,"While working on a collaborative group project at work, you tell your ideas to your group. The other members of the group don't react. They must be thinking about the project.",N/A,Do the members of the group think your ideas are bad?,No,,https://drive.google.com/file/d/1LZX5Q9czPuvVzkKhTglyiF6nhzh1mqA1/view?usp=sharing,all,2
,3,Negative,Academics/Work/Career Development,,,Managing Multiple Positions,"You recently decided to join a new neighborhood organization on top of your job. At a meeting for the new group, you brought the wrong notebook and have notes for your job, which aren't useful here. You think managing being in this new group will be difficult.",N/A,Will it be hard to be in this new organization?,Yes,,https://drive.google.com/file/d/1riJmfoH9pMuH_OSdp0f7YQKFJ6FTfNrO/view?usp=sharing,all,2
,4,Resilience/Negation,Academics/Work/Career Development,Mental Health,,Judging Your Performance,"You prepared a lot for an important presentation with your colleagues. Your section of the presentation didn't go as well as you expected. You think about whether you will be able to do better in your next section, and realize this was your last section.","Right now you aren't happy, but you think about your group's overall presentation. You realize that it was good.",Did your presentation go poorly?,No,,https://drive.google.com/file/d/14a4DahQYPIJ3NTQ9Unf1v00amnMGcw0k/view?usp=sharing,all,2
,5,Positive,Academics/Work/Career Development,Social Situations,,Group Project Due,"You are working on a very important team project. The project deadline is soon, and your colleagues still haven't completed their portion, and you wonder if you should complete their part. You reach out to them, conveying your concerns about the deadline and workload, and they begin working in a timely manner.",N/A,Your colleagues are likely...,Grateful that you politely communicated your concerns over their contribution. ,Annoyed that you're telling them what to do. ,https://drive.google.com/file/d/1ZodO1F5ZuiDVjiFxjsv5k2GCuLpQwIRf/view?usp=sharing,all,2
,6,Positive,Academics/Work/Career Development,Social Situations,,Important evaluation,You have almost completed an important project. Part of your evaluation is determined by your coworkers. You know most of them well and feel that their opinions of you will make them evaluate you favorably.,N/A,Your coworkers will probably...,Give you a good score.,Give you a bad score.,https://drive.google.com/file/d/1FcB5CvXNaJdV8qJE0nz1NN6MVKPtk2zJ/view?usp=sharing,all,2
,7,Positive,Academics/Work/Career Development,,,Your Resume,"You are preparing to apply for a new job. You have a meeting with a potential employer tomorrow, and you know that a good resume will be an important factor. As you look over your resume, you think that the interviewer will be favorable.",,Your potential employer will probably think,That your previous experience is a good fit for the job.,That your listed skills are unimpressive.,https://drive.google.com/file/d/12Cgn_OOe7x5Oai-qSUktQ4QZ57TSL-zp/view?usp=sharing,all,3
,8,Positive,Academics/Work/Career Development,Social Situations,,Zoning Out,You are sitting in an online meeting and space out for a minute. Your boss asks you a question and you didn't hear it. You ask her to repeat her question and this makes you feel ok.,,Are you comfortable asking your department head to repeat her question?,Yes,,https://drive.google.com/file/d/1ZxZ_841mwj2NoY_cCWf9GHGmHmnONE6A/view?usp=sharing,all,3
,9,Positive,Academics/Work/Career Development,Family & Home Life,,Supportive Person ,"You want to talk to someone about your plans for the future, but don't want to talk to your family about it. You think about other close people in your life, and decide to talk to your closest friend. When you think about their reaction, you think they will probably be encouraging.",N/A,Do you feel worried about talking to your friends about your plans for the future? ,No,,https://drive.google.com/file/d/1qKLzJvu3ftF-gQS35abj99xkrcgmZQX_/view?usp=sharing,all,3
,10,Resilience/Negation,Academics/Work/Career Development,,,Preparing for evaluation,You are preparing to meet with your boss for a performance review. You heard from other people that your boss is in an incredibly bad mood today. You worked hard this semester and think it is likely you will get a good review.,N/A,Will you probably get a good review?,Yes,,https://drive.google.com/file/d/1JqWIAI0rY_t0uGgYnmPOToM6KeNWRxvn/view?usp=sharing,all,2
10,1,Write Your Own,Academics/Work/Career Development,,,Write Your Own,,,,,,,write your own,45
11,1,Write Your Own,Academics/Work/Career Development,,,Write Your Own,,,,,,,write your own,45
12,1,Write Your Own,Academics/Work/Career Development,,,Write Your Own,,,,,,,write your own,45
13,1,Positive,Academics/Work/Career Development,Social Situations,,Showcasing your experience,"Your supervisor calls a meeting tied to a new initiative and asks each attendee in turn to present their ideas and prior experience. When it is your turn to speak, you pause frequently. As you reflect on the meeting later in the day, you feel that the supervisor thought you sounded capable.",N/A,Your supervisor probably found you to be ...,Effective,Unprepared and lacking. ,https://drive.google.com/file/d/1npkE7h685FSS9kM33IyEeOyngro5KOvm/view?usp=sharing,1,3
,2,Resilience/Negation,Academics/Work/Career Development,Social Situations,,Recovering From a Mistake,You are giving a presentation at a meeting and accidentally skip a section so have to start again. You are embarrassed by the mistake and worry what the audience thought of you. The audience probably thinks your delivery after starting over was awkward.,"Later that day, you realize that it is common to make mistakes when presenting. The audience probably thought your delivery after starting over was admirable.",Do you think that the audience thought of you as awkward for making a mistake?,No,,https://drive.google.com/file/d/10fLWhto09ulpTOoQ_oICa06UK6vWzttW/view?usp=sharing,1,3
,3,Resilience/Negation,Academics/Work/Career Development,Social Situations,,Misunderstanding,You are in a meeting and reach to put your phone away as the new head of your department starts talking. He mistakes this for you texting during the meeting and calls you out in front of everyone. You go up to apologize afterwards and you can't read your head of deapartment's expression.,"After explaining what happened to the head of your department, he says he understands. You feel like you will still be able make a good impression.",Will your department head view you negatively because of this?,No,,https://drive.google.com/file/d/1zs5Zen5SreRnD91mUn6rtDWU2U5Icoe_/view?usp=sharing,1,2
,4,Positive,Academics/Work/Career Development,,,Putting Preparation to the Test,"You have an important presentation today. You've been working hard on it because it is a requirement for your job. When you begin the presentation, you feel prepared.",N/A ,Do you feel ready for your presentation today? ,Yes,,https://drive.google.com/file/d/1MSvkZ7ilWBOwRh_oL2pAafze77-a_M3n/view?usp=sharing,1,2
,5,Positive,Academics/Work/Career Development,,,Wrapping Up Work,"Work has been piling up at your job recently, and you were going to take the weekend to catch up. However, your friend reminded you of an event this weekend that you committed to, and it would be rude to cancel last minute. You think that completing your work will be doable.",N/A,Will you be able to do work this weekend?,Yes,,https://drive.google.com/file/d/1gJDoLG7URU4HHx8zhlc35lrAo1XCsO_8/view?usp=sharing,1,2
,6,Positive,Academics/Work/Career Development,Social Situations,,Writing Notes,"During a meeting your boss calls on you to write a few notes on the board. As you write down what they say, you hope you are not mispelling any words. Everyone watching you probably thinks you are doing great. ",N/A,Do your coworkers judge you negatively while you write on the board?,No,,https://drive.google.com/file/d/1ZGds5rpjl0oMQ7bK9zYR2oVUgY4X4Lql/view?usp=sharing,1,3
,7,Negative,Academics/Work/Career Development,,,The Difficult Course,"You have enrolled in a data science program offered by your workplace because you think it will be a useful skill to acquire going forward. You know the demand for people with data science experience is increasing, but the program is very difficult. Imagining how you will do in the program, you believe your efforts to learn some data science skills will be futile.",,You will most likely,Quit this program because you are doing poorly.,Complete the program and learn some useful data science skills.,https://drive.google.com/file/d/18HsxK2zdx8J0wLQE1QZITsfajDWRjgaX/view?usp=sharing,1,3
,8,Positive,Academics/Work/Career Development,,,Preparing for evaluation,You are preparing to meet with your boss for a performance review. You heard from other people that your boss is in an incredibly bad mood today. You worked hard this semester and think it is likely you will get a good review.,N/A,Will you probably get a good review?,Yes,,https://drive.google.com/file/d/1JqWIAI0rY_t0uGgYnmPOToM6KeNWRxvn/view?usp=sharing,1,2
,9,Positive,Academics/Work/Career Development,,,Quick task completion,"You have started working on a new committee with other staff, and you are given a task that normally takes a few days, but you manage to finish it the same day. You show it to the rest of the committee, who find only one mistake in your work. As the meeting ends, you expect they think your work is commendable.",N/A,Was the committee pleased with your work?,Yes,,https://drive.google.com/file/d/1L13QcCiq5pWIaUjHGkFhwwQeosh7S9tG/view?usp=sharing,1,2
,10,Positive,Academics/Work/Career Development,,,Noisy Neighbors,"Your neighbors were really loud last night so you couldn't sleep. You have a huge presentation to give to your coworkers this morning on a complicated topic. As you think about how you'll do in the presentation, you feel prepared.",,Are you ready for your presentation?,Yes,,https://drive.google.com/file/d/1HsDUCeU29zHEdpx6zFJUNO-bHxtE6WBU/view?usp=sharing,1,3
14,1,Resilience/Negation,Academics/Work/Career Development,,,An interview panel,"You are the third and final candidate to be interviewed for a job. The interview panel greets you as you walk into the conference room. When you sit down, you feel your cheeks burning red, and you start to shake. The panel probably sees you as nervous.","After the interview, you realize that it is normal to be nervous during panel interviews. The panelists probably saw you as reasonably calm and enthusiastic.",Do you think the interviewers see you as a nervous person?,No,,https://drive.google.com/file/d/1mTDpifErX2S2EJttSEMaqR6mz1MpzjR7/view?usp=sharing,1,2
,2,Positive,Academics/Work/Career Development,,,Interview anticipation,"You are being interviewed for a leadership position within your department. Before you walk into the room, you notice you feel shaky. You feel incredibly excited.",N/A,Does feeling shaky frighten you?,No,,https://drive.google.com/file/d/1No3R7ItN8sCZWVE76oQA483ECW65wV2l/view?usp=sharing,1,2
,3,Negative,Academics/Work/Career Development,Mental Health,,Achieving Your Goals,"You would like to apply for a higher position at your job and further your skills. You know that the process of getting selected is rigorous, but you feel very passionate about achieving this goal and have worked hard to make yourself a good employee. You feel that your chances of getting this new job are slim.",,You believe that you will probably,"Not end up fulfilling your dreams, and feel disappointed with where you end up.",Get the job and advance your career even further. ,https://drive.google.com/file/d/1mrbFakYThg_L8kgL1XKMSA2sHZ2fCEJy/view?usp=sharing,1,3
,4,Positive,Academics/Work/Career Development,,,Writing Project,"Your supervisor asks you to write a report. The finished document is quite brief but took a lot of time and effort. Based on your writing, you expect your supervisor's opinion of you will be negative.",N/A,Your supervisor probably found you to be...,Capable,Incapable,https://drive.google.com/file/d/1ZdlotRy46kMOko2PYg-y4oaDD1yOaad1/view?usp=sharing,1,3
,5,Positive,Academics/Work/Career Development,Social Situations,,Missing meeting,"Although you are normally on time for work events, today you receive an email from your boss saying that you are a few minutes late for a scheduled meeting with them, which you had completely forgotten about. As you quickly head to the office, you wonder whether they are going to judge you for being late. As you walk into the room, your anxiety is tolerable.",N/A,"During the meeting, your boss will probably think you are ...","Competent, even though you made a mistake. ",Irresponsible and nervous.,https://drive.google.com/file/d/17IOmNhMDq3epnJGE8TemGWfg4KUWPytl/view?usp=sharing,1,3
,6,Positive,Academics/Work/Career Development,,,Troublesome Typos,"You just sent an important email. As you reread what you've sent, you see a typo in the first sentence. You believe that you should be concerned.",,Should you be worried about the typo?,Yes,,https://drive.google.com/file/d/1h6K5Zfme1ZXvFeEUrUxMpeqnVyoRZwcr/view?usp=sharing,1,2
,7,Resilience/Negation,Academics/Work/Career Development,Mental Health,,Deleted Project,"You have to turn in an important project today. When you open your computer, you can't find the file anywhere. The project must have been deleted.",You take a deep breath and decide to tell your boss about what happened. You feel ok.,Are you anxious because your project got deleted?,No,,https://drive.google.com/file/d/1GCrKOzwl1UC_Ekj6ZbzSSgZLWAASM60G/view?usp=sharing,1,3
,8,Positive,Academics/Work/Career Development,Social Situations,,A small presentation,"You are working on a project you enjoy. However, you were just informed that during the next staff meeting you will have to give a five-minute oral presentation to the rest of the staff. On the evening before the presentation, you feel frightened about the idea of public speaking, and you decide your fear is tolerable.",N/A,Can you handle your fear of giving the oral presentation?,Yes,,https://drive.google.com/file/d/1V-HyzPWcCSIQCjmLetck1SbZQT1cVtgr/view?usp=sharing,1,2
,9,Positive,Academics/Work/Career Development,,,Completion Complications,"You are proposing a new idea in a meeting today. You only have an hour before the meeting and you don't know where to start. When you think about your ability to complete the proposal, you feel doubtful.",,Will you be able to finish your proposal in time?,Yes,,https://drive.google.com/file/d/1HUpZhRLel0QTYYZM64ONySSJM68ju4jm/view?usp=sharing,1,2
,10,Positive,Academics/Work/Career Development,Social Situations,,Borrowing from a Friend,"You borrowed your co-worker's charger today. When you get home, you notice that the charger is still in your bag. You think that your co-worker will understand.",N/A,Will your co-worker think that you took their charger on purpose?,No,,https://drive.google.com/file/d/1kxajUeAIo1kGPWTGuY4l9K2eCVfHTfWZ/view?usp=sharing,1,2
15,1,Positive,Academics/Work/Career Development,,,Important visitors,"Some important people are visiting your office, and you are asked to present a project to them. On the day of the presentation, you arrange your slides and mentally prepare yourself. You think the visitors will evaluate your performance as organized.",N/A,Will the visitors be unimpressed with your performance?,No,,https://drive.google.com/file/d/1cJz2W2jQrnpZ4LfT39NhgX0UGBztrPPa/view?usp=sharing,1,3
,2,Positive,Academics/Work/Career Development,Family & Home Life,,Supportive Person ,"You want to talk to someone about your plans for the future, but don't want to talk to your family about it. You think about other close people in your life, and decide to talk to your closest friend. When you think about their reaction, you think they will probably be encouraging.",N/A,Do you feel worried about talking to your friends about your plans for the future? ,No,,https://drive.google.com/file/d/1qKLzJvu3ftF-gQS35abj99xkrcgmZQX_/view?usp=sharing,1,3
,3,Resilience/Negation,Academics/Work/Career Development,Social Situations,,Brief call,"You are in meeting, and during a brief break you call home to speak to your significant other. You are late getting back into the meeting room and everyone looks up when you open the door. Others see your actions as disruptive.",After the meeting you realize that the other students were probably just surprised that the door suddenly opened. Chances are they think that your opening and closing the door quietly means you are considerate.,Did people think your returning to the meeting late was rude?,No,,https://drive.google.com/file/d/1erMRFTmY4lmvlMrKvVk2If-RizKCWZ0l/view?usp=sharing,1,2
,4,Negative,Academics/Work/Career Development,,,Your Resume,"You are preparing to apply for a new job. You have a meeting with a potential employer tomorrow, and you know that a good resume will be an important factor. As you look over your resume, you think that the interviewer will be unimpressed.",,You believe your resume could,Be the main reason you do not hear back from this employer.,Be a large factor in an eventual job offer.,https://drive.google.com/file/d/12Cgn_OOe7x5Oai-qSUktQ4QZ57TSL-zp/view?usp=sharing,1,3
,5,Positive,Academics/Work/Career Development,,,Poor Performance,"Tonight you find out the results of your yearly performance evaluation at work. Your rankings are low in one category, and you know your supervisor will want to meet with you to discuss your performance. When you think about what your supervisor will say to you, you feel ok.",N/A,Can you handle your department head's reaction to your poor evaluation?,Yes,,https://drive.google.com/file/d/1R2qiJM_IDzSxINZRkJ1oU9N7X9ZhWZBn/view?usp=sharing,1,3
,6,Positive,Academics/Work/Career Development,,,Mistakes while working,"Even though you normally excel at your job, you recently had a rough week at work. Specifically, you made a couple of mistakes on an important project. When you think about the future, you think it is likely that your job is secure.",N/A,"In the upcoming weeks at work, you will probably ...",Learn new skills. ,Lose your job. ,https://drive.google.com/file/d/14pWmSJ9hsPOJZFuIKcrGQjriu93VzLz0/view?usp=sharing,1,2
,7,Positive,Academics/Work/Career Development,,,Unstable WiFi,"You don't have stable internet access at home and you found out UVA has converted to online operations. You wonder how you'll be able to keep up with your work. As you think about the situation, you feel stressed.",N/A,Are you worried about keeping up with your work? ,Yes,,https://drive.google.com/file/d/1Dyk0jx8bXiVMVELskA1wH2t85AfZV8H8/view?usp=sharing,1,3
,8,Resilience/Negation,Academics/Work/Career Development,Social Situations,,Practicing presentation,"Your supervisor asks you to present at a meeting. After practicing for several weeks, you finally feel ready. At the presentation, you make a big mistake.","After the presentation, you realize that these mistakes are common. The supervisor probably thinks your recovery and ability to continue presenting was very admirable.",Is your supervisor disappointed with your presentation?,No,,https://drive.google.com/file/d/1UJt0_jLyOR0anqb5UkcAUX0tiveICG8B/view?usp=sharing,1,3
,9,Positive,Academics/Work/Career Development,,,Putting in the Work,"This year, you've decided to take on more weekly hours. This is your first time working this many hours and you've heard from your peers that it's difficult. When you think about the workload, you think that you will be able to handle it well.",,Will you succeed with your new workload?,Yes,,https://drive.google.com/file/d/1P-A1Dw9BpwfIdrZwOnIWzDOp28x4JMYX/view?usp=sharing,1,2
,10,Positive,Academics/Work/Career Development,,,Public speaking,"You are about to give a presentation to your supervisor and coworkers. The material in the presentation has come from the research you have done in your job. During the presentation, you feel that your supervisor and coworkers will think you seem smart.",N/A,Will others think you seem intelligent when presenting?,Yes,,https://drive.google.com/file/d/1un3NKc9Sb0zVmL2t-X9oQ68FQeyI49D6/view?usp=sharing,1,3
16,1,Positive,Academics/Work/Career Development,,,Feeling Prepared ,"You are giving a presentation at a meeting tomorrow. You know that the quality of your presentation will be taken into account by your boss. As you think about the presentation, you feel prepared.",N/A,Are you prepared for your presentation?,Yes,,https://drive.google.com/file/d/1JqWIAI0rY_t0uGgYnmPOToM6KeNWRxvn/view?usp=sharing,2,2
,2,Positive,Academics/Work/Career Development,,,Taking Your Time,"Your boss calls on you to answer a question about the presentation just given. You don't know what to say, and your mind goes blank. After a few moments, you prepare your answer and feel ok.",N/A,Are you able to answer the question?,Yes,,https://drive.google.com/file/d/1peJsSeWbW75_7SXUaFUQcsUBkEkp3q7I/view?usp=sharing,2,2
,3,Resilience/Negation,Academics/Work/Career Development,,,"1, 2, 3. Eyes on Me",You have a big presentation to your boss and other staff members. You know everyone's eyes are on you as you stand in front of the room. You feel nervous.,"You give yourself a moment to collect your thoughts and begin the presentation. During the presentation, you feel prepared.",Are you feeling prepared for your presentation?,Yes,,https://drive.google.com/file/d/1nUDKdq79IsojabL_DGbGTayRJ_gaEEvX/view?usp=sharing,2,2
,4,Positive,Academics/Work/Career Development,,,Writing Project,"Your supervisor asks you to write a report. The finished document is quite brief but took a lot of time and effort. Based on your writing, you expect your supervisor's opinion of you will be positive.",N/A,Your supervisor probably found you to be...,Capable,Incapable,https://drive.google.com/file/d/1Zwj-98ezSg12UdfsYVfxCdgM2a2O6XHw/view?usp=sharing,2,3
,5,Positive,Academics/Work/Career Development,Mental Health,,Working to Get Ahead,"You have just been given a job in an office that you really admire. To eventually receive the promotion you want, you know that you will have to work very hard for several years and the outcome is uncertain. As you envision your likely position in the company down the road, you expect the job you want will be awarded to you.",,You think that you are,Capable of putting in the work necessary to get the job you want.,Unable to attain the position that you want.,https://drive.google.com/file/d/1iFL-df-zgCCAJLsGw8Thh-FkkGSlVrbM/view?usp=sharing,2,3
,6,Resilience/Negation,Academics/Work/Career Development,Social Situations,,Mistake on a task,"You are new to a job, and your boss asks you to do a task. You finish it before the deadline and your boss immediately points out that you made a mistake. Your boss probably thinks you are a failure.","In the end, you realize that your boss is prompt in giving you feedback because they are investing in you, and interested in seeing you progress.",Does your boss believe that your work holds promise?,Yes,,https://drive.google.com/file/d/1tC0cMmiULCKntvdx723RkckKVjWOaipd/view?usp=sharing,2,2
,7,Positive,Academics/Work/Career Development,,,Waiting for Big News,"Today, you will receive an important email. It will tell you whether you received or didn't get a promotion that would really advance your career.  As you think about waiting for the email, you feel excited.",N/A,Are you miserable waiting for the important email?,No,,https://drive.google.com/file/d/1N6vR25DLC0FZk7m0Kj9cqT3vnyjdyQOA/view?usp=sharing,2,3
,8,Negative,Academics/Work/Career Development,,,Getting an Opportunity,"You have submitted an application for a job that you have been hoping to get. You hope to get an interview for the job after they review your application, but you know it is very competitive. With your qualifications, you expect to get no response.",,You believe that your application is:,One that will not stand out in a good pool.,"A good one, relative to the other submissions.",https://drive.google.com/file/d/1kw58e9iPvU1vOT2PxZuYepma0F30V2qn/view?usp=sharing,2,3
,9,Positive,Academics/Work/Career Development,,,A lengthy read,"You have been assigned a task, and you try very hard to make sure it is thorough. The job is quite difficult. When your supervisor sees it, you think they will judge your efforts as suitable.",N/A,Will your supervisor judge your efforts as reasonable?,Yes,,https://drive.google.com/file/d/1RKi9OcuyFaniZ5jGBXttumHbaAOKNP2G/view?usp=sharing,2,2
,10,Positive,Academics/Work/Career Development,Family & Home Life,,Prospective Excitement,"You'd like to take some time off to travel after a long and stressful year. Your family expects you to work more hours to help with finances, and you don't want to let them down. When considering your plans for the end of the year, you feel excited.",,Are you anxious about your plans for the end of the year?,No,,https://drive.google.com/file/d/15BOnlJB7SXDWnFaZP_Cm6vzosTdkmVsp/view?usp=sharing,2,3
17,1,Positive,Academics/Work/Career Development,,,A Crucial Call,"Today, you will receive an important call. You'll find out if you got the job you interviewed for. As you think about waiting for the call, your anxiety is tolerable.",N/A,Are you able to tolerate feeling anxious while waiting for the call?,Yes,,https://drive.google.com/file/d/1fZ5gwS6hpP38y6RtFHzIC7gnpeeFtrLF/view?usp=sharing,2,3
,2,Positive,Academics/Work/Career Development,,,Class Clowns,During a staff meeting you are called on to share your thoughts. As you start to talk you hear a loud burst of laughter behind you. Your fellow coworkers are laughing at a joke.,N/A,Are your coworkers laughing at you?,No,,https://drive.google.com/file/d/1N-h1oDhAEgaw_56cFBMGZAp4l_MONTJU/view?usp=sharing,2,2
,3,Resilience/Negation,Academics/Work/Career Development,,,Changing Your Trajectory,"You have been in the same post for five years, and you are beginning to feel bored and unchallenged in your job. You would like to try for a new position, but you worry if you will be competitive on the job market. ","Thinking about your career trajectory, you do not think that your options are limited, and you believe your chances of finding a new job that you find fulfilling are good.",Do you think you will find a new job that you find rewarding?,Yes,No,https://drive.google.com/file/d/1ukTeswERZcv2VvawZpW961W0jlu_DqhX/view?usp=sharing,2,3
,4,Positive,Academics/Work/Career Development,,,Strong opinions,The morning of your first evaluation with your new boss has arrived. They tell you that they have strong views about your work. You think that they likely find your work excellent.,N/A,Do you think your new boss has an unfavorable opinion of your work?,No,,https://drive.google.com/file/d/1DDUHB-Z2PNw0gY0ymtiflHQj1EUSuaTn/view?usp=sharing,2,2
,5,Positive,Academics/Work/Career Development,Mental Health,,Receiving Recognition,"You recently received an incredible promotion at your job. You suddenly feel that you didn't work hard enough to earn the promotion. Reflecting on your work, you think this is something you deserve.",N/A,Should you pass up the promotion? ,No,,https://drive.google.com/file/d/1azOE2eRIrdOPl9AdAR61tTkqUFdsq0zB/view?usp=sharing,2,3
,6,Negative,Academics/Work/Career Development,Mental Health,,Reviewing Your Work ,"You have been called in for a performance review with your boss. Overall, you do good work, but you know your boss has noticed some errors recently. As you prepare for the review, you think that your meeting will probably focus on your shortcomings.",,"You think that during your performance review, your boss is likely to say","""These slip ups are simply unacceptable at this point!""","""I'm still very happy with the work you've been doing.""",https://drive.google.com/file/d/1EAYPVHFKPfUOp3vNgYgsrQGqdKFYW-a8/view?usp=sharing,2,3
,7,Positive,Academics/Work/Career Development,Social Situations,,Changing Your Plans,"You've decided to accept a job in another department. All of your close friends are applying to committees within your current department. When you think about your decision to switch departments, you feel satisfied.",N/A,Are you happy with your decision to switch departments?,Yes,,https://drive.google.com/file/d/1vmEFLzq1i5guQSpr0uE5nLlEbZHH1whv/view?usp=sharing,2,2
,8,Positive,Academics/Work/Career Development,,,First Impressions,"A new supervisor is hired for the department you are in, and you hear that he is very precise on how things are to be done. You meet him for the first time and talk about the upcoming month. Getting up to leave at the end of your meeting, you think that he found you to be intelligent.",N/A,Does your new supervisor have a good opinion of you?,Yes,,https://drive.google.com/file/d/1HqiTE-Prk9nPEql4rphcp64fbwE9fnxx/view?usp=sharing,2,2
,9,Resilience/Negation,Academics/Work/Career Development,Family & Home Life,,Loud Music,Your significant other is currently playing upbeat music very loudly and you need to prepare for an important assignment. You don't want them to think you're rude if you ask them to turn down the music so that you can prepare. You approach them and feel nervous.,You take a deep breath and your significant other responds. You ask them to turn down the music and they apologize.,Was your significant other upset when you asked them to turn down the music?,No,,https://drive.google.com/file/d/1AZk7owEM2J5V91afv56x1rxdom3zjESu/view?usp=sharing,2,3
,10,Positive,Academics/Work/Career Development,,,Bad rumor,"You heard a rumor your supervisor is planning on firing someone in your position. Although you are normally a good employee, you were late for a meeting earlier this week. You feel that the probability of you getting demoted is minimal.",N/A,You think that your supervisor could be ...,Planning to fire someone else.,Planning to fire you.,https://drive.google.com/file/d/1Ufz-pbEsTswKD1WwWeGUqfBKkpWje2t7/view?usp=sharing,2,2
18,1,Resilience/Negation,Academics/Work/Career Development,,,Judging Your Performance,"You prepared a lot for an important presentation with your colleagues. Your section of the presentation didn't go as well as you expected. You think about whether you will be able to do better in your next section, and realize this was your last section.","Right now you aren't happy, but you think about your group's overall presentation. You realize that it was good.",Did your presentation go poorly?,No,,https://drive.google.com/file/d/14a4DahQYPIJ3NTQ9Unf1v00amnMGcw0k/view?usp=sharing,2,2
,2,Positive,Academics/Work/Career Development,,,A night off,"You have a big project due at the end of the week. Your work isn't finished, but you consider taking a break to go out with friends. Taking the night off would be reasonable. ",N/A,Is it okay that you stopped working to go out with friends?  ,Yes,,https://drive.google.com/file/d/1sp47R6r1ixHVuH4FTKwHC2nrZaym61Iy/view?usp=sharing,2,3
,3,Negative,Academics/Work/Career Development,,,Changing Your Trajectory,"You have been in the same post for five years, and you are beginning to feel bored and unchallenged in your job. You would like to try for a new position, but you worry if you will be competitive on the job market. Thinking about your career trajectory, you believe your chances of finding a new job that you find fulfilling are bad.",,"Given your likely outcome on the job market, your best bet is",To stay put even if it is boring.,To try to find a job somewhere that really challenges you.,https://drive.google.com/file/d/1ukTeswERZcv2VvawZpW961W0jlu_DqhX/view?usp=sharing,2,3
,4,Positive,Academics/Work/Career Development,Social Situations,,An engaged audience,"You are required to give a presentation to a group of work colleagues that you know well. They all are quiet during your presentation. As you think about it later at home, you think that your colleagues found your presentation interesting.",N/A,Your cohort members were probably quiet because ...,They were engaged by your presentation.,They were bored by your presentation.,https://drive.google.com/file/d/12S8nfxTZe8xGCPO8jz-sGM6I1c8zCe1q/view?usp=sharing,2,3
,5,Positive,Academics/Work/Career Development,,,Feeling Prepared ,"You are giving a presentation at a meeting tomorrow. You know that the quality of your presentation will be taken into account by your boss. As you think about the presentation, you feel prepared.",N/A,Are you prepared for your presentation?,Yes,,https://drive.google.com/file/d/1JqWIAI0rY_t0uGgYnmPOToM6KeNWRxvn/view?usp=sharing,2,2
,6,Resilience/Negation,Academics/Work/Career Development,,,Feedback on your work,"You recently turned in a report, and your boss asks to see you about your work. As you walk into their office, they tell you to sit down because there's lots of feedback to go through, and they look at you with a frown.","During the meeting, you realize that your boss is taking great care to give you useful feedback and that they see this as a way to provide you with a valuable learning opportunity.",Your boss probably thinks that ...,You have great potential.,You are incapable.,https://drive.google.com/file/d/1LeCW8Zaw5qO3kfJKG0mZmeeHjw8dApHc/view?usp=sharing,2,3
,7,Positive,Academics/Work/Career Development,Family & Home Life,,New Opportunity,"You apply for a new job in a foreign country, but no one in your family has ever been abroad. You think about how your family will react when you tell them your decision and they may not like the idea of you living abroad. As you imagine telling them, you feel excited.",N/A,Are you worried about telling your family that you want to work and live abroad?,No,,https://drive.google.com/file/d/1mfPOr__w6g_DX68Qv4rp11wDL15AzfTN/view?usp=sharing,2,3
,8,Positive,Academics/Work/Career Development,,,Public speaking,"You are about to give a presentation to your supervisor and coworkers. The material in the presentation has come from the research you have done in your job. During the presentation, you feel that your supervisor and coworkers will think you seem smart.",N/A,Will others think you seem intelligent when presenting?,Yes,,https://drive.google.com/file/d/1un3NKc9Sb0zVmL2t-X9oQ68FQeyI49D6/view?usp=sharing,2,3
,9,Positive,Academics/Work/Career Development,Social Situations,,Dealing with Group Work,"You are assigned a project to complete for work. You've been grouped with coworkers who usually don't contribute much to work projects. You start to think about how the project will go, and feel uneasy.",,Are you worried about completing the presentation?,No,,https://drive.google.com/file/d/1MSvkZ7ilWBOwRh_oL2pAafze77-a_M3n/view?usp=sharing,2,3
,10,Positive,Academics/Work/Career Development,,,Discussing the Evaluation ,"You just received your preformance evaluation and you notice their are some critiques about your work that you did not realize were an issue. While waiting for your meeting with your boss, you feel ready.",N/A,Are you spending your time worrying about meeting with your boss?,No,,https://drive.google.com/file/d/1ruzqRzoiX02FLhAnwN6oJ70yaCOV9usy/view?usp=sharing,2,3
19,1,Positive,Academics/Work/Career Development,Social Situations,,Prepare to Succeed,"In your meeting today, you have an important presentation. In order to follow your boss's instructions, you must present for 15 minutes. When you think about completing this presentation, you feel prepared.",,Are you able to complete the presentation?,Yes,,https://drive.google.com/file/d/1pQHZTO39FaMtxe96k3wQ-bwUufBsPYvC/view?usp=sharing,all,3
,2,Positive,Academics/Work/Career Development,,,Certainty of being correct,"You are having an intellectual discussion with your colleague. On one of the questions they ask you, you are 90% certain that you know the correct answer. When you respond, you feel confident.",N/A,Are you uneasy about your answer?,No,,https://drive.google.com/file/d/1nVCrQvzsMF5KCRUZMiYr0rakkwQqslrO/view?usp=sharing,all,3
,3,Resilience/Negation,Academics/Work/Career Development,Social Situations,,Coffee shop,"You are working on a project with a coworker at a small table in a coffee shop, and when your coffee arrives, you accidentally spill it all over their papers, which makes them jump in distress.","After you clean up the mess as best as you can, you realize that their response was a normal, knee-jerk reaction. They say that they are not upset with you, and you believe that they are sincere.",Your coworker is probably ...,Not bothered.,Annoyed.,https://drive.google.com/file/d/1g0Aaap92WMbAwnbJvE20t419aXKMEHdi/view?usp=sharing,all,3
,4,Positive,Academics/Work/Career Development,,,Interview anticipation,"You are being interviewed for a leadership position within your department. Before you walk into the room, you notice you feel shaky. You feel incredibly excited.",N/A,Does feeling shaky frighten you?,No,,https://drive.google.com/file/d/1No3R7ItN8sCZWVE76oQA483ECW65wV2l/view?usp=sharing,all,2
,5,Resilience/Negation,Academics/Work/Career Development,Mental Health,,Committing to Activities,"You were very excited to return to in-person instruction and decided to commit to a lot of activities. You've found it challenging to meet all of your responsibilities, and you worry that you are failing at everything. ","You realize that being back in-person is an adjustement, and it will take some time to get used to the busyness of an in-person semester. You think that with everything you have going on, you're doing a great job. ",Can you handle your responsibilities?,Yes ,,https://drive.google.com/file/d/1b4FsJv5cKIMQtEO-gCgq-Ezc9XEaINoP/view?usp=sharing,all,3
,6,Positive,Academics/Work/Career Development,Mental Health,,Falling Behind,"You recently started a new job. As you've been working, it seems like everyone around you knows what they're doing, but you're still confused. You think this is because you're still learning, and you'll catch on soon. ",N/A,Will you get better at your job?,Yes,,https://drive.google.com/file/d/1V3qcOIHvtf7LmQss0ruGtHPfIMlyIauX/view?usp=sharing,all,3
,7,Positive,Academics/Work/Career Development,,,Mistakes while working,"Even though you normally excel at your job, you recently had a rough week at work. Specifically, you made a couple of mistakes on an important project. When you think about the future, you think it is likely that your job is secure.",N/A,"In the upcoming weeks at work, you will probably ...",Learn new skills. ,Lose your job. ,https://drive.google.com/file/d/14pWmSJ9hsPOJZFuIKcrGQjriu93VzLz0/view?usp=sharing,all,2
,8,Positive,Academics/Work/Career Development,Social Situations,,Nerve-wracking presentation,"You have to give a presentation to your boss. As you think about the talk, you feel butterflies in your stomach. On the morning of the talk, you feel nervous, and you think your nerves will be manageable.",N/A,Are you able to tolerate your anxiety?,Yes,,https://drive.google.com/file/d/16jiyG_dY7BTG2s8QjNuSQJn_RwkLlqXH/view?usp=sharing,all,3
,9,Negative,Academics/Work/Career Development,,,Managing Multiple Positions,"You recently decided to join a new neighborhood organization on top of your job. At a meeting for the new group, you brought the wrong notebook and have notes for your job, which aren't useful here. You think managing being in this new group will be difficult.",N/A,Will it be hard to be in this new organization?,Yes,,https://drive.google.com/file/d/1riJmfoH9pMuH_OSdp0f7YQKFJ6FTfNrO/view?usp=sharing,all,2
,10,Positive,Academics/Work/Career Development,Social Situations,,Showcasing your experience,"Your supervisor calls a meeting tied to a new initiative and asks each attendee in turn to present their ideas and prior experience. When it is your turn to speak, you pause frequently. As you reflect on the meeting later in the day, you feel that the supervisor thought you sounded capable.",N/A,Your supervisor probably found you to be ...,Effective,Unprepared and lacking. ,https://drive.google.com/file/d/1npkE7h685FSS9kM33IyEeOyngro5KOvm/view?usp=sharing,all,3
20,1,Positive,Academics/Work/Career Development,,,Noisy Neighbors,"Your neighbors were really loud last night so you couldn't sleep. You have a huge presentation to give to your coworkers this morning on a complicated topic. As you think about how you'll do in the presentation, you feel prepared.",,Are you ready for your presentation?,Yes,,https://drive.google.com/file/d/1HsDUCeU29zHEdpx6zFJUNO-bHxtE6WBU/view?usp=sharing,all,3
,2,Positive,Academics/Work/Career Development,,,Making a Choice,"Your partner wants you to take on a specific job. You would rather work in a different place but your partner has made it clear they are not on board with the job choice. When you think about talking with your partner about your choice, you feel prepared.",N/A,Can you handle talking to your partner about your job choice?,Yes,,https://drive.google.com/file/d/1Z0nzrIQHVjl7UmtuA4nngOFyGYVvmBB-/view?usp=sharing,all,3
,3,Resilience/Negation,Academics/Work/Career Development,Mental Health,Physical Health,Out of Your Control,"You are about to do your first online interview for an important promotion. You click the link when it is time to join the meeting,  but your internet cuts out. You think about the interviewers assuming you are late and feel nauseous.","After a minute, your Internet comes back. You log back in and realize you feel more confident.",Do you feel sick throughout the rest of your interview? ,No,,https://drive.google.com/file/d/1XSzs9MSKzUi9VEjvSXdG4wuW6OFlE60F/view?usp=sharing,all,3
,4,Positive,Academics/Work/Career Development,,,A sudden stumble,"It is your first day at a new job, and you report to your manager. As you approach them, you stumble, then recover. They noticed, and their first impression of you is probably that you are very prepared.",N/A,Your manager will probably think that ...,You are ready to take on challenges.,You are a clumsy person.,https://drive.google.com/file/d/1DttLONiIj8xl29lRpUM8ExKkKo4JbVNe/view?usp=sharing,all,3
,5,Negative,Academics/Work/Career Development,Social Situations,,Fundraiser presentation,"You are put in charge of your office's fundraising efforts and quickly realize that your coworkers are not very interested in the fundraising. At a meeting, you give a presentation about the importance of helping with the fundraising, during which your coworkers remain quiet. As you sit down after your presentation, you think they seemed bored.",N/A,The coworkers are probably thinking ...,That they don't want to help you with the fundraiser.  ,That they want to help you with the fundraiser.  ,https://drive.google.com/file/d/1r3qtHj-urHxM3pju6-ipIBlJU-tXgwex/view?usp=sharing,all,3
,6,Positive,Academics/Work/Career Development,,,Ready to Work,"You have a lot of tasks to finish tomorrow. You've been procrastinating getting them done because they are going to be hard. When you think about whether you will be able to do the work, you think you can.",,Are you going to complete your work?,Yes,,https://drive.google.com/file/d/1ctfYI6TZJr5mbm-BjK9jNskpLStAn1mj/view?usp=sharing,all,3
,7,Positive,Academics/Work/Career Development,,,Future limitations,This morning you hear the news that a lot of companies are currently downsizing. You think about what will happen if you lose your job. You decide that finding another job will be possible.,N/A,"If you lose your job, you will probably ...",Find a new job that you enjoy. ,Be unable to support yourself. ,https://drive.google.com/file/d/1RnImJE-U_C1bMfkgSBjJk7I4RaUqraB1/view?usp=sharing,all,2
,8,Positive,Academics/Work/Career Development,,,Getting an Opportunity,"You have submitted an application for a job that you have been hoping to get. You hope to get an interview for the job after they review your application, but you know it is very competitive. With your qualifications, you expect to get a call.",,Your qualifications...,Put you in a good position to get an interview.,Are probably not strong enough to make you stand out.,https://drive.google.com/file/d/1kw58e9iPvU1vOT2PxZuYepma0F30V2qn/view?usp=sharing,all,3
,9,Positive,Academics/Work/Career Development,Social Situations,,Giving a Presentation,"You have a lot of work to do for your job's evaluation. One of your most important tasks is to make a well-prepared, lengthy presentation to your coworkers. As you imagine yourself giving your presentation, you feel excited.",N/A,Are you looking forward to giving your presentation to your coworkers? ,Yes,,https://drive.google.com/file/d/1_2rE9XRzKQTqhk0TQjBqftLX-RvYtkqL/view?usp=sharing,all,3
,10,Resilience/Negation,Academics/Work/Career Development,,,The Difficult Course,"You have enrolled in a data science program offered by your workplace because you think it will be a useful skill to acquire going forward. You know the demand for people with data science experience is increasing, but the program is very difficult. ","Imagining how you will do in the program, you do not see yourself failing, but instead you believe your efforts to learn some data science skills will be successful.",Do you think you will be effective at picking up some data science skills?,Yes,No,https://drive.google.com/file/d/18HsxK2zdx8J0wLQE1QZITsfajDWRjgaX/view?usp=sharing,all,3
21,1,Positive,Academics/Work/Career Development,Mental Health,,Coming up with Questions,"You are in a talk on a challenging topic you're really excited about. You have a lot of thoughts on the subject but you feel like the questions everyone else are asking are smarter than yours. You think about how all of them probably get nervous about talking too, and know they aren't there to judge.",N/A,Are everyone else's questions better than yours?,No,,https://drive.google.com/file/d/1ZRX4djV0jNJx45cG7BKsaEWYgTgDJGha/view?usp=sharing,all,3
,2,Positive,Academics/Work/Career Development,Mental Health,,Applying to Jobs,"You applied to a job a few weeks ago and just got a response. They tell you they already filled the position, and you feel like you are not smart enough. You think that in the future, you will get a job.",N/A,Will you be offered another job in the future?,Yes,,https://drive.google.com/file/d/12wCJ5Ffbo2FQWJoyCCjGdJUCGOFpqs8y/view?usp=sharing,all,3
,3,Negative,Academics/Work/Career Development,Mental Health,,Balancing Tasks,"You been very busy this semester and haven't had the time to work on your own career development. One of your colleagues is also very busy, and yet they received a promotion. This makes you feel like a failure.  ",N/A,Should you be working harder?,Yes,,https://drive.google.com/file/d/1oLL_xLzI-U5_qMJYXQBLx1YoawU0rB1s/view?usp=sharing,all,3
,4,Positive,Academics/Work/Career Development,,,Strong opinions,The morning of your first evaluation with your new boss has arrived. They tell you that they have strong views about your work. You think that they likely find your work excellent.,N/A,Do you think your new boss has an unfavorable opinion of your work?,No,,https://drive.google.com/file/d/1DDUHB-Z2PNw0gY0ymtiflHQj1EUSuaTn/view?usp=sharing,all,2
,5,Positive,Academics/Work/Career Development,Social Situations,,Stuttering in office ,"You are having a conversation with your supervisor in their office. You notice that you are stuttering over your words a bit more than you normally do. As the conversation continues, you decide this is okay.",N/A,Are you embarrassed due to stuttering over your words?,No,,https://drive.google.com/file/d/1aUoa1C9eagfLdwz6V8WTzXzAjHHYPXaJ/view?usp=sharing,all,3
,6,Resilience/Negation,Academics/Work/Career Development,Family & Home Life,,Expectations,"The year just ended and your boss wants to meet with you about your performance. They have high expectations for you, but you performed worse than previous years. Your boss will be upset.","You think about why they want you to perform well. You know it is because they want you to do well, so that makes you feel better.",Do you stay upset when thinking about talking to your boss about your perfomance this year? ,No,,https://drive.google.com/file/d/1wCwgto6cdEuwAN3zGRHJfTtYQnaB_Rh4/view?usp=sharing,all,2
,7,Resilience/Negation,Academics/Work/Career Development,,,Your Resume,"You are preparing to apply for a new job. You have a meeting with a potential employer tomorrow, and you know that a good resume will be an important factor. ","As you look over your resume, you do not anticipate your potential employer writing you off, and you think that the interviewer will be impressed.",Will your potential employer think you have a strong resume?,Yes,No,https://drive.google.com/file/d/12Cgn_OOe7x5Oai-qSUktQ4QZ57TSL-zp/view?usp=sharing,all,3
,8,Positive,Academics/Work/Career Development,Social Situations,,Participation,"You consider attending a hands-on workshop in which your opinion will be required often, even though you do not like talking in front of others. After attending the workshop, you realize that this decision was great. ",N/A,Are you happy you attended the workshop?,Yes,,https://drive.google.com/file/d/1Dh2em2eifFjm2KkfZDfxM2WuvxRCmMV7/view?usp=sharing,all,3
,9,Positive,Academics/Work/Career Development,Social Situations,,Not Invited to Dinner,"You just started at a new job and you work with lots of new people. You hear a few of them laughing together and talking about going out to dinner and you wait for them to invite you, eager to make friends, but they don't. As you think about your future with this group, you feel okay.",N/A,Is it too late to befriend your new coworkers?,No,,https://drive.google.com/file/d/1nVCrQvzsMF5KCRUZMiYr0rakkwQqslrO/view?usp=sharing,all,3
,10,Positive,Academics/Work/Career Development,Social Situations,,Prepare to Succeed,"In your meeting today, you have an important presentation. In order to follow your boss's instructions, you must present for 15 minutes. When you think about completing this presentation, you feel prepared.",,Are you able to complete the presentation?,Yes,,https://drive.google.com/file/d/1pQHZTO39FaMtxe96k3wQ-bwUufBsPYvC/view?usp=sharing,all,3
22,1,Write Your Own,Academics/Work/Career Development,,,Write Your Own,,,,,,,write your own,45
23,1,Write Your Own,Academics/Work/Career Development,,,Write Your Own,,,,,,,write your own,45
24,1,Write Your Own,Academics/Work/Career Development,,,Write Your Own,,,,,,,write your own,45
25,1,Resilience/Negation,Academics/Work/Career Development,,,Poor Performance,"Tonight you find out the results of your yearly performance evaluation at work. Your rankings are low in one category, and you know your supervisor will want to meet with you to discuss your performance. When you think about what your supervisor will say to you, you feel ok.",N/A,Can you handle your department head's reaction to your poor evaluation?,Yes,,https://drive.google.com/file/d/1R2qiJM_IDzSxINZRkJ1oU9N7X9ZhWZBn/view?usp=sharing,1,3
,2,Positive,Academics/Work/Career Development,,,Bad rumor,"You heard a rumor your supervisor is planning on firing someone in your position. Although you are normally a good employee, you were late for a meeting earlier this week. You feel that the probability of you getting demoted is minimal.",N/A,You think that your supervisor could be ...,Planning to fire someone else.,Planning to fire you.,https://drive.google.com/file/d/1Ufz-pbEsTswKD1WwWeGUqfBKkpWje2t7/view?usp=sharing,1,2
,3,Positive,Academics/Work/Career Development,,,Finishing Work,"You have a project due at work next week. You haven't started it yet because you're unsure how to best complete it. When you think about completing the project on time, you feel confident.",N/A,Are you worried about completing your project on time?,No,,https://drive.google.com/file/d/12ozsRqQm34HuapdP-IpswqSXrE7BODWH/view?usp=sharing,1,2
,4,Negative,Academics/Work/Career Development,Mental Health,,Not Feeling Prepared,"In one of your meetings recently, your boss asks everyone to raise their hands if they've heard of a work technique before. When you look around, you notice the majority of your coworkers have their hands raised, but you don't. This makes you feel like you're not prepared to do the job.",N/A,Are your coworkers more prepared than you?,Yes,,https://drive.google.com/file/d/143F_jObaBvG1l77hgZir8HruiOBT9qcV/view?usp=sharing,1,3
,5,Positive,Academics/Work/Career Development,Social Situations,,Feeling Different,"You're participating in an online conference and look at everyone's video. You notice that among the group of people, you look different from everyone else. You think about this and realize it is okay.",N/A,Is it bad that you feel different from others in your field?,No,,https://drive.google.com/file/d/1FYlM1a2tGzuMSOP9mBCzc1EGii_cJCXM/view?usp=sharing,1,3
,6,Positive,Academics/Work/Career Development,Social Situations,,Important Presentation ,"You have been asked to give a presentation about some of your latest projects at a major conference. This is a great opportunity to highlight the good work you have been doing, but you feel nervous talking in front of such a big group of your peers. As you think about how the people at the conference will react to your presentation, you believe they will think you looked confident. ",,"At the conference, people will probably think",You do a good job explaining your recent work.,You look uncomfortable giving your presentation.,https://drive.google.com/file/d/1mDkkEgN6DM4uUXlBqKzoV3AT0Fc6OUwv/view?usp=sharing,1,3
,7,Resilience/Negation,Academics/Work/Career Development,Social Situations,,Quick correction,"In the corridor at work, your boss asks you a question, and you realize you respond incorrectly. Your boss corrects you. You think the experience of being corrected by your boss is awful.","In the end, you remind yourself that occasionally making mistakes does not make you a bad employee. Your boss had corrected you kindly, as was their job, and you feel that the whole interaction went well.",Is it okay to occasionally answer a question from your boss incorrectly?,Yes,,https://drive.google.com/file/d/1LkIEzSKHGt3ThPYYrQWPZjfUroEcuFve/view?usp=sharing,1,3
,8,Positive,Academics/Work/Career Development,Social Situations,,Train of thought,"You are giving a presentation at work. During one of your slides, you lose your train of thought and have to take a moment to look over your notes. As you start again, you think that losing one's train of thought while presenting is normal.",N/A,Is it normal to lose your train of thought while presenting?,Yes,,https://drive.google.com/file/d/1PHmQe4AQ2pdApKjmB9uPD73GJXIyik1b/view?usp=sharing,1,3
,9,Positive,Academics/Work/Career Development,Mental Health,,Unfinished Work,"You had a very busy day, and were not able to get all of your tasks done. At dinner, your partner brags about how they finished everything on their to-do list. Thinking about whether you can complete your work tomorrow, you feel confident.",N/A,Will you get everything done?,Yes ,,https://drive.google.com/file/d/1b4FsJv5cKIMQtEO-gCgq-Ezc9XEaINoP/view?usp=sharing,1,2
,10,Positive,Academics/Work/Career Development,Mental Health,,Using Different Technology,"You recently replaced your laptop and had to go with a cheaper option. Your boss asks you to complete a project that will require an application that your new computer doesn’t have. When you think about completing your work for this project, you feel capable.",N/A,Do you feel capable of completing the work for this project?,Yes,,https://drive.google.com/file/d/1GCrKOzwl1UC_Ekj6ZbzSSgZLWAASM60G/view?usp=sharing,1,3
26,1,Positive,Academics/Work/Career Development,,,Waiting for Big News,"Today, you will receive an important email. It will tell you whether you received or didn't get a promotion that would really advance your career.  As you think about waiting for the email, you feel excited.",N/A,Are you miserable waiting for the important email?,No,,https://drive.google.com/file/d/1N6vR25DLC0FZk7m0Kj9cqT3vnyjdyQOA/view?usp=sharing,1,3
,2,Resilience/Negation,Academics/Work/Career Development,,,Crowd of speech,"You are giving a speech at a convention for work. As you speak, you look into the crowd and notice that your boss’s expression is almost emotionless, but you can make out a slight frown.","After the speech, you realize that people often look emotionless and frown when they are concentrating and focusing hard. You think that your boss was most likely feeling impressed.",Does your boss’s neutral expression mean that they are disappointed with your speech?,No,,https://drive.google.com/file/d/1j_wTSZ6LyYqWqgOAZFYdxFtjd0jBduSd/view?usp=sharing,1,3
,3,Positive,Academics/Work/Career Development,Social Situations,,Contributing to a discussion,Your boss calls a meeting to discuss a new project that will involve most of the staff at your office. You are suddenly asked to contribute your ideas to the discussion. You quickly come up with some ideas on the spot and think that your colleagues will find your ideas to be exciting.,N/A,The people in your office will probably ...,Support your ideas.,Dislike your ideas. ,https://drive.google.com/file/d/1JLyALw0FAi4CqbIXE3sRzXwYRToDyEgw/view?usp=sharing,1,3
,4,Positive,Academics/Work/Career Development,,,Deleted section,"You recently turned in a manuscript to a research journal. You decide to re-read your submitted manuscript, and realize that you accidentally deleted a section you meant to include in the paper. Given that you accidentally made this deletion, you think that you are likely to recieve positive feedback.",N/A,Are you going to get positive feedback on your manuscript?,Yes,,https://drive.google.com/file/d/1Yt4G6HZMK_t-ihnEQ6iXy7znjFBPDG8C/view?usp=sharing,1,2
,5,Positive,Academics/Work/Career Development,Mental Health,,Evaluation results,"The window for staff evaluations just closed, and you are not sure whether you did well or not. You feel nervous as you think about how other people graded you. You think being nervous is manageable.",N/A,Can you tolerate your nervousness as you wait to find out your evaluation?,Yes,,https://drive.google.com/file/d/1wsTsWXkjfok0Sn3yNthn2D51nUUgPfAo/view?usp=sharing,1,3
,6,Resilience/Negation,Academics/Work/Career Development,Mental Health,,An Important Presentation,"Your boss is watching your presentation in your meeting today. During the presentation, you stumble over your words a lot. You feel defeated.","While you feel upset, you realize that it's natural to make mistakes. You think that your boss won't remember.",Is it okay that you made a mistake in front of your boss?,Yes ,,https://drive.google.com/file/d/1pQHZTO39FaMtxe96k3wQ-bwUufBsPYvC/view?usp=sharing,1,3
,7,Negative,Academics/Work/Career Development,,,A Crucial Call,"Today, you will receive an important call. You'll find out if you got the job you interviewed for. As you think about waiting for the call, your anxiety is tolerable.",N/A,Are you able to tolerate feeling anxious while waiting for the call?,Yes,,https://drive.google.com/file/d/1fZ5gwS6hpP38y6RtFHzIC7gnpeeFtrLF/view?usp=sharing,1,3
,8,Positive,Academics/Work/Career Development,Finances,,Job Market,"You recently saw on the news that the economy has been particularly bad. Even though your boss typically gives you good reviews, you wonder whether your job is safe. You think you will likely be fine.",N/A,Is it likely that you will be fired?,No,,https://drive.google.com/file/d/1_T7rY6ZMUGkrrUUDGpQvHEG53QIE1J_h/view?usp=sharing,1,3
,9,Positive,Academics/Work/Career Development,Social Situations,,Letting Others See Your Work,"A friend suggests that you join a creative writing organization. He tells you that members of the organization will read and critique your writing. As you listen to your friend, the thought of other people looking at your writing makes you feel enthusiastic.",,Do you expect to feel uncomfortable if others look at your work?,No,,https://drive.google.com/file/d/1_v0XVyjgJOJpCTokQcFjgQ8I8d4-jNxu/view?usp=sharing,1,2
,10,Positive,Family & Home Life,,,Divorced Parents,"You're hosting a party and both your parents are attending. They're divorced and they sometimes have trouble getting along. During the event, they bicker but you are able to concentrate on your duties.",N/A,Are you able to handle your parents fighting? ,Yes,,https://drive.google.com/file/d/17W0dNbQ648WWbCLDQ3kAkeR0bT1bWMyW/view?usp=sharing,1,3
27,1,Resilience/Negation,Academics/Work/Career Development,Social Situations,,Mind Going Blank,Your boss calls on you to answer a question about the plans you just discussed. You don't know what to say. Your mind goes blank.,"You give yourself a moment to collect your thoughts and then answer the question. When you think about the answer you gave, you feel good.",Are you able to answer the question?,Yes,,https://drive.google.com/file/d/1peJsSeWbW75_7SXUaFUQcsUBkEkp3q7I/view?usp=sharing,1,3
,2,Positive,Academics/Work/Career Development,,,Changing Your Trajectory,"You have been in the same post for five years, and you are beginning to feel bored and unchallenged in your job. You would like to try for a new position, but you worry if you will be competitive on the job market. Thinking about your career trajectory, you believe your chances of finding a new job that you find fulfilling are good.",,Given you experience and skills,You stand a good chance of landing a rewarding position.,You will probably be stuck in a job you don't enjoy.,https://drive.google.com/file/d/1ukTeswERZcv2VvawZpW961W0jlu_DqhX/view?usp=sharing,1,3
,3,Positive,Academics/Work/Career Development,,,Quick task completion,"You have started working on a new committee with other staff, and you are given a task that normally takes a few days, but you manage to finish it the same day. You show it to the rest of the committee, who find only one mistake in your work. As the meeting ends, you expect they think your work is commendable.",N/A,Was the committee pleased with your work?,Yes,,https://drive.google.com/file/d/1L13QcCiq5pWIaUjHGkFhwwQeosh7S9tG/view?usp=sharing,1,2
,4,Negative,Academics/Work/Career Development,Social Situations,,Unstable WiFi,"You don't have stable internet access at home and you found out UVA has converted to online operations. You wonder how you'll be able to keep up with your work. As you think about the situation, you feel stressed.",N/A,Are you worried about keeping up with your work? ,Yes,,https://drive.google.com/file/d/1Dyk0jx8bXiVMVELskA1wH2t85AfZV8H8/view?usp=sharing,1,3
,5,Positive,Academics/Work/Career Development,Social Situations,,Writing Notes,"During a meeting your boss calls on you to write a few notes on the board. As you write down what they say, you hope you are not mispelling any words. Everyone watching you probably thinks you are doing great. ",N/A,Do your coworkers judge you negatively while you write on the board?,No,,https://drive.google.com/file/d/1ZGds5rpjl0oMQ7bK9zYR2oVUgY4X4Lql/view?usp=sharing,1,3
,6,Resilience/Negation,Academics/Work/Career Development,Social Situations,,Coffee shop,"You are working on a project with a coworker at a small table in a coffee shop, and when your coffee arrives, you accidentally spill it all over their papers, which makes them jump in distress.","After you clean up the mess as best as you can, you realize that their response was a normal, knee-jerk reaction. They say that they are not upset with you, and you believe that they are sincere.",Your coworker is probably ...,Not bothered.,Annoyed.,https://drive.google.com/file/d/1g0Aaap92WMbAwnbJvE20t419aXKMEHdi/view?usp=sharing,1,3
,7,Positive,Academics/Work/Career Development,,,A Crucial Call,"Today, you will receive an important call. You'll find out if you got the job you interviewed for. As you think about waiting for the call, your anxiety is tolerable.",N/A,Are you able to tolerate feeling anxious while waiting for the call?,Yes,,https://drive.google.com/file/d/1fZ5gwS6hpP38y6RtFHzIC7gnpeeFtrLF/view?usp=sharing,1,3
,8,Positive,Academics/Work/Career Development,,,A night off,"You have a big project due at the end of the week. Your work isn't finished, but you consider taking a break to go out with friends. Taking the night off would be reasonable. ",N/A,Is it okay that you stopped working to go out with friends?  ,Yes,,https://drive.google.com/file/d/1sp47R6r1ixHVuH4FTKwHC2nrZaym61Iy/view?usp=sharing,1,3
,9,Positive,Academics/Work/Career Development,Mental Health,,A big presentation,You are about to give an important presentation. You are anxious about it. This feeling makes you exhilarated.,N/A,Are you excited about the presentation?,Yes,,https://drive.google.com/file/d/1Isymza3G0kL57wzhqwxZgxIn5utKL9wO/view?usp=sharing,1,3
,10,Positive,Academics/Work/Career Development,,,Public speaking,"You are about to give a presentation to your supervisor and coworkers. The material in the presentation has come from the research you have done in your job. During the presentation, you feel that your supervisor and coworkers will think you seem smart.",N/A,Will others think you seem intelligent when presenting?,Yes,,https://drive.google.com/file/d/1un3NKc9Sb0zVmL2t-X9oQ68FQeyI49D6/view?usp=sharing,1,3
1,1,Positive,Family & Home Life,Social Situations,,Reconciling with your sibling,"A few days after an argument with your sibling, you decide to break the ice by asking them out for a drink. You get ready, and as you are about to leave, they call to say they can't make it after all. As you hang up, you think that this is because they are feeling exhausted.",N/A,Your sibling cancelled the meeting because they are...,Exhausted from a busy week,Mad at you.,https://drive.google.com/file/d/1LZnhgjX_Ooy4zJ7r99Iydqi6bvIOcszd/view?usp=sharing,1,3
,2,Positive,Family & Home Life,,,A loud sound,"You are at home alone watching TV at night. You must have been dozing, because you suddenly wake up after hearing a loud noise. You look outside and see a squirrel.",N/A,Should you be frightened when you hear a noise at night?,No,,https://drive.google.com/file/d/112L-8dcWTlW0PBIwlzQ1tji-mxaOJI19/view?usp=sharing,1,3
,3,Negative,Family & Home Life,Physical Health,,Health and aging,You visit a childhood friend for the holidays and notice that they are getting older. You find yourself wondering what their health will be like in the future. You think their health will likely be declining.,N/A,Your friend will probably ...,Get sicker in the future.,Remain healthy in the future.,https://drive.google.com/file/d/1WQ98TKdbZ08AjbW2rG-0WPXkWDfK2eYl/view?usp=sharing,1,3
,4,Positive,Family & Home Life,,,Travel decisions,"You are considering multiple options for where to go for vacation. You have only a little bit of information about each potential destination before you make your choice. When you decide, you feel satisfied.",N/A,Are you content with your decision for where to go on vacation?,Yes,,https://drive.google.com/file/d/1m7hh0KAbEypRGlvsWor7NXW3kZ2Bmlem/view?usp=sharing,1,3
,5,Positive,Family & Home Life,,,Space heater,"You rushed out of your house this morning. Once at work, you wonder whether you forgot to turn off your space heater. The likelihood that the space heater will cause a fire is minimal.",N/A,Will your space heater cause a fire? ,No,,https://drive.google.com/file/d/12yVqiIYwySGiWCN59JefWnXYMM955wDC/view?usp=sharing,1,3
,6,Resilience/Negation,Family & Home Life,,,Finding Balance,At home there are a lot of chores on the schedule for you to accomplish. You have a big project to work on that will take a lot of time. Balancing your home life and work life is stressful.,"You look for calming music to listen to while you do your chores. As you start to tackle your to-do list, you feel confident.",Are you overwhelmed by what you need to accomplish? ,No,,https://drive.google.com/file/d/1cQbfhuu2-vL7J0Igqz9iQOuZsJQ0wTlZ/view?usp=sharing,1,2
,7,Positive,Family & Home Life,,,Visiting Family,"A long weekend is coming up and you planned to travel home to visit family. However, this morning you found out that you were exposed to someone who tested positive for COVID. You are vaccinated, but unsure of your risk for contracting COVID and possibly passing it onto your family. You think your family will understand if you decide not to come home in order to keep them safe. ",N/A,Will your family be upset if you decide not to come home for the weekend?,No,,https://drive.google.com/file/d/1A7X0GdwzsS1kR5c8LnKnC_pPsv8PQAhe/view?usp=sharing,1,2
,8,Resilience/Negation,Family & Home Life,,,Running Low on Battery,"You're going on a long car ride with your family to visit family in another part of the state. After an hour, you notice your phone battery is almost dead and you don't have a charger. You think about the rest of the car ride and feel like you will be miserable.","After worrying about it for a few minutes, you realize that you can use this time to talk to your family. You feel  better.",Will the car ride be ok without your phone?,Yes,,https://drive.google.com/file/d/1hVhpy_8MrHNJ7D6TGUs42mXmkuk4t4W8/view?usp=sharing,1,3
,9,Positive,Family & Home Life,Romantic Relationship,,Big Families ,"Your fiance has children, while you do not. You are trying to adapt to living with younger children and how to bond with them. You think you will be able to work out a routine and adapt to this new family dynamic. ",N/A,Will you be able to adapt to having a large family?,Yes,No,https://drive.google.com/file/d/1a_dFMhpbbpL2sucL2bxvmYYpEHxomTlq/view?usp=sharing,1,3
,10,Positive,Family & Home Life,,,Dealing with Embarrassment,"Your partner is dropping you off at a conference event.  As they drop you off, they are really loud and make you feel embarrassed. As you get out of the car, you feel fine.",N/A,Are you able to tolerate your partner dropping you off? ,Yes,,https://drive.google.com/file/d/1_yNUHw34Vp2RxqAunp0iGwPNqOzTzKbc/view?usp=sharing,1,2
2,1,Positive,Family & Home Life,Finances,,Career Pressures,"You are in the middle of a big decision about your next step career-wise. You have the choice between staying in a familiar but lower-paying job or moving to a different industry with the potential for higher pay. When you think about making this decision, you feel confident.",,Will you make the right career decision for you? ,Yes,No,https://drive.google.com/file/d/1aqgYAVCSNClDaQQ-yYZHYGFaFyjOuRZu/view?usp=sharing,1,2
,2,Resilience/Negation,Family & Home Life,Romantic Relationships,,Seeing Your Ex,"You and your spouse recently divorced. Your child is having an event at school tonight, and it will be the first time you and your ex-spouse are attending as single people. You think that you will treat each other respectfully. ",N/A,Are you and your ex-spouse going to get along?,Yes,No,https://drive.google.com/file/d/1ZQt5JWW8C01c1XQC4OoVeC8SugNsBZsF/view?usp=sharing,1,3
,3,Positive ,Family & Home Life,,,Noises in the Night ,"You are home alone and it's night time. You hear a loud noise outside. You think about what it can be, and think it is your neighbors.",N/A,Should you be worried about the loud noise? ,No,,https://drive.google.com/file/d/1bKVpQyIiNjcuRjuOIeMS22QHrXDyOtVu/view?usp=sharing,1,3
,4,Positive,Family & Home Life,,,A lucky find,"You are looking for a new house. While on your first tour, you fall in love with the place and decide to sign a lease. The fact that you did not check out other houses makes you feel fine.",N/A,"When you move into your house, you will probably ...",Find that your house feels like home. ,Regret your decision. ,https://drive.google.com/file/d/1vHb2dINLjpzSvf2tdF5e5shVae0oDjxQ/view?usp=sharing,1,3
,5,Positive,Family & Home Life,,,Sharing Your Familial Traditions,"Your family has traditions that your coworkers don't share. Today at work, everyone is chatting about their families' important traditions. As you prepare to contribute to the conversation, you feel enthusiastic.",,Are you scared to talk about your family's traditions at work? ,No,,https://drive.google.com/file/d/1m14h0vaiWVri5HTTpzwzg2ZP1PlKXyLD/view?usp=sharing,1,3
,6,Negative,Family & Home Life,Mental Health,,Heading out of Town,"You are heading out of town for a few days. You decide to double-check that all the appliances in your house are turned off. As you close the door to your house, you feel nervous.",N/A,Are you worried about whether you turned off everything in the house? ,Yes,,https://drive.google.com/file/d/11L0gcPPltGMNDtkc_O6wRZAj_WWsbX7o/view?usp=sharing,1,3
,7,Resilience/Negation,Family & Home Life,,,Parents Visiting,"You are hosting a baby shower for a family member today and both your parents are attending. They're divorced and sometimes cause an embarrassing scene in public. During the shower, you think about your parents.",You take a deep breath and re-focus on hosting the shower. You decide that you can't control your parents' behavior.,Are you able to concentrate on the shower?,Yes,,https://drive.google.com/file/d/1ii9gWhb1eIlxBuU3IxPJk0q_7S0P3KqE/view?usp=sharing,1,3
,8,Positive,Family & Home Life,,,New Recipe,"You get an idea for a new recipe that involves ingredients you have never used before. You make it for your family. As everyone starts to eat, you feel proud.",N/A,Are you worried about what your family will think of your cooking? ,No,,https://drive.google.com/file/d/1vTuw-1aglVPbYE4oaEYbIP6LLuikDSFt/view?usp=sharing,1,3
,9,Positive,Family & Home Life,,,Noises from Outside,You just moved to a new house. It's dark out and you suddenly hear noises outside. You peek out the window and see a cat.,N/A,Was there something scary outside in the dark? ,No,,https://drive.google.com/file/d/11Vs9sz9BDAkaj5QCxD927t-mz-VTFWXn/view?usp=sharing,1,3
,10,Positive,Family & Home Life,,,Divorced Parents,"You're hosting a party and both your parents are attending. They're divorced and they sometimes have trouble getting along. During the event, they bicker but you are able to concentrate on your duties.",N/A,Are you able to handle your parents fighting? ,Yes,,https://drive.google.com/file/d/17W0dNbQ648WWbCLDQ3kAkeR0bT1bWMyW/view?usp=sharing,1,3
3,1,Positive,Family & Home Life,Social Situations,,Attending a dinner,"Your partner asks you to go to a dinner with their new friends. You have not met these people before and wonder what they will think of you. Getting ready to go, you think that the new people will find you interesting.",N/A,Will you be disliked by your new acquaintances? ,Yes,,https://drive.google.com/file/d/1RMWKinAHjtpGA8EDTjoC6H1qWZ9tnyh1/view?usp=sharing,1,3
,2,Negative,Family & Home Life,,,A loud sound,"You are at home alone watching TV at night. You must have been dozing, because you suddenly wake up after hearing a loud noise. You look outside and see an intruder.",N/A,Should you be frightened when you hear a noise at night?,Yes,,https://drive.google.com/file/d/112L-8dcWTlW0PBIwlzQ1tji-mxaOJI19/view?usp=sharing,1,3
,3,Positive,Family & Home Life,Academics/Work/Career Development,,Others' Opinions,"You were denied a promotion this year and know that your friend was rooting for you to get a promotion. They frown when you tell them about not getting one. You tell them that you worked extremely hard despite not getting a promotion, and they are proud of the effort you gave throughout the year.",N/A,Is your friend disappointed that you did not get the promotion?,No,,https://drive.google.com/file/d/1WzyVq9WXRsCbwmV-3XbVYvTo1EVSJtPA/view?usp=sharing,1,3
,4,Resilience/Negation,Family & Home Life,Academics/Work/Career Development,,Loud Music,Your significant other is currently playing upbeat music very loudly and you need to prepare for an important assignment. You don't want them to think you're rude if you ask them to turn down the music so that you can prepare. You approach them and feel nervous.,You take a deep breath and your significant other responds. You ask them to turn down the music and they apologize.,Was your significant other upset when you asked them to turn down the music?,No,,https://drive.google.com/file/d/1AZk7owEM2J5V91afv56x1rxdom3zjESu/view?usp=sharing,1,3
,5,Positive ,Family & Home Life,Romantic Relationships,,Overhearing an Argument,"You and your spouse got into an argument last night. While you tried to keep your voices low, your children overheard. You think that your children will be okay. ",N/A,Are your children fine?,Yes,No,https://drive.google.com/file/d/1g5l905rSslaK-uHj6vY5LZpSy42h1tjN/view?usp=sharing,1,3
,6,Positive,Family & Home Life,Academics/Work/Career Development,,New Opportunity,"You apply for a new job in a foreign country, but no one in your family has ever been abroad. You think about how your family will react when you tell them your decision and they may not like the idea of you living abroad. As you imagine telling them, you feel excited.",N/A,Are you worried about telling your family that you want to work and live abroad?,No,,https://drive.google.com/file/d/1mfPOr__w6g_DX68Qv4rp11wDL15AzfTN/view?usp=sharing,1,3
,7,Resilience/Negation,Family & Home Life,Mental Health,,Birthday Jitters,"Your friends are organizing a birthday party for you at their home. They invited a lot of people who will all be there for you. When you think about all of the people coming, you feel nervous.",You remember they are all coming to celebrate you. This makes you feel excited.,Are you excited about all the attention you will receive?,Yes,,https://drive.google.com/file/d/1UoBTJwOaRbMpWrYnOWNPOBzR-axREE4s/view?usp=sharing,1,3
,8,Positive,Family & Home Life,,,A loud sound,"You are at home alone watching TV at night. You must have been dozing, because you suddenly wake up after hearing a loud noise. You look outside and see a squirrel.",N/A,Should you be frightened when you hear a noise at night?,No,,https://drive.google.com/file/d/112L-8dcWTlW0PBIwlzQ1tji-mxaOJI19/view?usp=sharing,1,3
,9,Positive,Family & Home Life,,,Upset Parents,"When you call one of your parents they seem upset but you don't know what's wrong. They give you a short answer when you try to talk with them about it. You consider why they're mad, and realize that it is not you.",,Are they upset with you?,No,,https://drive.google.com/file/d/1LZnhgjX_Ooy4zJ7r99Iydqi6bvIOcszd/view?usp=sharing,1,3
,10,Positive,Family & Home Life,Social Situations,,Cultural Family Celebrations,"Your colleagues ask you to go to a conference, but it's the night of an important cultural celebration for your family. You are looking forward to the celebration with your family, but don't want your colleagues to think you're different. As you think about telling your colleagues, you realize that your culture is  important.",,Are you embarrassed to tell your colleagues that you can't go to the conference?,No,,https://drive.google.com/file/d/1mnjPZpYIVahZEm1gr4Zu9gKZfMCjl2Tk/view?usp=sharing,1,3
4,1,Positive,Family & Home Life,,,New Recipe,"You get an idea for a new recipe that involves ingredients you have never used before. You make it for your family. As everyone starts to eat, you feel proud.",N/A,Are you worried about what your family will think of your cooking? ,No,,https://drive.google.com/file/d/1vTuw-1aglVPbYE4oaEYbIP6LLuikDSFt/view?usp=sharing,2,3
,2,Positive,Family & Home Life,Mental Health,,A lucky find,"You are looking for a new house. While on your first tour, you fall in love with the place and decide to sign a lease. The fact that you did not check out other houses makes you feel fine.",N/A,"When you move into your house, you will probably ...",Find that your house feels like home. ,Regret your decision. ,https://drive.google.com/file/d/1vHb2dINLjpzSvf2tdF5e5shVae0oDjxQ/view?usp=sharing,2,3
,3,Resilience/Negation,Family & Home Life,Social Situations,,Family Member Tension,"You and a family member had tension build up during a conversation a couple months back. You have not talked since that interaction, but there is a holiday event coming up that you and your family member will both attend. You wonder if they will confront you again.","After thinking about it, you decide that the topic that you disagreed upon is still an important issue for you. You decide to avoid the family member to keep yourself from an uncomfortable situation.",Will you try to reengage in a conversation with the family member?,No,,https://drive.google.com/file/d/1g5l905rSslaK-uHj6vY5LZpSy42h1tjN/view?usp=sharing,2,2
,4,Positive,Family & Home Life,,,Running Low on Battery,"You're going on a long car ride with your family to visit family in another part of the state. After an hour, you notice your phone battery is almost dead and you don't have a charger. You think about the rest of the car ride and feel like you will be miserable.","After worrying about it for a few minutes, you realize that you can use this time to talk to your family. You feel  better.",Will the car ride be ok without your phone?,Yes,,https://drive.google.com/file/d/1hVhpy_8MrHNJ7D6TGUs42mXmkuk4t4W8/view?usp=sharing,2,3
,5,Negative,Family & Home Life,Mental Health,,Your First Child,"You have just had your first child. You want to have a good relationship throughout your kid's life, but you worry about making mistakes as a parent. When your child is an adult, you believe that relationship will be strained.",,You think there is a good chance that when your child is an adult,You two will hardly see each other,You two will talk to each other regularly,https://drive.google.com/file/d/1jHnVJt6AMYU6KRQP6IKFjUXh3Cp1J9b0/view?usp=sharing,2,3
,6,Positive,Family & Home Life,,,Differing Beliefs,"You and your extended family have very different political and religious beliefs. You make a strong effort to have a good relationship with your family, but disagreements at a recent gathering caused some tension. As time goes on, you think that your family will become more loving.",,You think that your family is likely to,Work together to build better relationships with each other.,Talk to each other less and less as ideological tensions rise.,https://drive.google.com/file/d/1V9enBLw4iWozyu0nY4pNLSUJ4-RiRp_s/view?usp=sharing,2,3
,7,Resilience/Negation,Family & Home Life,,,Parents Visiting,"You are hosting a baby shower for a family member today and both your parents are attending. They're divorced and sometimes cause an embarrassing scene in public. During the shower, you think about your parents.",You take a deep breath and re-focus on hosting the shower. You decide that you can't control your parents' behavior.,Are you able to concentrate on the shower?,Yes,,https://drive.google.com/file/d/1ii9gWhb1eIlxBuU3IxPJk0q_7S0P3KqE/view?usp=sharing,2,3
,8,Positive,Family & Home Life,Academics/Work/Career Development,,Prospective Excitement,"You'd like to take some time off to travel after a long and stressful year. Your family expects you to work more hours to help with finances, and you don't want to let them down. When considering your plans for the end of the year, you feel excited.",,Are you anxious about your plans for the end of the year?,No,,https://drive.google.com/file/d/15BOnlJB7SXDWnFaZP_Cm6vzosTdkmVsp/view?usp=sharing,2,3
,9,Positive,Family & Home Life,,,Making a Good Impression,"You've never met your significant other's colleagues. They have just told you their colleagues have invited you to dinner tonight, and your significant other mentions that they can be critical. When you think about meeting their colleagues, your anxiety is tolerable.",N/A,Are you able to tolerate your anxiety?,Yes,,https://drive.google.com/file/d/1vJoHo-PAZH_4RraK8mdfEZStKeJTXdp3/view?usp=sharing,2,3
,10,Positive,Family & Home Life,Academics/Work/Career Development,,Others' Opinions,"You were denied a promotion this year and know that your friend was rooting for you to get a promotion. They frown when you tell them about not getting one. You tell them that you worked extremely hard despite not getting a promotion, and they are proud of the effort you gave throughout the year.",N/A,Is your friend disappointed that you did not get the promotion?,No,,https://drive.google.com/file/d/1WzyVq9WXRsCbwmV-3XbVYvTo1EVSJtPA/view?usp=sharing,2,3
5,1,Resilience/Negation,Family & Home Life,Social Situations,,Your Family's Car,"Your family shares one older car that has a big dent in the front. Today you are driving it to work. When you think about your colleagues seeing your car, you feel nervous.","As you're getting out of the car in front of the school, you see a few of your colleagues. They smile and wave at you, and you feel relieved.",Do your colleagues judge your car? ,No,,https://drive.google.com/file/d/1jkOOfJWbCDVRymQ01TrUAX4_GRkDLWoN/view?usp=sharing,2,3
,2,Positive,Family & Home Life,Academics/Work/Career Development,,Approaching Deadline,"You and your partner share a home office. You have a work assignment due tonight but they're using the office. When you think about completing the work on time, you feel confident.",N/A,Will you get your assignment done in time?,Yes,,https://drive.google.com/file/d/1q13omJofjfnPiBpNlEwv-3_ZALGQEk6h/view?usp=sharing,2,3
,3,Positive,Family & Home Life,Mental Health,,Locked door,"One morning you leave your house and begin to make your way to work. About 10 minutes into the commute, you wonder whether you remembered to lock the door to your home. As you continue your commute, you trust yourself and you feel relaxed.",N/A,"For the rest of your morning commute, you feel ...",At ease as you get to work.,Worried that you left the door to your home unlocked.,https://drive.google.com/file/d/1L06ap5ra_s6MnwpMX2bIkWHmxWYaUpYT/view?usp=sharing,2,3
,4,Positive,Family & Home Life,Romantic Relationships,,New Partner,"It is a cousin's birthday next month, and you are attending a large family gathering. You are bringing your partner to the event, and it is the first time some of your family is meeting them. When you think about everyone meeting each other, you think that everything will go well.",N/A,Will your family approve of your partner?,Yes,No,https://drive.google.com/file/d/1ZSl5NvUfmwQJ-P34KRwEzTUaFHRwnv_m/view?usp=sharing,2,2
,5,Positive,Family & Home Life,,,Space heater,"You rushed out of your house this morning. Once at work, you wonder whether you forgot to turn off your space heater. The likelihood that the space heater will cause a fire is minimal.",N/A,Will your space heater cause a fire? ,No,,https://drive.google.com/file/d/12yVqiIYwySGiWCN59JefWnXYMM955wDC/view?usp=sharing,2,3
,6,Negative,Family & Home Life,Social Situations,,Balancing Home Life and Friends,"Your partner runs a daycare out of your home, so it is always loud when you get home from work. Your colleague is coming over today to have coffee. You think about how your colleague is going to react to the noise, and you get worried.",,Are you calm about your colleague coming over this afternoon?,No,,https://drive.google.com/file/d/1ahnx3c5S7xhmW9qeHplPosctvWEMV4oh/view?usp=sharing,2,3
,7,Resilience/Negation,Family & Home Life,Social Situations,,Bringing a New Friend Home,"You live with a few extended family members. Your colleague asks if they can come over for dinner one day and they don't know how many people live in your home. As you picture your colleague coming into your home, you think they will be surprised.","You consider that you live in a different situation compared to your colleague. You also know that your colleague is really nice, so will be accepting.",Does your colleague judge you for living with lots of extended family members?,No,,https://drive.google.com/file/d/1scmmozRrE86kB6Z8kfBY87Pr17Q0gA1O/view?usp=sharing,2,3
,8,Positive,Family & Home Life,Social Situations,,Dinner at a Friend's House,"Your family doesn't do sit-down dinners together. Your friend invites you to join her family for dinner, and when you arrive, everyone sits at the table and starts asking questions about each other's days. When it's your turn, you're not sure how to respond, but after you say something, you feel calm",,Are you able to stay calm even though you don't know what to say?,Yes,,https://drive.google.com/file/d/18ON-daCCgtQApC9SVxzPUIsZEHK2kZJK/view?usp=sharing,2,3
,9,Positive,Family & Home Life,Social Situations,,Attending a dinner,"Your partner asks you to go to a dinner with their new friends. You have not met these people before and wonder what they will think of you. Getting ready to go, you think that the new people will find you interesting.",N/A,Will you be disliked by your new acquaintances? ,No,,https://drive.google.com/file/d/1RMWKinAHjtpGA8EDTjoC6H1qWZ9tnyh1/view?usp=sharing,2,3
,10,Positive,Family & Home Life,Social Situations,,Posting about Family,You look through your social media feed. You noticed that your high school-aged kids only post pictures with their friends. You posted a family picture and tagged your kids. Your kids must think that you're genuine.,N/A,Are your kids upset that you tagged them in a family photo?,No,,https://drive.google.com/file/d/1CZ3q4YAXdB5vZOsWDR7bPvWclLmbpBgm/view?usp=sharing,2,3
6,1,Positive,Family & Home Life,Mental Health,,Monday Phone Call,"Every Monday you call your parent to say hello. Today is Monday, and they did not pick up the phone when you called, which is unusual. Your parent probably did not answer the phone because they are busy.",N/A,Is your parent unable to talk because they are ill?,No,,https://drive.google.com/file/d/1VKdf9frnu773HFSGrvavtdHyGsg0A04S/view?usp=sharing,2,3
,2,Positive,Family & Home Life,Romantic Relationships,,Overhearing an Argument,"You and your spouse got into an argument last night. While you tried to keep your voices low, your children overheard. You think that your children will be okay. ",N/A,Are your children fine?,Yes,No,https://drive.google.com/file/d/1g5l905rSslaK-uHj6vY5LZpSy42h1tjN/view?usp=sharing,2,3
,3,Positive,Family & Home Life,Social Situations,,Having Someone Over,"You invite a coworker over for dinner one night and you're in charge of the food. You aren't the best cook and you might embarrass yourself in front of your coworker. As your coworker arrives, you are calm.",,Are you anxious as your coworker arrives?,No,,https://drive.google.com/file/d/18ON-daCCgtQApC9SVxzPUIsZEHK2kZJK/view?usp=sharing,2,3
,4,Negative,Family & Home Life,Academics/Work/Career Development,,Disappointing News,A new office initiative started by you and a few other coworkers was rejected by your boss and you have to tell the news to the others. They don't say anything when you tell them. They are probably feeling disappointed.,,Are your coworkers disappointed that your initiative was rejected?,Yes,,https://drive.google.com/file/d/15VPmA2W3BJTESFcdDiE0Xg8dzS88Klsc/view?usp=sharing,2,3
,5,Positive,Family & Home Life,,,Noises from Outside,You just moved to a new house. It's dark out and you suddenly hear noises outside. You peek out the window and see a cat.,N/A,Was there something scary outside in the dark? ,No,,https://drive.google.com/file/d/11Vs9sz9BDAkaj5QCxD927t-mz-VTFWXn/view?usp=sharing,2,3
,6,Positive,Family & Home Life,Mental Health,,A lucky find,"You are looking for a new house. While on your first tour, you fall in love with the place and decide to sign a lease. The fact that you did not check out other houses makes you feel fine.",N/A,"When you move into your house, you will probably ...",Find that your house feels like home. ,Regret your decision. ,https://drive.google.com/file/d/1vHb2dINLjpzSvf2tdF5e5shVae0oDjxQ/view?usp=sharing,2,3
,7,Resilience/Negation,Family & Home Life,,,Argument With Your Sister,"You and your sister recently had an argument, and you haven't talked to each other in weeks. You love your sister very much, but both of you are still upset by what the other said the last time you two spoke. ","As you think about talking to your sister again, you do not worry about getting into another fight and you believe the two of you will eventually reconcile. ",Will you and your sister make up eventually? ,Yes,No,https://drive.google.com/file/d/1MrPuOeWOe6yhwEGqHCJmj3SG5bnQbQww/view?usp=sharing,2,3
,8,Positive,Family & Home Life,Social Situations,,New Apartment to Yourself,You just moved to a new apartment and you are living alone for the first time in a while. Your days are very quiet and you often find yourself staying in on the weekends with much fewer plans  than you had when you were living with people. This feels like a relaxing change of pace.,N/A,Are you bored living alone?,No,,https://drive.google.com/file/d/1VlSJxjX6YZt0epDm0HUx0I8HU-2SSjKk/view?usp=sharing,2,3
,9,Positive,Family & Home Life,Social Situations,,Absent Roommate,"You are visiting your sister in a different city for an extended period of time. Your sister seems to know a lot of people in the area and is always out of the apartment, leaving you alone. You think it is nice that they are not home often because you prefer to be alone to relax at the end of the day.",N/A,Are you bothered by your sister's absence?,No,,https://drive.google.com/file/d/1pOKjumfIC5ABON2fMxlUDPuMpMP6LjE4/view?usp=sharing,2,3
,10,Positive,Family & Home Life,Academics/Work/Career Development,,Supportive Person ,"You want to talk to someone about your plans for the future, but don't want to talk to your family about it. You think about other close people in your life, and decide to talk to your closest friend. When you think about their reaction, you think they will probably be encouraging.",N/A,Do you feel worried about talking to your friends about your plans for the future? ,No,,https://drive.google.com/file/d/1qKLzJvu3ftF-gQS35abj99xkrcgmZQX_/view?usp=sharing,2,3
7,1,Positive,Family & Home Life,,,Sharing Your Familial Traditions,"Your family has traditions that your coworkers don't share. Today at work, everyone is chatting about their families' important traditions. As you prepare to contribute to the conversation, you feel enthusiastic.",,Are you scared to talk about your family's traditions at work? ,No,,https://drive.google.com/file/d/1m14h0vaiWVri5HTTpzwzg2ZP1PlKXyLD/view?usp=sharing,all,3
,2,Positive,Family & Home Life,,,Noises in the Night ,"You are home alone and it's night time. You hear a loud noise outside. You think about what it can be, and think it is your neighbors.",N/A,Should you be worried about the loud noise? ,No,,https://drive.google.com/file/d/1bKVpQyIiNjcuRjuOIeMS22QHrXDyOtVu/view?usp=sharing,all,3
,3,Resilience/Negation,Family & Home Life,Social Situations,,Parental Advice,"You decide to go visit your family on a long weekend. When talking with your parent(s), they give you advice that you do not agree with but you are scared to speak up and tell them. You think if you tell them you disagree, they will be disappointed in you.",You realize that your parent(s) value your opinion and were giving theirs because they wanted to help you. You feel as if you will be able to tell them you disagree and they will respect your opinion.,Will your parents be upset about your disagreement?,No,,https://drive.google.com/file/d/1snKwCvaFpmFar-Wydym8EXtuu-3TxAI6/view?usp=sharing,all,2
,4,Negative,Family & Home Life,,,Differing Beliefs,"You and your extended family have very different political and religious beliefs. You make a strong effort to have a good relationship with your family, but disagreements at a recent gathering caused some tension. As time goes on, you think that your family will become distant. ",,You believe your family will eventually:,Decide they would just rather not see each other.,Respectfully put your differences aside in order to spend time together.,https://drive.google.com/file/d/1V9enBLw4iWozyu0nY4pNLSUJ4-RiRp_s/view?usp=sharing,all,3
,5,Positive,Family & Home Life,,,Parents Visiting,"You are hosting a baby shower for a family member today and both your parents are attending. They're divorced and sometimes cause an embarrassing scene in public. During the shower, you think about your parents.",You take a deep breath and re-focus on hosting the shower. You decide that you can't control your parents' behavior.,Are you able to concentrate on the shower?,Yes,,https://drive.google.com/file/d/1ii9gWhb1eIlxBuU3IxPJk0q_7S0P3KqE/view?usp=sharing,all,3
,6,Positive ,Family & Home Life,Romantic Relationships,,Getting Over It,"You recently went through a major breakup with your longterm partner. You want to ask your family and friends for support, but you don’t know how. When you tell them you are struggling, they applaud your honesty. ",N/A,Will your friends and family be supportive?,Yes,No,https://drive.google.com/file/d/1_e_EPXNDtdc2m6ukOLI0eBYTAX0iLbKc/view?usp=sharing,all,3
,7,Positive,Family & Home Life,Social Situations,,Reconciling with your sibling,"A few days after an argument with your sibling, you decide to break the ice by asking them out for a drink. You get ready, and as you are about to leave, they call to say they can't make it after all. As you hang up, you think that this is because they are feeling exhausted.",N/A,Your sibling cancelled the meeting because they are...,Exhausted from a busy week,Mad at you.,https://drive.google.com/file/d/1LZnhgjX_Ooy4zJ7r99Iydqi6bvIOcszd/view?usp=sharing,all,3
,8,Positive,Family & Home Life,,,Divorced Parents,"You're hosting a party and both your parents are attending. They're divorced and they sometimes have trouble getting along. During the event, they bicker but you are able to concentrate on your duties.",N/A,Are you able to handle your parents fighting? ,Yes,,https://drive.google.com/file/d/17W0dNbQ648WWbCLDQ3kAkeR0bT1bWMyW/view?usp=sharing,all,3
,9,Resilience/Negation,Family & Home Life,,,Spending Time With Family,"You are going to see your family for a holiday. You enjoy seeing your family, but recently it has been getting more difficult to get out to see them. ","As you imagine the amount of time you will spend with your loved ones over the next few years,  you are not worried that your relationship will deteriorate, and you believe your family will stay connected.",Do you worry your family will lose touch?,No,Yes,https://drive.google.com/file/d/1KbeTT5hK7TLxBUVg38Kcs6Sq1jNtXzD5/view?usp=sharing,all,3
,10,Positive,Family & Home Life,,,Travel decisions,"You are considering multiple options for where to go for vacation. You have only a little bit of information about each potential destination before you make your choice. When you decide, you feel satisfied.",N/A,Are you content with your decision for where to go on vacation?,Yes,,https://drive.google.com/file/d/1m7hh0KAbEypRGlvsWor7NXW3kZ2Bmlem/view?usp=sharing,all,3
8,1,Positive,Family & Home Life,,,Making a Good Impression,"You've never met your significant other's colleagues. They have just told you their colleagues have invited you to dinner tonight, and your significant other mentions that they can be critical. When you think about meeting their colleagues, your anxiety is tolerable.",N/A,Are you able to tolerate your anxiety?,Yes,,https://drive.google.com/file/d/1vJoHo-PAZH_4RraK8mdfEZStKeJTXdp3/view?usp=sharing,all,3
,2,Negative ,Family & Home Life,,,Argument With Your Sister,"You and your sister recently had an argument, and you haven't talked to each other in weeks. You love your sister very much, but both of you are still upset by what the other said the last time you two spoke. As you think about talking to your sister again you believe the two of you will drift apart. ",,You imagine the next conversation with your sister as being,A yelling match that ends with both of you still upset.,A pleasant return to the way things used to be.,https://drive.google.com/file/d/1MrPuOeWOe6yhwEGqHCJmj3SG5bnQbQww/view?usp=sharing,all,3
,3,Positive,Family & Home Life,Physical Health,,Visiting Aging Family,You go home to your parents' home for the holidays and notice that your mother looks frail. You find yourself wondering about her health and whether she's sick. You think her health will probably be good.,,Is your mother's health going to quickly decline?,No,,https://drive.google.com/file/d/1Gq9Sn1-xMI1EWDLSKgwCVl-6URaJ2yiG/view?usp=sharing,all,3
,4,Resilience/Negation,Family & Home Life,Mental Health,,Your First Child,"You have just had your first child. You want to have a good relationship throughout your kid's life, but you worry about making mistakes as a parent.","When your child is an adult, you do not believe that your kid will resent you, and you think that relationship will be strong.",Do you think your relationship with your child will be detached when your kid is an adult?,No,Yes,https://drive.google.com/file/d/1jHnVJt6AMYU6KRQP6IKFjUXh3Cp1J9b0/view?usp=sharing,all,3
,5,Positive,Family & Home Life,Social Situations,,Introducing Your Friends,"You invited your spouse to meet your friends from work tonight. You know that they can often tell embarrassing stories about you to other people. You think about what they're going to do tonight, and feel calm.",,Are you worried about what your spouse will say tonight? ,No,,https://drive.google.com/file/d/1jGKwLrtXqcIGGrJzcL9eRsCy8D-KQGvl/view?usp=sharing,all,3
,6,Positive,Family & Home Life,Romantic Relationship,,Big Families ,"Your fiance has children, while you do not. You are trying to adapt to living with younger children and how to bond with them. You think you will be able to work out a routine and adapt to this new family dynamic. ",N/A,Will you be able to adapt to having a large family?,Yes,No,https://drive.google.com/file/d/1a_dFMhpbbpL2sucL2bxvmYYpEHxomTlq/view?usp=sharing,all,3
,7,Positive,Family & Home Life,Social Situations,,Absent Roommate,"You are visiting your sister in a different city for an extended period of time. Your sister seems to know a lot of people in the area and is always out of the apartment, leaving you alone. You think it is nice that they are not home often because you prefer to be alone to relax at the end of the day.",N/A,Are you bothered by your sister's absence?,No,,https://drive.google.com/file/d/1pOKjumfIC5ABON2fMxlUDPuMpMP6LjE4/view?usp=sharing,all,3
,8,Positive,Family & Home Life,Social Situations,,Dinner at a Friend's House,"Your family doesn't do sit-down dinners together. Your friend invites you to join her family for dinner, and when you arrive, everyone sits at the table and starts asking questions about each other's days. When it's your turn, you're not sure how to respond, but after you say something, you feel calm",,Are you able to stay calm even though you don't know what to say?,Yes,,https://drive.google.com/file/d/18ON-daCCgtQApC9SVxzPUIsZEHK2kZJK/view?usp=sharing,all,3
,9,Positive,Family & Home Life,Mental Health,,Talking about Housing,"You are hanging out with a new group of people and they are all talking about their housing situations. You want to chime in, but you are still looking for a place to settle down and you feel like you're falling behind on life experiences. You think that you still have plenty of time.",N/A,Will you figure out housing?,Yes,,https://drive.google.com/file/d/13C46DCNwa01dfLqreKVRIq8Gnv03aKQI/view?usp=sharing,all,3
,10,Resilience/Negation,Family & Home Life,Finances,,Feeling Worried by the News,This morning your partner is watching the news and you overhear that a lot of businesses are currently downsizing. You think about what will happen if your partner loses their job. You feel scared.,You notice that your partner does not look upset while listening to the news. You think that things will be alright.,Should you start to worry about your partner's job?,No,,https://drive.google.com/file/d/16KZJVDZijOiPKkJwZWdRQfE4gNhwBtU-/view?usp=sharing,all,3
9,1,Positive,Family & Home Life,Academics/Work/Career Development,,Prospective Excitement,"You'd like to take some time off to travel after a long and stressful year. Your family expects you to work more hours to help with finances, and you don't want to let them down. When considering your plans for the end of the year, you feel excited.",,Are you anxious about your plans for the end of the year?,No,,https://drive.google.com/file/d/15BOnlJB7SXDWnFaZP_Cm6vzosTdkmVsp/view?usp=sharing,all,3
,2,Resilience/Negation,Family & Home Life,Social Situations,,Bringing a New Friend Home,"You live with a few extended family members. Your colleague asks if they can come over for dinner one day and they don't know how many people live in your home. As you picture your colleague coming into your home, you think they will be surprised.","You consider that you live in a different situation compared to your colleague. You also know that your colleague is really nice, so will be accepting.",Does your colleague judge you for living with lots of extended family members?,No,,https://drive.google.com/file/d/1scmmozRrE86kB6Z8kfBY87Pr17Q0gA1O/view?usp=sharing,all,3
,3,Positive,Family & Home Life,Romantic Relationship,,Quality Time,"With kids in the house, you and your spouse don't get to spend a lot of quality time together. You feel as though you and your spouse are drifting apart. You decide to plan a date night just for the two of you. ",N/A,Can you make time for your spouse?,Yes,No,https://drive.google.com/file/d/1SfvZyc9QQoMOspkN2ljTvvR-WLlG6Czh/view?usp=sharing,all,3
,4,Positive,Family & Home Life,,,Visiting Family,"A long weekend is coming up and you planned to travel home to visit family. However, this morning you found out that you were exposed to someone who tested positive for COVID. You are vaccinated, but unsure of your risk for contracting COVID and possibly passing it onto your family. You think your family will understand if you decide not to come home in order to keep them safe. ",N/A,Will your family be upset if you decide not to come home for the weekend?,No,,https://drive.google.com/file/d/1A7X0GdwzsS1kR5c8LnKnC_pPsv8PQAhe/view?usp=sharing,all,2
,5,Positive,Family & Home Life,,,Travel decisions,"You are considering multiple options for where to go for vacation. You have only a little bit of information about each potential destination before you make your choice. When you decide, you feel satisfied.",N/A,Are you content with your decision for where to go on vacation?,Yes,,https://drive.google.com/file/d/1m7hh0KAbEypRGlvsWor7NXW3kZ2Bmlem/view?usp=sharing,all,3
,6,Resilience/Negation,Family & Home Life,,,Finding Balance,At home there are a lot of chores on the schedule for you to accomplish. You have a big project to work on that will take a lot of time. Balancing your home life and work life is stressful.,"You look for calming music to listen to while you do your chores. As you start to tackle your to-do list, you feel confident.",Are you overwhelmed by what you need to accomplish? ,No,,https://drive.google.com/file/d/1cQbfhuu2-vL7J0Igqz9iQOuZsJQ0wTlZ/view?usp=sharing,all,2
,7,Positive,Family & Home Life,,,Space heater,"You rushed out of your house this morning. Once at work, you wonder whether you forgot to turn off your space heater. The likelihood that the space heater will cause a fire is minimal.",N/A,Will your space heater cause a fire? ,No,,https://drive.google.com/file/d/12yVqiIYwySGiWCN59JefWnXYMM955wDC/view?usp=sharing,all,3
,8,Positive,Family & Home Life,,,Dealing with Embarrassment,"Your partner is dropping you off at a conference event. As they drop you off, they are really loud and make you feel embarrassed. As you get out of the car, you feel fine.",N/A,Are you able to tolerate your partner dropping you off? ,Yes,,https://drive.google.com/file/d/1_yNUHw34Vp2RxqAunp0iGwPNqOzTzKbc/view?usp=sharing,all,2
,9,Negative ,Family & Home Life,Romantic Relationships,Social Situations,Holiday Plans,"Your significant other's parents have invited you to join them for the holidays. You are excited to spend time with your partner's family, but you worry your own parents will be disappointed that you are not with them. When you think about telling your parents you would like to spend the holidays with your partner, you believe that they will take the news poorly.",,"When you tell your parents about the invitation, they are likely to",Be very disappointed and feel hurt.,Be glad that you have met a partner that makes you happy.,https://drive.google.com/file/d/1KbeTT5hK7TLxBUVg38Kcs6Sq1jNtXzD5/view?usp=sharing,all,3
,10,Positive,Family & Home Life,,,Noises from Outside,You just moved to a new house. It's dark out and you suddenly hear noises outside. You peek out the window and see a cat.,N/A,Was there something scary outside in the dark? ,No,,https://drive.google.com/file/d/11Vs9sz9BDAkaj5QCxD927t-mz-VTFWXn/view?usp=sharing,all,3
10,1,Write Your Own,Family & Home Life,,,Write Your Own,,,,,,,write your own,45
11,1,Write Your Own,Family & Home Life,,,Write Your Own,,,,,,,write your own,45
12,1,Write Your Own,Family & Home Life,,,Write Your Own,,,,,,,write your own,45
13,1,Resilience/Negation,Family & Home Life,,,Running Low on Battery,"You're going on a long car ride with your family to visit family in another part of the state. After an hour, you notice your phone battery is almost dead and you don't have a charger. You think about the rest of the car ride and feel like you will be miserable.","After worrying about it for a few minutes, you realize that you can use this time to talk to your family. You feel  better.",Will the car ride be ok without your phone?,Yes,,https://drive.google.com/file/d/1hVhpy_8MrHNJ7D6TGUs42mXmkuk4t4W8/view?usp=sharing,1,3
,2,Positive,Family & Home Life,,,Making a Good Impression,"You've never met your significant other's colleagues. They have just told you their colleagues have invited you to dinner tonight, and your significant other mentions that they can be critical. When you think about meeting their colleagues, your anxiety is tolerable.",N/A,Are you able to tolerate your anxiety?,Yes,,https://drive.google.com/file/d/1vJoHo-PAZH_4RraK8mdfEZStKeJTXdp3/view?usp=sharing,1,3
,3,Positive,Family & Home Life,Social Situations,,Introducing Your Friends,"You invited your spouse to meet your friends from work tonight. You know that they can often tell embarrassing stories about you to other people. You think about what they're going to do tonight, and feel calm.",,Are you worried about what your spouse will say tonight? ,No,,https://drive.google.com/file/d/1jGKwLrtXqcIGGrJzcL9eRsCy8D-KQGvl/view?usp=sharing,1,3
,4,Positive ,Family & Home Life,,,Spending Time With Family,"You are going to see your family for a holiday. You enjoy seeing your family, but recently it has been getting more difficult to get out to see them. As you imagine the amount of time you will spend with your loved ones over the next few years, you believe your family will remain close.",,"As your family spends less time together, you think",You will find ways to stay in touch and remain connected.,Your relationship with them will become strained.,https://drive.google.com/file/d/1KbeTT5hK7TLxBUVg38Kcs6Sq1jNtXzD5/view?usp=sharing,1,3
,5,Positive,Family & Home Life,Romantic Relationships,,Seeing Your Ex,"You and your spouse recently divorced. Your child is having an event at school tonight, and it will be the first time you and your ex-spouse are attending as single people. You think that you will treat each other respectfully. ",N/A,Are you and your ex-spouse going to get along?,Yes,No,https://drive.google.com/file/d/1ZQt5JWW8C01c1XQC4OoVeC8SugNsBZsF/view?usp=sharing,1,3
,6,Negative ,Family & Home Life,,,Spending Time With Family,"You are going to see your family for a holiday. You enjoy seeing your family, but recently it has been getting more difficult to get out to see them. As you imagine the amount of time you will spend with your loved ones over the next few years, you believe your family will drift apart.",,When you think about spending less time with your family,You worry that you will lose them from your life.,"You also think about how much you enjoy seeing them, and believe that you will always be close to them.",https://drive.google.com/file/d/1KbeTT5hK7TLxBUVg38Kcs6Sq1jNtXzD5/view?usp=sharing,1,3
,7,Positive,Family & Home Life,,,New Recipe,"You get an idea for a new recipe that involves ingredients you have never used before. You make it for your family. As everyone starts to eat, you feel proud.",N/A,Are you worried about what your family will think of your cooking? ,No,,https://drive.google.com/file/d/1vTuw-1aglVPbYE4oaEYbIP6LLuikDSFt/view?usp=sharing,1,3
,8,Resilience/Negation,Family & Home Life,Social Situations,,Your Family's Car,"Your family shares one older car that has a big dent in the front. Today you are driving it to work. When you think about your colleagues seeing your car, you feel nervous.","As you're getting out of the car in front of the school, you see a few of your colleagues. They smile and wave at you, and you feel relieved.",Do your colleagues judge your car? ,No,,https://drive.google.com/file/d/1jkOOfJWbCDVRymQ01TrUAX4_GRkDLWoN/view?usp=sharing,1,3
,9,Positive,Family & Home Life,Mental Health,,Opposing Opinions ,"Your family has strong opinions that you don't always agree with. As you listen to your family talk, you feel that you are pretty different from them. You feel having your own unique views is okay.",N/A,Is it alright to have different views from your family? ,Yes,,https://drive.google.com/file/d/1z-OZ5Wr0EatO5q1bpsB0G3Xv11wj5Z46/view?usp=sharing,1,3
,10,Positive,Family & Home Life,Social Situations,,Bilingual Home,"You are having dinner with a coworker  While you're eating dinner together, you take a phone call from a family member and you switch back and forth between English and another language. You never told your coworker that your family members are bilingual. You think about your coworker's reaction, and think that she'll think it is interesting.",,Is your coworker judgmental of your bilingual family?,No,,https://drive.google.com/file/d/1vTuw-1aglVPbYE4oaEYbIP6LLuikDSFt/view?usp=sharing,1,3
14,1,Positive,Family & Home Life,Academics/Work/Career Development,,New Opportunity,"You apply for a new job in a foreign country, but no one in your family has ever been abroad. You think about how your family will react when you tell them your decision and they may not like the idea of you living abroad. As you imagine telling them, you feel excited.",N/A,Are you worried about telling your family that you want to work and live abroad?,No,,https://drive.google.com/file/d/1mfPOr__w6g_DX68Qv4rp11wDL15AzfTN/view?usp=sharing,1,3
,2,Negative,Family & Home Life,Social Situations,,Balancing Home Life and Friends,"Your partner runs a daycare out of your home, so it is always loud when you get home from work. Your colleague is coming over today to have coffee. You think about how your colleague is going to react to the noise, and you get worried.",,Are you calm about your colleague coming over this afternoon?,No,,https://drive.google.com/file/d/1ahnx3c5S7xhmW9qeHplPosctvWEMV4oh/view?usp=sharing,1,3
,3,Positive,Family & Home Life,,,Noises in the Night ,"You are home alone and it's night time. You hear a loud noise outside. You think about what it can be, and think it is your neighbors.",N/A,Should you be worried about the loud noise? ,No,,https://drive.google.com/file/d/1bKVpQyIiNjcuRjuOIeMS22QHrXDyOtVu/view?usp=sharing,1,3
,4,Resilience/Negation,Family & Home Life,Academics/Work/Career Development,,Loud Music,Your significant other is currently playing upbeat music very loudly and you need to prepare for an important assignment. You don't want them to think you're rude if you ask them to turn down the music so that you can prepare. You approach them and feel nervous.,You take a deep breath and your significant other responds. You ask them to turn down the music and they apologize.,Was your significant other upset when you asked them to turn down the music?,No,,https://drive.google.com/file/d/1AZk7owEM2J5V91afv56x1rxdom3zjESu/view?usp=sharing,1,3
,5,Positive,Family & Home Life,,,Differing Beliefs,"You and your extended family have very different political and religious beliefs. You make a strong effort to have a good relationship with your family, but disagreements at a recent gathering caused some tension. As time goes on, you think that your family will become more loving.",,You think that your family is likely to,Work together to build better relationships with each other.,Talk to each other less and less as ideological tensions rise.,https://drive.google.com/file/d/1V9enBLw4iWozyu0nY4pNLSUJ4-RiRp_s/view?usp=sharing,1,3
,6,Positive,Family & Home Life,Social Situations,,Posting about Family,You look through your social media feed. You noticed that your high school-aged kids only post pictures with their friends. You posted a family picture and tagged your kids. Your kids must think that you're genuine.,N/A,Are your kids upset that you tagged them in a family photo?,No,,https://drive.google.com/file/d/1CZ3q4YAXdB5vZOsWDR7bPvWclLmbpBgm/view?usp=sharing,1,3
,7,Resilience/Negation,Family & Home Life,Social Situations,,Change of Plans,Your family expects you to get promoted at your job. You haven't told them yet that you actually want to take a few years off to travel. You think about telling them and feel anxious.,"You decide to tell them anyway. When you tell them your plans, you feel relieved. ",Do you feel better after talking to your family about your plans? ,Yes,,https://drive.google.com/file/d/1Z0nzrIQHVjl7UmtuA4nngOFyGYVvmBB-/view?usp=sharing,1,3
,8,Positive,Family & Home Life,,,Upset Parents,"When you call one of your parents they seem upset but you don't know what's wrong. They give you a short answer when you try to talk with them about it. You consider why they're mad, and realize that it is not you.",,Are they upset with you?,No,,https://drive.google.com/file/d/1LZnhgjX_Ooy4zJ7r99Iydqi6bvIOcszd/view?usp=sharing,1,3
,9,Positive,Family & Home Life,,,Sharing Your Familial Traditions,"Your family has traditions that your coworkers don't share. Today at work, everyone is chatting about their families' important traditions. As you prepare to contribute to the conversation, you feel enthusiastic.",,Are you scared to talk about your family's traditions at work? ,No,,https://drive.google.com/file/d/1m14h0vaiWVri5HTTpzwzg2ZP1PlKXyLD/view?usp=sharing,1,3
,10,Positive ,Family & Home Life,,,Argument With Your Sister,"You and your sister recently had an argument, and you haven't talked to each other in weeks. You love your sister very much, but both of you are still upset by what the other said the last time you two spoke. As you think about talking to your sister again you believe the two of you will remain close.",,"You think the next time you speak you with your sister, the two of you will",Put aside your difference and restore your relationship.,Stick to your guns and continue fighting.,https://drive.google.com/file/d/1MrPuOeWOe6yhwEGqHCJmj3SG5bnQbQww/view?usp=sharing,1,3
15,1,Positive,Family & Home Life,Social Situations,,Cultural Family Celebrations,"Your colleagues ask you to go to a conference, but it's the night of an important cultural celebration for your family. You are looking forward to the celebration with your family, but don't want your colleagues to think you're different. As you think about telling your colleagues, you realize that your culture is  important.",,Are you embarrassed to tell your colleagues that you can't go to the conference?,No,,https://drive.google.com/file/d/1mnjPZpYIVahZEm1gr4Zu9gKZfMCjl2Tk/view?usp=sharing,1,3
,2,Positive,Family & Home Life,Finances,Social Situations,Home Introductions ,"You notice your home is not like your peers' homes. Your best friend has never been to your place, but wants to come over for dinner one night. You think their reaction to your home will be respectful.",N/A,Will your friends judge your home?,No,,https://drive.google.com/file/d/1VCybtiOeMs0Sxk93nEyA51k4mVoIITAu/view?usp=sharing,1,3
,3,Resilience/Negation,Family & Home Life,Finances,,Feeling Worried by the News,This morning your partner is watching the news and you overhear that a lot of businesses are currently downsizing. You think about what will happen if your partner loses their job. You feel scared.,You notice that your partner does not look upset while listening to the news. You think that things will be alright.,Should you start to worry about your partner's job?,No,,https://drive.google.com/file/d/16KZJVDZijOiPKkJwZWdRQfE4gNhwBtU-/view?usp=sharing,1,3
,4,Positive,Family & Home Life,Academics/Work/Career Development,,Approaching Deadline,"You and your partner share a home office. You have a work assignment due tonight but they're using the office. When you think about completing the work on time, you feel confident.",N/A,Will you get your assignment done in time?,Yes,,https://drive.google.com/file/d/1q13omJofjfnPiBpNlEwv-3_ZALGQEk6h/view?usp=sharing,1,3
,5,Negative,Family & Home Life,Academics/Work/Career Development,,Disappointing News,A new office initiative started by you and a few other coworkers was rejected by your boss and you have to tell the news to the others. They don't say anything when you tell them. They are probably feeling disappointed.,,Are your coworkers disappointed that your initiative was rejected?,Yes,,https://drive.google.com/file/d/15VPmA2W3BJTESFcdDiE0Xg8dzS88Klsc/view?usp=sharing,1,3
,6,Positive,Family & Home Life,Social Situations,,Dinner Conversation,"You are at your friend's house for dinner and they ask you about your parents. You're not sure how to answer because your parents are divorced, and you haven't seen your mother for a long time. You think about what you'll say, and feel confident.",,Are you able to talk about your divorced parents?,Yes,,https://drive.google.com/file/d/18ON-daCCgtQApC9SVxzPUIsZEHK2kZJK/view?usp=sharing,1,3
,7,Resilience/Negation,Family & Home Life,Mental Health,,Birthday Jitters,"Your friends are organizing a birthday party for you at their home. They invited a lot of people who will all be there for you. When you think about all of the people coming, you feel nervous.",You remember they are all coming to celebrate you. This makes you feel excited.,Are you excited about all the attention you will receive?,Yes,,https://drive.google.com/file/d/1UoBTJwOaRbMpWrYnOWNPOBzR-axREE4s/view?usp=sharing,1,3
,8,Positive,Family & Home Life,Romantic Relationships,,Quality Time,"With kids in the house, you and your spouse don't get to spend a lot of quality time together. You feel as though you and your spouse are drifting apart. You decide to plan a date night just for the two of you. ",N/A,Can you make time for your spouse?,Yes,No,https://drive.google.com/file/d/1SfvZyc9QQoMOspkN2ljTvvR-WLlG6Czh/view?usp=sharing,1,3
,9,Positive,Family & Home Life,,,Upset Parents,"When you call one of your parents they seem upset but you don't know what's wrong. They give you a short answer when you try to talk with them about it. You consider why they're mad, and realize that it is not you.",,Are they upset with you?,No,,https://drive.google.com/file/d/1LZnhgjX_Ooy4zJ7r99Iydqi6bvIOcszd/view?usp=sharing,1,3
,10,Positive,Family & Home Life,Social Situations,,Having Someone Over,"You invite a coworker over for dinner one night and you're in charge of the food. You aren't the best cook and you might embarrass yourself in front of your coworker. As your coworker arrives, you are calm.",,Are you anxious as your coworker arrives?,No,,https://drive.google.com/file/d/18ON-daCCgtQApC9SVxzPUIsZEHK2kZJK/view?usp=sharing,1,3
1,1,Positive,Romantic Relationships,,,Texting Someone You Like,"You have been hanging out with someone you find attractive a lot lately, but aren't sure if they feel the same way. Today they ask for your number. They will probably use your phone number to ask you on a date.",N/A,They probably asked for your phone number because,They think you are attractive.,They want to ask you for a favor.,https://drive.google.com/file/d/1WuPmRt-VoQfR_ZkT1nzIhMKeljNVUJMz/view?usp=sharing,1,2
,2,Positive,Romantic Relationships,,,Third Wheel,"Two of your best friends are married to each other. While you enjoy hanging out with them, you can't help but feel like you're a third wheel. You realize that they hang with you together because they both think you're enjoyable. ",N/A,Do your friends like hanging out with you?,Yes,No,https://drive.google.com/file/d/1_WmTq0L6G-N8n9uDw0BL0mLay52hPI-e/view?usp=sharing,1,2
,3,Resilience/Negation,Romantic Relationships,,,The Date,"You are going on a date and just arrived at the restaurant. As you walk up to the entrance, you suddenly feel very nervous and turn around to leave, but quickly change your mind. At this moment, your date arrives and looks very offended.","At the end of the date, you realize that it is very common to feel a little uneasy in situations like these. Having explained and apologized, you believe that your date found your hesitation funny and sweet.",Your date's impression of you is probably ...,Positive.,Negative.,https://drive.google.com/file/d/11_Qmki0qgGKl7UUkuuAVjbH9UzmfX-qA/view?usp=sharing,1,2
,4,Positive,Romantic Relationships,,,Future Relationships,"You have just broken up with your partner, who you were with longer than any other significant other you've had before. You believe it was for the best, but you also worry if you will ever meet someone else you feel so strongly about. As you think about your future love life, the idea of finding a good life partner seems attainable.",N/A,"After your break up, you think","Eventually, you will meet the person who is right for you.",You will probably never find someone good for you.,https://drive.google.com/file/d/1u8VK0lxAXcrHYFRBYUNiyNZ8oVI3AJUV/view?usp=sharing,1,2
,5,Positive,Romantic Relationships,,,Asking Someone Out ,"You are on a long train ride, and really hit it off with an attractive person sitting next to you. As the train ride nears an end, you think about how you would really like to see this person again, but you worry that you might come off as being too forward. When you consider asking the other passenger out for coffee, you are fairly sure this person will accept.",N/A,"If you ask the other person to coffee, the other passenger will probably","Accept your offer, because you two had a great time on the train.","Turn you down, because they're not interested in seeing you again.",https://drive.google.com/file/d/15srXsAeVJClkXGw605dER3-IGHMQBtlr/view?usp=sharing,1,1
,6,Positive ,Romantic Relationships,Family & Home Life,,Getting Over It,"You recently went through a major breakup with your longterm partner. You want to ask your family and friends for support, but you don’t know how. When you tell them you are struggling, they applaud your honesty. ",N/A,Will your friends and family be supportive?,Yes,No,https://drive.google.com/file/d/1_e_EPXNDtdc2m6ukOLI0eBYTAX0iLbKc/view?usp=sharing,1,3
,7,Positive,Romantic Relationships,,,New meetup ,"You arrange to meet your date at 8 p.m. at a local bar. You arrive on time and find that your date is not there yet. Reflecting on your last conversation as you wait for a table, you remember that your date found you interesting.",N/A,Was your date interested in you after your last conversation?,Yes,No,https://drive.google.com/file/d/1Mkolvpncrqbbodcp7p_QFyahwUrAabfA/view?usp=sharing,1,1
,8,Resilience/Negation,Romantic Relationships,,,A Difficult Conversation,Your parents are requiring more assistance and care in their old age. You feel responsible for their care and would like to have a conversation with your partner about having your parents move in with you. You are nervous about how your partner will react to this conversation.,"Regardless of how your partner feels, you are confident that they will treat this conversation with understanding and respect. You feel better about approaching them with this topic.",Will your partner react poorly to this conversation?,No,Yes,https://drive.google.com/file/d/14E87lNQCbYQYaw2WEZUgqpLVllxzh0qo/view?usp=sharing,1,1
,9,Negative,Romantic Relationships,,,Marrying Your Partner,"Your significant other of four years has recently asked how you feel about marriage. You feel very much in love with your significant other, but worry about the high rates of divorce and whether that could happen to you. Reflecting on the idea of marrying your partner, you believe your marriage would be a mistake.",N/A,"When you imagine a marriage to your significant other, you see",The relationship eventually breaking down.,The two of you growing together for the rest of your lives.,https://drive.google.com/file/d/11jxogFxkqEeS7Kqe9yWTU0EV_JBtB-v4/view?usp=sharing,1,2
,10,Positive,Romantic Relationships,,,Busy Semester,"With the busyness of the semester, you and your long-term partner have not been spending a lot of time together. When you do hang out, you and your partner seem distracted and tend to argue. You think that this is just a rough patch, and that your relationship will last. ",N/A,Will you break up?,No,Yes,https://drive.google.com/file/d/1MGv1O1rLHyY4xqhj3vny7PTUtYTtHIVb/view?usp=sharing,1,1
2,1,Positive,Romantic Relationships,Social Situations,,Voicing Your Feelings,"Your partner takes you out to dinner and you are talking as you wait for your food. They mention something that upsets you, but you worry if you confront them about it, they will be angry. Ultimately, you decide to tell them what they said upset you and they apologize.",N/A,Was your partner angry with you for voicing your concern?,No,Yes,https://drive.google.com/file/d/1_3R4q50xu1yCQG9gAsv0N7Y30gmNDBsG/view?usp=sharing,1,2
,2,Resilience/Negation,Romantic Relationships,,,Yourself in Old Age,"You are walking through the park, and you see an elderly couple walking hand in hand. You begin thinking about your own life and wonder whether you will feel close to someone at their age. ","When you think about yourself as an older person you do not believe you will be alone, and you imagine yourself with someone.",Do you imagine yourself alone when you get older?,No,Yes,https://drive.google.com/file/d/1rfdNbyue77FhReHqNOVYVUC1cUTvMa-9/view?usp=sharing,1,2
,3,Positive,Romantic Relationships,Social Situations,,Anniversary Let-down,"Your anniversary with your significant other is this weekend, but they haven't mentioned to you that they made any big plans. Having your expectations let down seems to be a recurring event, and you think it's time to bring it up to them. You figure out a way to bring it up calmly, without starting a fight. ",N/A,Do you expect your conversation with your significant other to end in a fight? ,No,Yes,https://drive.google.com/file/d/103L6UgWFIT23wgRF2ENNU1ARtF_HM-sD/view?usp=sharing,1,2
,4,Positive,Romantic Relationships,,,Argument with Your Partner,"You recently had a fight with your partner. It was about a serious issue, and you are concerned as to why your partner didn't agree with you. You think that you and your partner will eventually make up.  ",N/A,Is this fight a dealbreaker?,No ,Yes,https://drive.google.com/file/d/1g5l905rSslaK-uHj6vY5LZpSy42h1tjN/view?usp=sharing,1,2
,5,Negative,Romantic Relationships,,,Relationship Worries,"You receive a call from a friend of yours, telling you that he is getting a divorce. You reflect on your own marriage; and though you love your spouse, you got the same impression from your friend and his wife. As you wonder about your future with your spouse, you feel strongly that you two will get divorced.",N/A,"When you think far into the future, you can see yourself",Regretting that your spouse and you couldn't make things work.,Enjoying your golden years with your spouse.,https://drive.google.com/file/d/1-1RaTpi3BmK-Ce4IuLJGwNwnNA2Vfeoa/view?usp=share_link,1,3
,6,Positive,Romantic Relationships,Mental Health,,Mental Health Resources,"Recently, your partner has been struggling with their mental health. You want to help them, but you don’t know how. You decide to do research on possible resources you can share to be supportive. ",N/A,Are you able to help your partner? ,Yes,No,https://drive.google.com/file/d/1mYChKyj4d1Uajhz-EYP_YMVD5Fr5s6MH/view?usp=sharing,1,3
,7,Positive,Romantic Relationships,Mental Health,,Comparing Yourself to Others,"Recently, your partner mentioned that they find a certain celebrity attractive. This celebrity looks nothing like you, and you wonder if your partner has changed their preferences since the beginning of your relationship. You think that they still find you attractive.  ",N/A,Is your partner attracted to you?,Yes,No,https://drive.google.com/file/d/1qYR_sw_sAKU_sUueHbH0iJ5hWVTrmZeX/view?usp=sharing,1,3
,8,Positive,Romantic Relationships,,,Anticipating a date,"You and your partner plan a date night to reconnect, as you haven't been spending quality time together recently. As the evening approaches, you are nervous that you won't have as much fun as you used to or that the spark may have faded. Thinking about how your relationship has changed, you find contentment in the deep connection and companionship that have grown over time.",NA,Are you content with how your relationship has changed?,Yes,No,https://drive.google.com/file/d/1FccvJOxJ1IrfcxS0GzHIlNxNV5GiBH3P/view?usp=sharing,1,1
,9,Positive,Romantic Relationships,,,Online Dating,"Your friend has convinced you to sign up on an online dating website. You look over your profile and though you think it reflects who you are very well, you worry if it displays the kind of qualities people are looking for online.  Thinking about your prospects of finding someone online, you believe that your chances of meeting someone soon are high.",N/A,You think that people on the site will probably,Respond well to your profile.,Completely ignore you.,https://drive.google.com/file/d/1WsJNbwRJFWHCFhcRml0G0WDuwYREb7eQ/view?usp=sharing,1,3
,10,Resilience/Negation,Romantic Relationships,,,Long Distance Relationship,"Your spouse has decided to go back to school at a prestigious program in another state. You love your spouse very much, but you know that long distance relationships can be difficult. ","When you picture the future of your relationship with your spouse you do not think the distance will end your relationship, and you believe the two of you will stay together.",Do you believe you and your spouse will stay together after your spouse moves?,Yes,No,https://drive.google.com/file/d/1SLIlpEwAlYywGSOzmfcgtN7_OZG7Kwcb/view?usp=sharing,1,2
3,1,Positive,Romantic Relationships,,,Third Wheel,"Two of your best friends are married to each other. While you enjoy hanging out with them, you can't help but feel like you're a third wheel. You realize that they hang with you together because they both think you're enjoyable. ",N/A,Do your friends like hanging out with you?,Yes,No,https://drive.google.com/file/d/1_WmTq0L6G-N8n9uDw0BL0mLay52hPI-e/view?usp=sharing,1,2
,2,Positive,Romantic Relationships,,,Asking Out Your Friend,"You have been good friends with someone for a few years, and really value your relationship. You are very attracted to your friend, but are unsure how admitting your feelings would affect your friendship. If you were to ask your friend on a date you think your friend would find it flattering.",N/A,"If you ask your friend on a date, it will probably",Make your friend feel good.,Put your friend in an awkward position.,https://drive.google.com/file/d/1ge0uSpMcmvzD_Cpmw8O9XZDxmWjnwoVr/view?usp=sharing,1,2
,3,Negative,Romantic Relationships,Mental Health,,A New Relationship,"You have been with your partner for a while, and you are still very into them. Recently, your partner hasn't expressed much adoration towards you, and you wonder if they still love you as much as you love them. You think that they are no longer into you. ",N/A,Does your partner still love you?,No ,Yes,https://drive.google.com/file/d/1VIJYeImFMUm7Aaacnct7HyxaOYy72Mq6/view?usp=sharing,1,3
,4,Positive,Romantic Relationships,,,Advice for a friend,"You spend an evening with a friend and end up talking about their relationship problems. As you give them some advice, you notice they are quiet. Once you get home later, you reflect on the evening and think that they found your advice helpful.",N/A,Did your friend think you gave them good advice about relationships?,Yes,No,https://drive.google.com/file/d/16B6D0IDuHuixxTYqmvYLjeLuAh-_nWS0/view?usp=sharing,1,2
,5,Resilience/Negation,Romantic Relationships,,,Stress in Your Relationship,"You are planning your wedding with your fiancé. Planning your wedding has sometimes put stress on your relationship, and you and your fiancé have had a few arguments during the process. ","Once the wedding is over you don't foresee this stress continuing, and after everything that has happened, you think you and your spouse will feel close again.",Do you think you and your spouse will feel more divided after the wedding?,No,Yes,https://drive.google.com/file/d/12we_hPc3VBlERJpy5lceauE4EbnAmMSA/view?usp=sharing,1,2
,6,Positive,Romantic Relationships,,,Going to a Wedding,"It is wedding season and you are super excited to go to your friend's wedding. When you get there, you notice that most people have a date and you don't. You remember how excited you are for your friend and have a great time celebrating.",N/A,Will you have fun at the wedding without a date?,Yes,No,https://drive.google.com/file/d/1FZDhwtssqO1rW3jcyk4NNlMV43KeQy4S/view?usp=sharing,1,1
,7,Positive,Romantic Relationships,,,Long-Term Relationship,"Your significant other, whom you have been dating for a few years, wants to talk about where your relationship is going. This is the first time you have dated someone for such a long time. You see your relationship growing stronger.",N/A,"When you think about your current relationship, you think that it will probably:",Develop into something even more meaningful to you.,End like all the rest have.,https://drive.google.com/file/d/14E87lNQCbYQYaw2WEZUgqpLVllxzh0qo/view?usp=sharing,1,3
,8,Resilience/Negation,Romantic Relationships,Mental Health,,Anticipating a Response,"While on a date, you accidentally spill a glass of water. You feel slightly embarrassed as your date helps you clean up the spill. When everything is dry again, you feel that the rest of the date is likely to be awful.","In the end, you think about how you would feel if your date spilled a glass of water. You realize that you, as well as most people, probably wouldn't care, and that spilling one glass of water is likely to be fine.",Your date probably thinks that you spilling water ...,Is not a big deal at all.,Means you are clumsy and careless.,https://drive.google.com/file/d/1tZ9kuoAZ89zvrhnrRx_F7Er50cVZfWj7/view?usp=sharing,1,3
,9,Positive,Romantic Relationships,,,Attractive New Follower,"You meet an attractive person your age and they ask for your social media. You notice they added you, and now they can see that you don't have many followers. They will think that this is typical.",N/A,Does this person your age think you're weird for having only a few followers? ,No,Yes,https://drive.google.com/file/d/1PzgfiFfMO18oSYFjyNqTvhmVruCUAL7O/view?usp=sharing,1,2
,10,Positive,Romantic Relationships,,,First meeting,"Your supervisor arranges a meeting for you with a new coworker you have yet to meet. As you sit in the room waiting to meet this coworker for the first time, you wonder how it will go. You feel that your coworker will think you are pleasant.",N/A,Do you think you will make a bad impression on your new coworker?,No,Yes,https://drive.google.com/file/d/1UHVGhPfVm-xSZWchGYLBl20hMhjK2jRV/view?usp=sharing,1,1
4,1,Resilience/Negation,Romantic Relationships,,,Online Dating,"Your friend has convinced you to sign up on an online dating website. You look over your profile and though you think it reflects who you are very well, you worry if it displays the kind of qualities people are looking for online. ","Thinking about your prospects of finding someone online you don't think you will have a problem, and you believe that your chances of meeting someone soon are high.",Do you think you will meet someone soon?,Yes,No,https://drive.google.com/file/d/1WsJNbwRJFWHCFhcRml0G0WDuwYREb7eQ/view?usp=sharing,2,3
,2,Positive,Romantic Relationships,,,A Delayed Response,"You texted your partner several hours ago. They haven't responded to it yet, even though they usually respond right away, and their read receipts are on. You think that they probably forgot to reply. ",N/A,Is your partner mad at you?,No,Yes,https://drive.google.com/file/d/12j4LNcx3F1nnwTOsPVTvLrQGtgg6c-Me/view?usp=sharing,2,1
,3,Positive,Romantic Relationships,,,Meeting Up With Someone,"You are getting ready to go on a first date with someone you haven't previously met in person. You believe you two have a lot in common, but you are worried that sometimes you become very shy when you are nervous. As you think about going on your first date you do not think that you will make a bad impression, and you believe that your date will think you are interesting.",N/A,Your date will probably notice,How much you two enjoy the same hobbies.,How little you have to say.,https://drive.google.com/file/d/1OqGmVImRpdqbNcBelAsODrEYrVb-M9l3/view?usp=sharing,2,2
,4,Resilience/Negation,Romantic Relationships,,,Long-Term Relationship,"Your significant other, whom you have been dating for a few years, wants to talk about where your relationship is going. This is the first time you have dated someone for such a long time.","You don't have worries about your relationship, and you see your relationship growing stronger.",Do you think your relationship with your current partner will fizzle out?,No,Yes,https://drive.google.com/file/d/14E87lNQCbYQYaw2WEZUgqpLVllxzh0qo/view?usp=sharing,2,3
,5,Positive,Romantic Relationships,,,Family Not Approving of Significant Other,You recently started dating someone whom you really like a lot. You introduce them to your family and they do not seem to approve of them. You remind yourself that this was just the first meeting and your family will get to know your partner better with time. ,N/A,Will your family be skeptical of your partner forever? ,No,Yes,https://drive.google.com/file/d/1J40o_4X5NPKM8odRSC96oKfXBeV1uaVd/view?usp=sharing,2,1
,6,Positive,Romantic Relationships,,,Relationship Worries,"You receive a call from a friend of yours, telling you that he is getting a divorce. You reflect on your own marriage; and though you love your spouse, you got the same impression from your friend and his wife. As you wonder about your future with your spouse, you feel strongly that you two will stick together.",N/A,"When you imagine you and your spouse in the future, you see",The two of you together and happy.,Your marriage having ended.,https://drive.google.com/file/d/1-1RaTpi3BmK-Ce4IuLJGwNwnNA2Vfeoa/view?usp=share_link,2,3
,7,Positive,Romantic Relationships,Mental Health,,Mask Insecurities,"You have feelings for someone you work with and you have really been enjoying getting to know them. Now that masks are no longer required, you are feeling self-conscious and wondering if they are judging what you look like without a mask. You remind yourself that a mask does not change how much you enjoy each other's company.",N/A,Are you still fun to talk to without a mask?,Yes,No,https://drive.google.com/file/d/1FpwpZj9Xw_TP08acK0l00uxh8YNZ0jf8/view?usp=sharing,2,3
,8,Negative,Romantic Relationships,,,Asking Someone Out,"You are on a long train ride, and really hit it off with an attractive person sitting next to you. As the train ride nears an end, you think about how you would really like to see this person again, but you worry that you might come off as being too forward. When you consider asking the other passenger out for coffee, you are fairly sure this person will decline.",N/A,You think the two of you will probably,Never see each other again.,Go out to coffee and have a great time.,https://drive.google.com/file/d/15srXsAeVJClkXGw605dER3-IGHMQBtlr/view?usp=sharing,2,2
,9,Positive,Romantic Relationships,Social Situations,,Issues with Friends,"Your partner tells you that they have issues with some of your friends. You have been noticing this, too, but do not want to make anyone upset. When you think about discussing the issues with your friends, you think the conversation will go well. ",N/A,Will your friends understand?,Yes,No,https://drive.google.com/file/d/1v6yYWJQAuDLxkIh5lWYiOgs94jo9JQoA/view?usp=sharing,2,1
,10,Positive,Romantic Relationships,,,Argument with Your Partner,"You recently had a fight with your partner. It was about a serious issue, and you are concerned as to why your partner didn't agree with you. You think that you and your partner will eventually make up.  ",N/A,Is this fight a dealbreaker?,No ,Yes,https://drive.google.com/file/d/1g5l905rSslaK-uHj6vY5LZpSy42h1tjN/view?usp=sharing,2,2
5,1,Positive,Romantic Relationships,,,Ghosting ,"You’ve been talking to someone from a dating app. About a week ago, they stopped texting you and you haven’t heard anything since. Though you enjoyed the conversation, you are moving on and that’s okay. ",N/A,Will you be hung up on this experience forever? ,No,Yes,https://drive.google.com/file/d/1tYSQKNRz8tUaYoyT4_mSBzUtl5bkpYCT/view?usp=sharing,2,1
,2,Resilience/Negation,Romantic Relationships,,,Advice for a friend,"You spend an evening with a friend and end up talking about their relationship problems. As you give them some advice, you notice they are quiet. Once you get home later, you reflect on the evening and think that they found your advice helpful.",N/A,Did your friend think you gave them good advice about relationships?,Yes,No,https://drive.google.com/file/d/16B6D0IDuHuixxTYqmvYLjeLuAh-_nWS0/view?usp=sharing,2,2
,3,Negative,Romantic Relationships,,,Long-Term Relationship,"Your significant other, whom you have been dating for a few years, wants to talk about where your relationship is going. This is the first time you have dated someone for such a long time. You see your relationship fizzling out.",N/A,You think your talk with your partner will most likely:,Break down into an argument.,Be a positive exchange about how you feel about each other.,https://drive.google.com/file/d/14E87lNQCbYQYaw2WEZUgqpLVllxzh0qo/view?usp=sharing,2,3
,4,Positive,Romantic Relationships,,,Tough Topics,"You and your spouse have been together for a long time and are dealing with a recurring argument. You love your spouse but every time this topic comes up, you always disagree and it makes you wonder if you all are really compatible. You remember that it is normal to have disagreements and many couples have conversations that are challenging.",N/A,Do all conversations have to be easy in a relationship?,No,Yes,https://drive.google.com/file/d/1g-liY9kNWt9BMQ9drA6NwUGLBSjwk6Nn/view?usp=sharing,2,1
,5,Positive,Romantic Relationships,,,Texting Other People,"Your partner is very extroverted and has a lot of friends. You really enjoy the time you spend with your partner, but you sometimes wonder if they’d rather be hanging out with their other friends. Reflecting on your relationship with them so far, you feel secure. ",N/A,Does your partner enjoy spending time with you? ,Yes,No,https://drive.google.com/file/d/1qoqBmOo1izc8JXQvt4BB4XBWTaXgtOXI/view?usp=sharing,2,1
,6,Positive,Romantic Relationships,,,Social Media Presence,"A person you've just started dating asks you about your social media accounts. You don't like social media, and have chosen not to have any accounts. Your date will think that you are cool.",N/A,Does your date think it's fine that you don't have social media?,Yes,No,https://drive.google.com/file/d/1sVKizgA3QnMOtyy7qNs8X9ndbUMsWmuE/view?usp=sharing,2,1
,7,Resilience/Negation,Romantic Relationships,,,Meeting Up With Someone,"You are getting ready to go on a first date with someone you haven't previously met in person. You believe you two have a lot in common, but you are worried that sometimes you become very shy when you are nervous. ","As you think about going on your first date you do not think that you will make a bad impression, and you believe that your date will think you are interesting.",Will your first date go well?,Yes,No,https://drive.google.com/file/d/1OqGmVImRpdqbNcBelAsODrEYrVb-M9l3/view?usp=sharinghttps://drive.google.com/file/d/1OqGmVImRpdqbNcBelAsODrEYrVb-M9l3/view?usp=sharing,2,2
,8,Positive,Romantic Relationships,,,Feeling Lesser Than For Being Single,"All of your friends have been dating significant others for a while or are just getting into relationships.  You have not been on a single date, and you start to wonder why. Even though you're disappointed, you remember that your worth is not defined by your relationship status.",N/A,Is there something wrong with you because you're single? ,No,Yes,https://drive.google.com/file/d/1Hm9HM6UZcXe9iykxGVnan5FJ9uDHPl1i/view?usp=sharing,2,1
,9,Positive,Romantic Relationships,Family & Home Life,,Quality Time,"With kids in the house, you and your spouse don't get to spend a lot of quality time together. You feel as though you and your spouse are drifting apart. You decide to plan a date night just for the two of you. ",N/A,Can you make time for your spouse?,Yes,No,https://drive.google.com/file/d/1SfvZyc9QQoMOspkN2ljTvvR-WLlG6Czh/view?usp=sharing,2,3
,10,Positive,Romantic Relationships,,,Silent Partner,"You and your partner had a disagreement earlier that turned into a large fight. They haven't talked to you since then, and it's been a few hours. You think that they probably just need some alone time, and you'll talk again soon.",N/A,Are you worried that your partner is ignoring you?,No,Yes,https://drive.google.com/file/d/1JAMeED7-u0koy2bJ6ZZhhu2cGCZc2VjH/view?usp=sharing,2,1
6,1,Positive,Romantic Relationships,Physical Health,,COVID Worries,"Your partner doesn’t take the necessary precautions to fight against COVID-19. This worries you because someone you know is immunocompromised. When you think about talking to your partner about their actions, you think they will understand.",N/A,Will your partner listen to your concerns?,Yes,No,https://drive.google.com/file/d/1eS3xdgg3NdHjNuZm-PCj_U3BfXR0yy9S/view?usp=sharing,2,3
,2,Resilience/Negation,Romantic Relationships,Mental Health,,Putting Yourself Out There,"You and your significant other have been caught up on your own responsibilities recently, and you feel as though you're drifting apart. You decide to plan a dinner date with them, to spend some quality time just the two of you. At dinner, you feel as though you're starting all of the conversations, and your partner seems uninterested. ","You decide to share how you're feeling with them, and they tell you they've just been tired from work and home responsibilities, and didn't realize how much it was affecting your relationship. You feel relieved.  ",Is your relationship okay?,Yes,No,https://drive.google.com/file/d/175t4xW0IN99gRfCfKY3yXEMDERREEH5-/view?usp=sharing,2,3
,3,Positive,Romantic Relationships,,,Unequal Affection,You have been dating your significant other for a couple months. You start to feel like they might not be as into you as you are into them. You know that this is likely not the case.,N/A,Will you continue to be anxious about this knowing it is not the case?,No,Yes,https://drive.google.com/file/d/16s_pNkWCZTAR4qyc6LpVG01K8roTxBAf/view?usp=sharing,2,1
,4,Positive,Romantic Relationships,Mental Health,,Opening Up,"You've recently been feeling more anxious than usual, and this is affecting your ability to do things with your partner. You've never told your partner about your anxiety, and you wonder if they'll judge you for it. When you talk to your partner about your mental health, you expect them to be understanding.",N/A,Will you tell your partner about your anxiety?,Yes,No,https://drive.google.com/file/d/1eMO9UApj4OCdb7IaK2GYOqq_Luhll7U6/view?usp=sharing,2,3
,5,Positive,Romantic Relationships,,,Feeling Rushed,"You are single and pretty content with it. One day, your parents start pressuring you and telling you that you are running out of time to meet someone. You tell yourself that as long as you are content, there's no need to rush.",N/A,Are you running out of time to meet someone?,No,Yes,https://drive.google.com/file/d/14ZIwQ896HvOjHOGbQ8gdomNAa3eKx7B_/view?usp=share_link,2,1
,6,Negative,Romantic Relationships,,,Stress in Your Relationship,"You are planning your wedding with your fiancé. Planning your wedding has sometimes put stress on your relationship, and you and your fiancé have had a few arguments during the process. Once the wedding is over after everything that has happened, you think you and your spouse will feel less close.",N/A,"Thinking about your future with your spouse, you see yourself",Arguing more.,Mostly cooperating.,https://drive.google.com/file/d/12we_hPc3VBlERJpy5lceauE4EbnAmMSA/view?usp=sharing,2,2
,7,Resilience/Negation,Romantic Relationships,,,Texting Someone You Like,"You have been hanging out with a cute person a lot lately, but aren't sure if they feel the same way. Today they ask for your number.",They don't seem to be asking for mundane reasons and will probably use your phone number to ask you out.,Do they want to ask you out on a date?,Yes,No,https://drive.google.com/file/d/1WuPmRt-VoQfR_ZkT1nzIhMKeljNVUJMz/view?usp=sharing,2,2
,8,Positive ,Romantic Relationships,,,Jealousy,"Your best friend has just gotten into a new relationship. You feel jealous of their new partner because you aren’t getting to spend as much time with your friend as usual. Reflecting on the situation, you realize that they can be in a relationship and still be a great friend. ",N/A,Will your friend still be around for you?,Yes,No,https://drive.google.com/file/d/1FFM4xwd8gWBonD31XzmGbV8AX8u5WUDA/view?usp=sharing,2,1
,9,Positive,Romantic Relationships,Mental Health,,Getting Ready for a Date,"Your friends have set you up on a date and you're getting ready. The closer you get to leaving, the more you wonder if you look okay and if the person you're meeting will be attracted to you. You remember that one person will not dictate your worth. ",N/A,Do you have to impress this person? ,No,Yes,https://drive.google.com/file/d/1n_bcpbFSXquY0KQS_zn-LiEMPHpcDK0w/view?usp=sharing,2,1
,10,Positive,Romantic Relationships,Social Situations,,Different Personalities ,"You are a homebody, while your partner enjoys going out. You want to stay in for the night, but your partner wants to go to a bar. You think you can work together to figure out a compromise. ",N/A,Will you and your partner figure out a plan together?,Yes,No,https://drive.google.com/file/d/1fZBtxJPL0iDTkwj6g6_hL_APRoP9_VU5/view?usp=sharing,2,1
7,1,Positive,Romantic Relationships,,,Going on a Date,"You are going on a date tonight. You don't know the person well and you know there will be some silences in the conversation. Even though it might be awkward, you know you'll have fun.",N/A,Are you able to cope with awkward silences?,Yes,No,https://drive.google.com/file/d/1_3R4q50xu1yCQG9gAsv0N7Y30gmNDBsG/view?usp=sharing,all,1
,2,Positive,Romantic Relationships,,,No Notifications,"It's pretty late in the day, and you haven't talked to your partner at all. You don't think you did anything to upset them, but it seems like they're ignoring you. You realize that they're probably just having a busy week.",N/A,Is your partner ignoring you?,No,Yes,https://drive.google.com/file/d/1YGFZKXlwiK85GK_PJxHaZa8d6ookeY2C/view?usp=sharing,all,2
,3,Negative,Romantic Relationships,Social Situations,,Social Media Messaging,"You send a sweet text to your partner and they read it but don't respond. You've both been busy with work all week, and you wonder if they still care about you in the same way. Thinking about how you've barely talked this week, you think you are drifting apart.",N/A,Are you and your partner okay?,No,Yes,https://drive.google.com/file/d/1KHcNfS-rLgCp7he0M7v9PyUWv91bKKlq/view?usp=sharing,all,2
,4,Positive,Romantic Relationships,Mental Health,,Awkward Conversations,"You invited your spouse to hang out with you and your friends so everyone could get to know each other. As it got later, your spouse brought up a controversial topic and your friends seemed unsure about how to respond. You know that your friends recognize that many people, including you and your spouse, have different opinions.",N/A,Will your friends judge you because of your spouse?,No,Yes,https://drive.google.com/file/d/1pYBPEve_C1A0Zcgr6watuakBnO3MOszX/view?usp=sharing,all,3
,5,Positive,Romantic Relationships,Family & Home Life,,New Partner,"It is a cousin's birthday next month, and you are attending a large family gathering. You are bringing your partner to the event, and it is the first time some of your family is meeting them. When you think about everyone meeting each other, you think that everything will go well.",N/A,Will your family approve of your partner?,Yes,No,https://drive.google.com/file/d/1ZSl5NvUfmwQJ-P34KRwEzTUaFHRwnv_m/view?usp=sharing,all,2
,6,Resilience/Negation,Romantic Relationships,,,Asking Someone Out,"You are on a long train ride, and really hit it off with an attractive person sitting next to you. As the train ride nears an end, you think about how you would really like to see this person again, but you worry that you might come off as being too forward. ",When you consider asking the other passenger out for coffee you do not worry that you will be rejected because you are fairly sure this person will accept.,Do you expect the other person to agree to get coffee with you?,Yes,No,https://drive.google.com/file/d/15srXsAeVJClkXGw605dER3-IGHMQBtlr/view?usp=sharing,all,2
,7,Positive,Romantic Relationships,,,Attractive New Follower,"You meet an attractive person your age and they ask for your social media. You notice they added you, and now they can see that you don't have many followers. They will think that this is typical.",N/A,Does this person your age think you're weird for having only a few followers? ,No,Yes,https://drive.google.com/file/d/1PzgfiFfMO18oSYFjyNqTvhmVruCUAL7O/view?usp=sharing,all,2
,8,Positive,Romantic Relationships,,,Dating Apps,"You have been single for a while and would really like to meet someone. Your friends keep suggesting dating apps, but you don’t think this approach will work for you. You think about the many different ways to meet someone and feel hopeful. ",N/A,Do you need dating apps to find someone?,No,Yes,https://drive.google.com/file/d/18A2zmySdmMzCpWgplKo0ChcGUG1_cmXE/view?usp=sharing,all,1
,9,Positive,Romantic Relationships,Family & Home Life,,Getting Over It,"You recently went through a major breakup with your longterm partner. You want to ask your family and friends for support, but you don’t know how. When you tell them you are struggling, they applaud your honesty. ",N/A,Will your friends and family be supportive?,Yes,No,https://drive.google.com/file/d/1_e_EPXNDtdc2m6ukOLI0eBYTAX0iLbKc/view?usp=sharing,all,3
,10,Resilience/Negation,Romantic Relationships,Mental Health,,Friends in Relationships,"Your friends are all in relationships. You are not currently in a relationship, and you wonder if there is something wrong with you. You think that you are undesirable. ","After a while, you realize that it is very normal to not be in a relationship. You think that you enjoy being single, and the right person will come along when you are ready.  ",Are you capable of being in a relationship?,Yes,No,https://drive.google.com/file/d/1u-_r0tB9RIGlIUC3K6ifS1cUbgd25kEk/view?usp=sharing,all,3
8,1,Positive,Romantic Relationships,,,Finding The One,"You're currently single, and have been going on dates to try and find the one. Sometimes, it feels hard to really connect with people and get to know them on a deeper level. When you think about getting married in the future, you feel excited.",N/A,Do you plan on getting married? ,Yes,No,https://drive.google.com/file/d/1ugNtH1ppiOXsqiXMIot6I3Eusy8UvLV2/view?usp=sharing,all,1
,2,Resilience/Negation,Romantic Relationships,,,Marrying Your Partner,"Your significant other of four years has recently asked how you feel about marriage. You feel very much in love with your significant other, but worry about the high rates of divorce and whether that could happen to you. ","Reflecting on the idea of marrying your partner you don't feel too scared, and you believe your marriage would be successful.",Do you think marrying your partner would work out well?,Yes,No,https://drive.google.com/file/d/11jxogFxkqEeS7Kqe9yWTU0EV_JBtB-v4/view?usp=sharing,all,2
,3,Negative,Romantic Relationships,Social Situations,Family & Home Life,Holiday Plans,"Your significant other's parents have invited you to join them for the holidays. You are excited to spend time with your partner's family, but you worry your own parents will be disappointed that you are not with them. When you think about telling your parents you would like to spend the holidays with your partner, you believe that they will take the news poorly.",N/A,"When you tell your parents about the invitation, they are likely to",Be very disappointed and feel hurt.,Be glad that you have met a partner that makes you happy.,https://drive.google.com/file/d/1KbeTT5hK7TLxBUVg38Kcs6Sq1jNtXzD5/view?usp=sharing,all,3
,4,Positive,Romantic Relationships,Mental Health,,Couples Counseling,"You and your partner have started couples counseling. You've been to a few sessions, but you and your partner are still having issues. You think that the process will just take time. ",N/A,Do you have faith in the counselng?,Yes,No,https://drive.google.com/file/d/16Ln-NI12jh9PpMOoJw9pEDizXTdER7NR/view?usp=sharing,all,1
,5,Positive,Romantic Relationships,Family & Home Life,,Overhearing an Argument,"You and your spouse got into an argument last night. While you tried to keep your voices low, your children overheard. You think that your children will be okay. ",N/A,Are your children fine?,Yes,No,https://drive.google.com/file/d/1g5l905rSslaK-uHj6vY5LZpSy42h1tjN/view?usp=sharing,all,3
,6,Positive,Romantic Relationships,,,Expressing Your Feelings,Your spouse has been spending a lot of time with their friends lately. You feel as though they would rather hang out with their friends than you. You decide to tell your spouse how you feel. ,N/A,Do you keep your emotions bottled up?,No,Yes,https://drive.google.com/file/d/1u-_r0tB9RIGlIUC3K6ifS1cUbgd25kEk/view?usp=sharing,all,1
,7,Resilience/Negation,Romantic Relationships,,,Future Relationships,"You have just broken up with your partner, who you were with longer than any other significant other you've had before. You believe it was for the best, but you also worry if you will ever meet someone else you feel so strongly about. ","As you think about your future love life, you don't worry you will be alone, and the idea of finding a good life partner seems plausible.",Do you think your chances of finding a long-term partner are good?,Yes,No,https://drive.google.com/file/d/1u8VK0lxAXcrHYFRBYUNiyNZ8oVI3AJUV/view?usp=sharing,all,2
,8,Positive,Romantic Relationships,Mental Health,,Past Experiences,"Your last relationship did not end very well. You are entering a new relationship, but you are still dealing with the feelings from your past relationship. You think you can work out a compromise together. ",N/A,Will your partner understand?,Yes,No,https://drive.google.com/file/d/1c0jEVgNBC6T5owmfv46lOubTqZ53hCZE/view?usp=sharing,all,3
,9,Positive,Romantic Relationships,,,Work Friend,"Your partner let you know that they're getting dinner with a friend from work. You've never heard your partner talk about any work friends, and you're concerned about who your partner is having dinner with. However, you trust your partner, and tell them to enjoy their dinner.",N/A,Do you trust your partner going to dinner with a work friend?,Yes,No,https://drive.google.com/file/d/1opMUBz-Ry_RggxD_L961PswgYcUax0P0/view?usp=sharing,all,1
,10,Positive,Romantic Relationships,Family & Home Life,,Big Families ,"Your fiance has children, while you do not. You are trying to adapt to living with younger children and how to bond with them. You think you will be able to work out a routine and adapt to this new family dynamic. ",N/A,Will you be able to adapt to having a large family?,Yes,No,https://drive.google.com/file/d/1a_dFMhpbbpL2sucL2bxvmYYpEHxomTlq/view?usp=sharing,all,3
9,1,Resilience/Negation,Romantic Relationships,,,Asking Out Your Friend,"You have been good friends with someone for a few years, and really value your relationship. You are very attracted to your friend, but are unsure how admitting your feelings would affect your friendship. ","If you were to ask your friend on a date, it would not be awkward, and you think your friend would find it flattering.",Will your friend be flattered by your invitation for a date?,Yes,No ,https://drive.google.com/file/d/1ge0uSpMcmvzD_Cpmw8O9XZDxmWjnwoVr/view?usp=sharing,all,2
,2,Positive,Romantic Relationships,Mental Health,,Ending Long Distance,"You and your partner have been dating long-distance for awhile and you're going to be living in the same place in just a few months. You’ve never lived in the same place before, and you’re not quite sure how this change could impact your relationship. Even though you feel a bit nervous, you know that this is normal. ",N/A,Is your nervousness a sign that your relationship won't work out? ,No,Yes,https://drive.google.com/file/d/1Ru0JGdcol-VHMMxsLk4QvR0ui9sqR1AV/view?usp=sharing,all,3
,3,Positive,Romantic Relationships,,,No Notifications,"It's pretty late in the day, and you haven't talked to your partner at all. You don't think you did anything to upset them, but it seems like they're ignoring you. You realize that they're probably just having a busy week.",N/A,Is your partner ignoring you?,No,Yes,https://drive.google.com/file/d/1YGFZKXlwiK85GK_PJxHaZa8d6ookeY2C/view?usp=sharing,all,2
,4,Positive,Romantic Relationships,,,Meeting the Parents,"Your partner's parents are visiting and you are getting dinner with them. You have never met them before, but you know that they hold very different political beliefs than you. As you think about meeting them, you know you will be authentic. ",N/A,Do you need to change your beliefs for the dinner to go well?,No,Yes,https://drive.google.com/file/d/1VI_Qcv_yN9Y5Pv8Kc8hv-yo9x-EtTweT/view?usp=sharing,all,1
,5,Positive,Romantic Relationships,,,For the First Time,"You have been asked out on a date for the first time in awhile! You feel nervous about this somewhat new experience and you worry you might do something embarrassing. When you think about the date, you feel excited.",N/A,Will you be miserable on the date?,No,Yes,https://drive.google.com/file/d/1rTI7pULnX4kdfxjX5gVahEBtgScY64oT/view?usp=sharing,all,1
,6,Negative,Romantic Relationships,,,Online Dating,"Your friend has convinced you to sign up on an online dating website. You look over your profile and though you think it reflects who you are very well, you worry if it displays the kind of qualities people are looking for online. Thinking about your prospects of finding someone online, you believe that your chances of meeting someone soon are low.",N/A,"When checking the site over the next few weeks, you expect",To get very few contacts.,To receive lots of messages from other users.,https://drive.google.com/file/d/1WsJNbwRJFWHCFhcRml0G0WDuwYREb7eQ/view?usp=sharing,all,3
,7,Positive,Romantic Relationships,,,Single Friend,"You've been hanging out with your friends a lot recently, and it's becoming apparent that everyone is in a relationship except for you. You've been single for a long time, and a friend points this out to you. You realize that it's okay to be single, and there is no pressure for you to be dating right now.",N/A,Are you concerned about being single?,No,Yes,https://drive.google.com/file/d/1AhFLx3VZavPXoR19YROYV6OSR11ayY3G/view?usp=share_link,all,1
,8,Positive,Romantic Relationships,,,Making a Decision,You and your spouse have to make a big decision. The conversation gets heated and turns into an argument that makes you wonder whether you and your spouse will ever be able to reach a compromise. You remind yourself that hard conversations can be a good way for you both to learn more about effective communication.,N/A,Does this argument mean you can't move forward in your relationship? ,No,Yes,https://drive.google.com/file/d/1YwDMyzmTgXHa05VDtgeCgzOs2TMnZlPY/view?usp=sharing,all,1
,9,Positive,Romantic Relationships,Family & Home Life,Mental Health,Family Questions,"It was a cousin's birthday recently, and you attended a large family gathering. At the event, your family wouldn’t stop asking questions about why you're still single, and you weren’t sure how to answer them. When you think about your dating life, you're content with taking it slow.",N/A,Are you upset that you're single? ,No,Yes,https://drive.google.com/file/d/1ZSl5NvUfmwQJ-P34KRwEzTUaFHRwnv_m/view?usp=sharing,all,1
,10,Resilience/Negation,Romantic Relationships,,,Relationship Worries,"You receive a call from a friend of yours, telling you that he is getting a divorce. You reflect on your own marriage; and though you love your spouse, you got the same impression from your friend and his wife.","As you wonder about your future with your spouse you don't believe you will get a divorce, and you feel strongly that you two will stay married.",Do you feel strongly that you and your spouse will stay married?,Yes,No,https://drive.google.com/file/d/1-1RaTpi3BmK-Ce4IuLJGwNwnNA2Vfeoa/view?usp=share_link,all,3
10,1,Write Your Own,Romantic Relationships,,,Write Your Own,,,,,,,write your own,45
11,1,Write Your Own,Romantic Relationships,,,Write Your Own,,,,,,,write your own,45
12,1,Write Your Own,Romantic Relationships,,,Write Your Own,,,,,,,write your own,45
13,1,Positive,Romantic Relationships,Mental Health,,How You Look,You are going on a date with your spouse. You look in the mirror before you leave and you wonder if they will like your look. You realize that the only opinion that matters about your appreance is yours. ,N/A,Does it matter if your spouse likes your look?,No ,Yes,https://drive.google.com/file/d/1FccvJOxJ1IrfcxS0GzHIlNxNV5GiBH3P/view?usp=sharing,1,3
,2,Positive,Romantic Relationships,,,Balancing a Significant Other and Friends,"You recently got into a relationship. You are enjoying it, but are having a difficult time balancing time with your friends and your significant other. You are worried your friends will be upset if you do not spend enough time with them, but you remind yourself that you can make time for everyone.",N/A,Will your friends hate you for trying to balance?,No,Yes,https://drive.google.com/file/d/1dYhmsepl6YPtXr1DC4Wy-nWxozoK04Zc/view?usp=sharing,1,1
,3,Positive,Romantic Relationships,,,Significant Other's Friend,"Your spouse took you to hang out with one of their good friends. Watching them interact, you feel like the friend is romantically interested in your partner. You remind yourself that your partner sees this person as a friend.",N/A,Can you trust your spouse?,Yes,No,https://drive.google.com/file/d/11yRXh39ucGycAOCvH1m322j9E160n_Ne/view?usp=sharing,1,1
,4,Resilience/Negation,Romantic Relationships,,,The Date,"You are going on a date and just arrived at the restaurant. As you walk up to the entrance, you suddenly feel very nervous and turn around to leave, but quickly change your mind. At this moment, your date arrives and looks very offended.","At the end of the date, you realize that it is very common to feel a little uneasy in situations like these. Having explained and apologized, you believe that your date found your hesitation funny and sweet.",Your date's impression of you is probably ...,Positive.,Negative.,https://drive.google.com/file/d/11_Qmki0qgGKl7UUkuuAVjbH9UzmfX-qA/view?usp=sharing,1,2
,5,Positive,Romantic Relationships,Family & Home Life,,Family Communication,"Your family has not approved of your partner from the beginning and it is starting to get on your nerves. You don’t want to cause any further conflict, but their behavior is making you uncomfortable. You make a plan to have a conversation and you think it will go well. ",N/A,Will the conversation with your family will go well? ,Yes,No,https://drive.google.com/file/d/1Paipx3_eLSTXbSkH_Rn3iRLGcHZc9_PH/view?usp=sharing,1,1
,6,Positive,Romantic Relationships,,,Being Single,"You are single. Most of the people in your life are in a relationship. When you think about not having a partner, you feel good. ",N/A,Are you bothered by being single?,No,Yes,https://drive.google.com/file/d/1ENdgUCXH1MKroqKuthjHiqwhKITlbvVt/view?usp=sharing,1,1
,7,Positive,Romantic Relationships,Mental Health,,Mental Health Issues,"You have not been feeling yourself lately and want to ask your partner for help. Though you trust them, you are struggling to find the right words to say. You decide to sit down with your partner and you feel confident. ",N/A,Will you partner be understanding?,Yes,No,https://drive.google.com/file/d/19tkKOjxJXXU6hQQdYTttU_SSuXpNfnkg/view?usp=sharing,1,3
,8,Resilience/Negation,Romantic Relationships,,,Yourself in Old Age,"You are walking through the park, and you see an elderly couple walking hand in hand. You begin thinking about your own life and wonder whether you will feel close to someone at their age. ","When you think about yourself as an older person you do not believe you will be alone, and you imagine yourself with someone.",Do you imagine yourself alone when you get older?,No,Yes,https://drive.google.com/file/d/1rfdNbyue77FhReHqNOVYVUC1cUTvMa-9/view?usp=sharing,1,2
,9,Negative,Romantic Relationships,,,Long Distance Relationship,"Your spouse has decided to go back to school at a prestigious program in another state. You love your spouse very much, but you know that long distance relationships can be difficult. When you picture the future of your relationship with your spouse, you believe the two of you will get divorced.",N/A,You can see your spouse saying,"""I don't think this is working out.""","""I'm so glad we are able to do this together.""",https://drive.google.com/file/d/1SLIlpEwAlYywGSOzmfcgtN7_OZG7Kwcb/view?usp=sharing,1,2
,10,Positive,Romantic Relationships,Family & Home Life,,Seeing Your Ex,"You and your spouse recently divorced. Your child is having an event at school tonight, and it will be the first time you and your ex-spouse are attending as single people. You think that you will treat each other respectfully. ",N/A,Are you and your ex-spouse going to get along?,Yes,No,https://drive.google.com/file/d/1ZQt5JWW8C01c1XQC4OoVeC8SugNsBZsF/view?usp=sharing,1,3
1,1,Positive,Finances,,,Managing bills,"Your credit card bill for the month will arrive soon. You spent a bit more this month than you normally do. When you think about your future finances, you feel that you will be okay.",N/A,You think that your finances will be ...,Manageable.,Out of control.,https://drive.google.com/file/d/1ntIIxm81GLLVv4ADzPrrHkj2df_z9XrL/view?usp=sharing,1,3
,2,Positive,Finances,,,Bill for a fix,"Your roof has a leak, and water comes into the house every time it rains. You think it is going to be expensive to hire someone to fix it. As you think about paying the bill to have the roof fixed, you feel that you will be fine.",N/A,Will you be broke after paying the bill for fixing the roof?,No,,https://drive.google.com/file/d/1tCizqz0P97OBuOF2WPjjlFPS5gMg05EH/view?usp=sharing,1,3
,3,Positive,Finances,,,Deciding on one thing,"You are at the local car dealer looking to buy a new car. After considering all the options, you are still torn between two cars. When you tell the dealer which car you decided to buy, you feel content.",N/A,Are you anxious about your decision?,No,,https://drive.google.com/file/d/1jrWuu3Yp7xogKvb7WPrQOL_uOCiGBcQt/view?usp=sharing,1,3
,4,Resilience/Negation,Finances,,,Breakfast with Friends,"Your friends want to grab breakfast together. You don’t want to miss out on spending time with them, but you’re trying not to eat out as much. When you tell them you’ll eat the food you have at home, you think they’ll be reasonable. ",,Will your friends be upset at you for saying no? ,No,Yes,https://drive.google.com/file/d/1KufUq6DjiYSOP6yTIhzGWXyizrbFcF-m/view?usp=sharing,1,3
,5,Positive,Finances,,,Going broke,"You have decided to go back to school for another degree. Although you have been saving for this for the past few years, you worry about not having an income while you are back in school. The likelihood that you will go broke while in school is minimal.",N/A,Will you become broke once you go back to school? ,No,,https://drive.google.com/file/d/1cq2-gmwNa7uibqV6o70tP4ffnn-UKaYj/view?usp=sharing,1,3
,6,Resilience/Negation,Finances,Family & Home Life,,Retirement Funds,"You recently attended a retirement party for an older colleague. Thinking about your retirement funds, you wonder if you've been saving enough to retire when you want to. You feel behind. ","Talking about this with your bank, they reassure you that you have plenty saved for retirement, and that you still have time to keep saving. You feel hopeful that you will be able to retire whenever you'd like. ",Will you be able to retire when you want to?,Yes,No,https://drive.google.com/file/d/1zPgAUvOWnt9u_VBVuY7G97mzMIGDpKs8/view?usp=sharing,1,3
,7,Negative,Finances,,,Going to the Dentist,"You go in for your routine dental appointment and find out that you have a cavity. They tell you that there will be an extra fee to pay and you start to worry about the cost. You remind yourself that it is worth it to address the cavity now before it gets worse, and you think the cost will be manageable.  ",N/A,Can you pay to fix your cavity?,Yes,No,https://drive.google.com/file/d/1ek3zj6JKFYL4SuxAIiXNxMXhXy8vY2A4/view?usp=sharing,1,3
,8,Positive,Finances,,,Paying for Repairs,"Your car needs expensive repairs. You have savings but are reluctant to use them. When you pay for the car repairs, you will be fine.",N/A,Will you go bankrupt after paying for the car repairs? ,No,,https://drive.google.com/file/d/1iwnSvOtF3QT1_rhG81NkX6UqlQeVh0f4/view?usp=sharing,1,3
,9,Positive,Finances,,,Managing Jobs,"You’ve recently taken on extra responsibilities at work to help support your family financially. As the workload at your job gets heavier, you worry about managing your work and family responsibilities, but know you could really use the extra money. You decide to explain the situation to your supervisor, and realize that it’s okay to ask for help when needed. ",N/A,Is the extra work at your job going to be impossible?,No,Yes,https://drive.google.com/file/d/1GUeW4GffQB953R9gzA4NwFtSZk-7zD1l/view?usp=sharing,1,2
,10,Positive,Finances,,,Financial Limitations,"Last month, you were able to go out to dinner more often than you usually do, and you enjoyed it. However, looking at your bank account now, you're unsure if you can keep up with that lifestyle as well as pay for groceries, bills, etc. You decide to limit yourself to one meal out per week, and you're feeling confident in this budget. ",N/A,Will you still be able to enjoy a night out?,Yes,,https://drive.google.com/file/d/1zr-ojLmvOUbAd2xJRvcq3QG2d7z_oRgu/view?usp=sharing,1,3
2,1,Positive,Finances,Academics/Work/Career Development,,Extra Income,"You've recently been feeling overwhelmed with work, but you know that you need to get a second job to be in a more stable financial situation. While searching online for jobs, you saw an application for a job that sounds really fun for you. You think that working this second job will be manageable. ",N/A,Do you think you can handle a second job?,Yes,,https://drive.google.com/file/d/1UBORN__WOk3N5lP4X-qA_lwYYhlyyYqS/view?usp=sharing,1,3
,2,Positive,Finances,,,Funding Good Habits ,"You recently picked up a new hobby in an effort to improve your work-life balance, and you’re really enjoying it so far. However, this new hobby requires you to purchase materials from the store, and the expenses can quickly add up. You decide to do some research online and realize that many places sell the materials you need at a discount. ",N/A,Do you need to give up your new hobby? ,No,,https://drive.google.com/file/d/1VZdM3sfiSthlhRfkQ7DJvdxeR-YOLjzd/view?usp=sharing,1,3
,3,Resilience/Negation,Finances,,,Savings Account,You recently received a medical bill that was more than you were expecting. You will have to take a significant amount of money out of your savings account to pay for it. You worry about not having a lot of money left in your savings account after you pay for this bill.,"You feel grateful that you've saved up money for an emerengcy like this, and you know that you'll be able to rebuild your savings account again.",Do you feel comfortable taking money out of your savings accout to pay for this bill?,Yes,No,https://drive.google.com/file/d/1ntIIxm81GLLVv4ADzPrrHkj2df_z9XrL/view?usp=sharing,1,3
,4,Positive,Finances,,,Comparing Allowances,"You are talking with friends about work and start discussing how much money everyone makes. You realize some of your friends have significantly higher salaries than you. When you consider what this means for your friendship, you think it doesn’t matter. ",,Will your friends judge you for making less money? ,No,Yes,https://drive.google.com/file/d/1-8mfOKWW6hIhcAK2YEznM3cBKsm_9-QN/view?usp=sharing,1,2
,5,Negative,Finances,,,Filing Your Taxes,You are filing your taxes for the previous year. You have several forms to include and you find the process confusing. You believe that you are trying your best. ,,Is filing your taxes confusing?,Yes,No,https://drive.google.com/file/d/1HZH-0nM2AWwMrt0gJttn0l5Qxiyelr24/view?usp=sharing,1,2
,6,Positive,Finances,,,Buying New Clothes,"Looking around, it seems like everyone you know has new outfits. You’ve been wearing the same clothes for years, and you start to wonder whether people are judging you. You realize that you like the clothes you have, and they make you feel good. ",,Will people judge you if do not buy new clothes? ,No,Yes,https://drive.google.com/file/d/1KQCuxX95_1QzsNqkKcSAiu6i65pzXcEX/view?usp=sharing,1,2
,7,Positive,Finances,,,Break Plans,"Your friends are planning a trip to the beach over the break and have offered to help you with the cost. You feel grateful, but also embarrassed that you can’t pay for the trip yourself. You know that your friends are happy to help. ",N/A,Are you burdening your friends?,No,,https://drive.google.com/file/d/1jjfvM58iyLIIgV9YT_iTmezJo_ZUcvF-/view?usp=sharing,1,2
,8,Resilience/Negation,Finances,Family & Home Life,,Holiday Gifts,"A holiday that your family celebrates is coming up. You want to buy gifts for everyone, but you can't afford it. You decide to buy one gift for your family to share, and you think that it will be appreciated. ",,Will your family like your gift?,Yes,No,https://drive.google.com/file/d/1jWzJuwkqvTss1X1vO90z40f-28aw_x4n/view?usp=sharing,1,3
,9,Positive,Finances,,,Paying Bills,"Rent for the next month is due soon. You’ve been under financial stress lately, and you’re unsure if you have enough money to make your rent payment. You think that making a plan to pay your rent on time will be feasible. ",,Will you pay your rent on time? ,Yes,No,https://drive.google.com/file/d/1DD2p9qy0BJjE5dYmszJgnBZVNzNdAbsq/view?usp=sharing,1,3
,10,Positive,Finances,,,Breakfast with Friends,"Your friends want to grab breakfast together. You don’t want to miss out on spending time with them, but you’re trying not to eat out as much. When you tell them you’ll eat the food you have at home, you think they’ll be reasonable. ",,Will your friends be upset at you for saying no? ,No,Yes,https://drive.google.com/file/d/1KufUq6DjiYSOP6yTIhzGWXyizrbFcF-m/view?usp=sharing,1,3
3,1,Positive,Finances,,,Going to the Dentist,"You go in for your routine dental appointment and find out that you have a cavity. They tell you that there will be an extra fee to pay and you start to worry about the cost. You remind yourself that it is worth it to address the cavity now before it gets worse, and you think the cost will be manageable.  ",N/A,Can you pay to fix your cavity?,Yes,No,https://drive.google.com/file/d/1ek3zj6JKFYL4SuxAIiXNxMXhXy8vY2A4/view?usp=sharing,1,3
,2,Resilience/Negation,Finances,,,Saving up Money,"You are going over your monthly expenses, and realize you spent more than you had planned on a new hobby. It doesn't put you in a financial bind now, but you are trying to save up money to go on a ski trip you have been planning for months. ","As you think about cutting back on your expenses you do not see yourself overspending again, and you think that saving enough for your trip is manageable.",Do you think it will be too hard to save up enough for your ski trip?,No,Yes,https://drive.google.com/file/d/1HZH-0nM2AWwMrt0gJttn0l5Qxiyelr24/view?usp=sharing,1,3
,3,Positive,Finances,Academics/Work/Career Development,,Job Market,"You recently saw on the news that the economy has been particularly bad. Even though your boss typically gives you good reviews, you wonder whether your job is safe. You think you will likely be fine.",N/A,Is it likely that you will be fired?,No,,https://drive.google.com/file/d/1_T7rY6ZMUGkrrUUDGpQvHEG53QIE1J_h/view?usp=sharing,1,3
,4,Positive,Finances,,,Asking for Money ,"You've had some financial troubles recently. In order to make ends meet, you need to ask a relative for a loan. You think that this is reasonable.",N/A,Is it okay to ask for financial help?,Yes,No,https://drive.google.com/file/d/1HZH-0nM2AWwMrt0gJttn0l5Qxiyelr24/view?usp=sharing,1,3
,5,Positive,Finances,,,Savings Scandal,"You've recently been putting money in savings, to have in case of emergencies. Your credit card bill was more expensive than you had expected this month, and you had to take a large bit of money from your savings to pay for it. You decide this is okay, and there is plenty of time to bulk up your savings. ",N/A,Are you worried about losing savings?,No,Yes ,https://drive.google.com/file/d/18xsXSeYRnFaB0NuRynhv79IBJK_x7sHn/view?usp=sharing,1,3
,6,Resilience/Negation,Finances,Social Situations,,Feeling Pressure Going Out,"You get invited to an event by one of your friends, but you must pay a large entry fee to attend. You don't want to hurt your friend's feelings, but you know that you can't afford to go to the event right now. ]",You decide to be honest with your friend and decline the invitation to stay on track with your budgeting.,Will you go over your budget this month? ,No,Yes,https://drive.google.com/file/d/10IGnyYUM6HhVHrjyLQWr8FqH_2riVqrW/view?usp=sharing,1,3
,7,Negative,Finances,,,Affording Expenses,"Your rent is coming up. Normally you have your rent budgeted out, but some unexpected costs have left you a little short and you need to take on some extra shifts at work.  Thinking about your ability to make the payment, your funds will be insufficient.",,"In the coming month, you see yourself",Falling behind on your rent.,Paying your rent bill fully.,https://drive.google.com/file/d/1HZH-0nM2AWwMrt0gJttn0l5Qxiyelr24/view?usp=sharing,1,3
,8,Positive ,Finances,,,Balancing Responsibilities,"Your partner's birthday is coming up, and you planned on buying them something nice. On top of this expense, your child broke their phone and needs a new one, and you don't know if you can afford both things at once. You decide to sit down and write out a budget to figure out a way to pay for both, and you feel confident. ",N/A,Are you able to give both your partner and child what they want?,Yes,No,https://drive.google.com/file/d/1WckQKhhUkYlNOg_zjpDYEBm8uXGP4s5F/view?usp=sharing,1,2
,9,Positive,Finances,,,Asking for Money ,"You've had some financial troubles recently. In order to make ends meet, you need to ask a relative for a loan. You think that this is reasonable.",N/A,Is it okay to ask for financial help?,Yes,No,https://drive.google.com/file/d/1HZH-0nM2AWwMrt0gJttn0l5Qxiyelr24/view?usp=sharing,1,3
,10,Positive,Finances,Family & Home Life,,Retirement Funds,"You recently attended a retirement party for an older colleague. Thinking about your retirement funds, you wonder if you've been saving enough to retire when you want to. You feel behind. ","Talking about this with your bank, they reassure you that you have plenty saved for retirement, and that you still have time to keep saving. You feel hopeful that you will be able to retire whenever you'd like. ",Will you be able to retire when you want to?,Yes,No,https://drive.google.com/file/d/1zPgAUvOWnt9u_VBVuY7G97mzMIGDpKs8/view?usp=sharing,1,3
4,1,Resilience/Negation,Finances,Social Situations,,Fun Plans,"Your friends ask you to go out to dinner at a fancy restaurant with them this weekend. It is really expensive and you know you won't be able to afford it. When you picture yourself telling your friends that you can't go, you feel nervous.",N/A,Will your friends be upset that you can't go out to dinner?,No,,https://drive.google.com/file/d/18cLoBxquxdCG-Bu2BOxDQ5YPcrZOF1cn/view?usp=sharing,2,3
,2,Positive,Finances,,,Managing bills,"Your credit card bill for the month will arrive soon. You spent a bit more this month than you normally do. When you think about your future finances, you feel that you will be okay.",N/A,You think that your finances will be ...,Manageable.,Out of control.,https://drive.google.com/file/d/1ntIIxm81GLLVv4ADzPrrHkj2df_z9XrL/view?usp=sharing,2,3
,3,Positive,Finances,,,Credit Card Limit,"You recently made a purchase on your credit card. It was a big expense, and you wonder if you will max out your credit limit this month. You think that the rest of your expenses will be manageable. ",,Will you max out your credit card?,No,Yes,https://drive.google.com/file/d/1VkvXAEOBH6tuc4To3Q7QApJ-DzkT-ezH/view?usp=sharing,2,2
,4,Positive,Finances,,,Savings Scandal,"You've recently been putting money in savings, to have in case of emergencies. Your credit card bill was more expensive than you had expected this month, and you had to take a large bit of money from your savings to pay for it. You decide this is okay, and there is plenty of time to bulk up your savings. ",N/A,Are you worried about losing savings?,No,Yes ,https://drive.google.com/file/d/18xsXSeYRnFaB0NuRynhv79IBJK_x7sHn/view?usp=sharing,2,3
,5,Resilience/Negation,Finances,,,Worrying About Savings,"You hung out with some friends you haven't seen in a while, and you ended up on the topic of finances. While you thought your financial situation was stable, your friends start talking about the money they're putting away in savings for retirement. You've been using your money to pay for necessities, and haven't thought about starting to save.","When you think about it, you know that you have lots of time to save still, and finances don't look the same for everyone. ",Are you concerned about not saving right now?,No,,https://drive.google.com/file/d/14E87lNQCbYQYaw2WEZUgqpLVllxzh0qo/view?usp=sharing,2,3
,6,Positive,Finances,Social Situations,,Feeling Pressure Going Out,"You get invited to an event by one of your friends, but you must pay a large entry fee to attend. You don't want to hurt your friend's feelings, but you know that you can't afford to go to the event right now. You decide to be honest with your friend and decline the invitation to stay on track with your budgeting.",,Will you go over your budget this month? ,No,Yes,https://drive.google.com/file/d/10IGnyYUM6HhVHrjyLQWr8FqH_2riVqrW/view?usp=sharing,2,3
,7,Negative,Finances,,,Paying Credit Card,"This month you spent more money on groceries than you usually do, and you used a credit card to pay for it. Thinking about your spending, you're worried you won't be able to cover the credit card bill, and you'll go into debt. When the bill comes in, you see that you  have enough money. ",N/A,Are you able to pay off your credit card bill?,Yes,No,https://drive.google.com/file/d/1uD0PKEQVl_PpiCqphN1YKTg3CpIQgty0/view?usp=sharing,2,2
,8,Positive,Finances,,,Bill for a fix,"Your roof has a leak, and water comes into the house every time it rains. You think it is going to be expensive to hire someone to fix it. As you think about paying the bill to have the roof fixed, you feel that you will be fine.",N/A,Will you be broke after paying the bill for fixing the roof?,No,,https://drive.google.com/file/d/1tCizqz0P97OBuOF2WPjjlFPS5gMg05EH/view?usp=sharing,2,3
,9,Positive,Finances,,,Financial Limitations,"Last month, you were able to go out to dinner more often than you usually do, and you enjoyed it. However, looking at your bank account now, you're unsure if you can keep up with that lifestyle as well as pay for groceries, bills, etc. You decide to limit yourself to one meal out per week, and you're feeling confident in this budget. ",N/A,Will you still be able to enjoy a night out?,Yes,,https://drive.google.com/file/d/1zr-ojLmvOUbAd2xJRvcq3QG2d7z_oRgu/view?usp=sharing,2,3
,10,Positive,Finances,,,Getting a Credit Card,"You want to build up your credit score and decide to get a credit card. You start to research different cards and feel overwhelmed with the options, worrying you'll pick one that will only make your score worse. You take a deep breath and remember that you will find something that works for you.",N/A,Will you find a good credit card?,Yes,No,https://drive.google.com/file/d/1BCeABeJlKWfM8LEMZppb0NgZqzaRXTfd/view?usp=sharing,2,2
5,1,Positive,Finances,Family & Home Life,,Family Money Troubles,"Your sibling is in a tight spot and is asking for money. You love your sibling and really want to help them, but you are dealing with your own financial challenges and need to put your money toward rent. Thinking about the other types of support you can offer your sibling, you think they will be grateful. ",N/A,Can you help your sibling even if you can't offer them money right now? ,Yes,,https://drive.google.com/file/d/1BaqlVcTK2O-FtfxSaXT72uRBaI6ouJcm/view?usp=sharing,2,2
,2,Positive ,Finances,,,Making a Plan,"You're reviewing your monthly budget and notice that your expenses have been slightly higher than usual. As you prepare to pay the bills, you start to worry if you'll have enough left for your planned vacation next month. Considering things, you think you'll be able to cut down on some expenses leading up to and following your vacation, and you feel relieved. ",N/A,Will you be able to go on vacation?,Yes,No,https://drive.google.com/file/d/10FlqcsDlR2eRV8T1RQn48jY5XFXXFTwJ/view?usp=sharing,2,2
,3,Resilience/Negation,Finances,,,Affording Expenses,"Your rent is coming up. Normally you have your rent budgeted out, but some unexpected costs have left you a little short and you need to take on some extra shifts at work. ","Thinking about your ability to make the payment, you don't expect to be late on your rent, and your funds will be enough.",Do you think you will save enough to make your rent payment?,Yes,No,https://drive.google.com/file/d/1HZH-0nM2AWwMrt0gJttn0l5Qxiyelr24/view?usp=sharing,2,3
,4,Positive,Finances,Academics/Work/Career Development,,Extra Income,"You've recently been feeling overwhelmed with work, but you know that you need to get a second job to be in a more stable financial situation. While searching online for jobs, you saw an application for a job that sounds really fun for you. You think that working this second job will be manageable. ",N/A,Do you think you can handle a second job?,Yes,,https://drive.google.com/file/d/1UBORN__WOk3N5lP4X-qA_lwYYhlyyYqS/view?usp=sharing,2,3
,5,Positive,Finances,,,Paying for Repairs,"Your car needs expensive repairs. You have savings but are reluctant to use them. When you pay for the car repairs, you will be fine.",N/A,Will you go bankrupt after paying for the car repairs? ,No,,https://drive.google.com/file/d/1iwnSvOtF3QT1_rhG81NkX6UqlQeVh0f4/view?usp=sharing,2,3
,6,Negative,Finances,Romantic Relationships,,Paying for Dinner ,"You are on a date with your partner. They always pick up the bill, despite you wanting to pay. When you think about talking to them about paying equally, you think they will understand. ",N/A,Will your partner understand your concerns?,Yes,,https://drive.google.com/file/d/1LG39HuEE3BQFn4VXhyvMjd5EDazRCXml/view?usp=sharing,2,2
,7,Positive,Finances,,,Deciding on one thing,"You are at the local car dealer looking to buy a new car. After considering all the options, you are still torn between two cars. When you tell the dealer which car you decided to buy, you feel content.",N/A,Are you anxious about your decision?,No,,https://drive.google.com/file/d/1jrWuu3Yp7xogKvb7WPrQOL_uOCiGBcQt/view?usp=sharing,2,3
,8,Positive,Finances,,,Comparing Financial Situations,You are talking to your friends about taking a trip together. You overhear that their partners are helping them pay for it and you start to worry about keeping up with them since you are supporting yourself. You think you will have enough to go on the trip.,N/A,Will you be able to afford the trip?,Yes,No,https://drive.google.com/file/d/1XewrWobDt4QNlF4VMy20nqSlrn6hWQPM/view?usp=sharing,2,2
,9,Resilience/Negation,Finances,,,Paying Bills,"Rent for the next month is due soon. You’ve been under financial stress lately, and you don't think you have enough money to make your rent payment. ",You decide to talk with a financial advisor to help you create a budget. You think that making a plan to pay your rent on time will be feasible. ,Will you pay your rent on time? ,Yes,No,https://drive.google.com/file/d/1DD2p9qy0BJjE5dYmszJgnBZVNzNdAbsq/view?usp=sharing,2,3
,10,Positive,Finances,Social Situations,,Issues While Shopping,"You're hosting a dinner at your place with some neighborhood friends. When you go grocery shopping for the event, the price was more than you anticipated, and you worry if you'll be able to get the desserts you had planned. You talk to your friends, and they say they'd be happy to bring desserts to help out.",N/A,Are your friends upset with you about dessert?,No,Yes,https://drive.google.com/file/d/1yjHqNbzbKqQNhc2pvv80eT_augCPxLNx/view?usp=sharing,2,3
6,1,Positive,Finances,Social Situations,,Worrying About Spending,"A group of your friends are going out to dinner and they invited you. You know that you all have been going out to dinner a lot recently, and you don't know if you can keep up with this lifestyle. You tell your friends that you'll catch up with them next time, and you're happy staying at home for the night.",N/A,Are you comfortable passing up on this dinner?,Yes,,https://drive.google.com/file/d/1eLJnrJZBFA0pUisiuLxNVgNJfC_xJB7I/view?usp=sharing,2,3
,2,Resilience/Negation,Finances,Family & Home Life,,Unexpected Costs,"You have been renting your home. You feel that it is about time to buy a house and you have a stable job now, but you worry about unexpected costs.","Considering the possibility of buying, you decide to draft a budget for buying a house and think that navigating the uncertainty of your estimates will be feasible.",Can you make a reasonable decision despite some uncertainty in your estimates?,Yes,No,https://drive.google.com/file/d/1lpvvvV6h9M0GBc8a-at-2ovha4XXdfLE/view?usp=sharing,2,3
,3,Positive,Finances,,,Going broke,"You have decided to go back to school for another degree. Although you have been saving for this for the past few years, you worry about not having an income while you are back in school. The likelihood that you will go broke while in school is minimal.",N/A,Will you become broke once you go back to school? ,No,,https://drive.google.com/file/d/1cq2-gmwNa7uibqV6o70tP4ffnn-UKaYj/view?usp=sharing,2,3
,4,Negative,Finances,Social Situations,,Dinner with Friends,Your friends invite you to go out to dinner with them. You realize that going out to dinner might cause you to go over your dinner budget. You decline the invitation and think that your friends will understand.,,Will your friends judge you for saying no?,Yes,No,https://drive.google.com/file/d/1WRdSe-A7DF7qtHDLgV4kxPeUKhubKnG1/view?usp=sharing,2,3
,5,Resilience/Negation,Finances,,,Attending a Show,"One of your favorite celebrities is doing a show near you, and you've been looking at tickets. Tickets for the show are more than you expected, and have been going up each day that you've checked.","You decide to ask on FaceBook, and see that a friend is selling tickets for a price that feels more reasonable to you. You decide that it is valid to treat yourself to something that makes you happy, and purchase the tickets. ",Is it okay to spend money on the tickets?,Yes,No,https://drive.google.com/file/d/1eIU_nKJ0QOc8XPy4BK5sTlOzdsWp62uQ/view?usp=sharing,2,2
,6,Positive,Finances,,,Insurance Claim,"You receieve an insurance claim from a recent medical appointment that doesn't make sense. You call your insurance company to learn more, and you are anxious about what they are going to say. After the phone call, you feel relieved. ",,Do you feel better after talking to the insurance company?,Yes,No,https://drive.google.com/file/d/1LZnhgjX_Ooy4zJ7r99Iydqi6bvIOcszd/view?usp=sharing,2,2
,7,Positive,Finances,Social Situations,,Saving Money,"You need to save money so you always bring meals from home. When you eat with your friends, you notice that they all go out to eat every lunch. You realize that you have a different situation than your friends and that's ok.",,Are you hard on yourself because you don't buy lunch like your friends?,No,,https://drive.google.com/file/d/1GlgWw9CNYkuvPqXiAgChQuDim1Uuife8/view?usp=sharing,2,3
,8,Positive,Finances,Social Situations,,Visiting a New Friend,"You have been invited to a friend's house for a holiday and you want to bring a gift, but can't afford to buy one. You decide to write a poem and recite it for their family. As you picture yourself reading it, you feel excited.",N/A,Are you worried about reciting a poem for your friend's family? ,No,,https://drive.google.com/file/d/1gqs34RS_CsCnUbNlLaEigxSxuKvzjTSX/view?usp=sharing,2,3
,9,Positive,Finances,,,Paying for Repairs,"Your car needs expensive repairs. You have savings but are reluctant to use them. When you pay for the car repairs, you will be fine.",N/A,Will you go bankrupt after paying for the car repairs? ,No,,https://drive.google.com/file/d/1iwnSvOtF3QT1_rhG81NkX6UqlQeVh0f4/view?usp=sharing,2,3
,10,Positive,Finances,,,Financial Limitations,"Last month, you were able to go out to dinner more often than you usually do, and you enjoyed it. However, looking at your bank account now, you're unsure if you can keep up with that lifestyle as well as pay for groceries, bills, etc. You decide to limit yourself to one meal out per week, and you're feeling confident in this budget. ",N/A,Will you still be able to enjoy a night out?,Yes,,https://drive.google.com/file/d/1zr-ojLmvOUbAd2xJRvcq3QG2d7z_oRgu/view?usp=sharing,2,3
7,1,Positive,Finances,Academics/Work/Career Development,,Extra Income,"You've recently been feeling overwhelmed with work, but you know that you need to get a second job to be in a more stable financial situation. While searching online for jobs, you saw an application for a job that sounds really fun for you. You think that working this second job will be manageable. ",N/A,Do you think you can handle a second job?,Yes,,https://drive.google.com/file/d/1UBORN__WOk3N5lP4X-qA_lwYYhlyyYqS/view?usp=sharing,all,3
,2,Positive,Finances,Social Situations,,Worrying About Spending,"A group of your friends are going out to dinner and they invited you. You know that you all have been going out to dinner a lot recently, and you don't know if you can keep up with this lifestyle. You tell your friends that you'll catch up with them next time, and you're happy staying at home for the night.",N/A,Are you comfortable passing up on this dinner?,Yes,,https://drive.google.com/file/d/1eLJnrJZBFA0pUisiuLxNVgNJfC_xJB7I/view?usp=sharing,all,3
,3,Negative,Finances,,,Starting a Small Business,"You are considering leaving your job to start your own small business and are ready to work hard. You are excited, but you also know that many start-ups can end up crashing and burning. Thinking about the future of your business, it will be ruined. ",,"When thinking about the future of your company, you can see yourself:",Filing for bankruptcy.,Making a good profit.,https://drive.google.com/file/d/1OSRDlUvXTNnwLZlxsji3kxnfVjWLAKmD/view?usp=sharing,all,3
,4,Positive,Finances,,,Funding Good Habits ,"You recently picked up a new hobby in an effort to improve your work-life balance, and you’re really enjoying it so far. However, this new hobby requires you to purchase materials from the store, and the expenses can quickly add up. You decide to do some research online and realize that many places sell the materials you need at a discount. ",N/A,Do you need to give up your new hobby? ,No,,https://drive.google.com/file/d/1VZdM3sfiSthlhRfkQ7DJvdxeR-YOLjzd/view?usp=sharing,all,3
,5,Resilience/Negation,Finances,,,Friend's Birthday,"Some friends have reached out to you about going out to dinner for a friend's birthday. You've had some unforseen expenses this month, and you don't think you'll be able to afford a nice dinner. ","You talk to your friends, and they reassure you that the restaurant they choose will be one that everyone can afford, and they'll even run it by you first.",Can you go out to dinner with your friends?,Yes,No,https://drive.google.com/file/d/1jiM03nhxntGy1OgkpLVXqeBBwMsUgZ5T/view?usp=sharing,all,2
,6,Positive,Finances,,,Managing bills,"Your credit card bill for the month will arrive soon. You spent a bit more this month than you normally do. When you think about your future finances, you feel that you will be okay.",N/A,You think that your finances will be ...,Manageable.,Out of control.,https://drive.google.com/file/d/1ntIIxm81GLLVv4ADzPrrHkj2df_z9XrL/view?usp=sharing,all,3
,7,Positive,Finances,,,Deciding on one thing,"You are at the local car dealer looking to buy a new car. After considering all the options, you are still torn between two cars. When you tell the dealer which car you decided to buy, you feel content.",N/A,Are you anxious about your decision?,No,,https://drive.google.com/file/d/1jrWuu3Yp7xogKvb7WPrQOL_uOCiGBcQt/view?usp=sharing,all,3
,8,Positive,Finances,,,Treating a Friend,"Your friend has been supporting you through a tough time and you are really grateful for their support. You want to thank them by treating them to dinner, but you don’t have enough money to take them out to a restaurant. You decide to make them a homecooked dinner and think that they will be appreciative. ",N/A,Will your friend be angry that you didn’t go out to eat?,No,,https://drive.google.com/file/d/1wh84Ac1eQLzl6Wmv88Z5aCDs0bnaco7B/view?usp=sharing,all,2
,9,Positive,Finances,Academics/Work/Career Development,,Job Market,"You recently saw on the news that the economy has been particularly bad. Even though your boss typically gives you good reviews, you wonder whether your job is safe. You think you will likely be fine.",N/A,Is it likely that you will be fired?,No,,https://drive.google.com/file/d/1_T7rY6ZMUGkrrUUDGpQvHEG53QIE1J_h/view?usp=sharing,all,3
,10,Resilience/Negation,Finances,,,Managing Credit Cards,"Your bank has contacted you about signing up for a credit card with a very low interest rate. You are a responsible spender, but you worry about accruing debt if you sign up for a new credit card. ","As you think about what you would do with the credit card, you don't imagine you will suddenly spend recklessly, and you think that you would probably spend money wisely.",Do you think you would still spend money responsibly if you get a new credit card?,Yes,No,https://drive.google.com/file/d/1VkvXAEOBH6tuc4To3Q7QApJ-DzkT-ezH/view?usp=sharing,all,3
8,1,Positive,Finances,,,Bill for a fix,"Your roof has a leak, and water comes into the house every time it rains. You think it is going to be expensive to hire someone to fix it. As you think about paying the bill to have the roof fixed, you feel that you will be fine.",N/A,Will you be broke after paying the bill for fixing the roof?,No,,https://drive.google.com/file/d/1tCizqz0P97OBuOF2WPjjlFPS5gMg05EH/view?usp=sharing,all,3
,2,Positive,Finances,,,Affording Medicine,"You woke up feeling a little sick so you decide to go to the doctor. They write you a perscription but when you get to the pharmacy, the price is a little higher than you expected. You think it can be manageable.",N/A,Will you be okay if you pay for the perscription?,Yes,No,https://drive.google.com/file/d/1GVXdWpDkaqKAI25Z1ieX7CdQnJ438jxn/view?usp=sharing,all,3
,3,Negative,Finances,,,Budgeting Your Allowance,"You realize that you just received your paycheck a week ago. You notice that your bank account is lower than expected. You are worried about your spending, but know you can budget effectively. ",,Will you be able to budget?,Yes,No,https://drive.google.com/file/d/1st59uAHp21ZsWE6_bcU-Ed2spXBKr23o/view?usp=sharing,all,3
,4,Positive,Finances,,,Gift Giving,"Your childrens' birthdays are approaching, and you want to show them how much you appreciate them through gifts. However, you're worried about if you'll be able to afford the gifts you think they deserve. When you think about their birthdays, you think that they will be happy with something small.",N/A,Do your children need a big gift to feel appreciated? ,No,,https://drive.google.com/file/d/1jWzJuwkqvTss1X1vO90z40f-28aw_x4n/view?usp=sharing,all,2
,5,Positive ,Finances,,,Party Outfit,"You have a birthday party to go to, and your friends are discussing when they want to go shopping for outfits. Money is tight for you at the moment, and you're worried about being able to afford a new outfit for one event. You decide to wear something already in your closet, and you feel satisfied.",N/A,Did you need to spend money on a new outfit?,No,Yes,https://drive.google.com/file/d/18egshSZOxNQd_tYNAeaDqytaOWFm2FuV/view?usp=sharing,all,2
,6,Resilience/Negation,Finances,Family & Home Life,,Providing for Family,"You want your family to have good educational opportunities. You want your kids to be able to attend good colleges, but understand that this comes with a high price tag.","When you think about your children, you don't think they will miss educational opportunities because of money, and you think supporting their college education will be affordable.",Do you think you will have enough money to pay for your children's college expenses?,Yes,No,https://drive.google.com/file/d/1SLIlpEwAlYywGSOzmfcgtN7_OZG7Kwcb/view?usp=sharing,all,3
,7,Positive,Finances,Social Situations,,Issues While Shopping,"You're hosting a dinner at your place with some neighborhood friends. When you go grocery shopping for the event, the price was more than you anticipated, and you worry if you'll be able to get the desserts you had planned. You talk to your friends, and they say they'd be happy to bring desserts to help out.",N/A,Are your friends upset with you about dessert?,No,Yes,https://drive.google.com/file/d/1yjHqNbzbKqQNhc2pvv80eT_augCPxLNx/view?usp=sharing,all,3
,8,Positive,Finances,Social Situations,,Saving Money,"You need to save money so you always bring meals from home. When you eat with your friends, you notice that they all go out to eat every lunch. You realize that you have a different situation than your friends and that's ok.",,Are you hard on yourself because you don't buy lunch like your friends?,No,,https://drive.google.com/file/d/1GlgWw9CNYkuvPqXiAgChQuDim1Uuife8/view?usp=sharing,all,3
,9,Resilience/Negation,Finances,,,Savings Account,You recently received a medical bill that was more than you were expecting. You will have to take a significant amount of money out of your savings account to pay for it. You worry about not having a lot of money left in your savings account after you pay for this bill.,"You feel grateful that you've saved up money for an emerengcy like this, and you know that you'll be able to rebuild your savings account again.",Do you feel comfortable taking money out of your savings accout to pay for this bill?,Yes,No,https://drive.google.com/file/d/1ntIIxm81GLLVv4ADzPrrHkj2df_z9XrL/view?usp=sharing,all,3
,10,Positive,Finances,Social Situations,,Visiting a New Friend,"You have been invited to a friend's house for a holiday and you want to bring a gift, but can't afford to buy one. You decide to write a poem and recite it for their family. As you picture yourself reading it, you feel excited.",N/A,Are you worried about reciting a poem for your friend's family? ,No,,https://drive.google.com/file/d/1gqs34RS_CsCnUbNlLaEigxSxuKvzjTSX/view?usp=sharing,all,3
9,1,Positive,Finances,,,Going broke,"You have decided to go back to school for another degree. Although you have been saving for this for the past few years, you worry about not having an income while you are back in school. The likelihood that you will go broke while in school is minimal.",N/A,Will you become broke once you go back to school? ,No,,https://drive.google.com/file/d/1cq2-gmwNa7uibqV6o70tP4ffnn-UKaYj/view?usp=sharing,all,3
,2,Positive,Finances,,,Going out to Lunch,"Your friend invited you to go out for lunch tomorrow. You want to go and build your relationship with that friend, but you do not want to overspend your budget for the week. You decide to ask your friend to hang out another time without spending money, and you think they will understand.",,Will your friend judge you for not coming to lunch?,No,Yes,https://drive.google.com/file/d/1QkCq3sqWgPCuwk-M5L8aZFiZBlDUguh7/view?usp=sharing,all,2
,3,Negative,Finances,,,Affording Education,"Your children are thinking about going to college, but you think you would have to take out a loan to help send them. You remember stories you have heard of people still paying their loans when they are in retirement. Imagining yourself in retirement, you think your loans will be outstanding.",,"You imagine that in retirement, you will probably be",Still burdened by your  loans.,Financially stable with your loans paid off.,https://drive.google.com/file/d/1SLIlpEwAlYywGSOzmfcgtN7_OZG7Kwcb/view?usp=sharing,all,3
,4,Positive,Finances,Family & Home Life,Social Situations,Home Introductions ,"You notice your home is not like your peers' homes. Your best friend has never been to your place, but wants to come over for dinner one night. You think their reaction to your home will be respectful.",N/A,Will your friends judge your home?,No,,https://drive.google.com/file/d/1VCybtiOeMs0Sxk93nEyA51k4mVoIITAu/view?usp=sharing,all,3
,5,Resilience/Negation,Finances,Family & Home Life,,Feeling Worried by the News,This morning your partner is watching the news and you overhear that a lot of businesses are currently downsizing. You think about what will happen if your partner loses their job. You feel scared.,You notice that your partner does not look upset while listening to the news. You think that things will be alright.,Should you start to worry about your partner's job?,No,,https://drive.google.com/file/d/16KZJVDZijOiPKkJwZWdRQfE4gNhwBtU-/view?usp=sharing,all,3
,6,Positive,Finances,,,Paying it Forward,"You have some money you would like to try investing. As you read more about investing, you realize that you’re not completely sure what you’re doing. You think that your investment skills are likely to keep improving with practice. ",N/A,Will investing now pay off later?,Yes,,https://drive.google.com/file/d/1C0kDj03JLblHeq3LGfC68ItjDzUAILid/view?usp=sharing,all,2
,7,Positive,Finances,Social Situations,,Dinner with Friends,Your friends invite you to go out to dinner with them. You realize that going out to dinner might cause you to go over your dinner budget. You decline the invitation and think that your friends will understand.,,Will your friends judge you for saying no?,No,Yes,https://drive.google.com/file/d/1WRdSe-A7DF7qtHDLgV4kxPeUKhubKnG1/view?usp=sharing,all,3
,8,Resilience/Negation,Finances,,,Retirement Funds,"You recently attended a retirement party for an older colleague. Thinking about your retirement funds, you wonder if you've been saving enough to retire when you want to. You feel behind. ","Talking about this with your bank, they reassure you that you have plenty saved for retirement, and that you still have time to keep saving. You feel hopeful that you will be able to retire whenever you'd like. ",Will you be able to retire when you want to?,Yes,No,https://drive.google.com/file/d/1zPgAUvOWnt9u_VBVuY7G97mzMIGDpKs8/view?usp=sharing,all,3
,9,Positive,Finances,,,Spending Money with Friends,"Your budget has been tighter this month. Your friends want to go out to eat this weekend, and they choose a very expensive place. If you ask them to choose a different restaurant, you think they will be understanding. ",N/A,Will your friends judge you for your suggestion?,No,Yes,https://drive.google.com/file/d/1FjRIzN2fbHlHJAh8QVlQDb21ZAiK9pZf/view?usp=sharing,all,2
,10,Positive,Finances,Family & Home Life,,Holiday Gifts,"A holiday that your family celebrates is coming up. You want to buy gifts for everyone, but you can't afford it. You decide to buy one gift for your family to share, and you think that it will be appreciated. ",,Will your family like your gift?,Yes,No,https://drive.google.com/file/d/1jWzJuwkqvTss1X1vO90z40f-28aw_x4n/view?usp=sharing,all,3
10,1,Write Your Own,Finances,,,Write Your Own,,,,,,,write your own,45
11,1,Write Your Own,Finances,,,Write Your Own,,,,,,,write your own,45
12,1,Write Your Own,Finances,,,Write Your Own,,,,,,,write your own,45
13,1,Positive,Finances,,,Trip After COVID,"As COVID restrictions are lifted, you want to take a trip to destress. Due to the pandemic, your funds are lower than they normally are. You think that a trip that works for your budget and mental health will be attainable. ",N/A,Will you be able to go on a trip? ,Yes,,https://drive.google.com/file/d/1e3zraVEUn7RmjLowvgvogw0xfvCDX3Ua/view?usp=sharing,1,2
,2,Positive,Finances,Academics/Work/Career Development,,Work-Study Balance,"Last month, you accepted an offer to take on extra responsibilities at work for a pay increase. However, this has caused you to spend much less time on other important areas of your life, like family and friends. You talk with your supervisor and make a plan to reduce your responsibilities slightly, which makes you feel relieved. ",,Will your job continue to take up all of your time?,No,Yes,https://drive.google.com/file/d/11q5pKXoPWPhEb3Jj9q5NvtB1VcTrqt3e/view?usp=sharing,1,2
,3,Negative,Finances,Family & Home Life,,Unexpected Costs,"You have been renting your home. You feel that it is about time to buy a house and you have a stable job now, but you worry about unexpected costs. Considering the possibility of buying, you think these costs will be unmanageable.",,"Thinking about the next few years, you see yourself",Continuing to rent a home.,Owning a house.,https://drive.google.com/file/d/1lpvvvV6h9M0GBc8a-at-2ovha4XXdfLE/view?usp=sharing,1,3
,4,Positive,Finances,,,Relying on Parents,Your pay was recently cut and you will need to ask your family for some help affording expenses this month. You feel terrible asking since they have already supported you a lot financially in the past. You remind yourself that needing a little extra help every now and then is okay.,N/A,Is it okay to not be able to support yourself for now?,Yes,No,https://drive.google.com/file/d/1GxWt8UCfASp4YikTPMz8gDUotNRwXNlt/view?usp=sharing,1,2
,5,Positive,Finances,,,Attending a Show,"One of your favorite celebrities is doing a show near you, and you've been looking at tickets. Tickets for the show are more than you expected, and your paychecks haven't been as much as you were hoping. You decide that it is valid to treat yourself to something that makes you happy, and purchase the tickets. ",N/A,Is it okay to spend money on the tickets?,Yes,No,https://drive.google.com/file/d/1eIU_nKJ0QOc8XPy4BK5sTlOzdsWp62uQ/view?usp=sharing,1,2
,6,Positive,Finances,,,Show Opportunity,"One of your favorite celebrities is doing a show near you, and you've been looking at tickets. Tickets for the show are more than you expected, and your paychecks haven't been as much as you were hoping. You decide that saving up is more important, and know that there will be another show in your area later for you to attend.",N/A,Are you upset about not going to the show?,No,Yes,https://drive.google.com/file/d/1eIU_nKJ0QOc8XPy4BK5sTlOzdsWp62uQ/view?usp=sharing,1,2
,7,Resilience/Negation,Finances,Social Situations,,Jacket Return,"You are at the department store to return a jacket. When you speak with a sales associate at the counter, they do not smile, and stare at you looking very annoyed.","In the end, you realize that the person at the counter was very stressed out because of a previous customer, and once they started helping you, they were very friendly.",The sales associate didn't smile much because ...,They were annoyed by someone else.,They think you are annoying.,https://drive.google.com/file/d/18b-tqKcB1o6S6rl8tPxY7UqRfh43e5mH/view?usp=sharing,1,3
,8,Resilience/Negation,Finances,Mental Health,,Expensive Dinner,Your friends want to go out to celebrate one of their birthdays. They choose to eat at an expensive restaurant that is out of your price range. You feel like a bad friend because you can't afford to go.,"You decide to talk to your friends about it. They are very understanding, and they choose a more afforable place to eat. You feel proud for sticking up for yourself. ",Are you a good friend?,Yes ,,https://drive.google.com/file/d/1AaIWHmvou3Sgfp-66NqegxPqt6lA-9SY/view?usp=sharing,1,3
,9,Positive,Finances,,,Job Stability,"Recently, the economy has not been doing well. You love your job, but you wonder if you will be able to keep it.  You realize that whether you will stay employed at your current job is out of your control. ",N/A,Can you control whether you keep your job?,No,Yes,https://drive.google.com/file/d/1FHxUxqljF1SCzboPqQ4jJ5Iv2YLogdbi/view?usp=sharing,1,2
,10,Positive,Finances,Mental Health,,Food Costs,"Recently, you've just wanted to spend time alone and don't have much motivation to get out of bed. You ordered delivery a few nights in a row, and spent much more money on takeout than you normally do. You realize that there are some easy meals you can handle making next week and start planning. ",N/A,Are you going to spend all of your money on delivery? ,No,,https://drive.google.com/file/d/1EiUCRYYf5uaji37PRSH_mjjnF5O5RPgn/view?usp=sharing,1,3
14,1,Positive,Finances,,,Dinner Plans,"Some friends have reached out to you about going out to dinner for a friend's birthday. You've had some unforseen expenses this month, and you're worried about being able to afford a nice dinner. You decide that it is okay to miss one dinner, and let them know you'll catch up with them next time.",N/A,Are you upset about missing dinner?,No,Yes,https://drive.google.com/file/d/1jiM03nhxntGy1OgkpLVXqeBBwMsUgZ5T/view?usp=sharing,1,2
,2,Positive,Finances,,,Friend's Birthday,"Some friends have reached out to you about going out to dinner for a friend's birthday. You've had some unforseen expenses this month, and you're worried about being able to afford a nice dinner. You talk to your friends, and they reassure you that the restaurant they choose won't be expensive.",N/A,Can you go out to dinner with your friends?,Yes,No,https://drive.google.com/file/d/1jiM03nhxntGy1OgkpLVXqeBBwMsUgZ5T/view?usp=sharing,1,2
,3,Resilience/Negation,Finances,,,Starting a Small Business,"You are considering leaving your job to start your own small business and are ready to work hard. You are excited, but you also know that many start-ups can end up crashing and burning.","Thinking about the future of your business, your company will not fail, and it will be a success",Do you think your small business will be profitable?,Yes,No,https://drive.google.com/file/d/1OSRDlUvXTNnwLZlxsji3kxnfVjWLAKmD/view?usp=sharing,1,3
,4,Positive,Finances,Social Situations,,Social Function,"There is an upcoming community event to celebrate the end of the semester, and you really want to go. After expecting the event to you be free, you are surprised to learn that it will actually be very costly to attend. You decide to reach out to the event committee and reach a compromise. ",N/A,Will the event coordinator be understanding?,Yes,,https://drive.google.com/file/d/1vlJU-VMiYEl9wnZHcIoXPgxfa49YTcF4/view?usp=sharing,1,2
,5,Positive,Finances,,,Paying Credit Card,"This month you spent more money on groceries than you usually do, and you used a credit card to pay for it. Thinking about your spending, you're worried you won't be able to cover the credit card bill, and you'll go into debt. When the bill comes in, you see that you  have enough money. ",N/A,Are you able to pay off your credit card bill?,Yes,No,https://drive.google.com/file/d/1uD0PKEQVl_PpiCqphN1YKTg3CpIQgty0/view?usp=sharing,1,2
,6,Positive,Finances,,,New T-Shirt,"While running erands, you see a new T-Shirt that you really like. You have a tight budget, and you don't think you have enough money left to buy the T-Shirt. You don't buy it, and that decision makes you feel good. ",,Did you regret your decision?,No,Yes,https://drive.google.com/file/d/1QynCaur9NoeWUwDPTa7x50EZprKjxHzf/view?usp=sharing,1,1
,7,Negative,Finances,,,Saving up Money,"You are going over your monthly expenses, and realize you spent more than you had planned on a new hobby. It doesn't put you in a financial bind now, but you are trying to save up money to go on a ski trip you have been planning for months. As you think about cutting back on your expenses, you think that saving enough for your trip is hopeless.",,"When it is time to book the upcoming trip, you will probably",Have to cancel because of money issues.,Be able to choose a pretty nice hotel.,https://drive.google.com/file/d/1HZH-0nM2AWwMrt0gJttn0l5Qxiyelr24/view?usp=sharing,1,3
,8,Positive,Finances,,,Making Changes,"You are about to retire! You are worried about what the future holds, especially in terms of your finances. When you think about your future plans, you know that you will be financially stable. ",N/A,Will you be financially stable in the future?,Yes,,https://drive.google.com/file/d/1RXVzLHaNJ_AOkvNUbvjBR3l-JvSllmby/view?usp=sharing,1,1
,9,Resilience/Negation,Finances,,,Saving up Money,"You are going over your monthly expenses, and realize you spent more than you had planned on a new hobby. It doesn't put you in a financial bind now, but you are trying to save up money to go on a ski trip you have been planning for months. ","As you think about cutting back on your expenses you do not see yourself overspending again, and you think that saving enough for your trip is manageable.",Do you think it will be too hard to save up enough for your ski trip?,No,Yes,https://drive.google.com/file/d/1HZH-0nM2AWwMrt0gJttn0l5Qxiyelr24/view?usp=sharing,1,3
,10,Positive,Finances,Family & Home Life,,Fear of Disappointment,"You are deciding between two jobs, one of them that pays more. You prefer the one that pays less, but your partner has made it clear that they want you to get a job with a high salary. When you think about telling them your decision, you feel confident. ",N/A,Is it okay to make a different decision than your partner would?,Yes,No,https://drive.google.com/file/d/1HZv-8lFYkd2Ea9iPDd8pHn91of9Yv6oS/view,1,2
15,1,Positive,Finances,,,Filing Your Taxes,You are filing your taxes for the previous year. You have several forms to include and you find the process confusing. You believe that you are trying your best. ,,Is filing your taxes confusing?,Yes,No,https://drive.google.com/file/d/1HZH-0nM2AWwMrt0gJttn0l5Qxiyelr24/view?usp=sharing,1,2
,2,Positive,Finances,,,High Paying Jobs,"You are having dinner with your college friends and you all end up talking about your careers. You realize that many of them have higher salaries than you whereas you chose a lower-paying job that aligns with your passions. When you think about your career moving forward, you feel excited.",N/A,Is it bad that you make less money than  your friends?,No,Yes,https://drive.google.com/file/d/1vQDFA1q2B7-kGBTjDa6pcmQeERhzuoO9/view?usp=sharing,1,2
,3,Positive,Finances,Family & Home Life,,Career Pressures,"You are in the middle of a big decision about your next step career-wise. You have the choice between staying in a familiar but lower-paying job or moving to a different industry with the potential for higher pay. When you think about making this decision, you feel confident.",,Will you make the right career decision for you? ,Yes,No,https://drive.google.com/file/d/1aqgYAVCSNClDaQQ-yYZHYGFaFyjOuRZu/view?usp=sharing,1,2
,4,Negative,Finances,Family & Home Life,,Providing for Family,"You want your family to have good educational opportunities. You want your kids to be able to attend good colleges, but understand that this comes with a high price tag. When you think about your children, you think supporting their college education will be impossible.",,"When you think about talking to your children about their education, you can imagine telling them:","""I don't think we're going to be able to afford sending you to that school.""","""I will help you go to a good school.""",https://drive.google.com/file/d/1SLIlpEwAlYywGSOzmfcgtN7_OZG7Kwcb/view?usp=sharing,1,3
,5,Positive,Finances,,,House Hunting,You are looking at new places to live next year and your partner found a great place for you both. You check the price and see that it is way above your price range. You think you will be able to find a different place that works for you.,N/A,Is it okay that you can't afford the house?,Yes,No,https://drive.google.com/file/d/1kUoE9ke0lMNRDE1GMJIouPzHh63zOCXy/view?usp=sharing,1,1
,6,Resilience/Negation,Finances,,,Worrying About Savings,"You hung out with some friends you haven't seen in a while, and you ended up on the topic of finances. While you thought your financial situation was stable, your friends start talking about the money they're putting away in savings for retirement. You've been using your money to pay for necessities, and haven't thought about starting to save.","When you think about it, you know that you have lots of time to save still, and finances don't look the same for everyone. ",Are you concerned about not saving right now?,No,,https://drive.google.com/file/d/14E87lNQCbYQYaw2WEZUgqpLVllxzh0qo/view?usp=sharing,1,3
,7,Positive,Finances,Romantic Relationships,,Paying for Dinner ,"You are on a date with your partner. They always pick up the bill, despite you wanting to pay. When you think about talking to them about paying equally, you think they will understand. ",N/A,Will your partner understand your concerns?,Yes,,https://drive.google.com/file/d/1LG39HuEE3BQFn4VXhyvMjd5EDazRCXml/view?usp=sharing,1,2
,8,Positive,Finances,,,Buying textbooks,"You are trying to buy supplies needed to do your job, which your employer usually reimburses. However, you’ve noticed that the price of an item you routinely buy has gone way up, and you worry that you will be partially responsible for paying for it. You reach out to your supervisor to discuss the change, and they confirm you will still be fully reimbursed.",,Can you reach out to your supervisor for help with work-related finances? ,Yes,No,https://drive.google.com/file/d/1DD2p9qy0BJjE5dYmszJgnBZVNzNdAbsq/view?usp=sharing,1,1
,9,Resilience/Negation,Finances,Family & Home Life,,Unexpected Costs,"You have been renting your home. You feel that it is about time to buy a house and you have a stable job now, but you worry about unexpected costs.","Considering the possibility of buying, you decide to draft a budget for buying a house and think that navigating the uncertainty of your estimates will be feasible.",Can you make a reasonable decision despite some uncertainty in your estimates?,Yes,No,https://drive.google.com/file/d/1lpvvvV6h9M0GBc8a-at-2ovha4XXdfLE/view?usp=sharing,1,3
,10,Positive,Finances,,,Managing Your Credit Card,"You are sitting watching TV and realize you forgot to pay your credit card. You’ve never been late on your credit card payment before, and you start to worry that you’ll have to pay a large fee. You think that the consequences of making the payment a few days late will be minimal. ",,Will you continue to be anxious about paying your credit card?,No,Yes,https://drive.google.com/file/d/1uRGDET4-zqSsG6BOcCCWUfiXM7AOEbHs/view?usp=sharing,1,1
16,1,Positive,Finances,,,Comparing Financial Situations,You are talking to your friends about taking a trip together. You overhear that their partners are helping them pay for it and you start to worry about keeping up with them since you are supporting yourself. You think you will have enough to go on the trip.,N/A,Will you be able to afford the trip?,Yes,No,https://drive.google.com/file/d/1XewrWobDt4QNlF4VMy20nqSlrn6hWQPM/view?usp=sharing,2,2
,2,Positive,Finances,Social Situations,,Comparing Allowances,"You are talking with friends about work and start discussing how much money everyone makes. You realize some of your friends have significantly higher salaries than you. When you consider what this means for your friendship, you think it doesn’t matter. ",,Will your friends judge you for making less money? ,No,Yes,https://drive.google.com/file/d/1-8mfOKWW6hIhcAK2YEznM3cBKsm_9-QN/view?usp=sharing,2,2
,3,Positive,Finances,,,Finding a Home,"You are planning on moving and have started looking at houses on the market. Your spouse finds a home that they love, but you think that it would really stretch your budget. You feel confident you’ll be able to come up with a solution that works for everyone. ",,Will your spouse be devastated if you don't buy the house they like?,No,Yes,https://drive.google.com/file/d/1Ql4qGft_rwLr7f7TuPEedDulnMblzh_e/view?usp=sharing,2,2
,4,Positive,Finances,Social Situations,,Feeling Pressure Going Out,"You get invited to an event by one of your friends, but you must pay a large entry fee to attend. You don't want to hurt your friend's feelings, but you know that you can't afford to go to the event right now. You decide to be honest with your friend and decline the invitation to stay on track with your budgeting.",,Will you go over your budget this month? ,No,Yes,https://drive.google.com/file/d/10IGnyYUM6HhVHrjyLQWr8FqH_2riVqrW/view?usp=sharing,2,3
,5,Resilience/Negation,Finances,Family & Home Life,,Providing for Family,"You want your family to have good educational opportunities. You want your kids to be able to attend good colleges, but understand that this comes with a high price tag.","When you think about your children, you don't think they will miss educational opportunities because of money, and you think supporting their college education will be affordable.",Do you think you will have enough money to pay for your children's college expenses?,Yes,No,https://drive.google.com/file/d/1SLIlpEwAlYywGSOzmfcgtN7_OZG7Kwcb/view?usp=sharing,2,3
,6,Positive,Finances,,,Going to the Dentist,"You go in for your routine dental appointment and find out that you have a cavity. They tell you that there will be an extra fee to pay and you start to worry about the cost. You remind yourself that it is worth it to address the cavity now before it gets worse, and you think the cost will be manageable.  ",N/A,Can you pay to fix your cavity?,Yes,No,https://drive.google.com/file/d/1ek3zj6JKFYL4SuxAIiXNxMXhXy8vY2A4/view?usp=sharing,2,3
,7,Positive,Finances,Physical Health,,Recovering from COVID,"You had to take some time off of work because you caught COVID. Although the break was important for your health, it also put a strain on your finances. When you think about your financial situation, you know you will be able to make up for the lost time.",N/A,Will you recover from your time off?,Yes,,https://drive.google.com/file/d/1cbv_QPZogeJ9EgBhzDHZF1sxXJYifyBG/view?usp=sharing,2,3
,8,Resilience/Negation,Finances,Social Situations,,Jacket return,"You are at the department store to return a jacket. When you speak with a sales associate at the counter, they do not smile, and stare at you looking very annoyed.","In the end, you realize that the person at the counter was very stressed out because of a previous customer, and once they started helping you, they were very friendly.",The sales associate didn't smile much because ...,They were annoyed by someone else.,They think you are annoying.,https://drive.google.com/file/d/18b-tqKcB1o6S6rl8tPxY7UqRfh43e5mH/view?usp=sharing,2,3
,9,Negative,Finances,,,Starting a Small Business,"You are considering leaving your job to start your own small business and are ready to work hard. You are excited, but you also know that many start-ups can end up crashing and burning. Thinking about the future of your business, it will be ruined. ",,"When thinking about the future of your company, you can see yourself:",Filing for bankruptcy.,Making a good profit.,https://drive.google.com/file/d/1OSRDlUvXTNnwLZlxsji3kxnfVjWLAKmD/view?usp=sharing,2,3
,10,Positive,Finances,,,Party Outfit,"You have a birthday party to go to, and your friends are discussing when they want to go shopping for outfits. Money is tight for you at the moment, and you're worried about being able to afford a new outfit for one event. You decide to wear something already in your closet, and you feel satisfied.",N/A,Did you need to spend money on a new outfit?,No,Yes,https://drive.google.com/file/d/18egshSZOxNQd_tYNAeaDqytaOWFm2FuV/view?usp=sharing,2,2
17,1,Positive,Finances,Mental Health,,Affording a Trip,"You have been feeling really overwhelmed and drained recently and want to go on a trip to take a break. When you look into flights, you realize that the cost of a trip may be totally out of your budget. You remind yourself you can go for a short trip somewhere nearby and still have fun. ",,Can you still take time for yourself on a budget?,Yes,No,https://drive.google.com/file/d/1ITdnDbj3DvjZZDphPp_I5FrO9KSr9X3j/view?usp=sharing,2,3
,2,Positive,Finances,,,Making a Plan,"You're reviewing your monthly budget and notice that your expenses have been slightly higher than usual. As you prepare to pay the bills, you start to worry if you'll have enough left for your planned vacation next month. Considering things, you think you'll be able to cut down on some expenses leading up to and following your vacation, and you feel relieved. ",N/A,Will you be able to go on vacation?,Yes,No,https://drive.google.com/file/d/10FlqcsDlR2eRV8T1RQn48jY5XFXXFTwJ/view?usp=sharing,2,2
,3,Positive,Finances,,,Balancing Responsibilities,"Your partner's birthday is coming up, and you planned on buying them something nice. On top of this expense, your child broke their phone and needs a new one, and you don't know if you can afford both things at once. You decide to sit down and write out a budget to figure out a way to pay for both, and you feel confident. ",N/A,Are you able to give both your partner and child what they want?,Yes,No,https://drive.google.com/file/d/1WckQKhhUkYlNOg_zjpDYEBm8uXGP4s5F/view?usp=sharing,2,2
,4,Resilience/Negation,Finances,Social situations,,Jacket return,"You are at the department store to return a jacket. When you speak with a sales associate at the counter, they do not smile, and stare at you looking very annoyed.","In the end, you realize that the person at the counter was very stressed out because of a previous customer, and once they started helping you, they were very friendly.",The sales associate didn't smile much because ...,They were annoyed by someone else.,They think you are annoying.,https://drive.google.com/file/d/18b-tqKcB1o6S6rl8tPxY7UqRfh43e5mH/view?usp=sharing,2,3
,5,Positive,Finances,Family & Home Life,,Financial Dependence ,"Your children have been relying on you financially, and you want them to start to be more independent. You know this is an important next step, but the thought of providing them less support is overwhelming. As you think to the future, you are confident that their financial independence will be possible. ",N/A,Will your children be able to be financially independent?,Yes,,https://drive.google.com/file/d/1i838ss7Y0rXlm4xW7ZUDdWYkvXkoMR9f/view?usp=sharing,2,2
,6,Negative,Finances,,,Planning Payments,"You have just started a new job, and need to select one of the retirement plans that your company offers. You have been doing some research into the different types of plans, but you feel a little overwhelmed and your deadline to choose is fast approaching. You think that the plan you choose will leave you in a financial position that is risky.",,Your choices for your retirement plan will probably mean,You will have to worry about money later in life.,You will have a comfortable financial future.,https://drive.google.com/file/d/1KkME5KcZ5NgX_p332K2_-01OCdDxK5G3/view?usp=sharing,2,3
,7,Positive,Finances,,,Finding a Home,"You are planning on moving and have started looking at houses on the market. Your spouse finds a home that they love, but you think that it would really stretch your budget. You feel confident you’ll be able to come up with a solution that works for everyone. ",,Will your spouse be devastated if you don't buy the house they like?,No,Yes,https://drive.google.com/file/d/1Ql4qGft_rwLr7f7TuPEedDulnMblzh_e/view?usp=sharing,2,2
,8,Positive,Finances,,,Buying New Clothes,"Looking around, it seems like everyone you know has new outfits. You’ve been wearing the same clothes for years, and you start to wonder whether people are judging you. You realize that you like the clothes you have, and they make you feel good. ",,Will people judge you if do not buy new clothes? ,No,Yes,https://drive.google.com/file/d/1KQCuxX95_1QzsNqkKcSAiu6i65pzXcEX/view?usp=sharing,2,2
,9,Resilience/Negation,Finances,,,Affording Medicine,"You woke up feeling a little sick so you decide to go to the doctor. They write you a perscription but when you get to the pharmacy, the price is a little higher than you expected. ","Considering how you feel, you think that taking care of your health is more important than other things in your budget. You think affording the medication can be manageable.",Will you be okay if you pay for the perscription?,Yes,No,https://drive.google.com/file/d/1GVXdWpDkaqKAI25Z1ieX7CdQnJ438jxn/view?usp=sharing,2,3
,10,Positive,Finances,,,Paying it Forward,"You have some money you would like to try investing. As you read more about investing, you realize that you’re not completely sure what you’re doing. You think that your investment skills are likely to keep improving with practice. ",N/A,Will investing now pay off later?,Yes,,https://drive.google.com/file/d/1C0kDj03JLblHeq3LGfC68ItjDzUAILid/view?usp=sharing,2,2
18,1,Negative,Finances,Family & Home Life,,Budgeting Your Allowance,"You realize that you just received your paycheck a week ago. You notice that your bank account is lower than expected. You are worried about your spending, but know you can budget effectively. ",,Will you be able to budget?,Yes,No,https://drive.google.com/file/d/1st59uAHp21ZsWE6_bcU-Ed2spXBKr23o/view?usp=sharing,2,3
,2,Positive,Finances,,,Insurance Claim,"You receieve an insurance claim from a recent medical appointment that doesn't make sense. You call your insurance company to learn more, and you are anxious about what they are going to say. After the phone call, you feel relieved. ",,Do you feel better after talking to the insurance company?,Yes,No,https://drive.google.com/file/d/1LZnhgjX_Ooy4zJ7r99Iydqi6bvIOcszd/view?usp=sharing,2,2
,3,Resilience/Negation,Finances,,,Worrying About Savings,"You hung out with some friends you haven't seen in a while, and you ended up on the topic of finances. While you thought your financial situation was stable, your friends start talking about the money they're putting away in savings for retirement. You've been using your money to pay for necessities, and haven't thought about starting to save.","When you think about it, you know that you have lots of time to save still, and finances don't look the same for everyone. ",Are you concerned about not saving right now?,No,,https://drive.google.com/file/d/14E87lNQCbYQYaw2WEZUgqpLVllxzh0qo/view?usp=sharing,2,3
,4,Positive,Finances,Family & Home Life,,Unexpected Medical Visit ,"You recently had an unexpected medical visit. You and your spouse share an insurance plan, and you’re worried that your spouse will be concerned about finances if they see it on your insurance statement. If they ask you about it, you think they will be understanding. ",,Will your spouse be mad? ,No,Yes,https://drive.google.com/file/d/1yu9h9aas60Qlgw4LN5PXrYPCRmTlEye4/view?usp=sharing,2,2
,5,Positive,Finances,Mental Health,,Session Costs,"You recently had to pay a large sum of money toward repairs for your car. This unexpected expense cut into the money you use to pay your therapy copays, and you are concerned about what will happen if you miss sessions to save money. You call the therapy office, and they help you come up with a solution. ",N/A,Do finances get in the way of therapy?,No,,https://drive.google.com/file/d/1yu9h9aas60Qlgw4LN5PXrYPCRmTlEye4/view?usp=sharing,2,3
,6,Positive,Finances,Family & Home Life,,Relying on Parents,Your pay was recently cut and you will need to ask your family for some help affording expenses this month. You feel terrible asking since they have already supported you a lot financially in the past. You remind yourself that needing a little extra help every now and then is okay.,N/A,Is it okay to not be able to support yourself for now?,Yes,No,https://drive.google.com/file/d/1GxWt8UCfASp4YikTPMz8gDUotNRwXNlt/view?usp=sharing,2,2
,7,Positive,Finances,,,Credit Card Limit,"You recently made a purchase on your credit card. It was a big expense, and you wonder if you will max out your credit limit this month. You think that the rest of your expenses will be manageable. ",,Will you max out your credit card?,No,Yes,https://drive.google.com/file/d/1VkvXAEOBH6tuc4To3Q7QApJ-DzkT-ezH/view?usp=sharing,2,2
,8,Resilience/Negation,Finances,Mental Health,,Expensive Dinner,Your friends want to go out to celebrate one of their birthdays. They choose to eat at an expensive restaurant that is out of your price range. You feel like a bad friend because you can't afford to go.,"You decide to talk to your friends about it. They are very understanding, and they choose a more afforable place to eat. You feel proud for sticking up for yourself. ",Are you a good friend?,Yes ,,https://drive.google.com/file/d/1AaIWHmvou3Sgfp-66NqegxPqt6lA-9SY/view?usp=sharing,2,3
,9,Positive,Finances,,,Funding Good Habits ,"You recently picked up a new hobby in an effort to improve your work-life balance, and you’re really enjoying it so far. However, this new hobby requires you to purchase materials from the store, and the expenses can quickly add up. You decide to do some research online and realize that many places sell the materials you need at a discount. ",N/A,Do you need to give up your new hobby? ,No,,https://drive.google.com/file/d/1VZdM3sfiSthlhRfkQ7DJvdxeR-YOLjzd/view?usp=sharing,2,3
,10,Positive,Finances,,,Getting a Credit Card,"You want to build up your credit score and decide to get a credit card. You start to research different cards and feel overwhelmed with the options, worrying you'll pick one that will only make your score worse. You take a deep breath and remember that you will find something that works for you.",N/A,Will you find a good credit card?,Yes,No,https://drive.google.com/file/d/1BCeABeJlKWfM8LEMZppb0NgZqzaRXTfd/view?usp=sharing,2,2
19,1,Positive,Finances,Physical Health,,Healthy But Expensive ,"You want to start eating healthier, so you start researching tips and recipes online. You quickly realize that many foods recommended by health experts cost a lot of money. When you think about eating healthier on a budget, you think you can be successful. ",N/A,Are healthy recipes unattainable for you? ,No,,https://drive.google.com/file/d/1zL5N7y6DsslcbeJ8JgxBMyvWGx1zYBHS/view?usp=sharing,all,3
,2,Positive,Finances,,,Affording Medicine,"You woke up feeling a little sick so you decide to go to the doctor. They write you a perscription but when you get to the pharmacy, the price is a little higher than you expected. You think it can be manageable.",N/A,Will you be okay if you pay for the perscription?,Yes,No,https://drive.google.com/file/d/1GVXdWpDkaqKAI25Z1ieX7CdQnJ438jxn/view?usp=sharing,all,3
,3,Resilience/Negation,Finances,,,Savings Account,You recently received a medical bill that was more than you were expecting. You will have to take a significant amount of money out of your savings account to pay for it. You worry about not having a lot of money left in your savings account after you pay for this bill.,"You feel grateful that you've saved up money for an emerengcy like this, and you know that you'll be able to rebuild your savings account again.",Do you feel comfortable taking money out of your savings accout to pay for this bill?,Yes,No,https://drive.google.com/file/d/1ntIIxm81GLLVv4ADzPrrHkj2df_z9XrL/view?usp=sharing,all,3
,4,Positive,Finances,Mental Health,,Affording Therapy,"You've been wanting to go to therapy for a while. However, you aren't sure whether you have the budget to pay for it. You think that it's likely that you will find a provider whose services are affordable. ",,Do you want to go to therapy?,Yes,No ,https://drive.google.com/file/d/1oOjp17AzniUmJnuYe-gQ8IiWi4W8RJ71/view?usp=sharing,all,3
,5,Positive,Finances,Mental Health,,Treating Yourself,"You've had a lot going on recently, and haven't felt like yourself. You want to treat yourself to something you enjoy, but you aren't sure you have room in your budget. You decide to buy yourself something small that you can definitely afford.",,Are you able to treat yourself?,Yes,No,https://drive.google.com/file/d/1zr-ojLmvOUbAd2xJRvcq3QG2d7z_oRgu/view?usp=sharing,all,3
,6,Resilience/Negation,Finances,,,Affording Education,"Your children are thinking about going to college, but you think you would have to take out a loan to help send them. You remember stories you have heard of people still paying their loans when they are in retirement. ","Imagining yourself in retirement, you don't imagine yourself racked with debt, and you think your loans will be paid.",Do you think you will still be paying back loans when you are retired?,No,Yes,https://drive.google.com/file/d/1SLIlpEwAlYywGSOzmfcgtN7_OZG7Kwcb/view?usp=sharing,all,3
,7,Negative,Finances,Family & Home Life,,Budgeting Your Allowance,"You realize that you just received your paycheck a week ago. You notice that your bank account is lower than expected. You are worried about your spending, but know you can budget effectively. ",,Will you be able to budget?,Yes,No,https://drive.google.com/file/d/1st59uAHp21ZsWE6_bcU-Ed2spXBKr23o/view?usp=sharing,all,3
,8,Positive,Finances,,,Asking for Money ,"You've had some financial troubles recently. In order to make ends meet, you need to ask a relative for a loan. You think that this is reasonable.",N/A,Is it okay to ask for financial help?,Yes,No,https://drive.google.com/file/d/1HZH-0nM2AWwMrt0gJttn0l5Qxiyelr24/view?usp=sharing,all,3
,9,Positive,Finances,,,Savings Scandal,"You've recently been putting money in savings, to have in case of emergencies. Your credit card bill was more expensive than you had expected this month, and you had to take a large bit of money from your savings to pay for it. You decide this is okay, and there is plenty of time to bulk up your savings. ",N/A,Are you worried about losing savings?,No,Yes ,https://drive.google.com/file/d/18xsXSeYRnFaB0NuRynhv79IBJK_x7sHn/view?usp=sharing,all,3
,10,Positive,Finances,,,Managing Jobs,"You’ve recently taken on extra responsibilities at work to help support your family financially. As the workload at your job gets heavier, you worry about managing your work and family responsibilities, but know you could really use the extra money. You decide to explain the situation to your supervisor, and realize that it’s okay to ask for help when needed. ",N/A,Is the extra work at your job going to be impossible?,No,Yes,https://drive.google.com/file/d/1GUeW4GffQB953R9gzA4NwFtSZk-7zD1l/view?usp=sharing,all,2
20,1,Positive,Finances,Social Situations,,Spending Money with Friends,"Your budget has been tighter this month. Your friends want to go out to eat this weekend, and they choose a very expensive place. If you ask them to choose a different restaurant, you think they will be understanding. ",N/A,Will your friends judge you for your suggestion?,No,Yes,https://drive.google.com/file/d/1FjRIzN2fbHlHJAh8QVlQDb21ZAiK9pZf/view?usp=sharing,all,2
,2,Resilience/Negation,Finances,Social Situations,,Fun Plans,"Your friends ask you to go out to dinner at a fancy restaurant with them this weekend. It is really expensive and you know you won't be able to afford it. When you picture yourself telling your friends that you can't go, you feel nervous.",N/A,Will your friends be upset that you can't go out to dinner?,No,,https://drive.google.com/file/d/18cLoBxquxdCG-Bu2BOxDQ5YPcrZOF1cn/view?usp=sharing,all,3
,3,Positive,Finances,,,Saving for Repairs,"Your car needs important repairs. Your friends invite you to go out with them this weekend, but you need to save your money to pay for your car. You deny your friends' invitiation, and you feel okay. ",N/A,Did you make the right choice?,Yes,No,https://drive.google.com/file/d/1ho3hNNuBsI2_uM04efw2daW5FzUWG_Qk/view?usp=sharing,all,2
,4,Negative,Finances,,,Managing Credit Cards,"Your bank has contacted you about signing up for a credit card with a very low interest rate. You are a responsible spender, but you worry about accruing debt if you sign up for a new credit card. As you think about what you would do with the credit card, you think that you would probably spend money recklessly.",,"With a new credit card, you would",Have to work harder than you hoped in order to pay off new credit card debt.,Effectively integrate the credit card into your budgeting plan.,https://drive.google.com/file/d/1VkvXAEOBH6tuc4To3Q7QApJ-DzkT-ezH/view?usp=sharing,all,3
,5,Positive,Finances,,,Treating a Friend,"Your friend has been supporting you through a tough time and you are really grateful for their support. You want to thank them by treating them to dinner, but you don’t have enough money to take them out to a restaurant. You decide to make them a homecooked dinner and think that they will be appreciative. ",N/A,Will your friend be angry that you didn’t go out to eat?,No,,https://drive.google.com/file/d/1wh84Ac1eQLzl6Wmv88Z5aCDs0bnaco7B/view?usp=sharing,all,2
,6,Positive,Finances,Social Situations,,Going out to Lunch,"Your friend invited you to go out for lunch tomorrow. You want to go and build your relationship with that friend, but you do not want to overspend your budget for the week. You decide to ask your friend to hang out another time without spending money, and you think they will understand.",,Will your friend judge you for not coming to lunch?,No,Yes,https://drive.google.com/file/d/1QkCq3sqWgPCuwk-M5L8aZFiZBlDUguh7/view?usp=sharing,all,2
,7,Positive,Finances,,,Break Plans,"Your friends are planning a trip to the beach over the break and have offered to help you with the cost. You feel grateful, but also embarrassed that you can’t pay for the trip yourself. You know that your friends are happy to help. ",N/A,Are you burdening your friends?,No,,https://drive.google.com/file/d/1jjfvM58iyLIIgV9YT_iTmezJo_ZUcvF-/view?usp=sharing,all,2
,8,Positive,Finances,Social Situations,,Dinner with Friends,Your friends invite you to go out to dinner with them. You realize that going out to dinner might cause you to go over your dinner budget. You decline the invitation and think that your friends will understand.,,Will your friends judge you for saying no?,No,Yes,https://drive.google.com/file/d/1WRdSe-A7DF7qtHDLgV4kxPeUKhubKnG1/view?usp=sharing,all,3
,9,Resilience/Negation,Finances,,,Planning Payments,"You have just started a new job, and need to select one of the retirement plans that your company offers. You have been doing some research into the different types of plans, but you feel a little overwhelmed and your deadline to choose is fast approaching. ","You do not see yourself making a big mistake, and think that the plan you choose will leave you in a financial position that is solid.",Do you think that you will choose a plan that is too risky?,No,Yes,https://drive.google.com/file/d/1KkME5KcZ5NgX_p332K2_-01OCdDxK5G3/view?usp=sharing,all,3
,10,Positive,Finances,Family & Home Life,,Affording a Trip,"Your child really wants to go to a theme park for vacation this year. You've been researching the cost of the trip, and you don't think you can afford it. You think that you can find an alternative trip that your child will still enjoy. ",,Can you make it to a theme park this year?,No,Yes,https://drive.google.com/file/d/1d3Da2RuOvJcgaHMLUgJvfG7yV7YmHOfQ/view?usp=sharing,all,3
21,1,Positive,Finances,,,Breakfast with Friends,"Your friends want to grab breakfast together. You don’t want to miss out on spending time with them, but you’re trying not to eat out as much. When you tell them you’ll eat the food you have at home, you think they’ll be reasonable. ",,Will your friends be upset at you for saying no? ,No,Yes,https://drive.google.com/file/d/1KufUq6DjiYSOP6yTIhzGWXyizrbFcF-m/view?usp=sharing,all,3
,2,Resilience/Negation,Finances,,,Managing Credit Cards,"Your bank has contacted you about signing up for a credit card with a very low interest rate. You are a responsible spender, but you worry about accruing debt if you sign up for a new credit card. ","As you think about what you would do with the credit card, you don't imagine you will suddenly spend recklessly, and you think that you would probably spend money wisely.",Do you think you would still spend money responsibly if you get a new credit card?,Yes,No,https://drive.google.com/file/d/1VkvXAEOBH6tuc4To3Q7QApJ-DzkT-ezH/view?usp=sharing,all,3
,3,Positive,Finances,Family & Home Life,,Gift Giving,"Your childrens' birthdays are approaching, and you want to show them how much you appreciate them through gifts. However, you're worried about if you'll be able to afford the gifts you think they deserve. When you think about their birthdays, you think that they will be happy with something small.",N/A,Do your children need a big gift to feel appreciated? ,No,,https://drive.google.com/file/d/1jWzJuwkqvTss1X1vO90z40f-28aw_x4n/view?usp=sharing,all,2
,4,Positive,Finances,Family & Home Life,,Family Money Troubles,"Your sibling is in a tight spot and is asking for money. You love your sibling and really want to help them, but you are dealing with your own financial challenges and need to put your money toward rent. Thinking about the other types of support you can offer your sibling, you think they will be grateful. ",N/A,Can you help your sibling even if you can't offer them money right now? ,Yes,,https://drive.google.com/file/d/1BaqlVcTK2O-FtfxSaXT72uRBaI6ouJcm/view?usp=sharing,all,2
,5,Positive,Finances,,,Paying Bills,"Rent for the next month is due soon. You’ve been under financial stress lately, and you’re unsure if you have enough money to make your rent payment. You think that making a plan to pay your rent on time will be feasible. ",,Will you pay your rent on time? ,Yes,No,https://drive.google.com/file/d/1DD2p9qy0BJjE5dYmszJgnBZVNzNdAbsq/view?usp=sharing,all,3
,6,Negative,Finances,,,Affording Expenses,"Your rent is coming up. Normally you have your rent budgeted out, but some unexpected costs have left you a little short and you need to take on some extra shifts at work.  Thinking about your ability to make the payment, your funds will be insufficient.",,"In the coming month, you see yourself",Falling behind on your rent.,Paying your rent bill fully.,https://drive.google.com/file/d/1HZH-0nM2AWwMrt0gJttn0l5Qxiyelr24/view?usp=sharing,all,3
,7,Positive,Finances,,,Trip After COVID,"As COVID restrictions are lifted, you want to take a trip to destress. Due to the pandemic, your funds are lower than they normally are. You think that a trip that works for your budget and mental health will be attainable. ",N/A,Will you be able to go on a trip? ,Yes,,https://drive.google.com/file/d/1e3zraVEUn7RmjLowvgvogw0xfvCDX3Ua/view?usp=sharing,all,2
,8,Positive,Finances,,,Job Stability,"Recently, the economy has not been doing well. You love your job, but you wonder if you will be able to keep it.  You realize that whether you will stay employed at your current job is out of your control. ",N/A,Can you control whether you keep your job?,No,Yes,https://drive.google.com/file/d/1FHxUxqljF1SCzboPqQ4jJ5Iv2YLogdbi/view?usp=sharing,all,2
,9,Resilience/Negation,Finances,Mental Health,,Expensive Dinner,Your friends want to go out to celebrate one of their birthdays. They choose to eat at an expensive restaurant that is out of your price range. You feel like a bad friend because you can't afford to go.,"You decide to talk to your friends about it. They are very understanding, and they choose a more afforable place to eat. You feel proud for sticking up for yourself. ",Are you a good friend?,Yes ,,https://drive.google.com/file/d/1AaIWHmvou3Sgfp-66NqegxPqt6lA-9SY/view?usp=sharing,all,3
,10,Positive,Finances,,,Show Opportunity,"One of your favorite celebrities is doing a show near you, and you've been looking at tickets. Tickets for the show are more than you expected, and your paychecks haven't been as much as you were hoping. You decide that saving up is more important, and know that there will be another show in your area later for you to attend.",N/A,Are you upset about not going to the show?,No,Yes,https://drive.google.com/file/d/1eIU_nKJ0QOc8XPy4BK5sTlOzdsWp62uQ/view?usp=sharing,all,2
22,1,Write Your Own,Finances,,,Write Your Own,,,,,,,write your own,45
23,1,Write Your Own,Finances,,,Write Your Own,,,,,,,write your own,45
24,1,Write Your Own,Finances,,,Write Your Own,,,,,,,write your own,45
25,1,Resilience/Negation,Finances,Social Situations,,Fun Plans,"Your friends ask you to go out to dinner at a fancy restaurant with them this weekend. It is really expensive and you know you won't be able to afford it. When you picture yourself telling your friends that you can't go, you feel nervous.",N/A,Will your friends be upset that you can't go out to dinner?,No,,https://drive.google.com/file/d/18cLoBxquxdCG-Bu2BOxDQ5YPcrZOF1cn/view?usp=sharing,1,3
,2,Positive,Finances,Social Situations,,Social Function,"There is an upcoming community event to celebrate the end of the semester, and you really want to go. After expecting the event to you be free, you are surprised to learn that it will actually be very costly to attend. You decide to reach out to the event committee and reach a compromise. ",N/A,Will the event coordinator be understanding?,Yes,,https://drive.google.com/file/d/1vlJU-VMiYEl9wnZHcIoXPgxfa49YTcF4/view?usp=sharing,1,2
,3,Resilience/Negation,Finances,,,Planning Payments,"You have just started a new job, and need to select one of the retirement plans that your company offers. You have been doing some research into the different types of plans, but you feel a little overwhelmed and your deadline to choose is fast approaching. ","You do not see yourself making a big mistake, and think that the plan you choose will leave you in a financial position that is solid.",Do you think that you will choose a plan that is too risky?,No,Yes,https://drive.google.com/file/d/1KkME5KcZ5NgX_p332K2_-01OCdDxK5G3/view?usp=sharing,1,3
,4,Positive,Finances,Family & Home Life,,Fear of Disappointment,"You got offered a new job that you're really excited about. The new job is offering less money than your current job, and your partner made it clear that they want you to keep your current job. When you think about telling them your decision, you feel confident.",N/A,Is it okay to make a different decision than your partner would?,Yes,No,https://drive.google.com/file/d/1HZv-8lFYkd2Ea9iPDd8pHn91of9Yv6oS/view?usp=sharing,1,2
,5,Positive,Finances,Family & Home Life,,Financial Dependence ,"Your children have been relying on you financially, and you want them to start to be more independent. You know this is an important next step, but the thought of providing them less support is overwhelming. As you think to the future, you are confident that their financial independence will be possible. ",N/A,Will your children be able to be financially independent?,Yes,,https://drive.google.com/file/d/1i838ss7Y0rXlm4xW7ZUDdWYkvXkoMR9f/view?usp=sharing,1,2
,6,Positive,Finances,,,High Paying Jobs,"You are having dinner with your friends and you all end up talking about your salaries. Many of your friends make more money than you, and you wonder whether you should have chosen a different career. You remind yourself that you chose this path for a reason and you find your job fulfilling.",N/A,Is it bad that you make less money than  your friends?,No,Yes,https://drive.google.com/file/d/1vQDFA1q2B7-kGBTjDa6pcmQeERhzuoO9/view?usp=sharing,1,2
,7,Negative,Finances,,,Affording Education,"Your children are thinking about going to college, but you think you would have to take out a loan to help send them. You remember stories you have heard of people still paying their loans when they are in retirement. Imagining yourself in retirement, you think your loans will be outstanding.",,"You imagine that in retirement, you will probably be",Still burdened by your  loans.,Financially stable with your loans paid off.,https://drive.google.com/file/d/1SLIlpEwAlYywGSOzmfcgtN7_OZG7Kwcb/view?usp=sharing,1,3
,8,Positive,Finances,,,Saving for Repairs,"Your car needs important repairs. Your friends invite you to go out with them this weekend, but you need to save your money to pay for your car. You deny your friends' invitiation, and you feel okay. ",N/A,Did you make the right choice?,Yes,No,https://drive.google.com/file/d/1ho3hNNuBsI2_uM04efw2daW5FzUWG_Qk/view?usp=sharing,1,2
,9,Positive,Finances,Family & Home Life,,Unexpected Medical Visit ,"You recently had an unexpected medical visit. You and your spouse share an insurance plan, and you’re worried that your spouse will be concerned about finances if they see it on your insurance statement. If they ask you about it, you think they will be understanding. ",,Will your spouse be mad? ,No,Yes,https://drive.google.com/file/d/1yu9h9aas60Qlgw4LN5PXrYPCRmTlEye4/view?usp=sharing,1,2
,10,Positive,Finances,Family & Home Life,,Holiday Gifts,"A holiday that your family celebrates is coming up. You want to buy gifts for everyone, but you can't afford it. You decide to buy one gift for your family to share, and you think that it will be appreciated. ",,Will your family like your gift?,Yes,No,https://drive.google.com/file/d/1jWzJuwkqvTss1X1vO90z40f-28aw_x4n/view?usp=sharing,1,3
1,1 (30),Positive,Mental Health,,,Backpacking plans ,"You are backpacking abroad with your best friend. You have a general idea of what you will do each day, but you didn't plan out every detail ahead of time. This uncertainty causes some anxiety that is tolerable.",N/A,Is the spontaneity of your trip going to be tolerable?,Yes,,https://drive.google.com/file/d/1f5qTWC8jtwMEUJ0MUHDmDO68LGO10fFt/view?usp=sharing,1,3
,2 (50) ,Positive ,Mental Health,Family & Home Life ,,Locked door,"One morning you leave your house and begin to make your way to work. About 10 minutes into the commute, you wonder whether you remembered to lock the door to your home. As you continue your commute, you trust yourself and you feel relaxed.",N/A,"For the rest of your morning commute, you feel ...",At ease as you get to work.,Worried that you left the door to your home unlocked.,https://drive.google.com/file/d/1L06ap5ra_s6MnwpMX2bIkWHmxWYaUpYT/view?usp=sharing,1,3
,3 (148),Resilience/Negation,Mental Health ,Physical Health ,,Monday Morning ,"It's Monday morning and you are hurrying to your car to go to a meeting. You feel your heart racing as you open the car door and sit down. Fearing that you might have a panic attack, you have a strong urge to get out of the car, and yet you decide to observe these sensations without reacting and stay seated.",N/A,Is it necessary to get out of the car because you feel your heart beating rapidly?,No,,https://drive.google.com/file/d/1ho3hNNuBsI2_uM04efw2daW5FzUWG_Qk/view?usp=sharing,1,3
,4 (82) ,Positive ,Mental Health,,,A Moment of Forgetfulness,"You remembered that you need milk from the store, so on your way home, you stop to get it. When you walk into the store, you suddenly forget why you are there, which you find a bit troubling. You check your to-do list and decide you can still continue on with your day with confidence.",N/A,Did troubling thoughts prevent you from continuing on with your day?,No,,https://drive.google.com/file/d/1gGksBJBqx0NVoZuQlinZ_8PhY9nCshrZ/view?usp=sharing,1,3
,5 (338),Negative ,Mental Health,,,Haircut Headache,"Today you're taking staff pictures and you got a new haircut for it. It didn't turn out the way you wanted it to. When you think about others seeing your new haircut in the pictures, you feel embarrassed. ",N/A,Are others going to judge you when they see your haircut in the picture?,Yes,,https://drive.google.com/file/d/1hJ5jSFgD9p0YWah_M35D5-XX1eWGMlRm/view?usp=sharing,1,3
,6 (110) ,Positive ,Mental Health,,,A missed opportunity ,"You are driving home after a soccer game your team won. As your mind wanders, you think about the one goal that you missed. Overall, you consider your performance a success.",N/A,"Reflecting on the soccer game, you think that ...",You tried your best and played well. ,You played poorly. ,https://drive.google.com/file/d/1uGdlhPOjINPPVlp8zxh4007O9D8Ns_E9/view?usp=sharing,1,3
,7 (153),Positive ,Mental Health,,,New Style,"You go shopping at your favorite clothes store. You see an outfit that you love but do not believe it is right for your body type. After you get it and try it on, you want to buy it despite it not being something you typically wear. ","After battling with yourself in the dressing room, you find yourself feeling confident and wanting to wear it out so you purchase the new outfit.",Are you excited to wear your outfit to a party?,Yes,,https://drive.google.com/file/d/1JigHUpLu2fn945h0hTvVgiO8e2TV0Uue/view?usp=sharing,1,3
,8 (160) ,Resilience/Negation,Mental Health,,,Late night sensation,"It's the middle of the night and you wake up abruptly. As you sit up, you feel weird, like your mind isn't working right, and you start to think you might be going crazy. This thought frightens you, and you decide as you lay back down that you will just observe it.",N/A,Do you need to fight your strange feelings in order to make your anxiety go away?,No,,https://drive.google.com/file/d/1xOEaZdmjhMa1dZKtjfWM5xagfKuFXOER/view?usp=sharing,1,3
,9 (233),Positive ,Mental Health,,,Thinking about Flying,You're watching a TV show about people travelling to other countries. The idea of taking an airplane makes you feel anxious. You think you will deal with your anxiety successfully.,N/A,Are you able to tolerate your feelings of anxiety about airplanes? ,Yes,,https://drive.google.com/file/d/1wnxiRUTD_wAP7gp1JGI-BwXD0_dNvvjq/view?usp=sharing,1,3
,10 (170),Positive ,Mental Health,Academics/Work/Career Development,,A New Opportunity,You recently received an incredible promotion at your job. You suddenly feel that you didn't work hard enough to earn the opportunity. You think that you deserve the promotion.,,Should you pass up the promotion? ,No,,https://drive.google.com/file/d/1azOE2eRIrdOPl9AdAR61tTkqUFdsq0zB/view?usp=sharing,1,3
2,1 (341),Positive ,Mental Health,,,Trusting Yourself ,"You're working on a project with some coworkers. You give offer an idea to the group, and someone laughs and says that it's not good. While you're working on the project, you think that you're smart.",N/A,Do you think that you're dumb because you made a mistake?,No,,https://drive.google.com/file/d/1luHbcPLj4BFquei2XFd_e4PgL9z8fBaB/view?usp=sharing,1,3
,2 (551),Negative ,Mental Health,,,Feeling Numb,You have been dealing with some stressful situations recently. You are reflecting on the past few weeks and realize you haven't been very emotional which makes you think you've become numb. You remember that you've been coping well and likely have just kept your emotions stable.,N/A,Are you depressed?,No,,https://drive.google.com/file/d/1lb5unRFMzlCZwR4qVYPDwPXdw7evicTa/view?usp=sharing,1,3
,3 (446),Positive ,Mental Health,Romantic Relationships,,Ending Long Distance,"You and your partner have been dating long-distance for awhile and you're going to be living in the same place in just a few months. You’ve never lived in the same place before, and you’re not quite sure how this change could impact your relationship. Even though you feel a bit nervous, you know that this is normal. ",N/A,Is your nervousness a sign that your relationship won't work out? ,No,Yes,https://drive.google.com/file/d/1Ru0JGdcol-VHMMxsLk4QvR0ui9sqR1AV/view?usp=sharing,1,3
,4 (516),Positive ,Mental Health,,,Getting Help,"This semester, you've been feeling very down, and you haven't been enjoying your ususal activities. You wonder whether treatment would work for you, but you feel discouraged. As you think more about getting help, you think it would make you feel better.  ",N/A,Will getting help make you feel better?,Yes,,https://drive.google.com/file/d/1UBORN__WOk3N5lP4X-qA_lwYYhlyyYqS/view?usp=sharing,1,3
,5 (161) ,Resilience/Negation,Mental Health,Romantic Relationships,,Mental Health Issues,"You have not been feeling yourself lately and want to ask your partner for help. Though you trust them, you are struggling to find the right words to say. You decide to sit down with your partner and you feel confident. ",N/A,Will you partner be understanding?,Yes,No,https://drive.google.com/file/d/19tkKOjxJXXU6hQQdYTttU_SSuXpNfnkg/view?usp=sharing,1,3
,6 (159) ,Positive ,Mental Health,Romantic Relationships,,Mask Insecurities,"You have feelings for someone you work with and you have really been enjoying getting to know them. Now that masks are no longer required, you are feeling self-conscious and wondering if they are judging what you look like without a mask. You remind yourself that a mask does not change how much you enjoy each other's company.",N/A,Are you still fun to talk to without a mask?,Yes,No,https://drive.google.com/file/d/1FpwpZj9Xw_TP08acK0l00uxh8YNZ0jf8/view?usp=sharing,1,3
,7 (556),Positive ,Mental Health,,,Being a Parent,"You are spending some time with your young daughter over the weekend. Your daughter is very sweet, but sometimes you get frustrated with her and wonder how you two will get along in the future. When you think about your relationship with her as she grows up, you see yourself as being patient.",N/A,"When you think about your daughter growing up, you think that you will",Be supportive.,Lose your temper often.,https://drive.google.com/file/d/1l-0RqRBinZMdVZ2IJnJYWMKbDwph54bS/view?usp=sharing,1,3
,8 (447),Positive ,Mental Health,,,Trying Different Foods ,"You and your colleagues are at a restaurant. While your colleagues all order the same dish, you want to order something different and adventurous, but you're worried that they'll think it's weird or gross. You decide to order the dish anyways, and enjoy the new flavors.",N/A,Should you avoid trying new foods because your colleagues are not ordering it?,No,,https://drive.google.com/file/d/1s0nfHtbZGDMXBuEXJ9FB0ljT-8ykR7hx/view?usp=sharing,1,3
,9 (517),Resilience/Negation,Mental Health,,,Intrusive Thoughts,"Recently, you've noticed that you are having intrusive thoughts. These thoughts are disturbing to you, and you cannot believe that you are thinking such horrible things. You think that you are going crazy. ","After a while, you realize that they are just thoughts, and that they don't mean anything about you as a person. You think that you are not going crazy, and that you are a good person. ",Are you a bad person?,No,,https://drive.google.com/file/d/1lb5unRFMzlCZwR4qVYPDwPXdw7evicTa/view?usp=sharing,1,3
,10 (38),Positive,Mental Health,,,A missed opportunity ,"You are driving home after a soccer game your team won. As your mind wanders, you think about the one goal that you missed. Overall, you consider your performance a success.",N/A,"Reflecting on the soccer game, you think that ...",You tried your best and played well. ,You played poorly. ,https://drive.google.com/file/d/1uGdlhPOjINPPVlp8zxh4007O9D8Ns_E9/view?usp=sharing,1,3
3,1 (528),Positive,Mental Health,Academics/Work/Career Development,,Taking a Break,"You've been very busy the past few months, and you haven't had a lot of free time. You finally have a chance to rest, but you feel guilty that you're taking a break rather than completing work. You think that you deserve to relax. ",N/A,Should you do your work right now?,No,,https://drive.google.com/file/d/1OSRDlUvXTNnwLZlxsji3kxnfVjWLAKmD/view?usp=sharing,1,3
,2 (195),Resilience/Negation,Mental Health,Physical Health,,Trying New Foods,"Your new colleague brings some very spicy food to work for lunch and you wonder if you'll be OK eating it. After eating some, your face begins to sweat, and you can feel your heart beating in your chest. You decide to focus on the conversation, and you experience the rest of lunch as enjoyable.",N/A,You respond to the spicy food by...,Tolerating your heart racing and focusing on the conversation.,Continuing to worry about whether you have a medical issue.,https://drive.google.com/file/d/1fy6cbZwgERtFvVwovTW5yKZIRNqVSJzB/view?usp=sharing,1,3
,3 (264),Positive ,Mental Health,Romantic Relationships,,Ending Long Distance,"You and your partner have been dating long-distance for awhile and you're going to be living in the same place in just a few months. You’ve never lived in the same place before, and you’re not quite sure how this change could impact your relationship. Even though you feel a bit nervous, you know that this is normal. ",N/A,Is your nervousness a sign that your relationship won't work out? ,No,Yes,https://drive.google.com/file/d/1Ru0JGdcol-VHMMxsLk4QvR0ui9sqR1AV/view?usp=sharing,1,3
,4 (197),Resilience/Negation,Mental Health,,,A Moment of Forgetfulness,"You remembered that you need milk from the store, so on your way home, you stop to get it. When you walk into the store, you suddenly forget why you are there, which you find a bit troubling. You check your to-do list and decide you can still continue on with your day with confidence.",N/A,Did troubling thoughts prevent you from continuing on with your day?,No,,https://drive.google.com/file/d/1gGksBJBqx0NVoZuQlinZ_8PhY9nCshrZ/view?usp=sharing,1,3
,5 (518),Positive,Mental Health,Academics/Work/Career Development,,A big presentation,You are about to give an important presentation. You are anxious about it. This feeling makes you exhilarated.,N/A,Are you excited about the presentation?,Yes,,https://drive.google.com/file/d/1Isymza3G0kL57wzhqwxZgxIn5utKL9wO/view?usp=sharing,1,3
,6 (507),Positive ,Mental Health,,,Rainy Weather,You wake up and look out the window to see that it's rainy and gloomy out. You stay inside all day and when you look back on the day you realize you felt sad for most for it. You decide that it was probably because you were not able to go outside. ,N/A,Is today's sadness going to last forever?,No,,https://drive.google.com/file/d/1UejoAZIzw5j2-fZDO54rqRL0ITIi4iOf/view?usp=sharing,1,3
,7 (650),Negative,Mental Health,Academics/Work/Career Development,,Not Feeling Prepared,"In one of your meetings recently, your boss asks everyone to raise their hands if they've heard of a work technique before. When you look around, you notice the majority of your coworkers have their hands raised, but you don't. This makes you feel like you're not prepared to do the job.",N/A,Are your coworkers more prepared than you?,Yes,,https://drive.google.com/file/d/143F_jObaBvG1l77hgZir8HruiOBT9qcV/view?usp=sharing,1,3
,8 (530),Positive,Mental Health,Academics/Work/Career Development,,Managing Responsibilities,"You have started to volunteer at a local organization and have had a difficult time managing it with work. One of the volunteer leaders asked if you would be willing to help her out with a project outside of your usual responsibilities, and you are worried if she will be dissappointed if you say no. After thinking on it, you tell her that you can't help out with this project because of work, but are willing to help out on the next one.",N/A,Is it okay to turn down additional responsibility?,Yes,,https://drive.google.com/file/d/1mnjPZpYIVahZEm1gr4Zu9gKZfMCjl2Tk/view?usp=sharing,1,3
,9 (649),Positive,Mental Health,Romantic Relationships,,Awkward Conversations,"You invited your spouse to hang out with you and your friends so everyone could get to know each other. As it got later, your spouse brought up a controversial topic and your friends seemed unsure about how to respond. You know that your friends recognize that many people, including you and your spouse, have different opinions.",N/A,Will your friends judge you because of your spouse?,No,Yes,https://drive.google.com/file/d/1pYBPEve_C1A0Zcgr6watuakBnO3MOszX/view?usp=sharing,1,3
,10 (448),Positive ,Mental Health,,,Voicing Your Opinion ,"Your coworkers are talking about a current issue and you realize you have a different opinion than them. You want to express it, but worry if they will judge you. You decide that it is better to be honest.",N/A,Should you avoid adding on to the conversation?,No,,https://drive.google.com/file/d/14E87lNQCbYQYaw2WEZUgqpLVllxzh0qo/view?usp=sharing,1,3
4,1 (519),Positive ,Mental Health,Family & Home Life,,Views Towards Therapy,"You have been going to therapy lately. You haven't told your family because they have expressed negative views of therapy in the past. You think that this time, they will be supportive. ",N/A,Will your family accept you going to therapy?,Yes,,https://drive.google.com/file/d/1oOjp17AzniUmJnuYe-gQ8IiWi4W8RJ71/view?usp=sharing,2,3
,2 (446),Positive ,Mental Health,,,Change of Plans,"You decide to take a job offer in a different office. Many members of your old coworkers still do not know about this decision, and you worry about them being dissappointed about it. You think that they will be happy that you are finally following your passions.",N/A,Will your coworkers be dissappointed because of your new job?,No,,https://drive.google.com/file/d/15JLTnj5zhDkQ3CWNpfiDS51ykFhKEhI1/view?usp=sharing,2,3
,3 (223),Resilience/Negation,Mental Health,Academics/Work/Career Development,,Feeling Called Out,"Your boss catches you texting during your weekly meeting and calls you out for not paying attention. You don't like when people are mad at you, but you know that your boss will say something to you at the end of the meeting. For the rest of the meeting, you feel anxious.","When the meeting is over, your boss understands that there may be other important matters, but the weekly meeting is a small chunk of your time. You think your boss is nice.",Was your boss rude to point out your distraction?,No,Yes,https://drive.google.com/file/d/1fZ5gwS6hpP38y6RtFHzIC7gnpeeFtrLF/view?usp=sharing,2,3
,4 (497),Positive ,Mental Health,Academics/Work/Career Development,,Looking at your Qualifications,"You are in a new town and need to start applying for jobs. You start looking at the qualifications for jobs and even though you've worked hard to put together you're resume, you wonder if it will be enough. You look back on your accomplishments and know that you've done more than enough.",N/A,Are you qualified for these new jobs?,Yes,,https://drive.google.com/file/d/1ukTeswERZcv2VvawZpW961W0jlu_DqhX/view?usp=sharing,2,3
,5 (550),Positive ,Mental Health,,,Insightful Email,"During a meeting today, you have a thought that you think is really insightful. You didn't get the chance to bring it up in the meeting, but you want to email your department head about it. When you send the email, you feel proud of yourself for sharing your thoughts.",N/A,Was your thought worth sharing?,Yes,,https://drive.google.com/file/d/1azOE2eRIrdOPl9AdAR61tTkqUFdsq0zB/view?usp=sharing,2,3
,6 (674),Negative,Mental Health,Academics/Work/Career Development,,Working to Get Ahead,"You have just been given a job in an office that you really admire. To eventually receive the promotion you want, you know that you will have to work very hard for several years and the outcome is uncertain. As you envision your likely position in the company down the road, you expect the job you want will be given to someone else.",,The future you see for yourself is,Being stuck in a position below the one you've always envisioned.,Having the position you want in the office you admire.,https://drive.google.com/file/d/1iFL-df-zgCCAJLsGw8Thh-FkkGSlVrbM/view?usp=sharing,2,3
,7 (299),Positive,Mental Health,Romantic Relationships,,Mask Insecurities,"You have feelings for someone you work with and you have really been enjoying getting to know them. Now that masks are no longer required, you are feeling self-conscious and wondering if they are judging what you look like without a mask. You remind yourself that a mask does not change how much you enjoy each other's company.",N/A,Are you still fun to talk to without a mask?,Yes,No,https://drive.google.com/file/d/1FpwpZj9Xw_TP08acK0l00uxh8YNZ0jf8/view?usp=sharing,2,3
,8 (496),Positive ,Mental Health,Social Situations,,Accepting Praise,"Over the weekend, you caught up with some old friends. You told them about the job you're doing and they make comments about how smart you must be, but you don't think the job is that special. You allow yourself to feel proud of what you're working on either way.",N/A,Are you proud of the work you're doing?,Yes,,https://drive.google.com/file/d/1RZKgj6SgXHvcTwD5hi3tDnL24akXydT0/view?usp=sharing,2,3
,9 (549),Resilience/Negation,Mental Health,,,Your Bowling Skills,"You have been bowling in a recreational league with some friends for the past few years. You have improved since you started, but you aren't as skilled as you would like to be yet.","When you think about yourself in the years to come you don't think your bowling skills will have plateaued, and you see your bowling skills as strong.",Do you think you will end up bowling at a high level?,Yes,No,https://drive.google.com/file/d/1oSLgkDZVNtoSTo-1lqoKPGD_AvvZLCdO/view?usp=sharing,2,3
,10 (290),Positive ,Mental Health ,,,An international flight,"You are going on a trip to another country. During the flight, you look out the window and realize you've never been so far above the ocean. You feel thrilled.",N/A,Is it exhilarating to be so high up?,Yes,,https://drive.google.com/file/d/1GYk2FDBdJrt2X79wPnOBoOZF2QH6AcbW/view?usp=sharing,2,3
5,1 (291),Positive ,Mental Health,Family & Home Life ,,Monday Phone Call,"Every Monday you call your parent to say hello. Today is Monday, and they did not pick up the phone when you called, which is unusual. Your parent probably did not answer the phone because they are busy.",N/A,Is your parent unable to talk because they are ill?,No,,https://drive.google.com/file/d/1VKdf9frnu773HFSGrvavtdHyGsg0A04S/view?usp=sharing,2,3
,2 (506),Positive ,Mental Health,,,Climbing a Mountain,"You are on a hike with a group of friends and everyone you're with wants to go up a pretty tall mountain. As you climb the mountain, you look down and feel your stomach drop. You think that this hike will be exciting.",N/A,Were you able to overcome your anxiety and enjoy the thike? ,Yes,,https://drive.google.com/file/d/1gYGD8SnyvMsNgSmeWgF1xZiAFm5Pllca/view?usp=sharing,2,3
,3 (668),Negative,Mental Health,Academics/Work/Career Development,,Reviewing Your Work ,"You have been called in for a performance review with your boss. Overall, you do good work, but you know your boss has noticed some errors recently. As you prepare for the review, you think that your meeting will probably focus on your shortcomings.",,"You think that during your performance review, your boss is likely to say","""These slip ups are simply unacceptable at this point!""","""I'm still very happy with the work you've been doing.""",https://drive.google.com/file/d/1EAYPVHFKPfUOp3vNgYgsrQGqdKFYW-a8/view?usp=sharing,2,3
,4 (30),Positive,Mental Health,,,Backpacking plans ,"You are backpacking abroad with your best friend. You have a general idea of what you will do each day, but you didn't plan out every detail ahead of time. This uncertainty causes some anxiety that is tolerable.",N/A,Is the spontaneity of your trip going to be tolerable?,Yes,,https://drive.google.com/file/d/1f5qTWC8jtwMEUJ0MUHDmDO68LGO10fFt/view?usp=sharing,2,3
,5 (171),Resilience/Negation,Mental Health,Physical Health,,Hot day,"Returning home on a very hot day, you quickly drink a large glass of water. You soon feel abnormally full and a bit sick to your stomach. This feeling is surprising and uncomfortable, but you realize that it is something you can simply observe.",N/A,You responded to the feelings of sickness in your stomach by ...,Observing the sensations without doing anything.,Panicking about the sensations and calling an ambulance.,https://drive.google.com/file/d/1zIU7R9B0aDdb2iU_AHp4YbObnLDAts0M/view?usp=sharing,2,3
,6 (452),Positive ,Mental Health,,,Canceling on Friends ,"You've been feeling run down lately and cancel on plans that you made with your friends. Your friends express frustration, saying that they planned this a long time ago and were looking forward to seeing you. You think that you made the best decision for yourself. ",N/A,Are you glad you canceled your plans to rest?,Yes,,https://drive.google.com/file/d/1WuPmRt-VoQfR_ZkT1nzIhMKeljNVUJMz/view?usp=sharing,2,3
,7 (296),Positive,Mental Health,Physical Health,,Dry Mouth,You have experienced dry mouth for a few days. This is something you haven't felt before. The likelihood that dry mouth means a serious health problem is low.,N/A,Does your dry mouth signal that you are ill?,No,,https://drive.google.com/file/d/1eG4x0HMf4jIlTARyW3hf9EE8Q_PSqHPE/view?usp=sharing,2,3
,8 (498),Positive ,Mental Health,,,Feeling sick on a hot day,"Returning home on a very hot day, you quickly drink a large glass of water. You soon feel abnormally full and a bit sick to your stomach. This feeling is uncomfortable. ","Though you do not enjoy this sensation, you realize that it is something that will pass naturally with time.",You responded to the feelings of sickness in your stomach by ...,Observing the sensations without doing anything.,Panicking about the sensations and calling an ambulance.,https://drive.google.com/file/d/1zIU7R9B0aDdb2iU_AHp4YbObnLDAts0M/view?usp=sharing,2,3
,9 (355),Resilience/Negation,Mental Health,Romantic Relationships,,Putting Yourself Out There,"You and your significant other have been caught up on your own responsibilities recently, and you feel as though you're drifting apart. You decide to plan a dinner date with them, to spend some quality time just the two of you. At dinner, you feel as though you're starting all of the conversations, and your partner seems uninterested. ","You decide to share how you're feeling with them, and they tell you they've just been tired from work and home responsibilities, and didn't realize how much it was affecting your relationship. You feel relieved.  ",Is your relationship okay?,Yes,No,https://drive.google.com/file/d/175t4xW0IN99gRfCfKY3yXEMDERREEH5-/view?usp=sharing,2,3
,10 (370),Positive ,Mental Health,,,Instagram Post Feedback ,"You just received recognition for a project you worked on. You’ve only received congratulations from a few people, and by now you thought you’d have more reactions. You wonder if people aren't congratulating you because they are busy.",N/A,Are people not congratulating you because they think you don't deserve it?,No,,https://drive.google.com/file/d/1L1p8TyeiPTeDnfjsltL5yYI2aKvNNO9w/view?usp=sharing,2,3
6,1 (50),Positive ,Mental Health,Romantic Relationships,,Mental Health Issues,"You have not been feeling yourself lately and want to ask your partner for help. Though you trust them, you are struggling to find the right words to say. You decide to sit down with your partner and you feel confident. ",N/A,Will you partner be understanding?,Yes,No,https://drive.google.com/file/d/19tkKOjxJXXU6hQQdYTttU_SSuXpNfnkg/view?usp=sharing,2,3
,2 (659) ,Negative,Mental Health,Academics/Work/Career Development,,Achieving Your Goals,"You would like to apply for a higher position at your job and further your skills. You know that the process of getting selected is rigorous, but you feel very passionate about achieving this goal and have worked hard to make yourself a good employee. You feel that your chances of getting this new job are slim.",,You believe that you will probably,"Not end up fulfilling your dreams, and feel disappointed with where you end up.",Get the job and advance your career even further. ,https://drive.google.com/file/d/1mrbFakYThg_L8kgL1XKMSA2sHZ2fCEJy/view?usp=sharing,2,3
,3 (218),Positive,Mental Health,Academics/Work/Career Development,,Using Different Technology,"You recently replaced your laptop and had to go with a cheaper option. Your boss asks you to complete a project that will require an application that your new computer doesn’t have. When you think about completing your work for this project, you feel capable.",N/A,Do you feel capable of completing the work for this project?,Yes,,https://drive.google.com/file/d/1GCrKOzwl1UC_Ekj6ZbzSSgZLWAASM60G/view?usp=sharing,2,3
,4 (172),Resilience/Negation,Mental Health,Physical Health,,Cardio with friend,"It's Wednesday night and your friend convinces you to take a high-intensity cardio class. About halfway through you stop exercising, because you feel you can't catch your breath. As you begin to have anxious thoughts about passing out, you decide to simply notice them.",N/A,"When feeling like you can't catch your breath, it is helpful to ...",Just observe your anxious thoughts and sensations without judgment.,Judge your breathlessness as bad or harmful.,https://drive.google.com/file/d/1VlsI9LlwAnuIBOVvXzcOaRgcOTFzDdfO/view?usp=sharing,2,3
,5 (444),Positive ,Mental Health,Social Situations,,Early Morning,You just started a new job and some friends from work want to take you to a party tonight. You let them know that you have to be up early tomorrow morning for an important event and that you can't go with them and they seem disappointed. You think that your new friends will respect your decision to put your needs first.,N/A,Do your friends judge you for not going out with them?,No,,https://drive.google.com/file/d/1Zc-4xffN0v0XdDSXW-x1NAACedZAqgXQ/view?usp=sharing,2,3
,6 (170),Positive ,Mental Health,,,Favorite watch ,"You are out to dinner and realize that you are not wearing your favorite watch. You don't remember taking it off earlier but think it is probably where you always keep it. You become a little anxious thinking about where the watch is, and your dinner ends up being enjoyable.",N/A,Is the dinner miserable while you worry about the watch?,No,,https://drive.google.com/file/d/1rZmwzVLqwav8NQcIfkgyiLKeBOdqSS-y/view?usp=sharing,2,3
,7 (403),Positive,Mental Health,Social Situations,,An Invitation,"You invite your supervisor to an event this weekend. You're the only one of your friends that's close with their supervisor and are unsure of how others will percieve you. As you get ready for the event, you feel happy.",,Are you happy to have your supervisor come to your school event? ,Yes,,https://drive.google.com/file/d/1b0lHedBVO7x_rukR1faGc_vfaGCmTSgj/view?usp=sharing,2,3
,8 (436),Positive,Mental Health,Social Situations,,Time to Yourself,"Your favorite part of the day is winding down to eat dinner. When you start making dinner, you realize that you've been eating alone a lot recently, and you feel sad. You decide you are okay with this fact, as it gives you time to reflect on your day.",,Are you okay with eating dinner alone?,Yes,,https://drive.google.com/file/d/18ON-daCCgtQApC9SVxzPUIsZEHK2kZJK/view?usp=sharing,2,3
,9 (356),Resilience/Negation,Mental Health,Social Situations,Romantic Relationships,Pool Time,"You and your partner are on vacation and decide to spend time at the pool, and you notice you forgot to pack sunscreen.  Your partner specifically reminded you to pack the sunscreen before leaving the hotel room. Recently, you and your partner have been fighting more than usual, and you think your partner will be angry. ","You apologize to your partner, and volunteer to go get sunscreen somewhere. Your partner thanks you for going, and is not upset. ",Is your partner mad at you?,No,Yes,https://drive.google.com/file/d/14PpW4hP6WC0D2w8vTG9u7dihy5qj4aKs/view?usp=sharing,2,3
,10 (309),Positive ,Mental Health,Social Situations,,Inside Jokes,You post a short video. Your best friend comments something really embarassing. Your followers will think that you and your friend are close.,N/A,Do others judge you for your friend's comment on your post?,No,,https://drive.google.com/file/d/1828HR7oyHuDJpNFSn5JmLlYAZ24vA7x7/view?usp=sharing,2,3
7,1 (649),Positive,Mental Health,Finances,,Affording a Trip,"You have been feeling really overwhelmed and drained recently and want to go on a trip to take a break. When you look into flights, you realize that the cost of a trip may be totally out of your budget. You remind yourself you can go for a short trip somewhere nearby and still have fun. ",,Can you still take time for yourself on a budget?,Yes,No,https://drive.google.com/file/d/1ITdnDbj3DvjZZDphPp_I5FrO9KSr9X3j/view?usp=sharing,all,3
,2 (110),Positive ,Mental Health,,,A missed opportunity ,"You are driving home after a soccer game your team won. As your mind wanders, you think about the one goal that you missed. Overall, you consider your performance a success.",N/A,"Reflecting on the soccer game, you think that ...",You tried your best and played well. ,You played poorly. ,https://drive.google.com/file/d/1uGdlhPOjINPPVlp8zxh4007O9D8Ns_E9/view?usp=sharing,all,3
,3 (648),Resilience/Negation,Mental Health,Physical Health,,In A Hurry,"It's Monday morning and you are hurrying to your car to go to a meeting. You feel your heart racing as you open the car door and sit down. Fearing that you might have a panic attack, you have a strong urge to get out of the car.","Instead of leaving the car, you decide to observe these sensations without reacting and stay seated.",Is it necessary to get out of the car because you feel your heart beating rapidly?,No,,https://drive.google.com/file/d/1Y7spXd94W33NXmmL5txT15RrsKsKPdu7/view?usp=share_link,all,3
,4 (530),Positive,Mental Health,Academics/Work/Career Development,,Managing Responsibilities,"You have started to volunteer at a local organization and have had a difficult time managing it with work. One of the volunteer leaders asked if you would be willing to help her out with a project outside of your usual responsibilities, and you are worried if she will be dissappointed if you say no. After thinking on it, you tell her that you can't help out with this project because of work, but are willing to help out on the next one.",N/A,Is it okay to turn down additional responsibility?,Yes,,https://drive.google.com/file/d/1mnjPZpYIVahZEm1gr4Zu9gKZfMCjl2Tk/view?usp=sharing,all,3
,5 (666),Resilience/Negation,Mental Health,Physical Health,,Exercise Class with Friend,"It's Wednesday night and your friend convinces you to take a high-intensity cardio class. About halfway through you stop exercising, because you feel you can't catch your breath. You worry you might faint.","As you begin to have anxious thoughts about passing out, you decide to simply notice them.","When feeling like you can't catch your breath, it is helpful to ...",Just observe your anxious thoughts and sensations without judgment.,Judge your breathlessness as bad or harmful.,https://drive.google.com/file/d/1VlsI9LlwAnuIBOVvXzcOaRgcOTFzDdfO/view?usp=sharing,all,3
,6 (255),Positive,Mental Health,Social Situations,Physical Health,Friend in the Hospital,"You get a text from a friend that they are in the hospital, but they don't tell you why. You start to worry about whether they're going to be OK. As you think about your friend, you feel calm.",N/A,Will your friend probably be OK? ,Yes,,https://drive.google.com/file/d/1orHJdZcvNDmtHi2FCrQ29bBopJCgLT5D/view?usp=sharing,all,3
,7 (504),Positive ,Mental Health,Academics/Work/Career Development,,Applying to Jobs,"You applied to a job a few weeks ago and just got a response. They tell you they already filled the position, and you feel like you are not smart enough. You think that in the future, you will get a job.",N/A,Will you be offered another job in the future?,Yes,,https://drive.google.com/file/d/12wCJ5Ffbo2FQWJoyCCjGdJUCGOFpqs8y/view?usp=sharing,all,3
,8 (557),Negative ,Mental Health,,,Being a Parent,"You are spending some time with your young daughter over the weekend. Your daughter is very sweet, but sometimes you get frustrated with her and wonder how you two will get along in the future. When you think about your relationship with her as she grows up, you see yourself as being frustrated.",N/A,"Thinking about your future relationship with your daughter, you see yourself",Being stressed because of her.,Having a loving relationship with her.,https://drive.google.com/file/d/1l-0RqRBinZMdVZ2IJnJYWMKbDwph54bS/view?usp=sharing,all,3
,9 (153),Positive ,Mental Health,Social Situations,,Office Talk,"You are having a discussion with your boss in their office, which is a little anxiety-provoking for you. You think about ending the discussion early. After a brief pause, you decide to stay.",N/A,Are you able to continue the discussion with your boss?,Yes,,https://drive.google.com/file/d/1EVK1YWntA3eHXiFL5ok7Rw3ZBpkKE_D7/view?usp=sharing,all,3
,10 (658),Positive,Mental Health,Romantic Relationships,,Mental Health Resources,"Recently, your partner has been struggling with their mental health. You want to help them, but you don’t know how. You decide to do research on possible resources you can share to be supportive. ",N/A,Are you able to help your partner? ,Yes,No,https://drive.google.com/file/d/1mYChKyj4d1Uajhz-EYP_YMVD5Fr5s6MH/view?usp=sharing,all,3
8,1 (667),Positive,Mental Health,Finances,,Treating Yourself,"You've had a lot going on recently, and haven't felt like yourself. You want to treat yourself to something you enjoy, but you aren't sure you have room in your budget. You decide to buy yourself something small that you can definitely afford.",,Are you able to treat yourself?,Yes,No,https://drive.google.com/file/d/1zr-ojLmvOUbAd2xJRvcq3QG2d7z_oRgu/view?usp=sharing,all,3
,2 (657),Resilience/Negation,Mental Health,Physical Health,,Feeling sick on a hot day,"Returning home on a very hot day, you quickly drink a large glass of water. You soon feel abnormally full and a bit sick to your stomach. This feeling is uncomfortable. ","Though you do not enjoy this sensation, you realize that it is something that will pass naturally with time.",You responded to the feelings of sickness in your stomach by ...,Observing the sensations without doing anything.,Panicking about the sensations and calling an ambulance.,https://drive.google.com/file/d/1zIU7R9B0aDdb2iU_AHp4YbObnLDAts0M/view?usp=sharing,all,3
,3 (376),Positive,Mental Health,Social Situations,,Having People Over,"You notice your home is smaller and not as spacious as the homes of others that you know. Your coworkers have never been to your place, but want to come over. You think their reaction to your home will be respectful.",,Will your coworkers judge your home?,No,,https://drive.google.com/file/d/1cta4lpPhoahfL1nlRrl3fYCs86bhsNjd/view?usp=sharing,all,3
,4 (503),Positive ,Mental Health,,,Running Late,"You wake up and realize that you're late for your first online meeting of the day. You log into the meeting and when you do, your supervisor stops talking. You apologize for being late in the chat, and spend the rest of the meeting feeling calm.",N/A,Are you anxious for the rest of the meeting because you were late?,No,,https://drive.google.com/file/d/11hkKoc95B-7-zuWUGB6ZlYkbaj1oMxzZ/view?usp=sharing,all,2
,5 (515),Positive ,Mental Health,Social Situations,,Feeling Anxious,"This semester, you've been feeling very anxious, and you haven't been able to enjoy your life without worrying. You wonder what people in you life would think of you if you got help. You think that they would consider you to be brave. ",N/A,Would the people in your life support you getting help?,Yes,,https://drive.google.com/file/d/1UBORN__WOk3N5lP4X-qA_lwYYhlyyYqS/view?usp=sharing,all,3
,6 (195),Resilience/Negation,Mental Health,Physical Health,,Trying New Foods,"Your new colleague brings some very spicy food to work for lunch and you wonder if you'll be OK eating it. After eating some, your face begins to sweat, and you can feel your heart beating in your chest. You decide to focus on the conversation, and you experience the rest of lunch as enjoyable.",N/A,You respond to the spicy food by...,Tolerating your heart racing and focusing on the conversation.,Continuing to worry about whether you have a medical issue.,https://drive.google.com/file/d/1fy6cbZwgERtFvVwovTW5yKZIRNqVSJzB/view?usp=sharing,all,3
,7 (490),Positive ,Mental Health,Academics/Work/Career Development,,Unfinished Work ,"You had a very busy day, and were not able to get all of your tasks done. At dinner, your partner brags about how they finished everything on their to-do list. Thinking about whether you can complete your work tomorrow, you feel confident.",N/A,Will you get everything done?,Yes,,https://drive.google.com/file/d/1b4FsJv5cKIMQtEO-gCgq-Ezc9XEaINoP/view?usp=sharing,all,3
,8 (658),Positive,Mental Health,Academics/Work/Career Development,,A New Opportunity,You recently received an incredible promotion at your job. You suddenly feel that you didn't work hard enough to earn the opportunity. You think that you deserve the promotion.,,Should you pass up the promotion? ,No,,https://drive.google.com/file/d/1azOE2eRIrdOPl9AdAR61tTkqUFdsq0zB/view?usp=sharing,all,3
,9 (368),Negative,Mental Health,Social Situations,,Social Media Comments,"You decide to email your department promoting something important to you. Someone responds rudely because they misinterpreted what you wrote. You wonder what this person thinks about you, and feel worried.",,Are you anxious about what the person thinks about you? ,Yes,,https://drive.google.com/file/d/1azOE2eRIrdOPl9AdAR61tTkqUFdsq0zB/view?usp=sharing,all,3
,10 (445),Positive ,Mental Health,,,Your Own Style,"You made plans with a group of friends to go out to dinner on a Friday night. When they come to pick you up, you see that they are dressed casually, but you decided to dress up a bit, and you think they might judge you. You decide that you like what you're wearing, and go to dinner happy. ",N/A,Do you change your outfit because of what your friends are wearing?,No,,https://drive.google.com/file/d/12vpSXXIvh5O51Xf7jc-cr6cnonOEz7zw/view?usp=sharing,all,3
9,1 (449) ,Positive ,Mental Health,,,Speaking Up,"During a meeting, your boss puts you in a group of colleagues to solve a complicated issue. You have an idea you think might work, but you wonder whether it is too simplistic. As you consider whether to share your idea, you decide to give it a shot.",N/A,Will you share your idea?,Yes,,https://drive.google.com/file/d/1ZodO1F5ZuiDVjiFxjsv5k2GCuLpQwIRf/view?usp=sharing,all,3
,2 (509),Resilience/Negation,Mental Health,Academics/Work/Career Development,,Sitting in a Meeting,You are in an important meeting and you need to pay attention. Halfway through the meeting you realize you have been zoning out and don't know what is going on. You think something must be wrong with you.,"You take a few sips of water and start to feel more awake, remembering that you didn't get as much sleep as usual last night. You decide you are just tired.",Is your zoning out a sign of something wrong with your brain?,No,,https://drive.google.com/file/d/10fLWhto09ulpTOoQ_oICa06UK6vWzttW/view?usp=sharing,all,3
,3 (556),Positive ,Mental Health,Romantic Relationships,,Opening Up,"You've recently been feeling more anxious than usual, and this is affecting your ability to do things with your partner. You've never told your partner about your anxiety, and you wonder if they'll judge you for it. When you talk to your partner about your mental health, you expect them to be understanding.",N/A,Will you tell your partner about your anxiety?,Yes,No,https://drive.google.com/file/d/1eMO9UApj4OCdb7IaK2GYOqq_Luhll7U6/view?usp=sharing,all,3
,4 (493),Positive ,Mental Health,Academics/Work/Career Development,,Being in Charge,"You recently were elected to be in charge of a group of people new to your job. When you meet the other people in charge of groups, you feel as though you didn't work as hard as they did, and don't deserve this position. You take a minute to think about what you give to your job, and realize that you've been giving all you could, and people definitely noticed this.",N/A,Do you feel like you deserve your position in your job?,Yes,,https://drive.google.com/file/d/1cCdFnGwW1dNBLOO7cPWVry3DULHFtlcc/view?usp=sharing,all,3
,5 (377),Negative,Mental Health,Social Situations,,Sharing Favorite Shows,"You are talking with a group of coworkers about TV shows. When you say what you like about an old TV show that you just discovered, no one responds. They probably think that you are weird.",,Do your coworkers judge you for what you said about the TV show? ,Yes,,https://drive.google.com/file/d/1opDxSogFwDYpEb5PGw4jTADE96Y2WtG7/view?usp=sharing,all,3
,6 (219),Positive,Mental Health,Family & Home Life,,Stuck in the Middle,"You’re at home reading a book when you hear members of your household fighting. You wonder why they are yelling at each other, and then one of them says your name. You realize that the reason why they’re arguing is probably not your fault.",N/A,Is it your fault that they are fighting?,No,,https://drive.google.com/file/d/1ftgcSnzMhpFI41H8c5OD_1qoWZWEzBP2/view?usp=sharing,all,3
,7 (161),Resilience/Negation,Mental Health,Social Situations,,Driving flashback,"You are driving to a friend's house in the town you previously lived in. When you arrive at the entrance, you have a strong flashback to when you used to visit this house many years back. You start to feel anxious about being disoriented, and you decide that what you will do about these feelings is to just let them pass.",N/A,"When you feel disoriented, it is helpful to ...",Simply observe and accept the feelings.,Get anxious about feeling disoriented.,https://drive.google.com/file/d/111tmTqhti30waD2ToHBnhDXMWZr6Fiv3/view?usp=sharing,all,3
,8 (502),Positive ,Mental Health,Academics/Work/Career Development,,Teaching Others,"You have been selected to lead a training class for new employees. The leader before you was extremely well liked, and you worry you won't be able to live up to others' expectation of the course. You remember that you know the material well, and when you think about leading the course, you are hopeful.",N/A,Will you lead the course well?,Yes,,https://drive.google.com/file/d/1C5L6fKZvsuJRuh2QnDj4U7_d1_Djs1Rr/view?usp=sharing,all,3
,9 (272),Positive,Mental Health,Social Situations,,Party with Friends,You're at a party with some friends and some of them are doing things you're uncomfortable with. You decide not to participate. Your friends think that you are normal.,N/A,Do your friends think you're uncool for not participating?,No,,https://drive.google.com/file/d/1ooVd4XP2M8uvAgD3jqy3SN9TjXcZXBCO/view?usp=sharing,all,3
,10 (341),Positive ,Mental Health,,,Trusting Yourself ,"You're working on a project with some coworkers. You give offer an idea to the group, and someone laughs and says that it's not good. While you're working on the project, you think that you're smart.",N/A,Do you think that you're dumb because you made a mistake?,No,,https://drive.google.com/file/d/1luHbcPLj4BFquei2XFd_e4PgL9z8fBaB/view?usp=sharing,all,3
10,1,Write Your Own,Mental Health,,,Write Your Own,,,,,,,write your own,45
11,1,Write Your Own,Mental Health,,,Write Your Own,,,,,,,write your own,45
12,1,Write Your Own,Mental Health,,,Write Your Own,,,,,,,write your own,45
13,1 (450) ,Positive ,Mental Health,,,New Outfit,"You put on a new outfit in the morning before leaving for the day. In the middle of the day, you notice you feel a bit different in this new outfit. You love this feeling and are happy you chose to wear the outfit. ",N/A,Are you happy with the new outfit you chose?,Yes,,https://drive.google.com/file/d/1Tj_Fffv-Mc7x6_jQoPut_j9SUCcoydah/view?usp=sharing,1,3
,2 (347),Positive,Mental Health,Academics/Work/Career Development,,Waking Up Ready,"As you're finishing a project at midnight, you realize you still have a couple of tasks left. You plan to wake up a little early to finish them before your important 9 am deadline. While you're setting your alarm and thinking about your plan, you feel confident.",,Are you anxious about your plan to finish your tasks in the morning?,No,,https://drive.google.com/file/d/1C9qzCVMZ7rrXL8Njc7rKFEyQWGercs6i/view?usp=sharing,1,3
,3 (492),Negative,Mental Health,,,Haircut Headache,"Today you're taking staff pictures and you got a new haircut for it. It didn't turn out the way you wanted it to. When you think about others seeing your new haircut in the pictures, you feel embarrassed. ",N/A,Are others going to judge you when they see your haircut in the picture?,Yes,,https://drive.google.com/file/d/1hJ5jSFgD9p0YWah_M35D5-XX1eWGMlRm/view?usp=sharing,1,3
,4 (399),Positive,Mental Health,Social Situations,,Trying Out a Funny Caption,You are trying come up with a closing for an email to send to your coworkers. You come up with a joke that your closest friends will love. Your coworkers will think it's funny.,,Are you worried what your followers will think of your joke?,No,,https://drive.google.com/file/d/1828HR7oyHuDJpNFSn5JmLlYAZ24vA7x7/view?usp=sharing,1,3
,5 (458),Positive ,Mental Health,,,Presentation Practice ,"You have a big presentation coming up soon. You fear that you will be unable to present it accurately, so you dedicate a few hours the weekend before to practice. You ask your friend to come and listen to your presentation to receive feedback. When you are finished, your friend tells you that you did a really good job and that you will do well in front of the crowd. ",N/A,Do you think that you are well prepared? ,Yes,,https://drive.google.com/file/d/1VHq_c_pitRRiOT_VNDOFpOt_UvMiKJgv/view?usp=sharing,1,3
,6 (173),Resilience/Negation,Mental Health,Physical Health,,Swimming laps,"It's Sunday morning and you are swimming laps at the pool. After a couple of laps you feel out of breath and decide to break for a minute at the end of the lane. Gasping for breath makes you feel anxious, and you want to stop swimming.","You decide that these sensations are tolerable, and you resume.",Did you keep on exercising despite feeling anxious?,Yes,,https://drive.google.com/file/d/1VALnSYTdN8clzOrVZO4oEh1vWMUO7WgK/view?usp=sharing,1,3
,7 (520),Positive,Mental Health,,,Deciding to Share a Picture,"You take a picture of a coworker at an event that is really great. You want to show your other coworkers in an email but remember that you just sent out an email yesterday. If you email again, you think people won't  notice.",N/A,Do your coworkers think it's strange that you emailed two days in a row?,No,,https://drive.google.com/file/d/1Ev1HphDd6ARyBxl2_PUoyWxWlfAh9n7F/view?usp=sharing,1,3
,8 (158),Positive ,Mental Health,Academics/Work/Career Development,,Evaluation results,"The window for staff evaluations just closed, and you are not sure whether you did well or not. You feel nervous as you think about how other people graded you. You think being nervous is manageable.",N/A,Can you tolerate your nervousness as you wait to find out your evaluation?,Yes,,https://drive.google.com/file/d/1wsTsWXkjfok0Sn3yNthn2D51nUUgPfAo/view?usp=sharing,1,3
,9 (160),Resilience/Negation,Mental Health,,,Late night sensation,"It's the middle of the night and you wake up abruptly. As you sit up, you feel weird, like your mind isn't working right, and you start to think you might be going crazy. This thought frightens you, and you decide as you lay back down that you will just observe it.",N/A,Do you need to fight your strange feelings in order to make your anxiety go away?,No,,https://drive.google.com/file/d/1xOEaZdmjhMa1dZKtjfWM5xagfKuFXOER/view?usp=sharing,1,3
,10 (451),Positive ,Mental Health,,,Night Out,You are getting ready for a night out. You notice that you have a big pimple on your cheek. You feel beautiful. ,N/A,Do you think you look good?,Yes,,https://drive.google.com/file/d/1iG9en_nfEYbr4NEkFMt3-xoAIldZBgYQ/view?usp=sharing,1,3
14,1 (452) ,Positive ,Mental Health,,,Canceling on Friends ,"You've been feeling run down lately and cancel on plans that you made with your friends. Your friends express frustration, saying that they planned this a long time ago and were looking forward to seeing you. You think that you made the best decision for yourself. ",N/A,Are you glad you canceled your plans to rest?,Yes,,https://drive.google.com/file/d/1WuPmRt-VoQfR_ZkT1nzIhMKeljNVUJMz/view?usp=sharing,1,3
,2 (50),Positive ,Mental Health,Family & Home Life ,,Locked door,"One morning you leave your house and begin to make your way to work. About 10 minutes into the commute, you wonder whether you remembered to lock the door to your home. As you continue your commute, you trust yourself and you feel relaxed.",N/A,"For the rest of your morning commute, you feel ...",At ease as you get to work.,Worried that you left the door to your home unlocked.,https://drive.google.com/file/d/1L06ap5ra_s6MnwpMX2bIkWHmxWYaUpYT/view?usp=sharing,1,3
,3 (505),Positive ,Mental Health,,,Feeling Numb,You have been going dealing with some stressful situations recently. You are reflecting on the past few weeks and realize you haven't been very emotional which makes you think you've become numb. You remember that you've been coping well and likely have just kept your emotions stable.,N/A,Are you depressed?,No,,https://drive.google.com/file/d/1lb5unRFMzlCZwR4qVYPDwPXdw7evicTa/view?usp=sharing,1,3
,4 (284),Negative,Mental Health,Physical Health,,Stomach Ache,"You have been nervous about an upcoming evaluation at work. The day of the evaluation, you notice that your stomach is aching. You think that the stomach ache must be from anxiety. ",N/A,Is the stomach ache from anxiety?,Yes,,https://drive.google.com/file/d/1rbCs8iZS6b3LtSyDCOMcEXH8GAlOt4qZ/view?usp=sharing,1,3
,5 (490),Positive ,Mental Health,Academics/Work/Career Development,,Unfinished Work ,"You had a very busy day, and were not able to get all of your tasks done. At dinner, your partner brags about how they finished everything on their to-do list. Thinking about whether you can complete your work tomorrow, you feel confident.",N/A,Will you get everything done?,Yes,,https://drive.google.com/file/d/1b4FsJv5cKIMQtEO-gCgq-Ezc9XEaINoP/view?usp=sharing,1,3
,6 (343),Resilience/Negation,Mental Health,Academics/Work/Career Development,Physical Health,Out of Your Control,"You are about to do your first online interview for an important promotion. You click the link when it is time to join the meeting,  but your internet cuts out. You think about the interviewers assuming you are late and feel nauseous.","After a minute, your Internet comes back. You log back in and realize you feel more confident.",Do you feel sick throughout the rest of your interview? ,No,,https://drive.google.com/file/d/1XSzs9MSKzUi9VEjvSXdG4wuW6OFlE60F/view?usp=sharing,1,3
,7 (174),Positive ,Mental Health,Academics/Work/Career Development,,One-On-One Meeting,"You have a one-on-one meeting today with your intimidating boss, which you are nervous about. During the meeting, you momentarily lose your train of thought. After that, your anxiety is tolerable.",N/A,Are you able to tolerate your anxiety while meeting with your boss?,Yes,,https://drive.google.com/file/d/1XdpsyI2ipYQdebyRJI6icWGBOLJlNXCD/view?usp=sharing,1,3
,8 (354),Resilience/Negation,Mental Health,Family & Home Life,,Birthday Jitters,"Your friends are organizing a birthday party for you at their home. They invited a lot of people who will all be there for you. When you think about all of the people coming, you feel nervous.",You remember they are all coming to celebrate you. This makes you feel excited.,Are you excited about all the attention you will receive?,Yes,,https://drive.google.com/file/d/1UoBTJwOaRbMpWrYnOWNPOBzR-axREE4s/view?usp=sharing,1,3
,9 (498),Positive ,Mental Health,,,Speaking Up,"During a meeting, your boss puts you in a group of colleagues to solve a complicated issue. You have an idea you think might work, but you wonder whether it is too simplistic. As you consider whether to share your idea, you decide to give it a shot.",N/A,Will you share your idea?,Yes,,https://drive.google.com/file/d/1ZodO1F5ZuiDVjiFxjsv5k2GCuLpQwIRf/view?usp=sharing,1,3
,10 (453) ,Positive ,Mental Health,,,Insightful Email,"During a meeting today, you have a thought that you think is really insightful. You didn't get the chance to bring it up in the meeting, but you want to email your department head about it. When you send the email, you feel proud of yourself for sharing your thoughts.",N/A,Was your thought worth sharing?,Yes,,https://drive.google.com/file/d/1azOE2eRIrdOPl9AdAR61tTkqUFdsq0zB/view?usp=sharing,1,3
15,1 (403),Positive,Mental Health,Social Situations,,An Invitation,"You invite your supervisor to an event this weekend. You're the only one of your friends that's close with their supervisor and are unsure of how others will percieve you. As you get ready for the event, you feel happy.",,Are you happy to have your supervisor come to your school event? ,Yes,,https://drive.google.com/file/d/1b0lHedBVO7x_rukR1faGc_vfaGCmTSgj/view?usp=sharing,1,3
,2 (488),Positive ,Mental Health,Academics/Work/Career Development,,Receiving Recognition,"You recently received an incredible promotion at your job. You suddenly feel that you didn't work hard enough to earn the promotion. Reflecting on your work, you think this is something you deserve.",N/A,Should you pass up the promotion? ,No,,https://drive.google.com/file/d/1azOE2eRIrdOPl9AdAR61tTkqUFdsq0zB/view?usp=sharing,1,3
,3 (183),Resilience/Negation,Mental Health,,,Climbing a Mountain,"You are on a hike with a group of friends and everyone you're with wants to go up a pretty tall mountain. As you climb the mountain, you look down and feel your stomach drop. You think that this hike will be scary.","You reach the top of the mountains and your friends are taking pictures. Even though you're anxious, you go look around and smile.",Were you able to overcome your anxiety and enjoy the thike? ,Yes,,https://drive.google.com/file/d/1gYGD8SnyvMsNgSmeWgF1xZiAFm5Pllca/view?usp=sharing,1,3
,4 (448),Positive ,Mental Health,,,Voicing Your Opinion ,"Your coworkers are talking about a current issue and you realize you have a different opinion than them. You want to express it, but worry if they will judge you. You decide that it is better to be honest.",N/A,Should you avoid adding on to the conversation?,No,,https://drive.google.com/file/d/14E87lNQCbYQYaw2WEZUgqpLVllxzh0qo/view?usp=sharing,1,3
,5 (649),Positive,Mental Health,Finances,,Food Costs,"Recently, you've just wanted to spend time alone and don't have much motivation to get out of bed. You ordered delivery a few nights in a row, and spent much more money on takeout than you normally do. You realize that there are some easy meals you can handle making next week and start planning. ",N/A,Are you going to spend all of your money on delivery? ,No,,https://drive.google.com/file/d/1EiUCRYYf5uaji37PRSH_mjjnF5O5RPgn/view?usp=sharing,1,3
,6 (507),Positive ,Mental Health,,,Rainy Weather,You wake up and look out the window to see that it's rainy and gloomy out. You stay inside all day and when you look back on the day you realize you felt sad for most for it. You decide that it was probably because you were not able to go outside. ,N/A,Is today's sadness going to last forever?,No,,https://drive.google.com/file/d/1UejoAZIzw5j2-fZDO54rqRL0ITIi4iOf/view?usp=sharing,1,3
,7 (509),Resilience/Negation,Mental Health,Academics/Work/Career Development,,Sitting in a Meeting,You are in an important meeting and you need to pay attention. Halfway through the meeting you realize you have been zoning out and don't know what is going on. You think something must be wrong with you.,"You take a few sips of water and start to feel more awake, remembering that you didn't get as much sleep as usual last night. You decide you are just tired.",Is your zoning out a sign of something wrong with your brain?,No,,https://drive.google.com/file/d/10fLWhto09ulpTOoQ_oICa06UK6vWzttW/view?usp=sharing,1,3
,8 (454),Positive ,Mental Health,,,Confronting a Friend ,"In a conversation with a friend today, they say something slightly offensive and they do not seem to realize that it may have made you uncomfortable. You confront them about their comment and why it was offensive, and you worry in the moment that they may be angry at you. When you hear their reponse, they are thankful you communicated with them and apologize.",N/A,Are you proud that you communicated with your friend?,Yes,,https://drive.google.com/file/d/1Vg9pDOIb4D_9uk_FU-PN67RDhh3URJqT/view?usp=sharing,1,3
,9 (668),Negative,Mental Health,Academics/Work/Career Development,,Reviewing Your Work ,"You have been called in for a performance review with your boss. Overall, you do good work, but you know your boss has noticed some errors recently. As you prepare for the review, you think that your meeting will probably focus on your shortcomings.",,"You think that during your performance review, your boss is likely to say","""These slip ups are simply unacceptable at this point!""","""I'm still very happy with the work you've been doing.""",https://drive.google.com/file/d/1EAYPVHFKPfUOp3vNgYgsrQGqdKFYW-a8/view?usp=sharing,1,3
,10 (76),Positive ,Mental Health,Physical Health,,Annual physical exam,"You are getting your annual physical with your doctor. After an initial exam, your doctor indicates that something looks unusual, and says they will need to get a second opinion. When it comes to managing your anxiety while you wait in the exam room, you are capable.",N/A,Are you capable of managing your anxiety while waiting for your doctor?,Yes,,https://drive.google.com/file/d/1gfUANnECP3LDzTjUtm_9lBpdAe3s4Xyw/view?usp=sharing,1,3
16,1 (408),Positive,Mental Health,Social Situations,,Social Media,"As you scroll through your feed on social media, you see a photo of your friends that shows them having a great time together over video chat. You weren't invited to hang out with them online. You think about it, and decide that you can cope.",,Can you handle that sometimes your friends hang out without you?,Yes,,https://drive.google.com/file/d/1C2a62EXZZgDQ05jLqV6S9eO4NUs2R1SU/view?usp=sharing,2,3
,2 (523),Resilience/Negation,Mental Health,Romantic Relationships,,Friends in Relationships,"Your friends are all in relationships. You are not currently in a relationship, and you wonder if there is something wrong with you. You think that you are undesirable. ","After a while, you realize that it is very normal to not be in a relationship. You think that you enjoy being single, and the right person will come along when you are ready.  ",Are you capable of being in a relationship?,Yes,,https://drive.google.com/file/d/1u-_r0tB9RIGlIUC3K6ifS1cUbgd25kEk/view?usp=sharing,2,3
,3 (493),Positive ,Mental Health,Academics/Work/Career Development,,Being in Charge,"You recently were elected to be in charge of a group of people new to your job. When you meet the other people in charge of groups, you feel as though you didn't work as hard as they did, and don't deserve this position. You take a minute to think about what you give to your job, and realize that you've been giving all you could, and people definitely noticed this.",N/A,Do you feel like you deserve your position in your job?,Yes,,https://drive.google.com/file/d/1cCdFnGwW1dNBLOO7cPWVry3DULHFtlcc/view?usp=sharing,2,3
,4 (522),Negative,Mental Health,Romantic Relationships,,A New Relationship,"You have been with your partner for a while, and you are still very into them. Recently, your partner hasn't expressed much adoration towards you, and you wonder if they still love you as much as you love them. You think that they are no longer into you. ",N/A,Does your partner still love you?,No ,,https://drive.google.com/file/d/1VIJYeImFMUm7Aaacnct7HyxaOYy72Mq6/view?usp=sharing,2,3
,5 (528),Positive,Mental Health,Academics/Work/Career Development,,Taking a Break,"You've been very busy the past few months, and you haven't had a lot of free time. You finally have a chance to rest, but you feel guilty that you're taking a break rather than completing work. You think that you deserve to relax. ",N/A,Should you do your work right now?,No,,https://drive.google.com/file/d/1OSRDlUvXTNnwLZlxsji3kxnfVjWLAKmD/view?usp=sharing,2,3
,6 (516),Positive ,Mental Health,,,Getting Help,"This semester, you've been feeling very down, and you haven't been enjoying your ususal activities. You wonder whether treatment would work for you, but you feel discouraged. As you think more about getting help, you think it would make you feel better.  ",N/A,Will getting help make you feel better?,Yes,,https://drive.google.com/file/d/1UBORN__WOk3N5lP4X-qA_lwYYhlyyYqS/view?usp=sharing,2,3
,7 (171),Resilience/Negation,Mental Health,Physical Health,,Hot day,"Returning home on a very hot day, you quickly drink a large glass of water. You soon feel abnormally full and a bit sick to your stomach. This feeling is surprising and uncomfortable, but you realize that it is something you can simply observe.",N/A,You responded to the feelings of sickness in your stomach by ...,Observing the sensations without doing anything.,Panicking about the sensations and calling an ambulance.,https://drive.google.com/file/d/1zIU7R9B0aDdb2iU_AHp4YbObnLDAts0M/view?usp=sharing,2,3
,8 (456),Positive ,Mental Health,,,Social Media Engagement,"You post a picture of yourself on social media that you feel you look really good in. After a couple days, you see you have gotten very few likes and comments. You still feel confident in the photo despite your social media engagement.",N/A,Do you look good in the picture you posted?,Yes,,https://drive.google.com/file/d/1HkN2rJ7Y0VEY5dMn1mntz5eYutNR5dSv/view?usp=sharing,2,3
,9 (506),Positive ,Mental Health,Academics/Work/Career Development,,Feeling Anxious ,"You have a big presentation coming up. When you think about standing up in front of people and talking, you feel anxious. You think that this is probably temporary.",N/A,Will you always feel anxiety?,No,,https://drive.google.com/file/d/1FcB5CvXNaJdV8qJE0nz1NN6MVKPtk2zJ/view?usp=sharing,2,3
,10 (436),Positive,Mental Health,Finances,,Affording Therapy,"You've been wanting to go to therapy for a while. However, you aren't sure whether you have the budget to pay for it. You think that it's likely that you will find a provider whose services are affordable. ",,Do you want to go to therapy?,Yes,No ,https://drive.google.com/file/d/1oOjp17AzniUmJnuYe-gQ8IiWi4W8RJ71/view?usp=sharing,2,3
17,1 (495),Positive ,Mental Health,Academics/Work/Career Development,,Falling Behind,"You recently started a new job. As you've been working, it seems like everyone around you knows what they're doing, but you're still confused. You think this is because you're still learning, and you'll catch on soon. ",N/A,Will you get better at your job?,Yes,,https://drive.google.com/file/d/1V3qcOIHvtf7LmQss0ruGtHPfIMlyIauX/view?usp=sharing,2,3
,2 (445),Positive ,Mental Health,,,Your Own Style,"You made plans with a group of friends to go out to dinner on a Friday night. When they come to pick you up, you see that they are dressed casually, but you decided to dress up a bit, and you think they might judge you. You decide that you like what you're wearing, and go to dinner happy. ",N/A,Do you change your outfit because of what your friends are wearing?,No,,https://drive.google.com/file/d/12vpSXXIvh5O51Xf7jc-cr6cnonOEz7zw/view?usp=sharing,2,3
,3 (336),Positive,Mental Health,Academics/Work/Career Development,,Enjoyable Endeavor ,"You and some coworkers were given some extra tasks to complete by the end of the week, and you've been working hard. You overheard your coworkers saying that you'd be ""crazy"" to enjoy the extra work. You think about how productive it makes you feel to be working this hard, and feel excited.",,Are you looking forward to completing the extra tasks?,Yes,,https://drive.google.com/file/d/18Nfhp9FuaS1pKc7jTO3hXT4vzg-FI7Db/view?usp=sharing,2,3
,4 (673),Positive,Mental Health,Academics/Work/Career Development,,A New Opportunity,You recently received an incredible promotion at your job. You suddenly feel that you didn't work hard enough to earn the opportunity. You think that you deserve the promotion.,,Should you pass up the promotion? ,No,,https://drive.google.com/file/d/1azOE2eRIrdOPl9AdAR61tTkqUFdsq0zB/view?usp=sharing,2,3
,5 (672),Resilience/Negation,Mental Health,Academics/Work/Career Development,,Feeling Called Out,"Your boss catches you texting during a meeting and calls you out for not paying attention. You don't like when people are mad at you, but you know that your boss will say something to you at the end of the meeting. For the rest of the meeting, you feel anxious.","When the meeting ends, your boss confronts you and reminds you to not have your phone out during a meeting. You think they are being nice.",Was your boss mean about confronting you? ,No,,https://drive.google.com/file/d/1fZ5gwS6hpP38y6RtFHzIC7gnpeeFtrLF/view?usp=sharing,2,3
,6 (500),Positive ,Mental Health,Academics/Work/Career Development,,Coming up with Questions,"You are in a talk on a challenging topic you're really excited about. You have a lot of thoughts on the subject but you feel like the questions everyone else are asking are smarter than yours. You think about how all of them probably get nervous about talking too, and know they aren't there to judge.",N/A,Are everyone else's questions better than yours?,No,,https://drive.google.com/file/d/1ZRX4djV0jNJx45cG7BKsaEWYgTgDJGha/view?usp=sharing,2,3
,7 (557),Negative ,Mental Health,,,Being a Parent,"You are spending some time with your young daughter over the weekend. Your daughter is very sweet, but sometimes you get frustrated with her and wonder how you two will get along in the future. When you think about your relationship with her as she grows up, you see yourself as being frustrated.",N/A,"Thinking about your future relationship with your daughter, you see yourself",Being stressed because of her.,Having a loving relationship with her.,https://drive.google.com/file/d/1l-0RqRBinZMdVZ2IJnJYWMKbDwph54bS/view?usp=sharing,2,3
,8 (520),Positive,Mental Health,Romantic Relationships,,Comparing Yourself to Others,"Recently, your partner mentioned that they find a certain celebrity attractive. This celebrity looks nothing like you, and you wonder if your partner has changed their preferences since the beginning of your relationship. You think that they still find you attractive.  ",N/A,Is your partner attracted to you?,Yes,,https://drive.google.com/file/d/1qYR_sw_sAKU_sUueHbH0iJ5hWVTrmZeX/view?usp=sharing,2,3
,9 (217),Resilience/Negation,Mental Health,Social Situations,,Sharing with Someone New,"You're talking to a coworker about a presentation you're working on and they seem really interested. They ask if they can look at it, and you agree. Before you send the slides to them, you look over it and feel good. ",N/A,Are you worried about what your coworker thinks of your presentation?,No,,https://drive.google.com/file/d/1499bBYkmYnrl8QqVGgqBcog_M-Ueo1__/view?usp=sharing,2,3
,10 (233),Positive ,Mental Health,,,Thinking about Flying,You're watching a TV show about people travelling to other countries. The idea of taking an airplane makes you feel anxious. You think you will deal with your anxiety successfully.,N/A,Are you able to tolerate your feelings of anxiety about airplanes? ,Yes,,https://drive.google.com/file/d/1wnxiRUTD_wAP7gp1JGI-BwXD0_dNvvjq/view?usp=sharing,2,3
18,1 (494),Positive ,Mental Health,Social Situations,,Plans for the Weekend,"It's finally Friday, and you overhear some coworkers talking about their plans for the weekend. You didn't have anything big planned for the weekend, and you feel like you aren't social enough to keep up with your coworkers. When you imagine relaxing after a hard week of work, you feel content.",N/A,Do you have to be more social?,No,,https://drive.google.com/file/d/1osnpX2qW0UbXPOcFF6j-MPRf0iUaem-b/view?usp=sharing,2,3
,2 (492),Negative,Mental Health,Academics/Work/Career Development,,Not Feeling Prepared,"In one of your meetings recently, your boss asks everyone to raise their hands if they've heard of a work technique before. When you look around, you notice the majority of your coworkers have their hands raised, but you don't. This makes you feel like you're not prepared to do the job.",N/A,Are your coworkers more prepared than you?,Yes,,https://drive.google.com/file/d/143F_jObaBvG1l77hgZir8HruiOBT9qcV/view?usp=sharing,2,3
,3 (335),Positive,Mental Health,Romantic Relationships,,Past Experiences,"Your last relationship did not end very well. You are entering a new relationship, but you are still dealing with the feelings from your past relationship. You think you can work out a compromise together. ",N/A,Will your partner understand?,Yes,No,https://drive.google.com/file/d/1c0jEVgNBC6T5owmfv46lOubTqZ53hCZE/view?usp=sharing,2,3
,4 (193),Resilience/Negation,Mental Health,Physical Health,,Feeling Lightheaded,"You have been working hard all day and have not had much to eat. As you stand up from your desk, you feel dizzy and weak, and this makes you a little worried. ",You decide to pay attention to the sensations without judging them as good or bad. This reduces your worrying and makes you feel calmer.,Will your anxiety decrease if you observe your sensations without judgment?,Yes,,https://drive.google.com/file/d/1DivZOcoKB52Y-av9UMmPiIogDTLacT_W/view?usp=sharing,2,3
,5 (530),Positive,Mental Health,,,An international flight,"You are going on a trip to another country. During the flight, you look out the window and realize you've never been so far above the ocean. You feel thrilled.",N/A,Is it exhilarating to be so high up?,Yes,,https://drive.google.com/file/d/1GYk2FDBdJrt2X79wPnOBoOZF2QH6AcbW/view?usp=sharing,2,3
,6 (528),Positive,Mental Health,Academics/Work/Career Development,,Taking a Break,"You've been very busy the past few months, and you haven't had a lot of free time. You finally have a chance to rest, but you feel guilty that you're taking a break rather than completing work. You think that you deserve to relax. ",N/A,Should you do your work right now?,No,,https://drive.google.com/file/d/1OSRDlUvXTNnwLZlxsji3kxnfVjWLAKmD/view?usp=sharing,2,3
,7 (550),Positive ,Mental Health,,,Trusting Yourself ,"You're working on a project with some coworkers. You give offer an idea to the group, and someone laughs and says that it's not good. While you're working on the project, you think that you're smart.",N/A,Do you think that you're dumb because you made a mistake?,No,,https://drive.google.com/file/d/1luHbcPLj4BFquei2XFd_e4PgL9z8fBaB/view?usp=sharing,2,3
,8 (339),Resilience/Negation,Mental Health,Academics/Work/Career Development,,An Important Presentation,"Your boss is watching your presentation in your meeting today. During the presentation, you stumble over your words a lot. You feel defeated.","While you feel upset, you realize that it's natural to make mistakes. You think that your boss won't remember.",Is it okay that you made a mistake in front of your boss?,Yes ,,https://drive.google.com/file/d/1pQHZTO39FaMtxe96k3wQ-bwUufBsPYvC/view?usp=sharing,2,3
,9 (516),Positive ,Mental Health,,,Getting Help,"This semester, you've been feeling very down, and you haven't been enjoying your ususal activities. You wonder whether treatment would work for you, but you feel discouraged. As you think more about getting help, you think it would make you feel better.  ",N/A,Will getting help make you feel better?,Yes,,https://drive.google.com/file/d/1UBORN__WOk3N5lP4X-qA_lwYYhlyyYqS/view?usp=sharing,2,3
,10 (508),Positive ,Mental Health,,,Feeling Down,"You have had a busy and stressful week. You are usually happy, but you've felt flat and sad all for the past few days. You remember that it's normal to have some hard days.",N/A,Are your feelings normal?,Yes,,https://drive.google.com/file/d/1Idh86DIZlODfTEChHpLTlFGu9oVwjF82/view?usp=sharing,2,3
19,1 (296),Positive,Mental Health,Finances,,Session Costs,"You recently had to pay a large sum of money toward repairs for your car. This unexpected expense cut into the money you use to pay your therapy copays, and you are concerned about what will happen if you miss sessions to save money. You call the therapy office, and they help you come up with a solution. ",N/A,Do finances get in the way of therapy?,No,,https://drive.google.com/file/d/1yu9h9aas60Qlgw4LN5PXrYPCRmTlEye4/view?usp=sharing,all,3
,2 (666),Resilience/Negation,Mental Health,Social Situations,,Driving flashback,"You are driving to a friend's house in the town you previously lived in. When you arrive at the entrance, you have a strong flashback to when you used to visit this house many years back. You start to feel anxious about being disoriented, and you decide that what you will do about these feelings is to just let them pass.",N/A,"When you feel disoriented, it is helpful to ...",Simply observe and accept the feelings.,Get anxious about feeling disoriented.,https://drive.google.com/file/d/111tmTqhti30waD2ToHBnhDXMWZr6Fiv3/view?usp=sharing,all,3
,3 (493),Positive ,Mental Health,Academics/Work/Career Development,,Being in Charge,"You recently were elected to be in charge of a group of people new to your job. When you meet the other people in charge of groups, you feel as though you didn't work as hard as they did, and don't deserve this position. You take a minute to think about what you give to your job, and realize that you've been giving all you could, and people definitely noticed this.",N/A,Do you feel like you deserve your position in your job?,Yes,,https://drive.google.com/file/d/1cCdFnGwW1dNBLOO7cPWVry3DULHFtlcc/view?usp=sharing,all,3
,4 (291),Positive ,Mental Health,Family & Home Life ,,Monday Phone Call,"Every Monday you call your parent to say hello. Today is Monday, and they did not pick up the phone when you called, which is unusual. Your parent probably did not answer the phone because they are busy.",N/A,Is your parent unable to talk because they are ill?,No,,https://drive.google.com/file/d/1VKdf9frnu773HFSGrvavtdHyGsg0A04S/view?usp=sharing,all,3
,5 (232),Negative,Mental Health,Family & Home Life,,Heading out of Town,"You are heading out of town for a few days. You decide to double-check that all the appliances in your house are turned off. As you close the door to your house, you feel nervous.",N/A,Are you worried about whether you turned off everything in the house? ,Yes,,https://drive.google.com/file/d/11L0gcPPltGMNDtkc_O6wRZAj_WWsbX7o/view?usp=sharing,all,3
,6 (499),Positive ,Mental Health,Academics/Work/Career Development,,Presenting your Work,"You've been working hard all year on a project and your your department head has invited you to talk about it at an event. A lot of your friends and coworkers will be there, and you don't think your work will be enough to impress them. You think that your department head invited you for a reason and your work is worth seeing.",N/A,Will your work impress the people at the event?,Yes,,https://drive.google.com/file/d/16uno5Nefcm3awk1lVSEJ8eocgzjkR5B0/view?usp=sharing,all,3
,7 (549),Resilience/Negation,Mental Health,,,Your Bowling Skills,"You have been bowling in a recreational league with some friends for the past few years. You have improved since you started, but you aren't as skilled as you would like to be yet.","When you think about yourself in the years to come you don't think your bowling skills will have plateaued, and you see your bowling skills as strong.",Do you think you will end up bowling at a high level?,Yes,No,https://drive.google.com/file/d/1oSLgkDZVNtoSTo-1lqoKPGD_AvvZLCdO/view?usp=sharing,all,3
,8 (264),Positive ,Mental Health,Social Situations,,Picture with Friends,"You and your friend took some pictures together. You look through your feed and see that they tagged you in a post and you really don't like how you look. But, you know that in the long run it won't matter.",N/A,Are you worried about your appearence in the posted picture?,No,,https://drive.google.com/file/d/1NvTM1g3vx1Kut8y_4vvBJo79qKHzUztk/view?usp=sharing,all,3
,9 (673),Positive,Mental Health,,,Trying Different Foods ,"You and your colleagues are at a restaurant. While your colleagues all order the same dish, you want to order something different and adventurous, but you're worried that they'll think it's weird or gross. You decide to order the dish anyways, and enjoy the new flavors.",N/A,Should you avoid trying new foods because your colleagues are not ordering it?,No,,https://drive.google.com/file/d/1s0nfHtbZGDMXBuEXJ9FB0ljT-8ykR7hx/view?usp=sharing,all,3
,10 (455),Positive,Mental Health,,,Truthful Texting,"You got someone's number from a dating app and have been texting them back and forth for a few days now. You do not feel very interested in them, but they text you today saying that they are extremely interested in you and want to meet up for a date and you are worried they will be angry if you decline their offer. You decide to be truthful about not feeling the same and tell them you do not see your relationship going any further.",N/A,Are you happy with your response?,Yes,,https://drive.google.com/file/d/1XmEF3Y_EVn1lonn_hWKIbtSjgRFn_dbg/view?usp=sharing,all,3
20,1 (504),Positive ,Mental Health,Academics/Work/Career Development,,Applying to Jobs,"You applied to a job a few weeks ago and just got a response. They tell you they already filled the position, and you feel like you are not smart enough. You think that in the future, you will get a job.",N/A,Will you be offered another job in the future?,Yes,,https://drive.google.com/file/d/12wCJ5Ffbo2FQWJoyCCjGdJUCGOFpqs8y/view?usp=sharing,all,3
,2 (445),Positive ,Mental Health,,,Your Own Style,"You made plans with a group of friends to go out to dinner on a Friday night. When they come to pick you up, you see that they are dressed casually, but you decided to dress up a bit, and you think they might judge you. You decide that you like what you're wearing, and go to dinner happy. ",N/A,Do you change your outfit because of what your friends are wearing?,No,,https://drive.google.com/file/d/12vpSXXIvh5O51Xf7jc-cr6cnonOEz7zw/view?usp=sharing,all,3
,3 (491),Negative ,Mental Health,Academics/Work/Career Development ,,Balancing Tasks,"You been very busy this semester and haven't had the time to work on your own career development. One of your colleagues is also very busy, and yet they received a promotion. This makes you feel like a failure.  ",N/A,Should you be working harder?,Yes,,https://drive.google.com/file/d/1oLL_xLzI-U5_qMJYXQBLx1YoawU0rB1s/view?usp=sharing,all,3
,4 (218),Positive,Mental Health,Finances,,Treating Yourself,"You've had a lot going on recently, and haven't felt like yourself. You want to treat yourself to something you enjoy, but you aren't sure you have room in your budget. You decide to buy yourself something small that you can definitely afford.",,Are you able to treat yourself?,Yes,No,https://drive.google.com/file/d/1zr-ojLmvOUbAd2xJRvcq3QG2d7z_oRgu/view?usp=sharing,all,3
,5 (457),Resilience/Negation,Mental Health,,,New Style,"You go shopping at your favorite clothes store. You see an outfit that you love but do not believe it is right for your body type. After you get it and try it on, you want to buy it despite it not being something you typically wear. ","After battling with yourself in the dressing room, you find yourself feeling confident and wanting to wear it out so you purchase the new outfit.",Are you excited to wear your outfit to a party?,Yes,,https://drive.google.com/file/d/1JigHUpLu2fn945h0hTvVgiO8e2TV0Uue/view?usp=sharing,all,3
,6 (505),Positive ,Mental Health,,,Feeling Numb,You have been dealing with some stressful situations recently. You are reflecting on the past few weeks and realize you haven't been very emotional which makes you think you've become numb. You remember that you've been coping well and likely have just kept your emotions stable.,N/A,Are you depressed?,No,,https://drive.google.com/file/d/1lb5unRFMzlCZwR4qVYPDwPXdw7evicTa/view?usp=sharing,all,3
,7 (299),Positive,Mental Health,Social Situations,,A Rude Comment,You post a picture you are really confident about. You see a really rude comment as you go back to check your comments. You take a deep breath and decide not to feel bothered.,N/A,Do you get really upset about the rude comment on your post?,No,,https://drive.google.com/file/d/1RkgHCc_BENHGzRjkp5-Y-7TvU7m58if8/view?usp=sharing,all,3
,8 (672),Resilience/Negation,Mental Health,Physical Health,,Monday Morning ,"It's Monday morning and you are hurrying to your car to go to a meeting. You feel your heart racing as you open the car door and sit down. Fearing that you might have a panic attack, you have a strong urge to get out of the car, and yet you decide to observe these sensations without reacting and stay seated.",N/A,Is it necessary to get out of the car because you feel your heart beating rapidly?,No,,https://drive.google.com/file/d/1ho3hNNuBsI2_uM04efw2daW5FzUWG_Qk/view?usp=sharing,all,3
,9 (159),Positive ,Mental Health,Romantic Relationships,,Awkward Conversations,"You invited your spouse to hang out with you and your friends so everyone could get to know each other. As it got later, your spouse brought up a controversial topic and your friends seemed unsure about how to respond. You know that your friends recognize that many people, including you and your spouse, have different opinions.",N/A,Will your friends judge you because of your spouse?,No,Yes,https://drive.google.com/file/d/1pYBPEve_C1A0Zcgr6watuakBnO3MOszX/view?usp=sharing,all,3
,10 (324),Positive,Mental Health,Family & Home Life,,Opposing Opinions ,"Your family has strong opinions that you don't always agree with. As you listen to your family talk, you feel that you are pretty different from them. You feel having your own unique views is okay.",N/A,Is it alright to have different views from your family? ,Yes,,https://drive.google.com/file/d/1z-OZ5Wr0EatO5q1bpsB0G3Xv11wj5Z46/view?usp=sharing,all,3
21,1 (376),Positive,Mental Health,Social Situations,,Having People Over,"You notice your home is smaller and not as spacious as the homes of others that you know. Your coworkers have never been to your place, but want to come over. You think their reaction to your home will be respectful.",,Will your coworkers judge your home?,No,,https://drive.google.com/file/d/1cta4lpPhoahfL1nlRrl3fYCs86bhsNjd/view?usp=sharing,all,3
,2 (490),Positive ,Mental Health,Academics/Work/Career Development,,Unfinished Work ,"You had a very busy day, and were not able to get all of your tasks done. At dinner, your partner brags about how they finished everything on their to-do list. Thinking about whether you can complete your work tomorrow, you feel confident.",N/A,Will you get everything done?,Yes,,https://drive.google.com/file/d/1b4FsJv5cKIMQtEO-gCgq-Ezc9XEaINoP/view?usp=sharing,all,3
,3 (517),Resilience/Negation,Mental Health,,,Intrusive Thoughts,"Recently, you've noticed that you are having intrusive thoughts. These thoughts are disturbing to you, and you cannot believe that you are thinking such horrible things. You think that you are going crazy. ","After a while, you realize that they are just thoughts, and that they don't mean anything about you as a person. You think that you are not going crazy, and that you are a good person. ",Are you a bad person?,No,,https://drive.google.com/file/d/1lb5unRFMzlCZwR4qVYPDwPXdw7evicTa/view?usp=sharing,all,3
,4 (138) ,Positive ,Mental Health,Romantic Relationships,,Special Day,"You have a dinner scheduled with someone you have wanted to hang out with for a while. On the day of the dinner, you feel a little nervous, as you wonder whether they will like you as much as you like your them. Feeling nervous is normal.",N/A,You probably feel nervous because ...,You haven't hung out with this person before.,You are unlikeable.,https://drive.google.com/file/d/1Yyi1e6BqxjDWtVu76Gq09Tb21smvhClb/view?usp=sharing,all,3
,5 (355),Resilience/Negation,Mental Health,Romantic Relationships,,Putting Yourself Out There,"You and your significant other have been caught up on your own responsibilities recently, and you feel as though you're drifting apart. You decide to plan a dinner date with them, to spend some quality time just the two of you. At dinner, you feel as though you're starting all of the conversations, and your partner seems uninterested. ","You decide to share how you're feeling with them, and they tell you they've just been tired from work and home responsibilities, and didn't realize how much it was affecting your relationship. You feel relieved.  ",Is your relationship okay?,Yes,No,https://drive.google.com/file/d/175t4xW0IN99gRfCfKY3yXEMDERREEH5-/view?usp=sharing,all,3
,6 (501),Positive ,Mental Health,Family & Home Life,,Talking about Housing,"You are hanging our with a new group of people and they are all talking about their housing situations. You want to chime in, but you are still looking for a place to settle down and you feel like you're falling behind on life experiences. You think that you still have plenty of time.",N/A,Will you figure out housing?,Yes,,https://drive.google.com/file/d/13C46DCNwa01dfLqreKVRIq8Gnv03aKQI/view?usp=sharing,all,3
,7 (138),Positive ,Mental Health,Family & Home Life,,Views Towards Therapy,"You have been going to therapy lately. You haven't told your family because they have expressed negative views of therapy in the past. You think that this time, they will be supportive. ",N/A,Will your family accept you going to therapy?,Yes,,https://drive.google.com/file/d/1oOjp17AzniUmJnuYe-gQ8IiWi4W8RJ71/view?usp=sharing,all,3
,8 (513),Negative,Mental Health,Physical Health,,Hot day,"Returning home on a very hot day, you quickly drink a large glass of water. You soon feel abnormally full and a bit sick to your stomach. This feeling is surprising and uncomfortable, but you realize that it is something you can simply observe.",N/A,You responded to the feelings of sickness in your stomach by ...,Observing the sensations without doing anything.,Panicking about the sensations and calling an ambulance.,https://drive.google.com/file/d/1zIU7R9B0aDdb2iU_AHp4YbObnLDAts0M/view?usp=sharing,all,3
,9 (370),Positive ,Mental Health,,,Instagram Post Feedback ,"You just received recognition for a project you worked on. You’ve only received congratulations from a few people, and by now you thought you’d have more reactions. You wonder if people aren't congratulating you because they are busy.",N/A,Are people not congratulating you because they think you don't deserve it?,No,,https://drive.google.com/file/d/1L1p8TyeiPTeDnfjsltL5yYI2aKvNNO9w/view?usp=sharing,all,3
,10 (369),Positive ,Mental Health,,,Deciding to Share a Picture,"You take a picture of a coworker at an event that is really great. You want to show your other coworkers in an email but remember that you just sent out an email yesterday. If you email again, you think people won't  notice.",N/A,Do your coworkers think it's strange that you emailed two days in a row?,No,,https://drive.google.com/file/d/1Ev1HphDd6ARyBxl2_PUoyWxWlfAh9n7F/view?usp=sharing,all,3
22,1,Write Your Own,Mental Health,,,Write Your Own,,,,,,,write your own,45
23,1,Write Your Own,Mental Health,,,Write Your Own,,,,,,,write your own,45
24,1,Write Your Own,Mental Health,,,Write Your Own,,,,,,,write your own,45
25,1 (335),Positive,Mental Health,Academics/Work/Career Development,,Different Expectations,"You check online to see if you were selected for a raise. You see that you were not, although you expected to be. You think about what this will mean for your future, and know everything will be fine.",,Will there be terrible consequences for not getting this raise?,No ,,https://drive.google.com/file/d/1XSzs9MSKzUi9VEjvSXdG4wuW6OFlE60F/view?usp=sharing,1,3
,2 (194),Resilience/Negation,Mental Health,,,Climbing a Mountain,"You are on a hike with a group of friends and everyone you're with wants to go up a pretty tall mountain. As you climb the mountain, you look down and feel your stomach drop. You think that this hike will be scary.","You reach the top of the mountains and your friends are taking pictures. Even though you're anxious, you go look around and smile.",Were you able to overcome your anxiety and enjoy the thike? ,Yes,,https://drive.google.com/file/d/1gYGD8SnyvMsNgSmeWgF1xZiAFm5Pllca/view?usp=sharing,1,3
,3 (456),Positive ,Mental Health,,,Social Media Engagement,"You post a picture of yourself on social media that you feel you look really good in. After a couple days, you see you have gotten very few likes and comments. You still feel confident in the photo despite your social media engagement.",N/A,Do you look good in the picture you posted?,Yes,,https://drive.google.com/file/d/1HkN2rJ7Y0VEY5dMn1mntz5eYutNR5dSv/view?usp=sharing,1,3
,4 (502),Positive ,Mental Health,Academics/Work/Career Development,,Teaching Others,"You have been selected to lead a training class for new employees. The leader before you was extremely well liked, and you worry you won't be able to live up to others' expectation of the course. You remember that you know the material well, and when you think about leading the course, you are hopeful.",N/A,Will you lead the course well?,Yes,,https://drive.google.com/file/d/1C5L6fKZvsuJRuh2QnDj4U7_d1_Djs1Rr/view?usp=sharing,1,3
,5 (458),Positive ,Mental Health,,,Presentation Practice ,"You have a big presentation coming up soon. You fear that you will be unable to present it accurately, so you dedicate a few hours the weekend before to practice. You ask your friend to come and listen to your presentation to receive feedback. When you are finished, your friend tells you that you did a really good job and that you will do well in front of the crowd. ",N/A,Do you think that you are well prepared? ,Yes,,https://drive.google.com/file/d/1VHq_c_pitRRiOT_VNDOFpOt_UvMiKJgv/view?usp=sharing,1,3
,6 (377),Negative,Mental Health,Social Situations,,Sharing Favorite Shows,"You are talking with a group of coworkers about TV shows. When you say what you like about an old TV show that you just discovered, no one responds. They probably think that you are weird.",,Do your coworkers judge you for what you said about the TV show? ,Yes,,https://drive.google.com/file/d/1opDxSogFwDYpEb5PGw4jTADE96Y2WtG7/view?usp=sharing,1,3
,7 (450),Positive ,Mental Health,,,New Outfit,"You put on a new outfit in the morning before leaving for the day. In the middle of the day, you notice you feel a bit different in this new outfit. You love this feeling and are happy you chose to wear the outfit. ",N/A,Are you happy with the new outfit you chose?,Yes,,https://drive.google.com/file/d/1Tj_Fffv-Mc7x6_jQoPut_j9SUCcoydah/view?usp=sharing,1,3
,8 (658),Positive,Mental Health,Romantic Relationship,,How You Look,You are going on a date with your spouse. You look in the mirror before you leave and you wonder if they will like your look. You realize that the only opinion that matters about your appreance is yours. ,N/A,Does it matter if your spouse likes your look?,No ,Yes,https://drive.google.com/file/d/1FccvJOxJ1IrfcxS0GzHIlNxNV5GiBH3P/view?usp=sharing,1,3
,9 (489),Resilience/Negation,Mental Health,Academics/Work/Career Development,,Sitting in a Meeting,You are in an important meeting and you need to pay attention. Halfway through the meeting you realize you have been zoning out and don't know what is going on. You think something must be wrong with you.,"You take a few sips of water and start to feel more awake, remembering that you didn't get as much sleep as usual last night. You decide you are just tired.",Is your zoning out a sign of something wrong with your brain?,No,,https://drive.google.com/file/d/10fLWhto09ulpTOoQ_oICa06UK6vWzttW/view?usp=sharing,1,3
,10 (399),Positive,Mental Health,Social Situations,,Trying Out a Funny Caption,You are trying come up with a closing for an email to send to your coworkers. You come up with a joke that your closest friends will love. Your coworkers will think it's funny.,,Are you worried what your followers will think of your joke?,No,,https://drive.google.com/file/d/1828HR7oyHuDJpNFSn5JmLlYAZ24vA7x7/view?usp=sharing,1,3
26,1 (453),Positive ,Mental Health,,,Insightful Email,"During a meeting today, you have a thought that you think is really insightful. You didn't get the chance to bring it up in the meeting, but you want to email your department head about it. When you send the email, you feel proud of yourself for sharing your thoughts.",N/A,Was your thought worth sharing?,Yes,,https://drive.google.com/file/d/1azOE2eRIrdOPl9AdAR61tTkqUFdsq0zB/view?usp=sharing,1,3
,2 (297),Resilience/Negation,Mental Health,Physical Health,,Long Walk Outside,"It's a cold day, and you are out walking to clear your mind. Your hands start to shake and your heart beats quickly as you walk up a hill. This is scary.",You remember that this is the first time you have been on a long walk for a couple weeks. You are probably feeling your heart race because of the hill.,Does your rapid heartrate mean something bad is happening?,No,,https://drive.google.com/file/d/1lcMOCr0PYGVo5UIUZXEXzXL0JU5_MIgg/view?usp=sharing,1,3
,3 (38),Positive,Mental Health,,,Canceling on Friends ,"You've been feeling run down lately and cancel on plans that you made with your friends. Your friends express frustration, saying that they planned this a long time ago and were looking forward to seeing you. You think that you made the best decision for yourself. ",N/A,Are you glad you canceled your plans to rest?,Yes,,https://drive.google.com/file/d/1WuPmRt-VoQfR_ZkT1nzIhMKeljNVUJMz/view?usp=sharing,1,3
,4 (499),Positive ,Mental Health,Academics/Work/Career Development,,Presenting your Work,"You've been working hard all year on a project and your your department head has invited you to talk about it at an event. A lot of your friends and coworkers will be there, and you don't think your work will be enough to impress them. You think that your department head invited you for a reason and your work is worth seeing.",N/A,Will your work impress the people at the event?,Yes,,https://drive.google.com/file/d/16uno5Nefcm3awk1lVSEJ8eocgzjkR5B0/view?usp=sharing,1,3
,5 (270),Negative,Mental Health,Academics/Work/Career Development,,Important Email,"Today you are receiving an email about whether or not you received a promotion. You have a few hours to wait until you'll get the email. When you think about waiting that long, you feel miserable.",N/A,Do you feel OK having to wait for the email?,No,,https://drive.google.com/file/d/1N6vR25DLC0FZk7m0Kj9cqT3vnyjdyQOA/view?usp=sharing,1,3
,6 (444),Positive ,Mental Health,Social Situations,,Early Morning,You just started a new job and some friends from work  want to take you to a party tonight. You let them know that you have to be up early tomorrow morning for an important event and that you can't go with them and they seem disappointed. You think that your new friends will respect your decision to put your needs first.,N/A,Do your friends judge you for not going out with them?,No,,https://drive.google.com/file/d/1Zc-4xffN0v0XdDSXW-x1NAACedZAqgXQ/view?usp=sharing,1,3
,7 (456),Positive ,Mental Health,,,Social Media Engagement,"You post a picture of yourself on social media that you feel you look really good in. After a couple days, you see you have gotten very few likes and comments. You still feel confident in the photo despite your social media engagement.",N/A,Do you look good in the picture you posted?,Yes,,https://drive.google.com/file/d/1HkN2rJ7Y0VEY5dMn1mntz5eYutNR5dSv/view?usp=sharing,1,3
,8 (457),Resilience/Negation,Mental Health,,,New Style,"You go shopping at your favorite clothes store. You see an outfit that you love but do not believe it is right for your body type. After you get it and try it on, you want to buy it despite it not being something you typically wear. ","After battling with yourself in the dressing room, you find yourself feeling confident and wanting to wear it out so you purchase the new outfit.",Are you excited to wear your outfit to a party?,Yes,,https://drive.google.com/file/d/1JigHUpLu2fn945h0hTvVgiO8e2TV0Uue/view?usp=sharing,1,3
,9 (263),Positive,Mental Health,Social Situations,,Your New Post,"You just posted a new picture an hour ago. When you check how many likes it's gotten, you see no one has liked it yet. It's late at night, which means that everyone is sleeping.",N/A,Did people ignore your post?,No,,https://drive.google.com/file/d/1TU-vDyoLAB5--Mx4gvO5P_0Cu9AVyDqC/view?usp=sharing,1,3
,10 (458),Positive ,Mental Health,,,Presentation Practice ,"You have a big presentation coming up soon. You fear that you will be unable to present it accurately, so you dedicate a few hours the weekend before to practice. You ask your friend to come and listen to your presentation to receive feedback. When you are finished, your friend tells you that you did a really good job and that you will do well in front of the crowd. ",N/A,Do you think that you are well prepared? ,Yes,,https://drive.google.com/file/d/1VHq_c_pitRRiOT_VNDOFpOt_UvMiKJgv/view?usp=sharing,1,3
27,1 (677),Positive,Mental Health,Finances,,Affording Therapy,"You've been wanting to go to therapy for a while. However, you aren't sure whether you have the budget to pay for it. You think that it's likely that you will find a provider whose services are affordable. ",,Do you want to go to therapy?,Yes,No ,https://drive.google.com/file/d/1oOjp17AzniUmJnuYe-gQ8IiWi4W8RJ71/view?usp=sharing,1,3
,2 (183),Resilience/Negation,Mental Health,Social Situations,,Out of breath,"You run to a meeting at work because you think you might be late. You make it to the meeting room on time, but you are breathing heavily and feel embarrased because people are looking at you.","You remind yourself that it's normal to need to catch your breath after running, and that people will only be looking at you for a few seconds. You find your seat and start to relax.",Is needing to catch your breath embarrassing? ,No,,https://drive.google.com/file/d/1fK5cnosN9juhwT1bAWSq2FvsfWWj1gyO/view?usp=sharing,1,3
,3 (550),Positive ,Mental Health,,,Thinking about Flying,You're watching a TV show about people travelling to other countries. The idea of taking an airplane makes you feel anxious. You think you will deal with your anxiety successfully.,N/A,Are you able to tolerate your feelings of anxiety about airplanes? ,Yes,,https://drive.google.com/file/d/1wnxiRUTD_wAP7gp1JGI-BwXD0_dNvvjq/view?usp=sharing,1,3
,4 (674),Negative,Mental Health,Academics/Work/Career Development,,Working to Get Ahead,"You have just been given a job in an office that you really admire. To eventually receive the promotion you want, you know that you will have to work very hard for several years and the outcome is uncertain. As you envision your likely position in the company down the road, you expect the job you want will be given to someone else.",,The future you see for yourself is,Being stuck in a position below the one you've always envisioned.,Having the position you want in the office you admire.,https://drive.google.com/file/d/1iFL-df-zgCCAJLsGw8Thh-FkkGSlVrbM/view?usp=sharing,1,3
,5 (449),Positive ,Mental Health,,,Speaking Up,"During a meeting, your boss puts you in a group of colleagues to solve a complicated issue. You have an idea you think might work, but you wonder whether it is too simplistic. As you consider whether to share your idea, you decide to give it a shot.",N/A,Will you share your idea?,Yes,,https://drive.google.com/file/d/1ZodO1F5ZuiDVjiFxjsv5k2GCuLpQwIRf/view?usp=sharing,1,3
,6 (204),Resilience/Negation,Mental Health,Academics/Work/Career Development,,Deleted Project,"You have to turn in an important project today. When you open your computer, you can't find the file anywhere. The project must have been deleted.",You take a deep breath and decide to tell your boss about what happened. You feel ok.,Are you anxious because your project got deleted?,No,,https://drive.google.com/file/d/1GCrKOzwl1UC_Ekj6ZbzSSgZLWAASM60G/view?usp=sharing,1,3
,7 (290),Positive ,Mental Health ,,,Faster Thoughts ,"You are planning an event you are extremely excited about. As you think about what you need to do for the event to be a success, your thoughts seem to speed up. This is helpful.",N/A,Do you find it useful when your thoughts seem to speed up?,Yes,,https://drive.google.com/file/d/1SaSOZb7CwqBWSZLgiDR8Hhold_NOYHAx/view?usp=sharing,1,3
,8 (455),Positive,Mental Health,,,Truthful Texting,"You got someone's number from a dating app and have been texting them back and forth for a few days now. You do not feel very interested in them, but they text you today saying that they are extremely interested in you and want to meet up for a date and you are worried they will be angry if you decline their offer. You decide to be truthful about not feeling the same and tell them you do not see your relationship going any further.",N/A,Are you happy with your response?,Yes,,https://drive.google.com/file/d/1XmEF3Y_EVn1lonn_hWKIbtSjgRFn_dbg/view?usp=sharing,1,3
,9 (506),Positive ,Mental Health,Academics/Work/Career Development,,Feeling Anxious ,"You have a big presentation coming up. When you think about standing up in front of people and talking, you feel anxious. You think that this is probably temporary.",N/A,Will you always feel anxiety?,No,,https://drive.google.com/file/d/1FcB5CvXNaJdV8qJE0nz1NN6MVKPtk2zJ/view?usp=sharing,1,3
,10 (487),Positive ,Mental Health,Academics/Work/Career Development,,Comparing Your Work to Others',"You recently received poor feedback on a presentation. Your colleague, who delivered a similar presentation, received wonderful feedback. You think that your next presentation will be better. ",N/A,Can you improve your presentation?,Yes,,https://drive.google.com/file/d/1ODCFk2IwiLjhCOU7VfcGrDWg9KqnAbY8/view?usp=sharing,1,3
28,1 (673),Positive,Mental Health,Academics/Work/Career Development,,Voicing Your Opinion ,"Your coworkers are talking about a current issue and you realize you have a different opinion than them. You want to express it, but worry if they will judge you. You decide that it is better to be honest.",N/A,Should you avoid adding on to the conversation?,No,,https://drive.google.com/file/d/14E87lNQCbYQYaw2WEZUgqpLVllxzh0qo/view?usp=sharing,2,3
,2 (408),Positive,Mental Health,Social Situations,,Social Media,"As you scroll through your feed on social media, you see a photo of your friends that shows them having a great time together over video chat. You weren't invited to hang out with them online. You think about it, and decide that you can cope.",,Can you handle that sometimes your friends hang out without you?,Yes,,https://drive.google.com/file/d/1C2a62EXZZgDQ05jLqV6S9eO4NUs2R1SU/view?usp=sharing,2,3
,3 (403),Positive,Mental Health,Social Situations,,An Invitation,"You invite your supervisor to an event this weekend. You're the only one of your friends that's close with their supervisor and are unsure of how others will percieve you. As you get ready for the event, you feel happy.",,Are you happy to have your supervisor come to your school event? ,Yes,,https://drive.google.com/file/d/1b0lHedBVO7x_rukR1faGc_vfaGCmTSgj/view?usp=sharing,2,3
,4 (169),Resilience/Negation,Mental Health,Social Situations,Academics/Work/Career Development,Important opinion,"You finish a task due next week for your boss and ask them for their opinion. They say the work is good, apart from an incomplete section. You feel that they think you are careless.","In the end, you realize that they brought the error to your attention so you could improve it before sending it in. You fix the incomplete section and believe that your boss head thinks you are learning.",Was your boss pleased with your progress?,Yes,,https://drive.google.com/file/d/1sS8e3ZmixCVH2YAFPuVlOAoIhpt-vfWE/view?usp=sharing,2,3
,5 (488),Positive ,Mental Health,Academics/Work/Career Development,,Receiving Recognition,"You recently received an incredible promotion at your job. You suddenly feel that you didn't work hard enough to earn the promotion. Reflecting on your work, you think this is something you deserve.",N/A,Should you pass up the promotion? ,No,,https://drive.google.com/file/d/1azOE2eRIrdOPl9AdAR61tTkqUFdsq0zB/view?usp=sharing,2,3
,6 (523),Resilience/Negation,Mental Health,Romantic Relationships,,Friends in Relationships,"Your friends are all in relationships. You are not currently in a relationship, and you wonder if there is something wrong with you. You think that you are undesirable. ","After a while, you realize that it is very normal to not be in a relationship. You think that you enjoy being single, and the right person will come along when you are ready.  ",Are you capable of being in a relationship?,Yes,,https://drive.google.com/file/d/1u-_r0tB9RIGlIUC3K6ifS1cUbgd25kEk/view?usp=sharing,2,3
,7 (520),Positive,Mental Health,Romantic Relationships,,Comparing Yourself to Others,"Recently, your partner mentioned that they find a certain celebrity attractive. This celebrity looks nothing like you, and you wonder if your partner has changed their preferences since the beginning of your relationship. You think that they still find you attractive.  ",N/A,Is your partner attracted to you?,Yes,,https://drive.google.com/file/d/1qYR_sw_sAKU_sUueHbH0iJ5hWVTrmZeX/view?usp=sharing,2,3
,8 (447),Positive ,Mental Health,,,Trying Different Foods ,"You and your colleagues are at a restaurant. While your colleagues all order the same dish, you want to order something different and adventurous, but you're worried that they'll think it's weird or gross. You decide to order the dish anyways, and enjoy the new flavors.",N/A,Should you avoid trying new foods because your colleagues are not ordering it?,No,,https://drive.google.com/file/d/1s0nfHtbZGDMXBuEXJ9FB0ljT-8ykR7hx/view?usp=sharing,2,3
,9 (522),Negative,Mental Health,Romantic Relationships,,A New Relationship,"You have been with your partner for a while, and you are still very into them. Recently, your partner hasn't expressed much adoration towards you, and you wonder if they still love you as much as you love them. You think that they are no longer into you. ",N/A,Does your partner still love you?,No ,,https://drive.google.com/file/d/1VIJYeImFMUm7Aaacnct7HyxaOYy72Mq6/view?usp=sharing,2,3
,10 (347),Positive,Mental Health,Academics/Work/Career Development,,Waking Up Ready,"As you're finishing a project at midnight, you realize you still have a couple of tasks left. You plan to wake up a little early to finish them before your important 9 am deadline. While you're setting your alarm and thinking about your plan, you feel confident.",,Are you anxious about your plan to finish your tasks in the morning?,No,,https://drive.google.com/file/d/1C9qzCVMZ7rrXL8Njc7rKFEyQWGercs6i/view?usp=sharing,2,3
29,1 (454),Positive ,Mental Health,,,Confronting a Friend ,"In a conversation with a friend today, they say something slightly offensive and they do not seem to realize that it may have made you uncomfortable. You confront them about their comment and why it was offensive, and you worry in the moment that they may be angry at you. When you hear their reponse, they are thankful you communicated with them and apologize.",N/A,Are you proud that you communicated with your friend?,Yes,,https://drive.google.com/file/d/1Vg9pDOIb4D_9uk_FU-PN67RDhh3URJqT/view?usp=sharing,2,3
,2 (370),Positive ,Mental Health,,,Instagram Post Feedback ,"You just received recognition for a project you worked on. You’ve only received congratulations from a few people, and by now you thought you’d have more reactions. You wonder if people aren't congratulating you because they are busy.",N/A,Are people not congratulating you because they think you don't deserve it?,No,,https://drive.google.com/file/d/1L1p8TyeiPTeDnfjsltL5yYI2aKvNNO9w/view?usp=sharing,2,3
,3 (489),Resilience/Negation,Mental Health,,,Late night sensation,"It's the middle of the night and you wake up abruptly. As you sit up, you feel weird, like your mind isn't working right, and you start to think you might be going crazy. This thought frightens you, and you decide as you lay back down that you will just observe it.",N/A,Do you need to fight your strange feelings in order to make your anxiety go away?,No,,https://drive.google.com/file/d/1xOEaZdmjhMa1dZKtjfWM5xagfKuFXOER/view?usp=sharing,2,3
,4 (82),Positive ,Mental Health ,,,Faster Thoughts ,"You are planning an event you are extremely excited about. As you think about what you need to do for the event to be a success, your thoughts seem to speed up. This is helpful.",N/A,Do you find it useful when your thoughts seem to speed up?,Yes,,https://drive.google.com/file/d/1SaSOZb7CwqBWSZLgiDR8Hhold_NOYHAx/view?usp=sharing,2,3
,5 (408),Positive,Mental Health,Social Situations,,Social Media,"As you scroll through your feed on social media, you see a photo of your friends that shows them having a great time together over video chat. You weren't invited to hang out with them online. You think about it, and decide that you can cope.",,Can you handle that sometimes your friends hang out without you?,Yes,,https://drive.google.com/file/d/1C2a62EXZZgDQ05jLqV6S9eO4NUs2R1SU/view?usp=sharing,2,3
,6 (217),Resilience/Negation,Mental Health,Social Situations,,Sharing with Someone New,"You're talking to a coworker about a presentation you're working on and they seem really interested. They ask if they can look at it, and you agree. Before you send the slides to them, you look over it and feel good. ",N/A,Are you worried about what your coworker thinks of your presentation?,No,,https://drive.google.com/file/d/1499bBYkmYnrl8QqVGgqBcog_M-Ueo1__/view?usp=sharing,2,3
,7 (38),Positive,Mental Health,Physical Health,,Blood test results,"At your last doctor's appointment, your doctor took a few blood tests. Your doctor told you that they will get you your results in a few days, and you feel nervous as you wait for them. You think your nervousness is manageable.",N/A,Is it unbearable to be nervous as you wait for your test results?,No,,https://drive.google.com/file/d/1op21VnIDCX_kpphMiw4zXhVcpVx_Znwn/view?usp=sharing,2,3
,8 (494),Positive,Mental Health,Social Situations,,Plans for the Weekend,"It's finally Friday, and you overhear some coworkers talking about their plans for the weekend. You didn't have anything big planned for the weekend, and you feel like you aren't social enough to keep up with your coworkers. When you imagine relaxing after a hard week of work, you feel content.",N/A,Do you have to be more social?,No,,https://drive.google.com/file/d/1osnpX2qW0UbXPOcFF6j-MPRf0iUaem-b/view?usp=sharing,2,3
,9 (388),Negative ,Mental Health,,,Haircut Headache,"Today you're taking staff pictures and you got a new haircut for it. It didn't turn out the way you wanted it to. When you think about others seeing your new haircut in the pictures, you feel embarrassed. ",N/A,Are others going to judge you when they see your haircut in the picture?,Yes,,https://drive.google.com/file/d/1hJ5jSFgD9p0YWah_M35D5-XX1eWGMlRm/view?usp=sharing,2,3
,10 (496),Positive ,Mental Health,Social Situations,,Accepting Praise,"Over the weekend, you caught up with some old friends. You told them about the job you're doing and they make comments about how smart you must be, but you don't think the job is that special. You allow yourself to feel proud of what you're working on either way.",N/A,Are you proud of the work you're doing?,Yes,,https://drive.google.com/file/d/1RZKgj6SgXHvcTwD5hi3tDnL24akXydT0/view?usp=sharing,2,3
30,1 (309),Positive ,Mental Health,Social Situations,,Inside Jokes,You post a short video. Your best friend comments something really embarassing. Your followers will think that you and your friend are close.,N/A,Do others judge you for your friend's comment on your post?,No,,https://drive.google.com/file/d/1828HR7oyHuDJpNFSn5JmLlYAZ24vA7x7/view?usp=sharing,2,3
,2 (650),Negative,Mental Health,Family & Home Life,,Your First Child,"You have just had your first child. You want to have a good relationship throughout your kid's life, but you worry about making mistakes as a parent. When your child is an adult, you believe that relationship will be strained.",,You think there is a good chance that when your child is an adult,You two will hardly see each other,You two will talk to each other regularly,https://drive.google.com/file/d/1jHnVJt6AMYU6KRQP6IKFjUXh3Cp1J9b0/view?usp=sharing,2,3
,3 (497),Positive ,Mental Health,Academics/Work/Career Development,,Looking at your Qualifications,"You are in a new town and need to start applying for jobs. You start looking at the qualifications for jobs and even though you've worked hard to put together you're resume, you wonder if it will be enough. You look back on your accomplishments and know that you've done more than enough.",N/A,Are you qualified for these new jobs?,Yes,,https://drive.google.com/file/d/1ukTeswERZcv2VvawZpW961W0jlu_DqhX/view?usp=sharing,2,3
,4 (506) ,Positive ,Mental Health,Academics/Work/Career Development,,Feeling Anxious ,"You have a big presentation coming up. When you think about standing up in front of people and talking, you feel anxious. You think that this is probably temporary.",N/A,Will you always feel anxiety?,No,,https://drive.google.com/file/d/1FcB5CvXNaJdV8qJE0nz1NN6MVKPtk2zJ/view?usp=sharing,2,3
,5 (527),Resilience/Negation,Mental Health,Academics/Work/Career Development,,Committing to Activities,"You were very excited to return to in-person instruction and decided to commit to a lot of activities. You've found it challenging to meet all of your responsibilities, and you worry that you are failing at everything. ","You realize that being back in-person is an adjustement, and it will take some time to get used to the busyness of an in-person semester. You think that with everything you have going on, you're doing a great job. ",Can you handle your responsibilities?,Yes ,,https://drive.google.com/file/d/1b4FsJv5cKIMQtEO-gCgq-Ezc9XEaINoP/view?usp=sharing,2,3
,6 (174),Positive ,Mental Health,Academics/Work/Career Development,,One-On-One Meeting,"You have a one-on-one meeting today with your intimidating boss, which you are nervous about. During the meeting, you momentarily lose your train of thought. After that, your anxiety is tolerable.",N/A,Are you able to tolerate your anxiety while meeting with your boss?,Yes,,https://drive.google.com/file/d/1XdpsyI2ipYQdebyRJI6icWGBOLJlNXCD/view?usp=sharing,2,3
,7 (197),Resilience/Negation,Mental Health,,,A Moment of Forgetfulness,"You remembered that you need milk from the store, so on your way home, you stop to get it. When you walk into the store, you suddenly forget why you are there, which you find a bit troubling. You check your to-do list and decide you can still continue on with your day with confidence.",N/A,Did troubling thoughts prevent you from continuing on with your day?,No,,https://drive.google.com/file/d/1gGksBJBqx0NVoZuQlinZ_8PhY9nCshrZ/view?usp=sharing,2,3
,8 (324),Positive,Mental Health,Family & Home Life,,Opposing Opinions ,"Your family has strong opinions that you don't always agree with. As you listen to your family talk, you feel that you are pretty different from them. You feel having your own unique views is okay.",N/A,Is it alright to have different views from your family? ,Yes,,https://drive.google.com/file/d/1z-OZ5Wr0EatO5q1bpsB0G3Xv11wj5Z46/view?usp=sharing,2,3
,9 (446),Positive ,Mental Health,,,Change of Plans,"You decide to take a job offer in a different office. Many members of your old coworkers still do not know about this decision, and you worry about them being dissappointed about it. You think that they will be happy that you are finally following your passions.",N/A,Will your coworkers be dissappointed because of your new job?,No,,https://drive.google.com/file/d/15JLTnj5zhDkQ3CWNpfiDS51ykFhKEhI1/view?usp=sharing,2,3
,10 (138),Positive ,Mental Health,Romantic Relationships,,Special Day,"You have a dinner scheduled with someone you have wanted to hang out with for a while. On the day of the dinner, you feel a little nervous, as you wonder whether they will like you as much as you like your them. Feeling nervous is normal.",N/A,You probably feel nervous because ...,You haven't hung out with this person before.,You are unlikeable.,https://drive.google.com/file/d/1Yyi1e6BqxjDWtVu76Gq09Tb21smvhClb/view?usp=sharing,2,3
31,1 (218),Positive,Mental Health,Finances,,Food Costs,"Recently, you've just wanted to spend time alone and don't have much motivation to get out of bed. You ordered delivery a few nights in a row, and spent much more money on takeout than you normally do. You realize that there are some easy meals you can handle making next week and start planning. ",N/A,Are you going to spend all of your money on delivery? ,No,,https://drive.google.com/file/d/1EiUCRYYf5uaji37PRSH_mjjnF5O5RPgn/view?usp=sharing,all,3
,2 (501),Positive ,Mental Health,Family & Home Life,,Talking about Housing,"You are hanging our with a new group of people and they are all talking about their housing situations. You want to chime in, but you are still looking for a place to settle down and you feel like you're falling behind on life experiences. You think that you still have plenty of time.",N/A,Will you figure out housing?,Yes,,https://drive.google.com/file/d/13C46DCNwa01dfLqreKVRIq8Gnv03aKQI/view?usp=sharing,all,3
,3 (356),Resilience/Negation,Mental Health,Social Situations,Romantic Relationships,Pool Time,"You and your partner are on vacation and decide to spend time at the pool, and you notice you forgot to pack sunscreen.  Your partner specifically reminded you to pack the sunscreen before leaving the hotel room. Recently, you and your partner have been fighting more than usual, and you think your partner will be angry. ","You apologize to your partner, and volunteer to go get sunscreen somewhere. Your partner thanks you for going, and is not upset. ",Is your partner mad at you?,No,Yes,https://drive.google.com/file/d/14PpW4hP6WC0D2w8vTG9u7dihy5qj4aKs/view?usp=sharing,all,3
,4 (170),Positive ,Mental Health,,,Favorite watch ,"You are out to dinner and realize that you are not wearing your favorite watch. You don't remember taking it off earlier but think it is probably where you always keep it. You become a little anxious thinking about where the watch is, and your dinner ends up being enjoyable.",N/A,Is the dinner miserable while you worry about the watch?,No,,https://drive.google.com/file/d/1rZmwzVLqwav8NQcIfkgyiLKeBOdqSS-y/view?usp=sharing,all,3
,5 (659),Negative,Mental Health,Academics/Work/Career Development,,Achieving Your Goals,"You would like to apply for a higher position at your job and further your skills. You know that the process of getting selected is rigorous, but you feel very passionate about achieving this goal and have worked hard to make yourself a good employee. You feel that your chances of getting this new job are slim.",,You believe that you will probably,"Not end up fulfilling your dreams, and feel disappointed with where you end up.",Get the job and advance your career even further. ,https://drive.google.com/file/d/1mrbFakYThg_L8kgL1XKMSA2sHZ2fCEJy/view?usp=sharing,all,3
,6 (503),Positive ,Mental Health,Academics/Work/Career Development,,Answering Unexpected Questions,"You are presenting your work to a group of your peers. After you present, someone asks you a very specific question that you do not know the answer to and you feel like you are unqualified. You remember that you did a lot of research, and this question may just not be relevant.",N/A,Are you qualified to be giving your presentation?,Yes,,https://drive.google.com/file/d/12gcbXlswsM0sW5_Z7DcSBJGr1Bq-2t8t/view?usp=sharing,all,3
,7 (174),Positive ,Mental Health,Academics/Work/Career Development,,One-On-One Meeting,"You have a one-on-one meeting today with your intimidating boss, which you are nervous about. During the meeting, you momentarily lose your train of thought. After that, your anxiety is tolerable.",N/A,Are you able to tolerate your anxiety while meeting with your boss?,Yes,,https://drive.google.com/file/d/1XdpsyI2ipYQdebyRJI6icWGBOLJlNXCD/view?usp=sharing,all,3
,8 (139),Resilience/Negation,Mental Health,Romantic Relationships,,Anticipating a Response,"While on a date, you accidentally spill a glass of water. You feel slightly embarrassed as your date helps you clean up the spill. When everything is dry again, you feel that the rest of the date is likely to be awful.","In the end, you think about how you would feel if your date spilled a glass of water. You realize that you, as well as most people, probably wouldn't care, and that spilling one glass of water is likely to be fine.",Your date probably thinks that you spilling water ...,Is not a big deal at all.,Means you are clumsy and careless.,https://drive.google.com/file/d/1tZ9kuoAZ89zvrhnrRx_F7Er50cVZfWj7/view?usp=sharing,all,3
,9 (556),Positive ,Mental Health,,,How You Look,You are going on a date with your spouse. You look in the mirror before you leave and you wonder if they will like your look. You realize that the only opinion that matters about your appreance is yours. ,N/A,Does it matter if your spouse likes your look?,No ,Yes,https://drive.google.com/file/d/1FccvJOxJ1IrfcxS0GzHIlNxNV5GiBH3P/view?usp=sharing,all,3
,10 (498),Positive ,Mental Health,Social Situations,,Book Club,"You are trying to meet new people and you decide to join a book club. The book for the week is really interesting, but when you show up at the meeting people are asking questions about the book that seem more in depth than you can answer. You remember that you read the book too and have valuable thoughts just like everyone else.",N/A,Can you be involved in the book club discussion?,Yes,,https://drive.google.com/file/d/1A1f5i2QjKCaDwo5rm3VkBWBNRDlH60lC/view?usp=sharing,all,3
32,1 (519),Positive ,Mental Health,Romantic Relationships,,Mental Health Resources,"Recently, your partner has been struggling with their mental health. You want to help them, but you don’t know how. You decide to do research on possible resources you can share to be supportive. ",N/A,Are you able to help your partner? ,Yes,No,https://drive.google.com/file/d/1mYChKyj4d1Uajhz-EYP_YMVD5Fr5s6MH/view?usp=sharing,all,3
,2 (204),Resilience/Negation,Mental Health,Academics/Work/Career Development,,Deleted Project,"You have to turn in an important project today. When you open your computer, you can't find the file anywhere. The project must have been deleted.",You take a deep breath and decide to tell your boss about what happened. You feel ok.,Are you anxious because your project got deleted?,No,,https://drive.google.com/file/d/1GCrKOzwl1UC_Ekj6ZbzSSgZLWAASM60G/view?usp=sharing,all,3
,3 (347),Positive,Mental Health,Academics/Work/Career Development,,Waking Up Ready,"As you're finishing a project at midnight, you realize you still have a couple of tasks left. You plan to wake up a little early to finish them before your important 9 am deadline. While you're setting your alarm and thinking about your plan, you feel confident.",,Are you anxious about your plan to finish your tasks in the morning?,No,,https://drive.google.com/file/d/1C9qzCVMZ7rrXL8Njc7rKFEyQWGercs6i/view?usp=sharing,all,3
,4 (194),Resilience/Negation,Mental Health,Physical Health,,Heartrate Worries,"You are at an event and start to talk with some acquaintances. As the room fills, you can feel your heart beating fast. You think this could mean there is something wrong and you feel scared.","When the event gets louder as more people arrive, you consider leaving, but you decide you can handle these feelings and keep on socializing.",When your heart started beating very fast...,"You managed your anxiety, and stayed.",You left because of your anxiety.,https://drive.google.com/file/d/1cTKQhk1Gcvsa36S3yS-5EU4WtbW56xaQ/view?usp=sharing,all,3
,5 (455),Positive,Mental Health,,,Truthful Texting,"You got someone's number from a dating app and have been texting them back and forth for a few days now. You do not feel very interested in them, but they text you today saying that they are extremely interested in you and want to meet up for a date and you are worried they will be angry if you decline their offer. You decide to be truthful about not feeling the same and tell them you do not see your relationship going any further.",N/A,Are you happy with your response?,Yes,,https://drive.google.com/file/d/1XmEF3Y_EVn1lonn_hWKIbtSjgRFn_dbg/view?usp=sharing,all,3
,6 (499),Positive ,Mental Health,Academics/Work/Career Development,,Presenting your Work,"You've been working hard all year on a project and your your department head has invited you to talk about it at an event. A lot of your friends and coworkers will be there, and you don't think your work will be enough to impress them. You think that your department head invited you for a reason and your work is worth seeing.",N/A,Will your work impress the people at the event?,Yes,,https://drive.google.com/file/d/16uno5Nefcm3awk1lVSEJ8eocgzjkR5B0/view?usp=sharing,all,3
,7 (497),Positive ,Mental Health,Academics/Work/Career Development,,Looking at your Qualifications,"You are in a new town and need to start applying for jobs. You start looking at the qualifications for jobs and even though you've worked hard to put together you're resume, you wonder if it will be enough. You look back on your accomplishments and know that you've done more than enough.",N/A,Are you qualified for these new jobs?,Yes,,https://drive.google.com/file/d/1ukTeswERZcv2VvawZpW961W0jlu_DqhX/view?usp=sharing,all,3
,8 (551),Negative ,Mental Health,,,Your Bowling Skills,"You have been bowling in a recreational league with some friends for the past few years. You have improved since you started, but you aren't as skilled as you would like to be yet. When you think about yourself in the years to come you see your bowling skills as disappointing.",N/A,"Years from now, when you're bowling with your friends, you will probably notice",How little your skills have continued to improve.,How much you have improved since you started.,https://drive.google.com/file/d/1oSLgkDZVNtoSTo-1lqoKPGD_AvvZLCdO/view?usp=sharing,all,3
,9 (677),Positive,Mental Health,Romantic Relationships,,Past Experiences,"Your last relationship did not end very well. You are entering a new relationship, but you are still dealing with the feelings from your past relationship. You think you can work out a compromise together. ",N/A,Will your partner understand?,Yes,No,https://drive.google.com/file/d/1c0jEVgNBC6T5owmfv46lOubTqZ53hCZE/view?usp=sharing,all,3
,10 (436),Positive,Mental Health,Social Situations,,Time to Yourself,"Your favorite part of the day is winding down to eat dinner. When you start making dinner, you realize that you've been eating alone a lot recently, and you feel sad. You decide you are okay with this fact, as it gives you time to reflect on your day.",,Are you okay with eating dinner alone?,Yes,,https://drive.google.com/file/d/18ON-daCCgtQApC9SVxzPUIsZEHK2kZJK/view?usp=sharing,all,3
33,1,Write Your Own,Mental Health,,,Write Your Own,,,,,,,write your own,45
34,1,Write Your Own,Mental Health,,,Write Your Own,,,,,,,write your own,45
35,1,Write Your Own,Mental Health,,,Write Your Own,,,,,,,write your own,45
36,1 (518),Positive,Mental Health,Family & Home Life,,Views Towards Therapy,"You have been going to therapy lately. You haven't told your family because they have expressed negative views of therapy in the past. You think that this time, they will be unsupportive. ",N/A,Will your family accept you going to therapy?,Yes,,https://drive.google.com/file/d/1oOjp17AzniUmJnuYe-gQ8IiWi4W8RJ71/view?usp=sharing,1,3
,2 (169),Resilience/Negation,Mental Health,Social Situations,Academics/Work/Career Development,Important opinion,"You finish a task due next week for your boss and ask them for their opinion. They say the work is good, apart from an incomplete section. You feel that they think you are careless.","In the end, you realize that they brought the error to your attention so you could improve it before sending it in. You fix the incomplete section and believe that your boss head thinks you are learning.",Was your boss pleased with your progress?,Yes,,https://drive.google.com/file/d/1sS8e3ZmixCVH2YAFPuVlOAoIhpt-vfWE/view?usp=sharing,1,3
,3 (376),Positive,Mental Health,Social Situations,,Having People Over,"You notice your home is smaller and not as spacious as the homes of others that you know. Your coworkers have never been to your place, but want to come over. You think their reaction to your home will be respectful.",,Will your coworkers judge your home?,No,,https://drive.google.com/file/d/1cta4lpPhoahfL1nlRrl3fYCs86bhsNjd/view?usp=sharing,1,3
,4 (513),Negative,Mental Health,,,Night Out,You are getting ready for a night out. You notice that you have a big pimple on your cheek. You feel beautiful. ,N/A,Do you think you look good?,Yes,,https://drive.google.com/file/d/1iG9en_nfEYbr4NEkFMt3-xoAIldZBgYQ/view?usp=sharing,1,3
,5 (487),Positive ,Mental Health,Academics/Work/Career Development,,Comparing Your Work to Others',"You recently received poor feedback on a presentation. Your colleague, who delivered a similar presentation, received wonderful feedback. You think that your next presentation will be better. ",N/A,Can you improve your presentation?,Yes,,https://drive.google.com/file/d/1ODCFk2IwiLjhCOU7VfcGrDWg9KqnAbY8/view?usp=sharing,1,3
,6 (158),Positive ,Mental Health,Academics/Work/Career Development,,Evaluation results,"The window for staff evaluations just closed, and you are not sure whether you did well or not. You feel nervous as you think about how other people graded you. You think being nervous is manageable.",N/A,Can you tolerate your nervousness as you wait to find out your evaluation?,Yes,,https://drive.google.com/file/d/1wsTsWXkjfok0Sn3yNthn2D51nUUgPfAo/view?usp=sharing,1,3
,7 (339),Resilience/Negation,Mental Health,Academics/Work/Career Development,,An Important Presentation,"Your boss is watching your presentation in your meeting today. During the presentation, you stumble over your words a lot. You feel defeated.","While you feel upset, you realize that it's natural to make mistakes. You think that your boss won't remember.",Is it okay that you made a mistake in front of your boss?,Yes ,,https://drive.google.com/file/d/1pQHZTO39FaMtxe96k3wQ-bwUufBsPYvC/view?usp=sharing,1,3
,8 (449),Positive ,Mental Health,,,An international flight,"You are going on a trip to another country. During the flight, you look out the window and realize you've never been so far above the ocean. You feel thrilled.",N/A,Is it exhilarating to be so high up?,Yes,,https://drive.google.com/file/d/1GYk2FDBdJrt2X79wPnOBoOZF2QH6AcbW/view?usp=sharing,1,3
,9 (507),Positive ,Mental Health,,,Rainy Weather,You wake up and look out the window to see that it's rainy and gloomy out. You stay inside all day and when you look back on the day you realize you felt sad for most for it. You decide that it was probably because you were not able to go outside. ,N/A,Is today's sadness going to last forever?,No,,https://drive.google.com/file/d/1UejoAZIzw5j2-fZDO54rqRL0ITIi4iOf/view?usp=sharing,1,3
,10 (500) ,Positive ,Mental Health,Academics/Work/Career Development,,Coming up with Questions,"You are in a talk on a challenging topic you're really excited about. You have a lot of thoughts on the subject but you feel like the questions everyone else are asking are smarter than yours. You think about how all of them probably get nervous about talking too, and know they aren't there to judge.",N/A,Are everyone else's questions better than yours?,No,,https://drive.google.com/file/d/1ZRX4djV0jNJx45cG7BKsaEWYgTgDJGha/view?usp=sharing,1,3
37,1 (309),Positive ,Mental Health,Social Situations,,Inside Jokes,You post a short video. Your best friend comments something really embarassing. Your followers will think that you and your friend are close.,N/A,Do others judge you for your friend's comment on your post?,No,,https://drive.google.com/file/d/1828HR7oyHuDJpNFSn5JmLlYAZ24vA7x7/view?usp=sharing,1,3
,2 (173),Resilience/Negation,Mental Health,Physical Health,,Swimming laps,"It's Sunday morning and you are swimming laps at the pool. After a couple of laps you feel out of breath and decide to break for a minute at the end of the lane. Gasping for breath makes you feel anxious, and you want to stop swimming.","You decide that these sensations are tolerable, and you resume.",Did you keep on exercising despite feeling anxious?,Yes,,https://drive.google.com/file/d/1VALnSYTdN8clzOrVZO4oEh1vWMUO7WgK/view?usp=sharing,1,3
,3 (520),Positive,Mental Health,,,Backpacking plans ,"You are backpacking abroad with your best friend. You have a general idea of what you will do each day, but you didn't plan out every detail ahead of time. This uncertainty causes some anxiety that is tolerable.",N/A,Is the spontaneity of your trip going to be tolerable?,Yes,,https://drive.google.com/file/d/1f5qTWC8jtwMEUJ0MUHDmDO68LGO10fFt/view?usp=sharing,1,3
,4 (296),Positive,Mental Health,Romantic Relationships,,Opening Up,"You've recently been feeling more anxious than usual, and this is affecting your ability to do things with your partner. You've never told your partner about your anxiety, and you wonder if they'll judge you for it. When you talk to your partner about your mental health, you expect them to be understanding.",N/A,Will you tell your partner about your anxiety?,Yes,No,https://drive.google.com/file/d/1eMO9UApj4OCdb7IaK2GYOqq_Luhll7U6/view?usp=sharing,1,3
,5 (336),Positive,Mental Health,Academics/Work/Career Development,,Enjoyable Endeavor ,"You and some coworkers were given some extra tasks to complete by the end of the week, and you've been working hard. You overheard your coworkers saying that you'd be ""crazy"" to enjoy the extra work. You think about how productive it makes you feel to be working this hard, and feel excited.",,Are you looking forward to completing the extra tasks?,Yes,,https://drive.google.com/file/d/18Nfhp9FuaS1pKc7jTO3hXT4vzg-FI7Db/view?usp=sharing,1,3
,6 (251),Resilience/Negation,Mental Health,Physical Health,Academics/Work/Career Development,Out of Your Control,"You are about to do your first online interview for an important promotion. You click the link when it is time to join the meeting,  but your internet cuts out. You think about the interviewers assuming you are late and feel nauseous.","After a minute, your Internet comes back. You log back in and realize you feel more confident.",Do you feel sick throughout the rest of your interview? ,No,,https://drive.google.com/file/d/1XSzs9MSKzUi9VEjvSXdG4wuW6OFlE60F/view?usp=sharing,1,3
,7 (263),Positive,Mental Health,Social Situations,,Your New Post,"You just posted a new picture an hour ago. When you check how many likes it's gotten, you see no one has liked it yet. It's late at night, which means that everyone is sleeping.",N/A,Did people ignore your post?,No,,https://drive.google.com/file/d/1TU-vDyoLAB5--Mx4gvO5P_0Cu9AVyDqC/view?usp=sharing,1,3
,8 (454),Positive ,Mental Health,,,Confronting a Friend ,"In a conversation with a friend today, they say something slightly offensive and they do not seem to realize that it may have made you uncomfortable. You confront them about their comment and why it was offensive, and you worry in the moment that they may be angry at you. When you hear their reponse, they are thankful you communicated with them and apologize.",N/A,Are you proud that you communicated with your friend?,Yes,,https://drive.google.com/file/d/1Vg9pDOIb4D_9uk_FU-PN67RDhh3URJqT/view?usp=sharing,1,3
,9 (284),Negative,Mental Health,Physical Health,,Stomach Ache,"You have been nervous about an upcoming evaluation at work. The day of the evaluation, you notice that your stomach is aching. You think that the stomach ache must be from anxiety. ",N/A,Is the stomach ache from anxiety?,Yes,,https://drive.google.com/file/d/1rbCs8iZS6b3LtSyDCOMcEXH8GAlOt4qZ/view?usp=sharing,1,3
,10 (369),Positive ,Mental Health,,,Deciding to Share a Picture,"You take a picture of a coworker at an event that is really great. You want to show your other coworkers in an email but remember that you just sent out an email yesterday. If you email again, you think people won't notice.",N/A,Do your coworkers think it's strange that you emailed two days in a row?,No,,https://drive.google.com/file/d/1Ev1HphDd6ARyBxl2_PUoyWxWlfAh9n7F/view?usp=sharing,1,3
38,1 (219),Positive,Mental Health,Family & Home Life,,Stuck in the Middle,"You’re at home reading a book when you hear members of your household fighting. You wonder why they are yelling at each other, and then one of them says your name. You realize that the reason why they’re arguing is probably not your fault.",N/A,Is it your fault that they are fighting?,No,,https://drive.google.com/file/d/1ftgcSnzMhpFI41H8c5OD_1qoWZWEzBP2/view?usp=sharing,1,3
,2 (139),Resilience/Negation,Mental Health,Romantic Relationships,,Anticipating a Response,"While on a date, you accidentally spill a glass of water. You feel slightly embarrassed as your date helps you clean up the spill. When everything is dry again, you feel that the rest of the date is likely to be awful.","In the end, you think about how you would feel if your date spilled a glass of water. You realize that you, as well as most people, probably wouldn't care, and that spilling one glass of water is likely to be fine.",Your date probably thinks that you spilling water ...,Is not a big deal at all.,Means you are clumsy and careless.,https://drive.google.com/file/d/1tZ9kuoAZ89zvrhnrRx_F7Er50cVZfWj7/view?usp=sharing,1,3
,3 (272),Positive,Mental Health,Social Situations,,Party with Friends,You're at a party with some friends and some of them are doing things you're uncomfortable with. You decide not to participate. Your friends think that you are normal.,N/A,Do your friends think you're uncool for not participating?,No,,https://drive.google.com/file/d/1ooVd4XP2M8uvAgD3jqy3SN9TjXcZXBCO/view?usp=sharing,1,3
,4 (527),Resilience/Negation,Mental Health,Academics/Work/Career Development,,Committing to Activities,"You were very excited to return to in-person instruction and decided to commit to a lot of activities. You've found it challenging to meet all of your responsibilities, and you worry that you are failing at everything. ","You realize that being back in-person is an adjustement, and it will take some time to get used to the busyness of an in-person semester. You think that with everything you have going on, you're doing a great job. ",Can you handle your responsibilities?,Yes ,,https://drive.google.com/file/d/1b4FsJv5cKIMQtEO-gCgq-Ezc9XEaINoP/view?usp=sharing,1,3
,5 (515),Positive ,Mental Health,Social Situations,,Feeling Anxious,"This semester, you've been feeling very anxious, and you haven't been able to enjoy your life without worrying. You wonder what people in you life would think of you if you got help. You think that they would consider you to be brave. ",N/A,Would the people in your life support you getting help?,Yes,,https://drive.google.com/file/d/1UBORN__WOk3N5lP4X-qA_lwYYhlyyYqS/view?usp=sharing,1,3
,6 (299),Positive,Mental Health,Social Situations,,A Rude Comment,You post a picture you are really confident about. You see a really rude comment as you go back to check your comments. You take a deep breath and decide not to feel bothered.,N/A,Do you get really upset about the rude comment on your post?,No,,https://drive.google.com/file/d/1RkgHCc_BENHGzRjkp5-Y-7TvU7m58if8/view?usp=sharing,1,3
,7 (498),Positive ,Mental Health,Social Situations,,Book Club,"You are trying to meet new people and you decide to join a book club. The book for the week is really interesting, but when you show up at the meeting people are asking questions about the book that seem more in depth than you can answer. You remember that you read the book too and have valuable thoughts just like everyone else.",N/A,Can you be involved in the book club discussion?,Yes,,https://drive.google.com/file/d/1A1f5i2QjKCaDwo5rm3VkBWBNRDlH60lC/view?usp=sharing,1,3
,8 (436),Positive,Mental Health,Finances,,Session Costs,"You recently had to pay a large sum of money toward repairs for your car. This unexpected expense cut into the money you use to pay your therapy copays, and you are concerned about what will happen if you miss sessions to save money. You call the therapy office, and they help you come up with a solution. ",N/A,Do finances get in the way of therapy?,No,,https://drive.google.com/file/d/1yu9h9aas60Qlgw4LN5PXrYPCRmTlEye4/view?usp=sharing,1,3
,9 (232),Negative,Mental Health,Family & Home Life,,Heading out of Town,"You are heading out of town for a few days. You decide to double-check that all the appliances in your house are turned off. As you close the door to your house, you feel nervous.",N/A,Are you worried about whether you turned off everything in the house? ,Yes,,https://drive.google.com/file/d/11L0gcPPltGMNDtkc_O6wRZAj_WWsbX7o/view?usp=sharing,1,3
,10 (170),Positive ,Mental Health,,,Favorite watch ,"You are out to dinner and realize that you are not wearing your favorite watch. You don't remember taking it off earlier but think it is probably where you always keep it. You become a little anxious thinking about where the watch is, and your dinner ends up being enjoyable.",N/A,Is the dinner miserable while you worry about the watch?,No,,https://drive.google.com/file/d/1rZmwzVLqwav8NQcIfkgyiLKeBOdqSS-y/view?usp=sharing,1,3
39,1 (503),Positive ,Mental Health,Academics/Work/Career Development,,Answering Unexpected Questions,"You are presenting your work to a group of your peers. After you present, someone asks you a very specific question that you do not know the answer to and you feel like you are unqualified. You remember that you did a lot of research, and this question may just not be relevant.",N/A,Are you qualified to be giving your presentation?,Yes,,https://drive.google.com/file/d/12gcbXlswsM0sW5_Z7DcSBJGr1Bq-2t8t/view?usp=sharing,2,3
,2 (491),Negative ,Mental Health,Academics/Work/Career Development ,,Balancing Tasks,"You been very busy this semester and haven't had the time to work on your own career development. One of your colleagues is also very busy, and yet they received a promotion. This makes you feel like a failure.  ",N/A,Should you be working harder?,Yes,,https://drive.google.com/file/d/1oLL_xLzI-U5_qMJYXQBLx1YoawU0rB1s/view?usp=sharing,2,3
,3 (487),Positive ,Mental Health,Academics/Work/Career Development,,Comparing Your Work to Others',"You recently received poor feedback on a presentation. Your colleague, who delivered a similar presentation, received wonderful feedback. You think that your next presentation will be better. ",N/A,Can you improve your presentation?,Yes,,https://drive.google.com/file/d/1ODCFk2IwiLjhCOU7VfcGrDWg9KqnAbY8/view?usp=sharing,2,3
,4 (297),Resilience/Negation,Mental Health,Physical Health,,Long Walk Outside,"It's a cold day, and you are out walking to clear your mind. Your hands start to shake and your heart beats quickly as you walk up a hill. This is scary.",You remember that this is the first time you have been on a long walk for a couple weeks. You are probably feeling your heart race because of the hill.,Does your rapid heartrate mean something bad is happening?,No,,https://drive.google.com/file/d/1lcMOCr0PYGVo5UIUZXEXzXL0JU5_MIgg/view?usp=sharing,2,3
,5 (218),Positive,Mental Health,Academics/Work/Career Development,,Using Different Technology,"You recently replaced your laptop and had to go with a cheaper option. Your boss asks you to complete a project that will require an application that your new computer doesn’t have. When you think about completing your work for this project, you feel capable.",N/A,Do you feel capable of completing the work for this project?,Yes,,https://drive.google.com/file/d/1GCrKOzwl1UC_Ekj6ZbzSSgZLWAASM60G/view?usp=sharing,2,3
,6 (335),Positive,Mental Health,Academics/Work/Career Development,,Different Expectations,"You check online to see if you were selected for a raise. You see that you were not, although you expected to be. You think about what this will mean for your future, and know everything will be fine.",,Will there be terrible consequences for not getting this raise?,No ,,https://drive.google.com/file/d/1XSzs9MSKzUi9VEjvSXdG4wuW6OFlE60F/view?usp=sharing,2,3
,7 (251),Resilience/Negation,Mental Health,Physical Health,,Catching Transportation,"You are at the airport running to catch a plane. You feel your heart racing as you step on the plane and sit down. Starting to sweat and breathe quickly, you fear that you might have a panic attack.","You have a strong urge to get off the plane and go back home, but you sit down at the nearest seat. Instead of exiting, you decide to observe these sensations and stay seated.",Is it necessary to get off the plane because you feel your heart beating rapidly?,No,,https://drive.google.com/file/d/15BOnlJB7SXDWnFaZP_Cm6vzosTdkmVsp/view?usp=sharing,2,3
,8 (296),Positive,Mental Health,Physical Health,,Dry Mouth,You have experienced dry mouth for a few days. This is something you haven't felt before. The likelihood that dry mouth means a serious health problem is low.,N/A,Does your dry mouth signal that you are ill?,No,,https://drive.google.com/file/d/1eG4x0HMf4jIlTARyW3hf9EE8Q_PSqHPE/view?usp=sharing,2,3
,9 (153),Positive ,Mental Health,Social Situations,,Office Talk,"You are having a discussion with your boss in their office, which is a little anxiety-provoking for you. You think about ending the discussion early. After a brief pause, you decide to stay.",N/A,Are you able to continue the discussion with your boss?,Yes,,https://drive.google.com/file/d/1EVK1YWntA3eHXiFL5ok7Rw3ZBpkKE_D7/view?usp=sharing,2,3
,10 (82),Positive ,Mental Health ,,,Faster Thoughts ,"You are planning an event you are extremely excited about. As you think about what you need to do for the event to be a success, your thoughts seem to speed up. This is helpful.",N/A,Do you find it useful when your thoughts seem to speed up?,Yes,,https://drive.google.com/file/d/1SaSOZb7CwqBWSZLgiDR8Hhold_NOYHAx/view?usp=sharing,2,3
40,1 (255),Positive,Mental Health,Social Situations,Physical Health,Friend in the Hospital,"You get a text from a friend that they are in the hospital, but they don't tell you why. You start to worry about whether they're going to be OK. As you think about your friend, you feel calm.",N/A,Will your friend probably be OK? ,Yes,,https://drive.google.com/file/d/1orHJdZcvNDmtHi2FCrQ29bBopJCgLT5D/view?usp=sharing,2,3
,2 (508),Positive ,Mental Health,,,Feeling Down,"You have had a busy and stressful week. You are usually happy, but you've felt flat and sad all for the past few days. You remember that it's normal to have some hard days.",N/A,Are your feelings normal?,Yes,,https://drive.google.com/file/d/1Idh86DIZlODfTEChHpLTlFGu9oVwjF82/view?usp=sharing,2,3
,3 (148),Resilience/Negation,Mental Health ,Physical Health ,,Monday Morning ,"It's Monday morning and you are hurrying to your car to go to a meeting. You feel your heart racing as you open the car door and sit down. Fearing that you might have a panic attack, you have a strong urge to get out of the car, and yet you decide to observe these sensations without reacting and stay seated.",N/A,Is it necessary to get out of the car because you feel your heart beating rapidly?,No,,https://drive.google.com/file/d/1ho3hNNuBsI2_uM04efw2daW5FzUWG_Qk/view?usp=sharing,2,3
,4 (219),Positive,Mental Health,Family & Home Life,,Stuck in the Middle,"You’re at home reading a book when you hear members of your household fighting. You wonder why they are yelling at each other, and then one of them says your name. You realize that the reason why they’re arguing is probably not your fault.",N/A,Is it your fault that they are fighting?,No,,https://drive.google.com/file/d/1ftgcSnzMhpFI41H8c5OD_1qoWZWEzBP2/view?usp=sharing,2,3
,5 (270),Negative,Mental Health,Academics/Work/Career Development,,Important Email,"Today you are receiving an email about whether or not you received a promotion. You have a few hours to wait until you'll get the email. When you think about waiting that long, you feel miserable.",N/A,Do you feel OK having to wait for the email?,No,,https://drive.google.com/file/d/1N6vR25DLC0FZk7m0Kj9cqT3vnyjdyQOA/view?usp=sharing,2,3
,6 (495),Positive ,Mental Health,Academics/Work/Career Development,,Falling Behind,"You recently started a new job. As you've been working, it seems like everyone around you knows what they're doing, but you're still confused. You think this is because you're still learning, and you'll catch on soon. ",N/A,Will you get better at your job?,Yes,,https://drive.google.com/file/d/1V3qcOIHvtf7LmQss0ruGtHPfIMlyIauX/view?usp=sharing,2,3
,7 (264),Positive ,Mental Health,Social Situations,,Picture with Friends,"You and your friend took some pictures together. You look through your feed and see that they tagged you in a post and you really don't like how you look. But, you know that in the long run it won't matter.",N/A,Are you worried about your appearence in the posted picture?,No,,https://drive.google.com/file/d/1NvTM1g3vx1Kut8y_4vvBJo79qKHzUztk/view?usp=sharing,2,3
,8 (309),Positive ,Mental Health,Romantic Relationships,,Special Day,"You have a dinner scheduled with someone you have wanted to hang out with for a while. On the day of the dinner, you feel a little nervous, as you wonder whether they will like you as much as you like your them. Feeling nervous is normal.",N/A,You probably feel nervous because ...,You haven't hung out with this person before.,You are unlikeable.,https://drive.google.com/file/d/1Yyi1e6BqxjDWtVu76Gq09Tb21smvhClb/view?usp=sharing,2,3
,9 (555),Resilience/Negation,Mental Health,,,Intrusive Thoughts,"Recently, you've noticed that you are having intrusive thoughts. These thoughts are disturbing to you, and you cannot believe that you are thinking such horrible things. You think that you are going crazy. ","After a while, you realize that they are just thoughts, and that they don't mean anything about you as a person. You think that you are not going crazy, and that you are a good person. ",Are you a bad person?,No,,https://drive.google.com/file/d/1lb5unRFMzlCZwR4qVYPDwPXdw7evicTa/view?usp=sharing,2,3
,10 (494),Positive,Mental Health,Social Situations,,Plans for the Weekend,"It's finally Friday, and you overhear some coworkers talking about their plans for the weekend. You didn't have anything big planned for the weekend, and you feel like you aren't social enough to keep up with your coworkers. When you imagine relaxing after a hard week of work, you feel content.",N/A,Do you have to be more social?,No,,https://drive.google.com/file/d/1osnpX2qW0UbXPOcFF6j-MPRf0iUaem-b/view?usp=sharing,2,3
41,1 (76),Positive ,Mental Health,Physical Health,,Annual physical exam,"You are getting your annual physical with your doctor. After an initial exam, your doctor indicates that something looks unusual, and says they will need to get a second opinion. When it comes to managing your anxiety while you wait in the exam room, you are capable.",N/A,Are you capable of managing your anxiety while waiting for your doctor?,Yes,,https://drive.google.com/file/d/1gfUANnECP3LDzTjUtm_9lBpdAe3s4Xyw/view?usp=sharing,2,3
,2 (368),Negative,Mental Health,Social Situations,,Social Media Comments,"You decide to email your department promoting something important to you. Someone responds rudely because they misinterpreted what you wrote. You wonder what this person thinks about you, and feel worried.",,Are you anxious about what the person thinks about you? ,Yes,,https://drive.google.com/file/d/1azOE2eRIrdOPl9AdAR61tTkqUFdsq0zB/view?usp=sharing,2,3
,3 (335),Positive,Mental Health,Academics/Work/Career Development,,Different Expectations,"You check online to see if you were selected for a raise. You see that you were not, although you expected to be. You think about what this will mean for your future, and know everything will be fine.",,Will there be terrible consequences for not getting this raise?,No ,,https://drive.google.com/file/d/1XSzs9MSKzUi9VEjvSXdG4wuW6OFlE60F/view?usp=sharing,2,3
,4 (451),Positive ,Mental Health,,,Night Out,You are getting ready for a night out. You notice that you have a big pimple on your cheek. You feel beautiful. ,N/A,Do you think you look good?,Yes,,https://drive.google.com/file/d/1iG9en_nfEYbr4NEkFMt3-xoAIldZBgYQ/view?usp=sharing,2,3
,5 (223),Resilience/Negation,Mental Health,Academics/Work/Career Development,,Feeling Called Out,"Your boss catches you texting during a meeting and calls you out for not paying attention. You don't like when people are mad at you, but you know that your boss will say something to you at the end of the meeting. For the rest of the meeting, you feel anxious.","When the meeting ends, your boss confronts you and reminds you to not have your phone out during a meeting. You think they are being nice.",Was your boss mean about confronting you? ,No,,https://drive.google.com/file/d/1fZ5gwS6hpP38y6RtFHzIC7gnpeeFtrLF/view?usp=sharing,2,3
,6 (515),Positive ,Mental Health,Social Situations,,Feeling Anxious,"This semester, you've been feeling very anxious, and you haven't been able to enjoy your life without worrying. You wonder what people in you life would think of you if you got help. You think that they would consider you to be brave. ",N/A,Would the people in your life support you getting help?,Yes,,https://drive.google.com/file/d/1UBORN__WOk3N5lP4X-qA_lwYYhlyyYqS/view?usp=sharing,2,3
,7 (336),Positive,Mental Health,Academics/Work/Career Development,,Enjoyable Endeavor ,"You and some coworkers were given some extra tasks to complete by the end of the week, and you've been working hard. You overheard your coworkers saying that you'd be ""crazy"" to enjoy the extra work. You think about how productive it makes you feel to be working this hard, and feel excited.",,Are you looking forward to completing the extra tasks?,Yes,,https://drive.google.com/file/d/18Nfhp9FuaS1pKc7jTO3hXT4vzg-FI7Db/view?usp=sharing,2,3
,8 (263),Positive,Mental Health,Social Situations,,Your New Post,"You just posted a new picture an hour ago. When you check how many likes it's gotten, you see no one has liked it yet. It's late at night, which means that everyone is sleeping.",N/A,Did people ignore your post?,No,,https://drive.google.com/file/d/1TU-vDyoLAB5--Mx4gvO5P_0Cu9AVyDqC/view?usp=sharing,2,3
,9 (193),Resilience/Negation,Mental Health,Physical Health,,Feeling Lightheaded,"You have been working hard all day and have not had much to eat. As you stand up from your desk, you feel dizzy and weak, and this makes you a little worried. ",You decide to pay attention to the sensations without judging them as good or bad. This reduces your worrying and makes you feel calmer.,Will your anxiety decrease if you observe your sensations without judgment?,Yes,,https://drive.google.com/file/d/1DivZOcoKB52Y-av9UMmPiIogDTLacT_W/view?usp=sharing,2,3
,10 (508),Positive ,Mental Health,,,Feeling Down,"You have had a busy and stressful week. You are usually happy, but you've felt flat and sad all for the past few days. You remember that it's normal to have some hard days.",N/A,Are your feelings normal?,Yes,,https://drive.google.com/file/d/1Idh86DIZlODfTEChHpLTlFGu9oVwjF82/view?usp=sharing,2,3
1,1,Positive,Physical Health,,,Coughing friend,Yesterday you got together with a friend who coughed a few times while you were out. You are nervous that you might have caught something from your friend. You decide that your anxiety is manageable.,N/A,Can you manage your anxiety about potentially getting sick from your friend?,Yes,,https://drive.google.com/file/d/14wxdQT03SW3H6H1dQsVqj2B6s1GhUSY7/view?usp=sharing,1,3
,2,Positive,Physical Health,,,Fruit slice,"At the outdoor picnic table with some colleagues, you accidentally cut your finger while slicing fruit for lunch. Because you are outside, you are not able to wash it out immediately with soap and water. In a few days, your cut will be healed.",N/A,The cut will probably ...,Heal quickly.,Become infected.,https://drive.google.com/file/d/1Mu4B99f_8N1nQxTYtHOfiGj2lIRhn65P/view?usp=sharing,1,3
,3,Positive,Physical Health,,,Sunday Morning Run,"It's Sunday morning and you just ran a mile outside. Taking off your running shoes in the hallway, you are short of breath. You feel proud.",N/A,You should ...,Grab a bottle of water and a post-workout snack,Make an emergency call because this is a sign of something serious.,https://drive.google.com/file/d/1ivYW6KDjJ0KCp241kGMdYMgTi3vLVLa2/view?usp=sharing,1,3
,4,Positive,Physical Health,,,Vacationing by plane,"You are traveling to your vacation destination on an airplane. As the plane accelerates during takeoff, your chest begins to feel tight. You are relaxed.",N/A,Are you scared that you won't be able to breathe properly?,No,,https://drive.google.com/file/d/10RtFjWCJpEFr6Za1p4F3jIp8a2V2fEg5/view?usp=sharing,1,3
,5,Resilience/Negation,Physical Health,,,Dinner Party Supplies,"You are co-hosting a dinner party at your friend's apartment, and you just finished all the shopping. You start to sweat and feel your heart pounding after a couple of trips carrying the groceries up to the third floor. You feel a bit scared of these sensations. Unsure of whether they are good or bad, you decide to simply accept them.","Unsure of whether they are good or bad, you decide to simply accept them.",Could you accept your racing heart as neither good nor bad?,Yes,,https://drive.google.com/file/d/1QevesjiyIZoUiGS00ScGoNoxtScdTp8W/view?usp=sharing,1,3
,6,Negative,Physical Health,,,Hospital waiting room,"You go to the hospital to visit a friend. In the waiting room, someone behind you coughs. If you wash your hands, the probability that you will get sick is still high.",N/A,"If you wash your hands, you will most likely ...",Still get sick.,Stay healthy.,https://drive.google.com/file/d/1v4HCkO7m3y4tylqtqv5CzAn0rfRfST7m/view?usp=sharing,1,3
,7,Positive,Physical Health,,,Appointment with the doctor,"You have been feeling a little sick lately, so you schedule a doctor's appointment. The soonest appointment you can get is a few days away. While you wait for your doctor's appointment, you think your sickness is probably temporary.",N/A,Do you think you are going to feel better soon?,Yes,,https://drive.google.com/file/d/1CQEIRtnYHCuBwFTBYxYsWkQ1QKjVjIIJ/view?usp=sharing,1,3
,8,Resilience/Negation,Physical Health,Mental Health,,Feeling sick on a hot day,"Returning home on a very hot day, you quickly drink a large glass of water. You soon feel abnormally full and a bit sick to your stomach. This feeling is uncomfortable. ","Though you do not enjoy this sensation, you realize that it is something that will pass naturally with time.",You responded to the feelings of sickness in your stomach by ...,Observing the sensations without doing anything.,Panicking about the sensations and calling an ambulance.,https://drive.google.com/file/d/1zIU7R9B0aDdb2iU_AHp4YbObnLDAts0M/view?usp=sharing,1,3
,9,Positive,Physical Health,,,Health evaluation,"At your routine doctor's appointment, your doctor decides to run a few tests to evaluate your health based on your family's medical history. Your results will be ready within a week. While waiting for your results, you think you are likely healthy.",N/A,You think that your results will reveal that ...,You are healthy.,Something is seriously wrong with your health.,https://drive.google.com/file/d/1WUA_iuY9HxHRZBVvI8Hq39NskzbzC-0e/view?usp=sharing,1,3
,10,Positive,Physical Health,,,A scratchy throat,"Getting up this morning, you notice that your throat is scratchier than it usually is. You think about why this may be. You decide it is probably because you are thirsty.",N/A,Will drinking some water make your throat feel better?,Yes,,https://drive.google.com/file/d/118UoiMp2MPYeDFHJgRZF-D2-TtLE53Ov/view?usp=sharing,1,3
2,1,Positive,Physical Health,,,Hospital waiting room,"You go to the hospital to visit a friend. In the waiting room, someone behind you coughs. If you wash your hands, the probability that you will get sick is minimal.",N/A,"If you wash your hands, you will most likely ...",Stay healthy.,Get sick anyway.,https://drive.google.com/file/d/1v4HCkO7m3y4tylqtqv5CzAn0rfRfST7m/view?usp=sharing,1,3
,2,Negative,Physical Health,,,Appointment with the doctor,"You have been feeling a little sick lately, so you schedule a doctor's appointment. The soonest appointment you can get is a few days away. While you wait for your doctor's appointment, you think your sickness is probably serious.",N/A,Do you think you are going to feel better soon?,No,,https://drive.google.com/file/d/1kpVx-RP6RkIBeO0BP6bI-6pktQV171VI/view?usp=sharing,1,3
,3,Positive,Physical Health,,,Time to sleep,"You are lying in your bed, about to go to sleep. As everything quiets down, you begin to breathe slower than you usually do. This is relaxing.",N/A,The slowing of your heart rate and breathing probably means ...,Your body needs rest after a long day of work.,You are not getting enough oxygen and will pass out.,https://drive.google.com/file/d/1GciXsHlPyobvmEXy0TGbJk0MTPGBdpWE/view?usp=sharing,1,3
,4,Positive,Physical Health,,,First time skydiving,"You are taking a skydiving lesson. When you think about jumping out of the airplane, your body begins to tremble. This is exhilarating.",N/A,Are you feeling excited?,Yes,,https://drive.google.com/file/d/1jsDqBgpjjv3U7WRb6PJBRv1QYy5LFlHi/view?usp=sharing,1,3
,5,Positive,Physical Health,Mental Health,,Blood test results,"At your last doctor's appointment, your doctor took a few blood tests. Your doctor told you that they will get you your results in a few days, and you feel nervous as you wait for them. You think your nervousness is manageable.",N/A,Is it unbearable to be nervous as you wait for your test results?,No,,https://drive.google.com/file/d/1op21VnIDCX_kpphMiw4zXhVcpVx_Znwn/view?usp=sharing,1,3
,6,Positive,Physical Health,,,Finger cut,"You accidentally cut your finger slightly while cooking. You promptly clean the cut and put on a bandage. Later that evening, the cut hurts a little bit, and you think that it is likely healing.",N/A,Is your finger seriously infected?,No,,https://drive.google.com/file/d/1nOyp1h4xXHZTxnQALqhJ08E4YeNJ6C6p/view?usp=sharing,1,3
,7,Positive,Physical Health,,,Weekend horseback riding,"You are going horseback riding with your family over the weekend. Soon the horse starts to gallop quickly, and you feel your heart racing. You think that this feeling is exciting. ",N/A,Is it fun to try riding the horse?,Yes,No,https://drive.google.com/file/d/1gp4EB_H5pnsJTvhJfzP4qEeoWkq9bVqP/view?usp=sharing,1,3
,8,Resilience/Negation,Physical Health,Mental Health,,Exercise Class with Friend,"It's Wednesday night and your friend convinces you to take a high-intensity cardio class. About halfway through you stop exercising, because you feel you can't catch your breath. You worry you might faint.","As you begin to have anxious thoughts about passing out, you decide to simply notice them.","When feeling like you can't catch your breath, it is helpful to ...",Just observe your anxious thoughts and sensations without judgment.,Judge your breathlessness as bad or harmful.,https://drive.google.com/file/d/1VlsI9LlwAnuIBOVvXzcOaRgcOTFzDdfO/view?usp=sharing,1,3
,9,Resilience/Negation,Physical Health,Mental Health,,Swimming Laps,"It's Sunday morning and you are swimming laps at the pool. After a couple of laps you feel out of breath and decide to break for a minute at the end of the lane. Gasping for breath makes you feel anxious, and you want to stop swimming.","You decide that these sensations are tolerable, and you resume.",Did you keep on exercising despite feeling anxious?,Yes,,https://drive.google.com/file/d/1VALnSYTdN8clzOrVZO4oEh1vWMUO7WgK/view?usp=sharing,1,3
,10,Positive,Physical Health,,,Disease test,"At your routine doctor’s appointment, you are asked to take a test for a disease. After the test, you wait for your results in the waiting room for a long time. You think the chances that you have the disease are minimal. ",N/A,Do you think the test results will say you have the disease?,No,,https://drive.google.com/file/d/1mtIOu31sfSD7VQLjrcgYMpLTPYt_4eFO/view?usp=sharing,1,3
3,1,Positive,Physical Health,,,Exploring a narrow cave,"On vacation you are touring a cave, and you feel nervous about being in such an enclosed space. As you move forward, you're finding it hard to catch your breath. You try to focus on your surroundings, and know that the feeling will end soon.",N/A,Is your breathing going to affect you forever?,No,Yes,https://drive.google.com/file/d/15ni4MeSzSvzNK7ApghKU2XnMk019M6x1/view?usp=sharing,1,3
,2,Positive,Physical Health,Social Situations,,Out on a boat,"You spend the day on a boat with your friends. When you get off the boat, your legs feel strange and you have trouble walking. This sensation is amusing.",N/A,The feeling in your legs is probably ...,Temporary and nothing you should be worried about.,Something you should be worried about.,https://drive.google.com/file/d/1NC-kP-pSY9wJdrgbZnKbNcCzbSV962qB/view?usp=sharing,1,3
,3,Resilience/Negation,Physical Health,,,Hiking with a Friend,"You are on a weekend hiking trip with a friend. When you reach a steep incline, you start to breathe heavily. You are scared about what this could mean for your health, especially given that you are out in the wilderness. ","You take a few deep breaths. Paying attention to what it feels like to breathe in and out helps to focus your mind, and you decide to continue.",Are you able to manage your anxiety by observing your breathing?,Yes,,https://drive.google.com/file/d/1c6ET3nowvSsYvkQarueJoQxQeStMOq--/view?usp=sharing,1,3
,4,Resilience/Negation,Physical Health,,,Sudden noise,"You are walking to work when you hear a sudden noise behind you. When you quickly turn your head to see what it is, a feeling of dizziness hits you, and you begin to worry you will lose control. ","Noticing these thoughts, you decide that you will be able to cope, and so you keep walking.",Did you let worries get in the way of you getting to work?,No,,https://drive.google.com/file/d/1EYgCsAXuhxtIYuCSSWKugZP_JiM8jjqz/view?usp=sharing,1,3
,5,Positive,Physical Health,,,Hot surface burn,"While making dinner, you accidentally touch a very hot pan. You quickly put your finger under cold water and can already see your skin turning red. After a few minutes, you think the burn is minor.",N/A,"After running water over your finger, your burn will probably ...",Hurt much less.,Remain very painful.,https://drive.google.com/file/d/1G2YWXv0p1YZmB6Gsfe2dO0xdWf6LUeVB/view?usp=sharing,1,3
,6,Positive,Physical Health,,,COVID Worries,"You are at a sports game. The crowd is cheering loudly for your team, and your head is pounding. You feel thrilled.",N/A,Are you worried that the pounding in your head signifies something serious?,No,,https://drive.google.com/file/d/1BxmUUVgj2Iau_pHkovTQetlDHezR_Wkp/view?usp=sharing,1,3
,7,Positive,Physical Health,Romantic Relationship,,COVID Worries,"Your partner doesn’t take the necessary precautions to fight against COVID-19. This worries you because someone you know is immunocompromised. When you think about talking to your partner about their actions, you think they will understand.",N/A,Will your partner listen to your concerns?,Yes,No,https://drive.google.com/file/d/1eS3xdgg3NdHjNuZm-PCj_U3BfXR0yy9S/view?usp=sharing,1,3
,8,Negative,Physical Health,,,Flashing movie,You are watching a movie in a theater. There are many quick-paced camera shots that make you feel dizzy. This sensation is scary.,N/A,Is it distressing when you feel dizzy?,Yes,,https://drive.google.com/file/d/1OfA4w2yQ1uGy66zPDmyH7KN8PoG0ItOh/view?usp=sharing,1,3
,9,Positive,Physical Health,,,A birthday cake,"Your friend buys you a cake for your birthday. When they bring it over in the evening, they note that they have recently gotten over being ill. Holding the cake, you think your chances of becoming sick are minimal.",N/A,"If you eat the cake, you will probably ...",Not get sick. ,Get sick. ,https://drive.google.com/file/d/1HQHBTRpNUNY2kQ0B3sOzw3AIKiQ5XsJl/view?usp=sharing,1,3
,10,Positive,Physical Health,,,Spinning around,"You go on a spinning ride at a carnival. When you get off, you feel dizzy. You are delighted.",N/A,Do you find it fun to feel dizzy after spinning carnival rides?,Yes,,https://drive.google.com/file/d/1G1sHiVYDnKlOh6uW2-ZdFkqpUQkZOV0x/view?usp=sharing,1,3
4,1,Positive,Physical Health,,,Flashing movie,You are watching a movie in a theater. There are many quick-paced camera shots that make you feel dizzy. This sensation is funny.,N/A,Is it distressing when you feel dizzy?,No,,https://drive.google.com/file/d/1SjRDhO4HJ_WO82IWqrR9SG8vahCwKzNn/view?usp=sharing,2,3
,2,Positive,Physical Health,,,Tingled fingers,You are helping a friend paint a house and have been raising your hand for a long time. Your fingers begin to tingle. This sensation is funny.,N/A,Do the tingling feelings in your fingers make you nervous?,No,,https://drive.google.com/file/d/1fj906rRvObqRqYlvQh_8sC4u8vkYHYJP/view?usp=sharing,2,3
,3,Positive,Physical Health,,,Sleep Sensations ,You are lying in your bed and about to go to sleep. You start to feel a heaviness in your chest as you try to sleep. You think about this pressure and feel tired.,,Are you worried about the heaviness in your chest as you fall asleep?,No,,https://drive.google.com/file/d/1izJIViWYKVGzESq3qfuHbCfkmMbXkVuc/view?usp=sharing,2,3
,4,Positive,Physical Health,,,Running your first race,"Last weekend you ran your first race. Since then, you have been experiencing slight pain in your hip. Walking around, you think this pain is probably meaningless.",N/A,You think that the pain in your hip is ...,Temporary.,A sign of serious injury. ,https://drive.google.com/file/d/1aiVn1lJHaTkvfQFGg2fqKpjSdp-hUxUC/view?usp=sharing,2,3
,5,Resilience/Negation,Physical Health,,,Testing Positive for COVID-19,"A few days after attending a birthday party with lots of people, you notice that your throat hurts. You take a test and find out that you have COVID, which you have been careful to avoid due to your underlying health conditions. ","You think about how your health will be affected, and think that you will be able to handle the challenges as they come.",Will you be able to recover from COVID?,Yes,,https://drive.google.com/file/d/1swyXz0EX1z3WGXTnVs4rB7-lSbq05V5E/view?usp=sharing,2,3
,6,Resilience/Negation,Physical Health,,,Hiking with a Friend,"You are on a weekend hiking trip with a friend. When you reach a steep incline, you start to breathe heavily. You are scared about what this could mean for your health, especially given that you are out in the wilderness. ","You take a few deep breaths. Paying attention to what it feels like to breathe in and out helps to focus your mind, and you decide to continue.",Are you able to manage your anxiety by observing your breathing?,Yes,,https://drive.google.com/file/d/1c6ET3nowvSsYvkQarueJoQxQeStMOq--/view?usp=sharing,2,3
,7,Positive,Physical Health,,,Comfortable couch,"You had a very busy day, and in the evening you are finally able to relax. As you sit on your couch, you feel spacey. You are calm.",N/A,You feel strange because ...,You only had one glass of water today.,You are coming down with the flu.,https://drive.google.com/file/d/18GluoIzVFP_yuVpBX8Em1bx0GIg1TuH2/view?usp=sharing,2,3
,8,Negative,Physical Health,,,Sports game cheers,"You are at a sports game. The crowd is cheering loudly for your team, and your head is pounding. You feel worried.",N/A,Are you worried that the pounding in your head signifies something serious?,Yes,,https://drive.google.com/file/d/1BxmUUVgj2Iau_pHkovTQetlDHezR_Wkp/view?usp=sharing,2,3
,9,Positive,Physical Health,,,Taking Precautions ,"Your children are back in-person at school. You're worried that a classmate might give them COVID, and your children might get really sick. You decide you'll make sure they stay masked and learn to always wash their hands to keep them safe.",N/A,Do you think your children will get COVID?,No,,https://drive.google.com/file/d/1t2DosXT-6MyJili_m8ONQLLL80lG_8V8/view?usp=sharing,2,3
,10,Positive,Physical Health,,,Thoughts at the train station,"You are waiting for the train in a big city, and you notice your leg begin to ache. You worry that you will have to stand on the train, and the pain will get worse. Thinking about how you didn't do anything to injure your leg, you figure this pain is temporary.",N/A,Is there something majorly wrong with your leg?,No,Yes,https://drive.google.com/file/d/1ClAbuwZR2mkRJo44BvUWsBonRFgqp8o9/view?usp=sharing,2,3
5,1,Positive,Physical Health,,,Annual checkup results,"You get blood drawn for your annual physical. Your doctor tells you that you will have to wait a few days to receive the results, and you worry about what the results will say. Over the next few days, the worries are bearable.",N/A,Are your worries about your blood test results tolerable? ,Yes,,https://drive.google.com/file/d/1BVKNqBpLdgfT2kJpyOrEvhicjUJSFpHZ/view?usp=sharing,2,3
,2,Positive,Physical Health,,,Spider bite,"While out hiking you are bitten by a spider. Your friend assures you that the spider was not venomous and that you will be fine. You worry that it could have been a deadly spider, but you continue your hike anyway, and your worries for the rest of the hike are manageable. ",N/A,Are you able to manage your worries while finishing your hike?,Yes,,https://drive.google.com/file/d/1toIitkmj6xnqEM3CAiCHxzQrhXRD_p_Q/view?usp=sharing,2,3
,3,Negative,Physical Health,Social Situations,,Masks for Guests,"Your partner invites a few friends over for the evening, and you both agreed that everyone would wear masks. When their friends arrive, they don't have masks and your partner doesn't say anything to them. You pull your partner aside and ask them to speak to their friends. ",N/A,Do you feel comfortable talking to your partner?,No,,https://drive.google.com/file/d/1VlSJxjX6YZt0epDm0HUx0I8HU-2SSjKk/view?usp=sharing,2,3
,4,Positive,Physical Health,,,Spacing out,"You are in a meeting listening to someone speak. You stop paying attention and space out for a minute or two. When you begin to pay attention again, you are relaxed.",N/A,Do you feel calm after you space out during the meeting?,Yes,,https://drive.google.com/file/d/1KAtEMGAr-LWfEzuwFy2roR4vCQ_ecl0O/view?usp=sharing,2,3
,5,Positive,Physical Health,Social Situations,,Colleague Presentation,"You have to give a presentation for your coworkers today. When you stand up in front of your colleagues, you feel your cheeks get hot and your hands start to tremble. You wonder if you are ill. ","Thinking about it more, you feel okay, besides some nervousness about the presentation. You think that these sensations will be manageable.",Can you handle your anxiety symptoms while you give your presentation?,Yes,,https://drive.google.com/file/d/1JLUIkzxiJ2P-eVOgnLmb1zyker17wj7l/view?usp=sharing,2,3
,6,Positive,Physical Health,,,Unknown Sensations,You're walking with some friends after lunch and suddenly feel tingling in your finger tips. This is something that you haven't really experienced before. This probably means that you are fine.,N/A,Does the tingling in your fingers mean that you are sick?,No,,https://drive.google.com/file/d/1TaGhr-WWip-eRu9sYUy8KrsB9UlfG_Im/view?usp=sharing,2,3
,7,Positive,Physical Health,,,Blurry eyesight,"You are very tired. As you lie down in your bed, your vision begins to blur. You are relaxed.",N/A,You realize that ...,You are especially tired.,You could be losing your vision permanently.,https://drive.google.com/file/d/1p3MZ2l74Zw8yLG7DGA22YUKqeK1K3i0n/view?usp=sharing,2,3
,8,Resilience/Negation,Physical Health,,,Sudden noise,"You are walking to work when you hear a sudden noise behind you. When you quickly turn your head to see what it is, a feeling of dizziness hits you, and you begin to worry you will lose control. ","Noticing these thoughts, you decide that you will be able to cope, and so you keep walking.",Did you let worries get in the way of you getting to work?,No,,https://drive.google.com/file/d/1EYgCsAXuhxtIYuCSSWKugZP_JiM8jjqz/view?usp=sharing,2,3
,9,Resilience/Negation,Physical Health,Family & home life,,Walking to clear mind,"It's a cold day, and you are out walking to clear your mind. Your hands start to shake and your heart beats quickly as you walk up a hill. This is scary.",You remember that this is the first time you have been on a long walk for a couple weeks. You are probably feeling your heart race because of the hill.,Does your rapid heartrate mean something bad is happening?,No,Yes,https://drive.google.com/file/d/1oiPUPbb3k3wmoRn3s5fSAPMdPX11UgYp/view?usp=sharing,2,3
,10,Positive,Physical Health,Finances,,Recovering from COVID,"You had to take some time off of work because you caught COVID. Although the break was important for your health, it also put a strain on your finances. When you think about your financial situation, you know you will be able to make up for the lost time.",N/A,Will you recover from your time off?,Yes,,https://drive.google.com/file/d/1cbv_QPZogeJ9EgBhzDHZF1sxXJYifyBG/view?usp=sharing,2,3
6,1,Positive,Physical Health,,,Learning how to ski,You are on holiday at a mountain resort and are learning how to ski. This is your first attempt to ski downhill on your own. You approach the first bend at a moderate speed and think that skiing is enjoyable.,N/A,"Once you reach the bend, you will probably ...",Clear it and continue skiing downhill.,Fall down.,https://drive.google.com/file/d/17uXb5H0kSMesHVAR7r1_6NraiAfQA0yi/view?usp=sharing,2,3
,2,Positive,Physical Health,,,Driving with a Friend,You are in the car with a friend and they are driving the speed limit on the highway. You feel butterflies in your stomach as you see cars passing quickly by. This makes you feel scared.,,Do the butterflies in your stomach make you feel excited?,Yes,,https://drive.google.com/file/d/1Qg3RtlzGStLsvGsgkLm9QEhINOWo8MDV/view?usp=sharing,2,3
,3,Positive,Physical Health,Social Situations,,Visiting Neighbors,"You notice that you haven't seen your elderly neighbor recently. You normally visit them regularly, so it is strange that you have not seen them lately. Your neighbor has probably been fine.",N/A,Has your elder neighbor likely been sick?,No,,https://drive.google.com/file/d/14_16MBBgKRM9oZwTGSN9GJblFNuwndpf/view?usp=sharing,2,3
,4,Negative,Physical Health,,,A birthday cake,"Your friend buys you a cake for your birthday. When they bring it over in the evening, they note that they have recently gotten over being ill. Holding the cake, you think your chances of becoming sick are pretty high.",N/A,"If you eat the cake, you will probably ...",Get sick. ,Not get sick. ,https://drive.google.com/file/d/1HQHBTRpNUNY2kQ0B3sOzw3AIKiQ5XsJl/view?usp=sharing,2,3
,5,Positive,Physical Health,Social Situations,,Birthday Party,"You are at a birthday party for a friend of a friend. You notice that you are flushed and a little sweaty. Standing there, you think that these sensations are normal.",N/A,People will probably ...,Not see you sweat since the room is dimly lit.,Notice that you are sweating.,https://drive.google.com/file/d/1cfjkxrnn1-Ws7c5KzE7-FN0aIqqXiOQF/view?usp=sharing,2,3
,6,Positive,Physical Health,,,Catching Your Breath,It's a cool morning and you're walking up a flight of stairs to get to your office. You start to feel really winded as you make it to the top step. You take a second to breathe and feel calm.,N/A,Does feeling winded scare you?,No,,https://drive.google.com/file/d/1xz59u0B6S3xO0AcB31N0mgdTPMRySk9a/view?usp=sharing,2,3
,7,Resilience/Negation,Physical Health,Mental Health,,Heartrate Worries,"You are at an event and start to talk with some acquaintances. As the room fills, you can feel your heart beating fast. You think this could mean there is something wrong and you feel scared.","When the event gets louder as more people arrive, you consider leaving, but you decide you can handle these feelings and keep on socializing.",When your heart started beating very fast...,"You managed your anxiety, and stayed.",You left because of your anxiety.,https://drive.google.com/file/d/1cTKQhk1Gcvsa36S3yS-5EU4WtbW56xaQ/view?usp=sharing,2,3
,8,Resilience/Negation,Physical Health,,,Cold Weather,"It's a cold evening and you have been walking outside without a jacket. After a few minutes, your body starts shaking and you notice that your heart is racing. You think about what this could mean for your health, and you feel scared.","As you keep walking, you feel a bit uncomfortable but decide that your body's response to the cold is manageable.","Before you got indoors again, you... ",Tolerate your body's normal response to the cold.,Assume that something bad is happening to you.,https://drive.google.com/file/d/1wf6c8LLSodZ_5OvMkPTLXeXSwKibzPvZ/view?usp=sharing,2,3
,9,Positive,Physical Health,,,Being Near Someone Sick,You go to the hospital to visit a friend. Someone behind you coughs a few times while you are in the waiting room. The chance that you will get sick is low.,N/A,Is it likely that you will become ill?,No,,https://drive.google.com/file/d/14p-MA9AmO3Kf44iLqLgrc1KHWBpaRA8G/view?usp=sharing,2,3
,10,Positive,Physical Health,,,A Toothache,"Your tooth has been hurting recently, so you decide to make a dentist appointment. You think about the pain in your tooth and what it might be from. As you wait for your appointment, you will feel calm.",N/A,Can you handle going to the dentist?,Yes,,https://drive.google.com/file/d/1tx8o8w91aqw3k6CaxI1f-gxpAoV22yp6/view?usp=sharing,2,3
7,1,Positive,Physical Health,,,Spinning around,"You go on a spinning ride at a carnival. When you get off, you feel dizzy. You are delighted.",N/A,Do you find it fun to feel dizzy after spinning carnival rides?,Yes,,https://drive.google.com/file/d/1G1sHiVYDnKlOh6uW2-ZdFkqpUQkZOV0x/view?usp=sharing,all,3
,2,Positive,Physical Health,,,Going for a Spin,You decide to spin yourself really quickly on an office chair. You feel butterflies in your stomach and your head get dizzy as the chair slows down from spinning. These feelings probably mean that you are fine.,N/A,Are you worried about feeling dizzy? ,No,,https://drive.google.com/file/d/1fYamTMa1ZB3CzDOyWxCfhKI3L2j1vR7J/view?usp=sharing,all,3
,3,Negative,Physical Health,,,An accidental bang,"One evening, you are climbing the stairs and accidentally hit your head against a low ceiling. The next morning, the headache is still there slightly, and you wonder what you've done. By lunchtime, the pain has worsened.",N/A,You think the headache is a sign that you ...,Are seriously injured.,Are getting better.,https://drive.google.com/file/d/146ppWjMD-jv8MsLWh8oFtUXFi-waMntP/view?usp=sharing,all,3
,4,Positive,Physical Health,,,First time ice skating,"Your friend enjoys ice skating and persuades you to try it out. At the rink you put on the skates and step on the ice. You glide forward slowly at first, then faster, and think your chances of getting injured are minimal.",N/A,"As you continue ice skating, you will probably ...",Successfully skate around the rink several times. ,Fall over and hurt yourself.,https://drive.google.com/file/d/1DDUPUz1PJYIlmUsQ4fi7k8l6xKAqzb0q/view?usp=sharing,all,3
,5,Resilience/Negation,Physical Health,,,Finish a Long Run,You finish a long run. You notice that your heart is racing very fast and your chest feels tight. You think you are about to panic.,You really want to go somewhere private so that you're away from others. You decide to stay instead and breathe slowly.,Is it necessary to leave a public area because of your racing heart?,No,,https://drive.google.com/file/d/1b6SHlzW0ox4gYWPHJ4V0XNGxwHqJO5rg/view?usp=sharing,all,3
,6,Resilience/Negation,Physical Health,Social Situations,,Birthday Party,"You are at a birthday party for a friend of a friend. You notice that you are flushed and a little sweaty. Standing there, you think that these sensations are normal.",N/A,People will probably ...,Not see you sweat since the room is dimly lit.,Notice that you are sweating.,https://drive.google.com/file/d/1cfjkxrnn1-Ws7c5KzE7-FN0aIqqXiOQF/view?usp=sharing,all,3
,7,Positive,Physical Health,,,Feeling Dizzy,You are at a party and start to dance with your friends. You start to feel dizzy as the beat gets faster. You think that this feeling is a sign of excitement.,N/A,Are you worried about feeling dizzy?,No,,https://drive.google.com/file/d/11iBGMQfdQzKS4Wie-FoCiOstUhF1691I/view?usp=sharing,all,3
,8,Positive,Physical Health,Finances,,Recovering from COVID,"You had to take some time off of work because you caught COVID. Although the break was important for your health, it also put a strain on your finances. When you think about your financial situation, you know you will be able to make up for the lost time.",N/A,Will you recover from your time off?,Yes,,https://drive.google.com/file/d/1cbv_QPZogeJ9EgBhzDHZF1sxXJYifyBG/view?usp=sharing,all,3
,9,Positive,Physical Health,,,Running a Mile,You're doing a mile run and you want to get a good time. You notice that your heart is racing more quickly than usual after you stop. You think that this is normal.,N/A,Is it bad that your heart is racing after the run?,No,,https://drive.google.com/file/d/1Ba88gEkP7CKNLp4OYy0jKaTec5G1fIIh/view?usp=sharing,all,3
,10,Positive,Physical Health,,,Poisonous Snakes,Your friend convinces you to go on a walk through a local park. You have heard that there are poisonous snakes in that park and start to feel worried. You think that the chances that you will see that kind of snake are  small.,N/A,Are you likely to get bitten by a poisonous snake?,No,,https://drive.google.com/file/d/1U2_8uATTliNhBZDx61INANKTKxk7cpTi/view?usp=sharing,all,3
8,1,Positive,Physical Health,,,Health evaluation,"At your routine doctor's appointment, your doctor decides to run a few tests to evaluate your health based on your family's medical history. Your results will be ready within a week. While waiting for your results, you think you are likely healthy.",N/A,Are you likely ill?,No,,https://drive.google.com/file/d/1skss2BI_-uGWDYIrkmbfefHHXDWYy7yn/view?usp=sharing,all,3
,2,Resilience/Negation,Physical Health,,,Spider bite,"While out hiking you are bitten by a spider. Your arm begins to tingle, and you worry that it could have been a venomous, deadly spider.","After waiting a few minutes, your symptoms do not escalate. Your friend assures you that the spider was not venomous and that you will be fine.",Are you able to manage your worries while finishing your hike?,Yes,,https://drive.google.com/file/d/1toIitkmj6xnqEM3CAiCHxzQrhXRD_p_Q/view?usp=sharing,all,3
,3,Resilience/Negation,Physical Health,Mental Health,,Dinner Party Supplies,"You are co-hosting a dinner party at your friend's apartment, and you just finished all the shopping. You start to sweat and feel your heart pounding after a couple of trips carrying the groceries up to the third floor. You feel a bit scared of these sensations. Unsure of whether they are good or bad, you decide to simply accept them.",N/A,Could you accept your racing heart as neither good nor bad?,Yes,,https://drive.google.com/file/d/1QevesjiyIZoUiGS00ScGoNoxtScdTp8W/view?usp=sharing,all,3
,4,Negative,Physical Health,,,Running in the Cold,"It's a cold day, and you are outside jogging. Your heart starts to beat quickly a few minutes in. You decide that this feeling is scary.",,Is your rapid heartbeat scary?,Yes,,https://drive.google.com/file/d/1FS-osT_v7dH6pF1URFaIMXwErnTMFWu-/view?usp=sharing,all,3
,5,Positive,Physical Health,,,Catching up to Friends,"You see your friends across the street and jog over to them. You feel a little disoriented and dizzy as you reach them. You consider what this means, and realize that it probably means that you ran quickly.",N/A,Are you scared by feeling slightly disoriented after your short jog?,No,,https://drive.google.com/file/d/1pczJLTVnLyHDjo-fmzd5s_A2lnG8fHM7/view?usp=sharing,all,3
,6,Positive,Physical Health,Mental Health,,Comfortable couch,"You had a very busy day, and in the evening you are finally able to relax. As you sit on your couch, you feel spacey. You are calm.",N/A,You feel strange because ...,You only had one glass of water today.,You are coming down with the flu.,https://drive.google.com/file/d/18GluoIzVFP_yuVpBX8Em1bx0GIg1TuH2/view?usp=sharing,all,3
,7,Positive,Physical Health,,,Unknown Sensations,You're walking with some friends after lunch and suddenly feel tingling in your finger tips. This is something that you haven't really experienced before. This probably means that you are fine.,N/A,Does the tingling in your fingers mean that you are sick?,No,,https://drive.google.com/file/d/1TaGhr-WWip-eRu9sYUy8KrsB9UlfG_Im/view?usp=sharing,all,3
,8,Positive,Physical Health,,,Going to Sleep,You are lying in your bed and about to go to sleep. You start to feel a heaviness in your chest as you try to sleep. You think about this pressure and feel tired.,N/A,Are you worried about the heaviness in your chest as you fall asleep?,No,,https://drive.google.com/file/d/1izJIViWYKVGzESq3qfuHbCfkmMbXkVuc/view?usp=sharing,all,3
,9,Positive,Physical Health,,,Dancing Class,"You are taking a dancing class and, during a break, feel your legs go wobbly. You focus on these feelings as you get a drink of water. Wobbly legs probably mean that you are pushing yourself.",N/A,Are your wobbly legs a sign that you are unwell?,No,,https://drive.google.com/file/d/1xY_MqEc3uOEL5xvE9lYTGJ6OJPlAArWS/view?usp=sharing,all,3
,10,Positive,Physical Health,,,Sweating Through Your Shirt,"You wear a shirt to school that hangs tightly around your armpits. In the middle of the day, you notice that you have sweat marks. After thinking about it, you realize that sweating throughout the day is normal.",N/A,Is sweating a normal bodily function?,Yes,,https://drive.google.com/file/d/1Wch_kcxO-_MSrBd4tyGQsC_dXyOttIIF/view?usp=sharing,all,3
9,1,Positive,Physical Health,,,Normal Functions ,"You wear a shirt to school that hangs tightly around your armpits. In the middle of the day, you notice that you have sweat marks. After thinking about it, you realize that sweating throughout the day is normal.",N/A,Is sweating a normal bodily function?,Yes,,https://drive.google.com/file/d/1Wch_kcxO-_MSrBd4tyGQsC_dXyOttIIF/view?usp=sharing,all,3
,2,Resilience/Negation,Physical Health,Social Situations,,Presentation Panic,"You are giving a presentation that you have been really nervous to give. As you talk, you feel a lump in your throat and you start to cough. These feelings probably mean that you are panicking.","You decide to take a slow, deep breath. As you start to talk again, you realize that what you felt was normal.",Is it normal to cough during a presentation?,Yes,,https://drive.google.com/file/d/10fLWhto09ulpTOoQ_oICa06UK6vWzttW/view?usp=sharing,all,3
,3,Resilience/Negation,Physical Health,,,Hiking with a Friend,"You are on a weekend hiking trip with a friend. When you reach a steep incline, you start to breathe heavily. You are scared about what this could mean for your health, especially given that you are out in the wilderness. ","You take a few deep breaths. Paying attention to what it feels like to breathe in and out helps to focus your mind, and you decide to continue.",Are you able to manage your anxiety by observing your breathing?,Yes,,https://drive.google.com/file/d/1c6ET3nowvSsYvkQarueJoQxQeStMOq--/view?usp=sharing,all,3
,4,Positive,Physical Health,Social Situations,,Colleague Presentation,"You have to give a presentation for your coworkers today. When you stand up in front of your colleagues, you feel your cheeks get hot and your hands start to tremble. You think that these sensations will be manageable.",,Can you handle your anxiety symptoms while you give your presentation?,Yes,,https://drive.google.com/file/d/1JLUIkzxiJ2P-eVOgnLmb1zyker17wj7l/view?usp=sharing,all,3
,5,Positive,Physical Health,,,Dry Throat,"You are talking to your friend about your day and suddenly you feel your throat go dry. You cough a little and reach for a glass of water. The water helps a little, and you realize that the dry throat was probably nothing.",N/A,Does the dry throat mean that you are sick?,No,,https://drive.google.com/file/d/1EYKumlSsrqKHNA6TbZfnrscg0F5KgSYg/view?usp=sharing,all,3
,6,Positive,Physical Health,Social Situations,,Seeing an Old Friend,You see an old friend you haven't spoken to in years. Your heart skips a beat. You feel excited.,,Is it OK that your heart felt like it skipped a beat?,Yes,,https://drive.google.com/file/d/1y8Ol0_urR_KdDlcWEw9hZ979KBQ_ozHp/view?usp=sharing,all,3
,7,Negative,Physical Health,,,Driving with a Friend,You are in the car with a friend and they are driving the speed limit on the highway. You feel butterflies in your stomach as you see cars passing quickly by. This makes you feel scared.,,Do the butterflies in your stomach make you feel excited?,No,,https://drive.google.com/file/d/1Qg3RtlzGStLsvGsgkLm9QEhINOWo8MDV/view?usp=sharing,all,3
,8,Positive,Physical Health,Social Situations,,Meeting Someone New,You are at a birthday party for a friend of a friend. You start to feel a knot in your stomach while talking to someone you've never met before. This probably means that you are excited.,,Are you worried about talking to a new person?,No ,,https://drive.google.com/file/d/1m8Y-P-lBw6IkILN6LVQ2sO9xx9D8qSBD/view?usp=sharing,all,3
,9,Positive,Physical Health,Social Situations,,Recent Exposure,"You were recently exposed to someone who tested positive, but you got tested and haven't experienced any symptoms. Your friends invite you to get dinner with them, and you wonder if you should go. You test negative and go out with your friends. ",N/A,Do you test negative?,Yes ,,https://drive.google.com/file/d/1skPUUmw_frFjR4sIPO4dIxk0mnDUH5UN/view?usp=sharing,all,3
,10,Positive,Physical Health,,,Social Distancing Indoors,"You are immunocompromised, and you have been taking precautions to protect yourself from COVID. When you arrive to a meeting one day, you notice a colleague who is not wearing their mask. You ask them to put their mask on. ",N/A,Are you taking precautions against COVID?,Yes,,https://drive.google.com/file/d/1ZaHC8JkZK3uAQbvp8hBPnP6YtIA2v7Kk/view?usp=sharing,all,3
10,1,Write Your Own,Physical Health,,,Write Your Own,,,,,,,write your own,45
11,1,Write Your Own,Physical Health,,,Write Your Own,,,,,,,write your own,45
12,1,Write Your Own,Physical Health,,,Write Your Own,,,,,,,write your own,45
13,1,Positive,Physical Health,,,Taking Precautions ,"Your children are back in-person at school. You're worried that a classmate might give them COVID, and your children might get really sick. You decide you'll make sure they stay masked and learn to always wash their hands to keep them safe.",N/A,Do you think your children will get COVID?,No,,https://drive.google.com/file/d/1-Bcfnf1f_tJLVLtFYqsR48ZXuSOw1bn9/view?usp=sharing,1,3
,2,Resilience/Negation,Physical Health,Family & Home life,,Walking to clear mind,"It's a cold day, and you are out walking to clear your mind. Your hands start to shake and your heart beats quickly as you walk up a hill. This is scary.",You remember that this is the first time you have been on a long walk for a couple weeks. You are probably feeling your heart race because of the hill.,Does your rapid heartrate mean something bad is happening?,No,Yes,https://drive.google.com/file/d/1oiPUPbb3k3wmoRn3s5fSAPMdPX11UgYp/view?usp=sharing,1,3
,3,Resilience/Negation,Physical Health,Social Situations,,Giving a Presentation,"You are giving a presentation that you have been really nervous to give. As you talk, you feel a lump in your throat and you start to cough. These feelings probably mean that you are panicking.","You decide to take a slow, deep breath. As you start to talk again, you realize that what you felt was normal.",Is it normal to cough during a presentation?,Yes,,https://drive.google.com/file/d/10fLWhto09ulpTOoQ_oICa06UK6vWzttW/view?usp=sharing,1,3
,4,Negative,Physical Health,,,Running in the Cold,"It's a cold day, and you are outside jogging. Your heart starts to beat quickly a few minutes in. You decide that this feeling is scary.",,Is your rapid heartbeat scary?,Yes,,https://drive.google.com/file/d/1FS-osT_v7dH6pF1URFaIMXwErnTMFWu-/view?usp=sharing,1,3
,5,Positive,Physical Health,,,Waking Up Dizzy,"As you wake up in the morning, you sit up quickly. Your vision goes blurry, and then goes black for a moment. Your vision comes back after a moment, and you tell yourself that it happened because you sat up quickly.",,Does your momentary blurry vision mean that you are going blind?,No,,https://drive.google.com/file/d/1zilnZ-Hg2NZiL6TR6YmDYtIdKcj2JFhH/view?usp=sharing,1,3
,6,Positive,Physical Health,,,Out of Breath,"On a hike over the weekend, you noticed you were getting out of breath faster than usual. You remember that COVID affects your lungs, and you start to panic. Luckily, you know you've been wearing your mask and have done everything you could to prevent COVID",N/A,Is your shortness of breath COVID-related?,No,,https://drive.google.com/file/d/12mTsvhDVa7HeTkfjIeD5Py5DX8pWVRRl/view?usp=sharing,1,3
,7,Positive,Physical Health,,,Testing Positive for COVID-19,"A few days after attending a birthday party with lots of people, you notice that your throat hurts. You take a test and find out that you have COVID, which you have been careful to avoid due to your underlying health conditions. You think about how your health will be affected and think that you will be able to handle the challenges as they come.",N/A,Will you be able to recover from COVID?,Yes,,https://drive.google.com/file/d/1swyXz0EX1z3WGXTnVs4rB7-lSbq05V5E/view?usp=sharing,1,3
,8,Positive,Physical Health,,,Headache at the Doctor's Office,"You are at the doctor’s office and they ask you if you are having any COVID symptoms. They list headaches as a possible symptom, something you have been experiencing but didn’t recognize as an issue, and that scares you because you remember how sick your friends got with COVID. You remember that you can focus on your health and rest until you feel better.",N/A,Does your headache mean you will get as sick as your friends?,No,,https://drive.google.com/file/d/1E_zU43NdPQrQs_EbbgIeOVJr1IAQ1b_O/view?usp=sharing,1,3
,9,Positive,Physical Health,,,Computer Screen Problems,"While doing work on your computer, you notice your head starting to hurt. Your headache persists and you begin to worry that it is something more serious like COVID. You haven't been exposed to anyone who has tested positive, so you conclude that your headache is from looking at your computer for too long.",N/A,Is your headache related to looking at your computer for too long?,Yes,,https://drive.google.com/file/d/14SW8n5lb3oYoXJv_Rvnap-Aq51sdmBW9/view?usp=sharing,1,3
,10,Positive,Physical Health,,,Swimming at the Beach,"After finding out a friend has COVID, you decide to take yourself to the beach for a relaxing day. When you try to go swim in the ocean, you notice that it's hard for you to hold your breath underwater. This is probably because you haven't swam in a while. ",,Is your struggle to swim a sign of COVID?,No,,https://drive.google.com/file/d/1EDAskGZeJln12DePCekZITDjifvl8aXY/view?usp=sharing,1,3
14,1,Positive,Physical Health,,,Masks with Sensitive Skin,"You have sensitive skin, and wearing a mask makes you break out. When you see people without masks on, their skin is completely clear. You feel insecure about how much acne you have. ","After thinking about it, you realize that you tend to notice aspects about yourself that others don't. You feel good about how you're protecting people by wearing your mask. ",Is it good that you're wearing a mask?,Yes,,https://drive.google.com/file/d/1kxwTqZLKkj_Ga1sxMdjcBk6LLutuz39T/view?usp=sharing,1,3
,2,Resilience/Negation,Physical Health,,,Upset Stomach,You've been feeling sick to your stomach for a few days. You make an appointment with your doctor. The nausea probably means that you are sick.,You meet with the doctor and they tell you what's probably going on. You think about it and realize that getting sick sometimes is normal.,Is it normal to get sick sometimes?,Yes,,https://drive.google.com/file/d/1prtRSSRBp4ryNBbiHEfOgJJIMpOsf_o3/view?usp=sharing,1,3
,3,Resilience/Negation,Physical Health,,,Spring Allergies,"It's a chilly spring day, and you are walking outside in the park, hitting the soccer ball around. As you pass by the trees, you feel increasingly stuffy and sore. You start feeling scared.","Looking around, you see all the pollen flying in the air. You realize that you usually get a stuffy nose with seasonal allergies and are probably tired from playing soccer for the last hour. You feel relieved.",Does your stuffy nose and soreness mean something bad is happening?,No,,https://drive.google.com/file/d/1XwVIMD-qlNp532-AByRuhQltoTAlm_qS/view?usp=sharing,1,3
,4,Negative,Physical Health,,,Positive Test,"You recently got tested for COVID, and are expecting your results today. You are in the middle of a meeting when you hear your phone go off, and you wonder if you tested positive or negative. You check your phone and see that you tested positive.",N/A,Do you test positive?,Yes ,,https://drive.google.com/file/d/1Fq-NpWkRkGr7cLwbrV84SzufV_aWAasr/view?usp=sharing,1,3
,5,Positive,Physical Health,,,Plans to Visit Family,"It is just one day before you are supposed to leave to go visit your family, and your friend is told they were exposed to someone with COVID. You both go get tested, but results typically come back in 72 hours and you have a flight booked for tomorrow. When you think about how your family will react, you think they will understand.",N/A,Can you always reschedule your trip to see your family?,Yes,,https://drive.google.com/file/d/1yuqh5SDNygg4LWsoT1Xy9YTyK0rxVKAg/view?usp=sharing,1,3
,6,Positive,Physical Health,,,Hot surface burn,"While making dinner, you accidentally touch a very hot pan. You quickly put your finger under cold water and can already see your skin turning red. After a few minutes, you think the burn is minor.",N/A,"After running water over your finger, your burn will probably ...",Hurt much less.,Remain very painful.,https://drive.google.com/file/d/1G2YWXv0p1YZmB6Gsfe2dO0xdWf6LUeVB/view?usp=sharing,1,3
,7,Positive,Physical Health,,,Cough After Going Out ,"Over the last couple days, you've developed a cough. You went out over the weekend, and wonder if you may have contracted COVID. You decide to go get tested. ",N/A,Is your cough a definite sign of COVID?,No,,https://drive.google.com/file/d/14wxdQT03SW3H6H1dQsVqj2B6s1GhUSY7/view?usp=sharing,1,3
,8,Positive,Physical Health,Social Situations,,Exposure Guilt,"After noticing your throat hurting a bit, you decide to go get tested for COVID. Your partner barely goes out in order to keep themself safe, and you think they'll be mad at you for a possible exposure. You hope that they'll forgive you easily, because getting COVID isn't fully in your control. ",N/A,Do you think your partner will stay mad at you?,No,,https://drive.google.com/file/d/1LkohJTxupt7GsSvfr-gaezvukKm-FVKj/view?usp=sharing,1,3
,9,Positive,Physical Health,,,Unmasked Neighbor,"You're working in the library when another person sits next to you. They are not wearing a mask, and it makes you feel unsafe. You tell the librarian that this person is breaking the rules.",N/A,Do you make the right decision to tell the librarian about the unmasked person?,Yes ,,https://drive.google.com/file/d/1nUmCRu4wnqWaowKbc8AkUMsjxFN1g9BU/view?usp=sharing,1,3
,10,Positive,Physical Health,Social Situations,,Late Communication,"Your friend invites you to a dinner party and after you leave, they casually mention that one of the people there had been exposed and was waiting on a test result. You can’t believe your friend wouldn’t tell you this before they took you to the party. You decide to talk to your friend about it and you both decide to isolate until the test comes back and communicate better about risky situations.",N/A,Did your friend put you in a dangerous situation on purpose?,No,,https://drive.google.com/file/d/1bUgYhh6J97bHW_fCGBklhFK19Hg6E412/view?usp=sharing,1,3
15,1,Positive,Physical Health,Social Situations,,Running with a Friend,"You are going on a run tomorrow with a friend who jogs every day. You have not been on a run in quite some time, and worry if you can keep up or not. You think that tomorrow the chances you can keep up with your friend are strong.",,"Tomorrow, you will probably",Be able to keep up with your friend.,Fall way behind your friend during your run.,https://drive.google.com/file/d/1eJ-08i7HtFvPYHdRnELsblgm6tY079fj/view?usp=sharing,1,3
,2,Resilience/Negation,Physical Health,,,Feeling Faint,You decide to spin yourself really quickly on an office chair. You feel butterflies in your stomach and your head gets dizzy as the chair slows down from spinning. These feelings probably mean that you are going to faint.,"Instead of panicking, you decide to take a deep breathe. Slowly, your dizziness disapears and your stomach feels better.",Are you worried about fainting? ,No,,https://drive.google.com/file/d/1fYamTMa1ZB3CzDOyWxCfhKI3L2j1vR7J/view?usp=sharing,1,3
,3,Resilience/Negation,Physical Health,,,Hiking with Friends,"You and your friends have decided to go hiking, even though you are scared you will become too exhausted. A while into the hike, you start breathing heavily. You think the chances you will have to stop are large.",You look around and your friends are tiring too. You decide you will probably be alright.,Are you probably going to be safe on the hike?,Yes,,https://drive.google.com/file/d/1_h-ZuOeEI_atTR4dz223E24V5sWlPdAn/view?usp=sharing,1,3
,4,Positive,Physical Health,,,Running your first race,"Last weekend you ran your first race. Since then, you have been experiencing slight pain in your hip. Walking around, you think this pain is probably meaningless.",N/A,You think that the pain in your hip is ...,Temporary.,A sign of serious injury. ,https://drive.google.com/file/d/1aiVn1lJHaTkvfQFGg2fqKpjSdp-hUxUC/view?usp=sharing,1,3
,5,Positive,Physical Health,,,Plans to Visit Family,"It is just one day before you are supposed to leave to go visit your family, and your friend is told they were exposed to someone with COVID. You both go get tested, but results typically come back in 72 hours and you have a flight booked for tomorrow. When you think about how your family will react, you think they will understand.",N/A,Can you always reschedule your trip to see your family?,Yes,,https://drive.google.com/file/d/1yuqh5SDNygg4LWsoT1Xy9YTyK0rxVKAg/view?usp=sharing,1,3
,6,Negative,Physical Health,,,Cold day jog,"It's a cold day, and you are outside jogging. Your heart starts to beat quickly a few minutes in. You decide that this feeling is scary.",N/A,Is your rapid heartbeat scary?,Yes,No,https://drive.google.com/file/d/1FS-osT_v7dH6pF1URFaIMXwErnTMFWu-/view?usp=sharing,1,3
,7,Positive,Physical Health,,,Running a Marathon,"You have run a few 10ks and are thinking about training to run a marathon. You enjoy the feeling of accomplishment when you finish a 10k, but you are worried about whether you have what it takes to run more than four times that distance. As you consider the idea of taking on a marathon, you believe that you will probably be good enough.",,You think that finishing a marathon will be,A goal within your reach.,Beyond your abilities.,https://drive.google.com/file/d/1Xq6CIdmWrno41D0PJ3ESIJ_L_tH3iRmg/view?usp=sharing,1,3
,8,Positive,Physical Health,Family & Home Life,,Health and aging,You visit a childhood friend for the holidays and notice that they are getting older. You find yourself wondering what their health will be like in the future. You think their health will likely be good.,N/A,Your friend will probably ...,Remain healthy in the future.,Get sicker in the future.,https://drive.google.com/file/d/1WQ98TKdbZ08AjbW2rG-0WPXkWDfK2eYl/view?usp=sharing,1,3
,9,Positive,Physical Health,,,Being Near Someone Sick,You go to the hospital to visit a friend. Someone behind you coughs a few times while you are in the waiting room. The chance that you will get sick is low.,N/A,Is it likely that you will become ill?,No,,https://drive.google.com/file/d/14p-MA9AmO3Kf44iLqLgrc1KHWBpaRA8G/view?usp=sharing,1,3
,10,Positive,Physical Health,,,Social Distancing Indoors,"You are immunocompromised, and you have been taking precautions to protect yourself from COVID. When you arrive to a meeting one day, you notice a colleague who is not wearing their mask. You ask them to put their mask on. ",N/A,Are you taking precautions against COVID?,Yes,,https://drive.google.com/file/d/1ZaHC8JkZK3uAQbvp8hBPnP6YtIA2v7Kk/view?usp=sharing,1,3
16,1,Positive,Physical Health,,,Coughing friend,Yesterday you got together with a friend who coughed a few times while you were out. You are nervous that you might have caught something from your friend. You decide that your anxiety is manageable.,N/A,Can you manage your anxiety about potentially getting sick from your friend?,Yes,,https://drive.google.com/file/d/14wxdQT03SW3H6H1dQsVqj2B6s1GhUSY7/view?usp=sharing,2,3
,2,Resilience/Negation,Physical Health,Social Situations,,COVID Fear,"Your friend has been coughing for a few days and when you ask them to get tested, they refuse, saying they shouldn’t have to because they weren’t exposed. You want to talk to them about it and understand their perspective, but you're worried about how they will react.","You decide to talk to your friend, and learn that they were avoiding getting tested because they lacked information about the process. You tell them what you know and feel glad you were able to provide support. ",Were you able to help your friend?,Yes,,https://drive.google.com/file/d/1uhh5L7klH8OgV65X8ksU7J-lH6GYnN4-/view?usp=sharing,2,3
,3,Resilience/Negation,Physical Health,Mental Health,,Dinner Party Supplies,"You are co-hosting a dinner party at your friend's apartment, and you just finished all the shopping. You start to sweat and feel your heart pounding after a couple of trips carrying the groceries up to the third floor. You feel a bit scared of these sensations. Unsure of whether they are good or bad, you decide to simply accept them.",N/A,Could you accept your racing heart as neither good nor bad?,Yes,,https://drive.google.com/file/d/1QevesjiyIZoUiGS00ScGoNoxtScdTp8W/view?usp=sharing,2,3
,4,Positive,Physical Health,Academics/Work/Career Development,,Fruit slice,"At the outdoor picnic table with some colleagues, you accidentally cut your finger while slicing fruit for lunch. Because you are outside, you are not able to wash it out immediately with soap and water. In a few days, your cut will be healed.",N/A,The cut will probably ...,Heal quickly.,Become infected.,https://drive.google.com/file/d/1Mu4B99f_8N1nQxTYtHOfiGj2lIRhn65P/view?usp=sharing,2,3
,5,Negative,Physical Health,,,Feeling Dizzy,You are at a party and start to dance with your friends. You start to feel dizzy as the beat gets faster. You think that this feeling is a sign of excitement.,N/A,Are you worried about feeling dizzy?,No,,https://drive.google.com/file/d/11iBGMQfdQzKS4Wie-FoCiOstUhF1691I/view?usp=sharing,2,3
,6,Positive,Physical Health,Social Situations,,Too Much Attention,"It's your birthday and when it's time for the cake, people gather around you and start singing. You feel your heart start to beat more quickly and your armpits starting to sweat. Your friends and family will not notice.",N/A,Do your friends and family notice how anxious you feel?,No,,https://drive.google.com/file/d/1m8Y-P-lBw6IkILN6LVQ2sO9xx9D8qSBD/view?usp=sharing,2,3
,7,Positive,Physical Health,Social Situations,,Sweat Stains,"It's a warm day and you and your friends are taking a walk outside. You notice that you are starting to sweat, and you can see some marks on your shirt. You know these friends well, and they will not care.",N/A,Will your friends make fun of your sweat marks on your shirt? ,No,,https://drive.google.com/file/d/1Wch_kcxO-_MSrBd4tyGQsC_dXyOttIIF/view?usp=sharing,2,3
,8,Positive,Physical Health,Family & Home Life,,Visiting Aging Family,You go home to your parents' home for the holidays and notice that your mother looks frail. You find yourself wondering about her health and whether she's sick. You think her health will probably be good.,,Is your mother's health going to quickly decline?,No,,https://drive.google.com/file/d/1Gq9Sn1-xMI1EWDLSKgwCVl-6URaJ2yiG/view?usp=sharing,2,3
,9,Positive,Physical Health,Social Situations,,Unmasked Acquaintance,You arrive to a meeting with your mask on. You notice that one of your colleagues is not wearing a mask. You think that they must have forgotten it. ,N/A,Did your colleague forget their mask?,Yes,,https://drive.google.com/file/d/1FtHkL-AdkRCQvQ3tup-oLG_qljuCxq5w/view?usp=sharing,2,3
,10,Positive,Physical Health,Social Situations,,COVID Confrontation,"You have a cold and since you tested negative for COVID, you decided to go back to work. You can't help but cough a few times throughout the day, and when you're about to leave a coworker confronts you, accusing you of coming to work with COVID. You feel like that person must be going through a stressful time.",N/A,Can you always avoid worrying others?,No,,https://drive.google.com/file/d/1ZRX4djV0jNJx45cG7BKsaEWYgTgDJGha/view?usp=sharing,2,3
17,1,Positive,Physical Health,,,Sleep Sensations ,You are lying in your bed and about to go to sleep. You start to feel a heaviness in your chest as you try to sleep. You think about this pressure and feel tired.,,Are you worried about the heaviness in your chest as you fall asleep?,No,,https://drive.google.com/file/d/1izJIViWYKVGzESq3qfuHbCfkmMbXkVuc/view?usp=sharing,2,3
,2,Resilience/Negation,Physical Health,Mental Health,,Trying New Foods,"Your new colleague brings some very spicy food to work for lunch and you wonder if you'll be OK eating it. After eating some, your face begins to sweat, and you can feel your heart beating in your chest. You decide to focus on the conversation, and you experience the rest of lunch as enjoyable.",N/A,You respond to the spicy food by...,Tolerating your heart racing and focusing on the conversation.,Continuing to worry about whether you have a medical issue.,https://drive.google.com/file/d/1fy6cbZwgERtFvVwovTW5yKZIRNqVSJzB/view?usp=sharing,2,3
,3,Negative,Physical Health,Family & Home Life,,Health and aging,You visit a childhood friend for the holidays and notice that they are getting older. You find yourself wondering what their health will be like in the future. You think their health will likely be declining.,N/A,Your friend will probably ...,Get sicker in the future.,Remain healthy in the future.,https://drive.google.com/file/d/1WQ98TKdbZ08AjbW2rG-0WPXkWDfK2eYl/view?usp=sharing,2,3
,4,Resilience/Negation,Physical Health,Mental Health,,In A Hurry,"It's Monday morning and you are hurrying to your car to go to a meeting. You feel your heart racing as you open the car door and sit down. Fearing that you might have a panic attack, you have a strong urge to get out of the car.","Instead of leaving the car, you decide to observe these sensations without reacting and stay seated.",Is it necessary to get out of the car because you feel your heart beating rapidly?,No,,https://drive.google.com/file/d/1Y7spXd94W33NXmmL5txT15RrsKsKPdu7/view?usp=share_link,2,3
,5,Positive,Physical Health,,,Sunday Morning Run,"It's Sunday morning and you just ran a mile outside. Taking off your running shoes in the hallway, you are short of breath. You feel proud.",N/A,You should ...,Grab a bottle of water and a post-workout snack,Make an emergency call because this is a sign of something serious.,https://drive.google.com/file/d/1ivYW6KDjJ0KCp241kGMdYMgTi3vLVLa2/view?usp=sharing,2,3
,6,Positive,Physical Health,,,Vacationing by plane,"You are traveling to your vacation destination on an airplane. As the plane accelerates during takeoff, your chest begins to feel tight. You are relaxed.",N/A,Are you scared that you won't be able to breathe properly?,No,,https://drive.google.com/file/d/10RtFjWCJpEFr6Za1p4F3jIp8a2V2fEg5/view?usp=sharing,2,3
,7,Positive,Physical Health,,,Computer Screen Problems,"While doing work on your computer, you notice your head starting to hurt. Your headache persists and you begin to worry that it is something more serious like COVID. You haven't been exposed to anyone who has tested positive, so you conclude that your headache is from looking at your computer for too long.",N/A,Is your headache related to looking at your computer for too long?,Yes,,https://drive.google.com/file/d/14SW8n5lb3oYoXJv_Rvnap-Aq51sdmBW9/view?usp=sharing,2,3
,8,Positive,Physical Health,,,Appointment with the doctor,"You have been feeling a little sick lately, so you schedule a doctor's appointment. The soonest appointment you can get is a few days away. While you wait for your doctor's appointment, you think your sickness is probably temporary.",N/A,Do you think you are going to feel better soon?,Yes,,https://drive.google.com/file/d/1CQEIRtnYHCuBwFTBYxYsWkQ1QKjVjIIJ/view?usp=sharing,2,3
,9,Positive,Physical Health,,,Time to sleep,"You are lying in your bed, about to go to sleep. As everything quiets down, you begin to breathe slower than you usually do. This is relaxing.",N/A,The slowing of your heart rate and breathing probably means ...,Your body needs rest after a long day of work.,You are not getting enough oxygen and will pass out.,https://drive.google.com/file/d/1GciXsHlPyobvmEXy0TGbJk0MTPGBdpWE/view?usp=sharing,2,3
,10,Positive,Physical Health,,,First time skydiving,"You are taking a skydiving lesson. When you think about jumping out of the airplane, your body begins to tremble. This is exhilarating.",N/A,Are you feeling excited?,Yes,,https://drive.google.com/file/d/1jsDqBgpjjv3U7WRb6PJBRv1QYy5LFlHi/view?usp=sharing,2,3
18,1,Positive,Physical Health,,,Finger cut,"You accidentally cut your finger slightly while cooking. You promptly clean the cut and put on a bandage. Later that evening, the cut hurts a little bit, and you think that it is likely healing.",N/A,Is your finger seriously infected?,No,,https://drive.google.com/file/d/1nOyp1h4xXHZTxnQALqhJ08E4YeNJ6C6p/view?usp=sharing,2,3
,2,Resilience/Negation,Physical Health,Mental Health,,Hot day ,"Returning home on a very hot day, you quickly drink a large glass of water. You soon feel abnormally full and a bit sick to your stomach. This feeling is surprising and uncomfortable, but you realize that it is something you can simply observe.",N/A,You responded to the feelings of sickness in your stomach by ...,Observing the sensations without doing anything.,Panicking about the sensations and calling an ambulance.,https://drive.google.com/file/d/1zIU7R9B0aDdb2iU_AHp4YbObnLDAts0M/view?usp=sharing,2,3
,3,Resilience/Negation,Physical Health,Mental Health,,Cardio with friend,"It's Wednesday night and your friend convinces you to take a high-intensity cardio class. About halfway through you stop exercising, because you feel you can't catch your breath. As you begin to have anxious thoughts about passing out, you decide to simply notice them.",N/A,"When feeling like you can't catch your breath, it is helpful to ...",Just observe your anxious thoughts and sensations without judgment.,Judge your breathlessness as bad or harmful.,https://drive.google.com/file/d/1VlsI9LlwAnuIBOVvXzcOaRgcOTFzDdfO/view?usp=sharing,2,3
,4,Positive,Physical Health,,,A scratchy throat,"Getting up this morning, you notice that your throat is scratchier than it usually is. You think about why this may be. You decide it is probably because you are thirsty.",N/A,Will drinking some water make your throat feel better?,Yes,,https://drive.google.com/file/d/118UoiMp2MPYeDFHJgRZF-D2-TtLE53Ov/view?usp=sharing,2,3
,5,Negative,Physical Health,Social Situations,,Risky Behavior,"You've been limiting your gathering sizes and wearing masks when in public spaces. Your boss, on the other hand, has been telling you about the parties they've been attending. You want to talk to them about it, because you fear they might bring COVID to your meetings, but you think it will start a fight",N/A,Are you worried that telling your boss how you feel will cause problems?,Yes,,https://drive.google.com/file/d/1LEdLgbjZhIOXekPN_M_E_a06C-DcFmYs/view?usp=sharing,2,3
,6,Positive,Physical Health,,,Blurry eyesight,"You are very tired. As you lie down in your bed, your vision begins to blur. You are relaxed.",N/A,You realize that ...,You are especially tired.,You could be losing your vision permanently.,https://drive.google.com/file/d/1p3MZ2l74Zw8yLG7DGA22YUKqeK1K3i0n/view?usp=sharing,2,3
,7,Positive,Physical Health,,,Weekend horseback riding,"You are going horseback riding with your family over the weekend. Soon the horse starts to gallop quickly, and you feel your heart racing. You think that this feeling is exciting. ",N/A,Is it fun to try riding the horse?,Yes,No,https://drive.google.com/file/d/1gp4EB_H5pnsJTvhJfzP4qEeoWkq9bVqP/view?usp=sharing,2,3
,8,Positve,Physical Health,,,Exploring a narrow cave,"On vacation you are touring a cave, and you feel nervous about being in such an enclosed space. As you move forward, you're finding it hard to catch your breath. You try to focus on your surroundings, and know that the feeling will end soon.",N/A,Is your breathing going to affect you forever?,No,Yes,https://drive.google.com/file/d/15ni4MeSzSvzNK7ApghKU2XnMk019M6x1/view?usp=sharing,2,3
,9,Positve,Physical Health,Social Situations,,Out on a boat,"You spend the day on a boat with your friends. When you get off the boat, your legs feel strange and you have trouble walking. This sensation is amusing.",N/A,The feeling in your legs is probably ...,Temporary and nothing you should be worried about.,Something you should be worried about.,https://drive.google.com/file/d/1NC-kP-pSY9wJdrgbZnKbNcCzbSV962qB/view?usp=sharing,2,3
,10,Positive,Physical Health,,,Running a Marathon,"You have run a few 10ks and are thinking about training to run a marathon. You enjoy the feeling of accomplishment when you finish a 10k, but you are worried about whether you have what it takes to run more than four times that distance. As you consider the idea of taking on a marathon, you believe that you will probably be good enough.",,You think that finishing a marathon will be,A goal within your reach.,Beyond your abilities.,https://drive.google.com/file/d/1Xq6CIdmWrno41D0PJ3ESIJ_L_tH3iRmg/view?usp=sharing,2,3
19,1,Positive,Physical Health,,,Computer Screen Problems,"While doing work on your computer, you notice your head starting to hurt. Your headache persists and you begin to worry that it is something more serious like COVID. You haven't been exposed to anyone who has tested positive, so you conclude that your headache is from looking at your computer for too long.",N/A,Is your headache related to looking at your computer for too long?,Yes,,https://drive.google.com/file/d/14SW8n5lb3oYoXJv_Rvnap-Aq51sdmBW9/view?usp=sharing,all,3
,2,Resilience/Negation,Physical Health,,,Hiking with Friends,"You and your friends have decided to go hiking, even though you are scared you will become too exhausted. A while into the hike, you start breathing heavily. You think the chances you will have to stop are large.",You look around and your friends are tiring too. You decide you will probably be alright.,Are you probably going to be safe on the hike?,Yes,,https://drive.google.com/file/d/1_h-ZuOeEI_atTR4dz223E24V5sWlPdAn/view?usp=sharing,all,3
,3,Resilience/Negation,Physical Health,,,Feeling Faint,You decide to spin yourself really quickly on an office chair. You feel butterflies in your stomach and your head gets dizzy as the chair slows down from spinning. These feelings probably mean that you are going to faint.,"Instead of panicking, you decide to take a deep breathe. Slowly, your dizziness disapears and your stomach feels better.",Are you worried about fainting? ,No,,https://drive.google.com/file/d/1fYamTMa1ZB3CzDOyWxCfhKI3L2j1vR7J/view?usp=sharing,all,3
,4,Positive,Physical Health,Social Situations,,Recent Exposure,"You were recently exposed to someone who tested positive, but you got tested and haven't experienced any symptoms. Your friends invite you to get dinner with them, and you wonder if you should go. You test negative and go out with your friends. ",N/A,Do you test negative?,Yes ,,https://drive.google.com/file/d/1skPUUmw_frFjR4sIPO4dIxk0mnDUH5UN/view?usp=sharing,all,3
,5,Negative,Physical Health,Social Situations,,Masks for Guests,"Your partner invites a few friends over for the evening, and you both agreed that everyone would wear masks. When their friends arrive, they don't have masks and your partner doesn't say anything to them. You pull your partner aside and ask them to speak to their friends. ",N/A,Do you feel comfortable talking to your partner?,Yes,,https://drive.google.com/file/d/1VlSJxjX6YZt0epDm0HUx0I8HU-2SSjKk/view?usp=sharing,all,3
,6,Positive,Physical Health,,,Rescheduled Vacation,"You've been wanting to go on a summer vacation to Europe for a few years. You rescheduled your trip from last summer to this upcoming summer, but you're worried COVID will spread again and prevent you from finally going. You decide to wait it out, and can always reschedule again if you need to. ",N/A,Are you worried COVID is going to cancel your trip?,No,,https://drive.google.com/file/d/1WtqYYqos7eH6d7OI8mxrDNmuP40LHlGS/view?usp=sharing,all,3
,7,Positive,Physical Health,,,Tingled fingers,You are helping a friend paint a house and have been raising your hand for a long time. Your fingers begin to tingle. This sensation is funny.,N/A,Do the tingling feelings in your fingers make you nervous?,No,,https://drive.google.com/file/d/1fj906rRvObqRqYlvQh_8sC4u8vkYHYJP/view?usp=sharing,all,3
,8,Positive,Physical Health,,,Rescheduled Vacation,"You've been wanting to go on a summer vacation to Europe for a few years. You rescheduled your trip from last summer to this upcoming summer, but you're worried COVID will spread again and prevent you from finally going. You decide to wait it out, and can always reschedule again if you need to. ",N/A,Are you worried COVID is going to cancel your trip?,No,,https://drive.google.com/file/d/1WtqYYqos7eH6d7OI8mxrDNmuP40LHlGS/view?usp=sharing,all,3
,9,Positive,Physical Health,,,Normal Functions ,"You wear a shirt to school that hangs tightly around your armpits. In the middle of the day, you notice that you have sweat marks. After thinking about it, you realize that sweating throughout the day is normal.",N/A,Is sweating a normal bodily function?,Yes,,https://drive.google.com/file/d/1Wch_kcxO-_MSrBd4tyGQsC_dXyOttIIF/view?usp=sharing,all,3
,10,Positive ,Physical Health,,,Dry Throat,"You are talking to your friend about your day and suddenly you feel your throat go dry. You cough a little and reach for a glass of water. The water helps a little, and you realize that the dry throat was probably nothing.",N/A,Does the dry throat mean that you are sick?,No,,https://drive.google.com/file/d/1EYKumlSsrqKHNA6TbZfnrscg0F5KgSYg/view?usp=sharing,all,3
20,1,Positive,Physical Health,Social Situations,,Managing Stress,"You have to give a presentation for your coworkers today. When you stand up in front of your colleagues, you feel your cheeks get hot and your hands start to tremble. You think that these sensations will be manageable.",,Can you handle your anxiety symptoms while you give your presentation?,Yes,,https://drive.google.com/file/d/1JLUIkzxiJ2P-eVOgnLmb1zyker17wj7l/view?usp=sharing,all,3
,2,Resilience/Negation,Physical Health,,,Finish a Long Run,You finish a long run. You notice that your heart is racing very fast and your chest feels tight. You think you are about to panic.,You really want to go somewhere private so that you're away from others. You decide to stay instead and breathe slowly.,Is it necessary to leave a public area because of your racing heart?,No,,https://drive.google.com/file/d/1b6SHlzW0ox4gYWPHJ4V0XNGxwHqJO5rg/view?usp=sharing,all,3
,3,Resilience/Negation,Physical Health,Mental Health,,Long Walk Outside,"It's a cold day, and you are out walking to clear your mind. Your hands start to shake and your heart beats quickly as you walk up a hill. This is scary.",You remember that this is the first time you have been on a long walk for a couple weeks. You are probably feeling your heart race because of the hill.,Does your rapid heartrate mean something bad is happening?,No,,https://drive.google.com/file/d/1lcMOCr0PYGVo5UIUZXEXzXL0JU5_MIgg/view?usp=sharing,all,3
,4,Positive,Physical Health,,,Catching up to Friends,"You see your friends across the street and jog over to them. You feel a little disoriented and dizzy as you reach them. You consider what this means, and realize that it probably means that you ran quickly.",N/A,Are you scared by feeling slightly disoriented after your short jog?,No,,https://drive.google.com/file/d/1pczJLTVnLyHDjo-fmzd5s_A2lnG8fHM7/view?usp=sharing,all,3
,5,Negative,Physical Health,,,Cold day jog,"It's a cold day, and you are outside jogging. Your heart starts to beat quickly a few minutes in. You decide that this feeling is scary.",N/A,Is your rapid heartbeat scary?,Yes,No,https://drive.google.com/file/d/1FS-osT_v7dH6pF1URFaIMXwErnTMFWu-/view?usp=sharing,all,3
,6,Positive,Physical Health,,,First time ice skating,"Your friend enjoys ice skating and persuades you to try it out. At the rink you put on the skates and step on the ice. You glide forward slowly at first, then faster, and think your chances of getting injured are minimal.",N/A,"As you continue ice skating, you will probably ...",Successfully skate around the rink several times. ,Fall over and hurt yourself.,https://drive.google.com/file/d/1DDUPUz1PJYIlmUsQ4fi7k8l6xKAqzb0q/view?usp=sharing,all,3
,7,Positive,Physical Health,Social Situations,,Friendly Neighbor,"You notice that you haven't seen your elderly neighbor recently. You normally visit them regularly, so it is strange that you have not seen them lately. Your neighbor has probably been fine.",N/A,Has your elderly neighbor likely been sick?,No,,https://drive.google.com/file/d/14_16MBBgKRM9oZwTGSN9GJblFNuwndpf/view?usp=sharing,all,3
,8,Positive ,Physical Health,,,Trampoline Safety,"Your children are bouncing on a trampoline. They are having fun but you also consider their safety, knowing that trampolines can be dangerous. While watching them bouncing up and down on the trampoline, you feel they are quite safe.",N/A,"As you continue to watch your kids on the trampoline, you will probably ...",Enjoy seeing them have fun.,Worry they will hurt themselves.,https://drive.google.com/file/d/1CUsrIf1BGnnhCTX1GHmaVbo11NgeEMgr/view?usp=sharing,all,3
,9,Positive ,Physical Health,Social Situations,,Friendly Neighbor,"You notice that you haven't seen your elderly neighbor recently. You normally visit them regularly, so it is strange that you have not seen them lately. Your neighbor has probably been fine.",N/A,Has your elderly neighbor likely been sick?,No,,https://drive.google.com/file/d/14_16MBBgKRM9oZwTGSN9GJblFNuwndpf/view?usp=sharing,all,3
,10,Positive ,Physical Health,Social Situations,,Sensational Party,"You are at a birthday party for a friend of a friend. You notice that you are flushed and a little sweaty. Standing there, you think that these sensations are normal.",N/A,People will probably ...,Not see you sweat since the room is dimly lit.,Notice that you are sweating.,https://drive.google.com/file/d/1cfjkxrnn1-Ws7c5KzE7-FN0aIqqXiOQF/view?usp=sharing,all,3
21,1,Positive ,Physical Health,Social Situations,,A Toothache,"Your tooth has been hurting recently, so you decide to make a dentist appointment. You think about the pain in your tooth and what it might be from. As you wait for your appointment, you will feel calm.",,Can you handle going to the dentist?,Yes,,https://drive.google.com/file/d/1tx8o8w91aqw3k6CaxI1f-gxpAoV22yp6/view?usp=sharing,all,3
,2,Resilience/Negation,Physical Health,Romantic Relationships,,Sudden noise,"You are walking to work when you hear a sudden noise behind you. When you quickly turn your head to see what it is, a feeling of dizziness hits you, and you begin to worry you will lose control. ","Noticing these thoughts, you decide that you will be able to cope, and so you keep walking.",Did you let worries get in the way of you getting to work?,No,,https://drive.google.com/file/d/1EYgCsAXuhxtIYuCSSWKugZP_JiM8jjqz/view?usp=sharing,all,3
,3,Resilience/Negation,Physical Health,,,Hot day ,"Returning home on a very hot day, you quickly drink a large glass of water. You soon feel abnormally full and a bit sick to your stomach. This feeling is surprising and uncomfortable, but you realize that it is something you can simply observe.",,You responded to the feelings of sickness in your stomach by ...,Observing the sensations without doing anything.,Panicking about the sensations and calling an ambulance.,https://drive.google.com/file/d/1zIU7R9B0aDdb2iU_AHp4YbObnLDAts0M/view?usp=sharing,all,3
,4,Positive ,Physical Health,Social Situations,,An unwashed table,"You meet a friend for lunch at a new restaurant. Once you sit down, you realize that your table was not wiped down after the previous customers left, which makes you anxious about germs. You decide to stay and have lunch with your friend, and your anxiety is tolerable.",,"While eating lunch with your friend, you ...",Are able to enjoy the conversation.,Are unbearably anxious.,https://drive.google.com/file/d/1d3Tz4L7BbfVIgBMIOeEAk7SC_ZshiTvk/view?usp=sharing,all,3
,5,Positive,Physical Health,,,Annual checkup results,"You get blood drawn for your annual physical. Your doctor tells you that you will have to wait a few days to receive the results, and you worry about what the results will say. Over the next few days, the worries are bearable.",,Are your worries about your blood test results tolerable? ,Yes,,https://drive.google.com/file/d/1BVKNqBpLdgfT2kJpyOrEvhicjUJSFpHZ/view?usp=sharing,all,3
,6,Negative,Physical Health,,,An accidental bang,"One evening, you are climbing the stairs and accidentally hit your head against a low ceiling. The next morning, the headache is still there slightly, and you wonder what you've done. By lunchtime, the pain has worsened.",,You think the headache is a sign that you ...,Are seriously injured.,Are getting better.,https://drive.google.com/file/d/146ppWjMD-jv8MsLWh8oFtUXFi-waMntP/view?usp=sharing,all,3
,7,Positive,Physical Health,Social Situations,,Trampoline Safety,"Your children are bouncing on a trampoline. They are having fun but you also consider their safety, knowing that trampolines can be dangerous. While watching them bouncing up and down on the trampoline, you feel they are quite safe.",,"As you continue to watch your kids on the trampoline, you will probably ...",Enjoy seeing them have fun.,Worry they will hurt themselves.,https://drive.google.com/file/d/1CUsrIf1BGnnhCTX1GHmaVbo11NgeEMgr/view?usp=sharing,all,3
,8,Positive,Physical Health,,,Walking Up Steps,The elevator in your building is broken again and you have to walk up a few flights of steps to get to where you need to go. You feel your chest tighten and you feel out of breath as you reach the top step. You feel invigorated.,,Are you feeling panicky at the top of the steps? ,No,,https://drive.google.com/file/d/1HzEJ1c_3jX-C44g32T1z0Bt1R84I3mJW/view?usp=sharing,all,3
,9,Positive,Physical Health,,,Going for a Spin,You decide to spin yourself really quickly on an office chair. You feel butterflies in your stomach and your head get dizzy as the chair slows down from spinning. These feelings probably mean that you are fine.,N/A,Are you worried about feeling dizzy? ,No,,https://drive.google.com/file/d/1fYamTMa1ZB3CzDOyWxCfhKI3L2j1vR7J/view?usp=sharing,all,3
,10,Positive ,Physical Health,Family & Home Life,,Dry Mouth Dilemma,You have experienced a dry mouth for a few days. This is something you haven't felt before. The likelihood that dry mouth means a serious health problem is low.,,Does your dry mouth signal that you are ill?,No,,https://drive.google.com/file/d/1eG4x0HMf4jIlTARyW3hf9EE8Q_PSqHPE/view?usp=sharing,all,3
22,1,Write Your Own,Physical Health,,,Write Your Own,,,,,,,write your own,45
23,1,Write Your Own,Physical Health,,,Write Your Own,,,,,,,write your own,45
24,1,Write Your Own,Physical Health,,,Write Your Own,,,,,,,write your own,45
25,1,Positive ,Physical Health,Social Situations,,Managing Stress,"You have to give a presentation for your coworkers today. When you stand up in front of your colleagues, you feel your cheeks get hot and your hands start to tremble. You think that these sensations will be manageable.",,Can you handle your anxiety symptoms while you give your presentation?,Yes,,https://drive.google.com/file/d/1JLUIkzxiJ2P-eVOgnLmb1zyker17wj7l/view?usp=sharing,1,3
,2,Resilience/Negation,Physical Health,,,Catching Transportation,"You are at the airport running to catch a plane. You feel your heart racing as you step on the plan and sit down. Starting to sweat and breathe quickly, you fear that you might have a panic attack.","You have a strong urge to get off the plane and go back home, but you sit down at the nearest seat. Instead of exiting, you decide to observe these sensations and stay seated.",Is it necessary to get off the plane because you feel your heart beating rapidly?,No,,https://drive.google.com/file/d/15BOnlJB7SXDWnFaZP_Cm6vzosTdkmVsp/view?usp=sharing,1,3
,3,Resilience/Negation,Physical Health,,,Vision Troubles,"As you wake up in the morning, you sit up quickly. Your vision goes blurry, and then goes black for a moment. Your vision comes back after a moment, and you tell yourself that you are going blind.",You take a deep breath and realize that your vision is completely back. Then you remember that sometimes this happens when you sit up too quickly.,Does your momentary blurry vision mean that you are going blind?,No,,https://drive.google.com/file/d/1zilnZ-Hg2NZiL6TR6YmDYtIdKcj2JFhH/view?usp=sharing,1,3
,4,Positive ,Physical Health,,,Normal Functions ,"You wear a shirt to school that hangs tightly around your armpits. In the middle of the day, you notice that you have sweat marks. After thinking about it, you realize that sweating throughout the day is normal.",N/A,Is sweating a normal bodily function?,Yes,,https://drive.google.com/file/d/1Wch_kcxO-_MSrBd4tyGQsC_dXyOttIIF/view?usp=sharing,1,3
,5,Positive,Physical Health,,,Concert Cancellation,"A concert you bought tickets for a while ago is finally approaching. However, the COVID numbers are rising in your state and the concert may be cancelled last minute. You accept this fact and know the band will reschedule if they need to.",,Are you worried about the concert getting cancelled?,No,,https://drive.google.com/file/d/1_B3CLNZYw6j6jB-EIfyI0zEH5EdNmetw/view?usp=sharing,1,3
,6,Positive,Physical Health,,,Sleep Sensations ,You are lying in your bed and about to go to sleep. You start to feel a heaviness in your chest as you try to sleep. You think about this pressure and feel tired.,,Are you worried about the heaviness in your chest as you fall asleep?,No,,https://drive.google.com/file/d/1izJIViWYKVGzESq3qfuHbCfkmMbXkVuc/view?usp=sharing,1,3
,7,Negative,Physical Health,,,Positive Test,"You recently got tested for COVID, and are expecting your results today. You are in the middle of a meeting when you hear your phone go off, and you wonder if you tested positive or negative. You check your phone and see that you tested positive . ",N/A,Do you test positive?,Yes ,,https://drive.google.com/file/d/1Fq-NpWkRkGr7cLwbrV84SzufV_aWAasr/view?usp=sharing,1,3
,8,Positive,Physical Health,,,Walking Up Steps,The elevator in your building is broken again and you have to walk up a few flights of steps to get to where you need to go. You feel your chest tighten and you feel out of breath as you reach the top step. You feel invigorated.,,Are you feeling panicky at the top of the steps? ,No,,https://drive.google.com/file/d/1HzEJ1c_3jX-C44g32T1z0Bt1R84I3mJW/view?usp=sharing,1,3
,9,Positive,Physical Health,Social Situations,,Friendly Neighbor,"You notice that you haven't seen your elderly neighbor recently. You normally visit them regularly, so it is strange that you have not seen them lately. Your neighbor has probably been fine.",,Has your elderly neighbor likely been sick?,No,,https://drive.google.com/file/d/14_16MBBgKRM9oZwTGSN9GJblFNuwndpf/view?usp=sharing,1,3
,10,Positive,Physical Health,,,First time ice skating,"Your friend enjoys ice skating and persuades you to try it out. At the rink you put on the skates and step on the ice. You glide forward slowly at first, then faster, and think your chances of getting injured are minimal.",,"As you continue ice skating, you will probably ...",Successfully skate around the rink several times. ,Fall over and hurt yourself.,https://drive.google.com/file/d/1DDUPUz1PJYIlmUsQ4fi7k8l6xKAqzb0q/view?usp=sharing,1,3
26,1,Positive,Physical Health,Social situations,,Spacing out,"It's Monday morning and you just finished running down the street to catch your bus. You feel your heart racing as you step onto the bus and sit down. Starting to sweat and breathe quickly, you fear that you might have a panic attack.","You have a strong urge to get off the bus and go back home, but you sit down at the nearest seat. Instead of exiting, you decide to observe these sensations and stay seated.",Is it necessary to get off the bus because you feel your heart beating rapidly?,No,Yes,https://drive.google.com/file/d/1saWw5hAmt88t6pBS8EupcpjG-BuCir45/view?usp=sharing,1,3
,2,Resilience/Negation,Physical Health,,,Cold Weather,"It's a cold evening and you have been walking outside without a jacket. After a few minutes, your body starts shaking and you notice that your heart is racing. You think about what this could mean for your health, and you feel scared.","As you keep walking, you feel a bit uncomfortable but decide that your body's response to the cold is manageable.","Before you got indoors again, you... ",Tolerate your body's normal response to the cold.,Assume that something bad is happening to you.,https://drive.google.com/file/d/1wf6c8LLSodZ_5OvMkPTLXeXSwKibzPvZ/view?usp=sharing,1,3
,3,Resilience/Negation,Physical Health,Romantic Relationships,,Upset Stomach,You've been feeling sick to your stomach for a few days. You make an appointment with your doctor. The nausea probably means that you are sick.,You meet with the doctor and they tell you what's probably going on. You think about it and realize that getting sick sometimes is normal.,Is the normal to get sick sometimes?,Yes,,https://drive.google.com/file/d/1prtRSSRBp4ryNBbiHEfOgJJIMpOsf_o3/view?usp=sharing,1,3
,4,Positive,Physical Health,,,Swimming at the Beach,"After finding out a friend has COVID, you decide to take yourself to the beach for a relaxing day. When you try to go swim in the ocean, you notice that it's hard for you to hold your breath underwater. This is probably because you haven't swam in a while. ",,Is your struggle to swim a sign of COVID?,No,,https://drive.google.com/file/d/1EDAskGZeJln12DePCekZITDjifvl8aXY/view?usp=sharing,1,3
,5,Positive,Physical Health,,,Headache at the Doctor's Office,"You are at the doctor’s office and they ask you if you are having any COVID symptoms. They list headaches as a possible symptom, something you have been experiencing but didn’t recognize as an issue, and that scares you because you remember how sick your friends got with COVID. You remember that you can focus on your health and rest until you feel better.",,Does your headache mean you will get as sick as your friends?,No,,https://drive.google.com/file/d/1E_zU43NdPQrQs_EbbgIeOVJr1IAQ1b_O/view?usp=sharing,1,3
,6,Negative,Physical Health,Social Situations,,Running with a Friend,"You are going on a run tomorrow with a friend who jogs every day. You have not been on a run in quite some time, and worry if you can keep up or not. You think that tomorrow the chances you can keep up with your friend are bad.",N/A,You imagine the run will be,Too fast for you no matter how hard you try.,At a pace that you can do if you try hard.,https://drive.google.com/file/d/1eJ-08i7HtFvPYHdRnELsblgm6tY079fj/view?usp=sharing,1,3
,7,Positive,Physical Health,,,Disease test,"At your routine doctor’s appointment, you are asked to take a test for a disease. After the test, you wait for your results in the waiting room for a long time. You think the chances that you have the disease are minimal. ",N/A,Do you think the test results will say you have the disease?,No,,https://drive.google.com/file/d/1mtIOu31sfSD7VQLjrcgYMpLTPYt_4eFO/view?usp=sharing,1,3
,8,Positive,Physical Health,,,Poisonous Snakes,Your friend convinces you to go on a walk through a local park. You have heard that there are poisonous snakes in that park and start to feel worried. You think that the chances that you will see that kind of snake are  small.,N/A,Are you likely to get bitten by a poisonous snake?,No,,https://drive.google.com/file/d/1U2_8uATTliNhBZDx61INANKTKxk7cpTi/view?usp=sharing,1,3
,9,Positive,Physical Health,,,Running a Mile,You're doing a mile run and you want to get a good time. You notice that your heart is racing more quickly than usual after you stop. You think that this is normal.,N/A,Is it bad that your heart is racing after the run?,No,,https://drive.google.com/file/d/1Ba88gEkP7CKNLp4OYy0jKaTec5G1fIIh/view?usp=sharing,1,3
,10,Positive,Physical Health,,,A scratchy throat,"Getting up this morning, you notice that your throat is scratchier than it usually is. You think about why this may be. You decide it is probably because you are thirsty.",N/A,Will drinking some water make your throat feel better?,Yes,,https://drive.google.com/file/d/118UoiMp2MPYeDFHJgRZF-D2-TtLE53Ov/view?usp=sharing,1,3
27,1,Positive,Physical Health,,,Hospital waiting room,"You go to the hospital to visit a friend. In the waiting room, someone behind you coughs. If you wash your hands, the probability that you will get sick is minimal.",N/A,"If you wash your hands, you will most likely ...",Stay healthy.,Get sick anyway.,https://drive.google.com/file/d/1v4HCkO7m3y4tylqtqv5CzAn0rfRfST7m/view?usp=sharing,1,3
,2,Resilience/Negation,Physical Health,,,Heartrate Worries,"You are at an event and start to talk with some acquaintances. As the room fills, you can feel your heart beating fast, and this scares you. When the event gets louder as more people arrive, you consider leaving, but you decide you can handle these feelings and keep on socializing.",N/A,When your heart started beating very fast...,"You managed your anxiety, and stayed.","You stopped dancing, because of your anxiety.",https://drive.google.com/file/d/1cTKQhk1Gcvsa36S3yS-5EU4WtbW56xaQ/view?usp=sharing,1,3
,3,Resilience/Negation,Physical Health,,,Concert Cancellation,"A concert you bought tickets for a while ago is finally approaching. However, the COVID numbers are rising in your state and the concert may be cancelled last minute. You accept this fact and know the band will reschedule if they need to.",,Are you worried about the concert getting cancelled?,No,,https://drive.google.com/file/d/1_B3CLNZYw6j6jB-EIfyI0zEH5EdNmetw/view?usp=sharing,1,3
,4,Positive,Physical Health,,,Time to sleep,"You are lying in your bed, about to go to sleep. As everything quiets down, you begin to breathe slower than you usually do. This is relaxing.",N/A,The slowing of your heart rate and breathing probably means ...,Your body needs rest after a long day of work.,You are not getting enough oxygen and will pass out.,https://drive.google.com/file/d/1GciXsHlPyobvmEXy0TGbJk0MTPGBdpWE/view?usp=sharing,1,3
,5,Positive,Physical Health,,,First time skydiving,"You are taking a skydiving lesson. When you think about jumping out of the airplane, your body begins to tremble. This is exhilarating.",N/A,Are you feeling excited?,Yes,,https://drive.google.com/file/d/1jsDqBgpjjv3U7WRb6PJBRv1QYy5LFlHi/view?usp=sharing,1,3
,6,Negative,Physical Health,,,Checks at the dentist,"You have a routine dentist appointment and find out that you need some tests to check the health of your gums and teeth. After the dentist performs the tests, you continue to lie in the dentist chair while waiting for the results. You think your teeth and gums are probably diseased.",N/A,Do you think you have gum disease?,Yes,No,https://drive.google.com/file/d/1PUQshZgNL6tX5cS4aP636BXA9VNXNVpq/view?usp=sharing,1,3
,7,Positive,Physical Health,,,Coughing friend,Yesterday you got together with a friend who coughed a few times while you were out. You are nervous that you might have caught something from your friend. You decide that your anxiety is manageable.,N/A,Can you manage your anxiety about potentially getting sick from your friend?,Yes,,https://drive.google.com/file/d/14wxdQT03SW3H6H1dQsVqj2B6s1GhUSY7/view?usp=sharing,1,3
,8,Positive,Physical Health,,,Fruit slice,"At the outdoor picnic table with some colleagues, you accidentally cut your finger while slicing fruit for lunch. Because you are outside, you are not able to wash it out immediately with soap and water. In a few days, your cut will be healed.",N/A,The cut will probably ...,Heal quickly.,Become infected.,https://drive.google.com/file/d/1Mu4B99f_8N1nQxTYtHOfiGj2lIRhn65P/view?usp=sharing,1,3
,9,Positive,Physical Health,,,Sunday Morning Run,"It's Sunday morning and you just ran a mile outside. Taking off your running shoes in the hallway, you are short of breath. You feel proud.",N/A,You should ...,Grab a bottle of water and a post-workout snack,Make an emergency call because this is a sign of something serious.,https://drive.google.com/file/d/1ivYW6KDjJ0KCp241kGMdYMgTi3vLVLa2/view?usp=sharing,1,3
,10,Positive,Physical Health,,,Vacationing by plane,"You are traveling to your vacation destination on an airplane. As the plane accelerates during takeoff, your chest begins to feel tight. You are relaxed.",N/A,Are you scared that you won't be able to breathe properly?,No,,https://drive.google.com/file/d/10RtFjWCJpEFr6Za1p4F3jIp8a2V2fEg5/view?usp=sharing,1,3
28,1,Positive,Physical Health,Mental Health,,Blood test results,"At your last doctor's appointment, your doctor took a few blood tests. Your doctor told you that they will get you your results in a few days, and you feel nervous as you wait for them. You think your nervousness is manageable.",N/A,Is it unbearable to be nervous as you wait for your test results?,No,,https://drive.google.com/file/d/1op21VnIDCX_kpphMiw4zXhVcpVx_Znwn/view?usp=sharing,2,3
,2,Resilience/Negation,Physical Health,,,Vision Troubles,"As you wake up in the morning, you sit up quickly. Your vision goes blurry, and then goes black for a moment. Your vision comes back after a moment, and you tell yourself that you are going blind.",You take a deep breath and realize that your vision is completely back. Then you remember that sometimes this happens when you sit up too quickly.,Does your momentary blurry vision mean that you are going blind?,No,Yes,https://drive.google.com/file/d/1zilnZ-Hg2NZiL6TR6YmDYtIdKcj2JFhH/view?usp=sharing,2,3
,3,Resilience/Negation,Physical Health,,,COVID Fear,"Your friend has been coughing for a few days and when you ask them to get tested, they refuse, saying they shouldn’t have to because they weren’t exposed. You want to talk to them about it and understand their perspective, but you're worried about how they will react.","You decide to talk to your friend, and learn that they were avoiding getting tested because they lacked information about the process. You tell them what you know and feel glad you were able to provide support. ",Were you able to help your friend?,Yes,,https://drive.google.com/file/d/1uhh5L7klH8OgV65X8ksU7J-lH6GYnN4-/view?usp=sharing,2,3
,4,Positive,Physical Health,,,Finger cut,"You accidentally cut your finger slightly while cooking. You promptly clean the cut and put on a bandage. Later that evening, the cut hurts a little bit, and you think that it is likely healing.",N/A,Is your finger seriously infected?,No,,https://drive.google.com/file/d/1nOyp1h4xXHZTxnQALqhJ08E4YeNJ6C6p/view?usp=sharing,2,3
,5,Positive,Physical Health,,,Weekend horseback riding,"You are going horseback riding with your family over the weekend. Soon the horse starts to gallop quickly, and you feel your heart racing. You think that this feeling is exciting. ",N/A,Is it fun to try riding the horse?,Yes,No,https://drive.google.com/file/d/1gp4EB_H5pnsJTvhJfzP4qEeoWkq9bVqP/view?usp=sharing,2,3
,6,Positive,Physical Health,,,Disease test,"At your routine doctor’s appointment, you are asked to take a test for a disease. After the test, you wait for your results in the waiting room for a long time. You think the chances that you have the disease are minimal. ",N/A,Do you think the test results will say you have the disease?,No,,https://drive.google.com/file/d/1mtIOu31sfSD7VQLjrcgYMpLTPYt_4eFO/view?usp=sharing,2,3
,7,Positive,Physical Health,,,Exploring a narrow cave,"On vacation you are touring a cave, and you feel nervous about being in such an enclosed space. As you move forward, you're finding it hard to catch your breath. You try to focus on your surroundings, and know that the feeling will end soon.",N/A,Is your breathing going to affect you forever?,No,Yes,https://drive.google.com/file/d/15ni4MeSzSvzNK7ApghKU2XnMk019M6x1/view?usp=sharing,2,3
,8,Negative,Physical Health,Social Situations,,Risky Behavior,"You've been limiting your gathering sizes and wearing masks when in public spaces. Your boss, on the other hand, has been telling you about the parties they've been attending. You want to talk to them about it, because you fear they might bring COVID to your meetings, but you think it will start a fight",N/A,Are you worried that telling your boss how you feel will cause problems?,Yes,,https://drive.google.com/file/d/1LEdLgbjZhIOXekPN_M_E_a06C-DcFmYs/view?usp=sharing,2,3
,9,Positive,Physical Health,Family & Home Life,,Dry Mouth Dilemma,You have experienced a dry mouth for a few days. This is something you haven't felt before. The likelihood that dry mouth means a serious health problem is low.,,Does your dry mouth signal that you are ill?,No,,https://drive.google.com/file/d/1eG4x0HMf4jIlTARyW3hf9EE8Q_PSqHPE/view?usp=sharing,2,3
,10,Positive,Physical Health,,,A birthday cake,"Your friend buys you a cake for your birthday. When they bring it over in the evening, they note that they have recently gotten over being ill. Holding the cake, you think your chances of becoming sick are minimal.",N/A,"If you eat the cake, you will probably ...",Not get sick. ,Get sick. ,https://drive.google.com/file/d/1HQHBTRpNUNY2kQ0B3sOzw3AIKiQ5XsJl/view?usp=sharing,2,3
29,1,Positive,Physical Health,,,Spinning around,"You go on a spinning ride at a carnival. When you get off, you feel dizzy. You are delighted.",N/A,Do you find it fun to feel dizzy after spinning carnival rides?,Yes,,https://drive.google.com/file/d/1G1sHiVYDnKlOh6uW2-ZdFkqpUQkZOV0x/view?usp=sharing,2,3
,2,Resilience/Negation,Physical Health,,,Running a Marathon,"You have run a few 10ks and are thinking about training to run a marathon. You enjoy the feeling of accomplishment when you finish a 10k, but you are worried about whether you have what it takes to run more than four times that distance. ","As you consider the idea of taking on a marathon, you don't think it is too much for you because you believe that you will probably be good enough. ",Do you think you will be incapable of completing a marathon?,No,Yes,https://drive.google.com/file/d/1Xq6CIdmWrno41D0PJ3ESIJ_L_tH3iRmg/view?usp=sharing,2,3
,3,Resilience/Negation,Physical Health,,Family & Home Life,Hiking with Friends,"You and your friends have decided to go hiking, even though you are scared you will become too exhausted. A while into the hike, you start breathing heavily. You think the chances you will have to stop are large.",You look around and your friends are tiring too. You decide you will probably be alright.,Are you probably going to be safe on the hike?,Yes,,https://drive.google.com/file/d/1_h-ZuOeEI_atTR4dz223E24V5sWlPdAn/view?usp=sharing,2,3
,4,Positive,Physical Health,,,Thoughts at the train station,"You are waiting for the train in a big city, and you notice your leg begin to ache. You worry that you will have to stand on the train, and the pain will get worse. Thinking about how you didn't do anything to injure your leg, you figure this pain is temporary.",N/A,Is there something majorly wrong with your leg?,No,Yes,https://drive.google.com/file/d/1ClAbuwZR2mkRJo44BvUWsBonRFgqp8o9/view?usp=sharing,2,3
,5,Positive,Physical Health,,,Tingled fingers,You are helping a friend paint a house and have been raising your hand for a long time. Your fingers begin to tingle. This sensation is funny.,N/A,Do the tingling feelings in your fingers make you nervous?,No,,https://drive.google.com/file/d/1fj906rRvObqRqYlvQh_8sC4u8vkYHYJP/view?usp=sharing,2,3
,6,Negative,Physical Health,,,Sports game cheers,"You are at a sports game. The crowd is cheering loudly for your team, and your head is pounding. You feel worried.",N/A,Are you worried that the pounding in your head signifies something serious?,Yes,No,https://drive.google.com/file/d/1BxmUUVgj2Iau_pHkovTQetlDHezR_Wkp/view?usp=sharing,2,3
,7,Positive,Physical Health,,,Hot surface burn,"While making dinner, you accidentally touch a very hot pan. You quickly put your finger under cold water and can already see your skin turning red. After a few minutes, you think the burn is minor.",N/A,"After running water over your finger, your burn will probably ...",Hurt much less.,Remain very painful.,https://drive.google.com/file/d/1G2YWXv0p1YZmB6Gsfe2dO0xdWf6LUeVB/view?usp=sharing,2,3
,8,Positive,Physical Health,,,Sports game cheers,"You are at a sports game. The crowd is cheering loudly for your team, and your head is pounding. You feel thrilled.",N/A,Are you worried that the pounding in your head signifies something serious?,No,,https://drive.google.com/file/d/1BxmUUVgj2Iau_pHkovTQetlDHezR_Wkp/view?usp=sharing,2,3
,9,Positive,Physical Health,,,Checks at the dentist,"You have a routine dentist appointment and find out that you need some tests to check the health of your gums and teeth. After the dentist performs the tests, you lie in the dentist chair alone for a while, waiting for the results. You think your teeth and gums are probably healthy.",N/A,Do you think you have gum disease?,No,,https://drive.google.com/file/d/1PUQshZgNL6tX5cS4aP636BXA9VNXNVpq/view?usp=sharing,2,3
,10,Positive,Physical Health,,,Dry mouth cause,"You have experienced dry mouth for a few days. You wonder whether the dry mouth is a minor side effect from a medicine you just started taking, or something more serious. The likelihood that your dry mouth reflects a serious health problem is minimal.",N/A,Your dry mouth is probably due to ...,A new medication.,A serious illness.,https://drive.google.com/file/d/1IeejxodAEOPnBK-2VdYiVAvRH6sKjGMd/view?usp=sharing,2,2
30,1,Positive,Physical Health,,,Running your first race,"Last weekend you ran your first race. Since then, you have been experiencing slight pain in your hip. Walking around, you think this pain is probably meaningless.",N/A,You think that the pain in your hip is ...,Temporary.,A sign of serious injury. ,https://drive.google.com/file/d/1aiVn1lJHaTkvfQFGg2fqKpjSdp-hUxUC/view?usp=sharing,2,3
,2,Resilience/Negation,Physical Health,,Family & Home Life,Spring Allergies,"It's a chilly spring day, and you are walking outside in the park, hitting the soccer ball around. As you pass by the trees, you feel increasingly stuffy and sore. You start feeling scared.","Looking around, you see all the pollen flying in the air. You realize that you usually get a stuffy nose with seasonal allergies and are probably tired from playing soccer for the last hour. You feel relieved.",Does your stuffy nose and soreness mean something bad is happening?,No,,https://drive.google.com/file/d/1XwVIMD-qlNp532-AByRuhQltoTAlm_qS/view?usp=sharing,2,3
,3,Resilience/Negation,Physical Health,,,Feeling Faint,You decide to spin yourself really quickly on an office chair. You feel butterflies in your stomach and your head gets dizzy as the chair slows down from spinning. These feelings probably mean that you are going to faint.,"Instead of panicking, you decide to take a deep breathe. Slowly, your dizziness disapears and your stomach feels better.",Are you worried about fainting? ,No,,https://drive.google.com/file/d/1fYamTMa1ZB3CzDOyWxCfhKI3L2j1vR7J/view?usp=sharing,2,3
,4,Positive,Physical Health,,,Comfortable couch,"You had a very busy day, and in the evening you are finally able to relax. As you sit on your couch, you feel spacey. You are calm.",N/A,You feel strange because ...,You only had one glass of water today.,You are coming down with the flu.,https://drive.google.com/file/d/18GluoIzVFP_yuVpBX8Em1bx0GIg1TuH2/view?usp=sharing,2,3
,5,Positive,Physical Health,,,Spacing out,"You are in a meeting listening to someone speak. You stop paying attention and space out for a minute or two. When you begin to pay attention again, you are relaxed.",N/A,Do you feel calm after you space out during the meeting?,Yes,,https://drive.google.com/file/d/1KAtEMGAr-LWfEzuwFy2roR4vCQ_ecl0O/view?usp=sharing,2,3
,6,Positive,Physical Health,Mental Health,,Annual physical exam,"You are getting your annual physical with your doctor. After an initial exam, your doctor indicates that something looks unusual, and says they will need to get a second opinion. When it comes to managing your anxiety while you wait in the exam room, you are capable.",N/A,Are you capable of managing your anxiety while waiting for your doctor?,Yes,,https://drive.google.com/file/d/1gfUANnECP3LDzTjUtm_9lBpdAe3s4Xyw/view?usp=sharing,2,3
,7,Positive,Physical Health,Social Situations,,An unwashed table,"You meet a friend for lunch at a new restaurant. Once you sit down, you realize that your table was not wiped down after the previous customers left, which makes you anxious about germs. You decide to stay and have lunch with your friend, and your anxiety is tolerable.",N/A,"While eating lunch with your friend, you ...",Are able to enjoy the conversation.,Are unbearably anxious.,https://drive.google.com/file/d/1d3Tz4L7BbfVIgBMIOeEAk7SC_ZshiTvk/view?usp=sharing,2,3
,8,Negative,Physical Health,,,Flashing movie,You are watching a movie in a theater. There are many quick-paced camera shots that make you feel dizzy. This sensation is scary.,N/A,Is it distressing when you feel dizzy?,Yes,No,https://drive.google.com/file/d/1OfA4w2yQ1uGy66zPDmyH7KN8PoG0ItOh/view?usp=sharing,2,3
,9,Positive,Physical Health,,,Blurry eyesight,"You are very tired. As you lie down in your bed, your vision begins to blur. You are relaxed.",N/A,You realize that ...,You are especially tired.,You could be losing your vision permanently.,https://drive.google.com/file/d/1p3MZ2l74Zw8yLG7DGA22YUKqeK1K3i0n/view?usp=sharing,2,3
,10,Positive,Physical Health,Social Situations,,Visiting Neighbors,"You notice that you haven't seen your elderly neighbor recently. You normally visit them regularly, so it is strange that you have not seen them lately. Your neighbor has probably been fine.",N/A,Has your elderly neighbor likely been sick?,No,,https://drive.google.com/file/d/14_16MBBgKRM9oZwTGSN9GJblFNuwndpf/view?usp=sharing,2,3
31,1,Positive,Physical Health,Social Situations,,Meeting Someone New,"You are at a birthday party for a friend of a friend. You notice that you are flushed and a little sweaty. Standing there, you think that these sensations are normal.",N/A,People will probably ...,Not see you sweat since the room is dimly lit.,Notice that you are sweating.,https://drive.google.com/file/d/1cfjkxrnn1-Ws7c5KzE7-FN0aIqqXiOQF/view?usp=sharing,all,3
,2,Resilience/Negation,Physical Health,,,Cold Weather,"It's a cold evening and you have been walking outside without a jacket. After a few minutes, your body starts shaking and you notice that your heart is racing. You think about what this could mean for your health, and you feel scared.","As you keep walking, you feel a bit uncomfortable but decide that your body's response to the cold is manageable.","Before you got indoors again, you... ",Tolerate your body's normal response to the cold.,Assume that something bad is happening to you.,https://drive.google.com/file/d/1wf6c8LLSodZ_5OvMkPTLXeXSwKibzPvZ/view?usp=sharing,all,3
,3,Resilience/Negation,Physical Health,Social Situations,,Upset Stomach,You've been feeling sick to your stomach for a few days. You make an appointment with your doctor. The nausea probably means that you are sick.,You meet with the doctor and they tell you what's probably going on. You think about it and realize that getting sick sometimes is normal.,Is the normal to get sick sometimes?,Yes,,https://drive.google.com/file/d/1prtRSSRBp4ryNBbiHEfOgJJIMpOsf_o3/view?usp=sharing,all,3
,4,Positive,Physical Health,,,Cough After Going Out ,"Over the last couple days, you've developed a cough. You went out over the weekend, and wonder if you may have contracted COVID. You decide to go get tested. ",N/A,Is your cough a definite sign of COVID?,No,,https://drive.google.com/file/d/14wxdQT03SW3H6H1dQsVqj2B6s1GhUSY7/view?usp=sharing,all,3
,5,Positive,Physical Health,,,Learning how to ski,You are on holiday at a mountain resort and are learning how to ski. This is your first attempt to ski downhill on your own. You approach the first bend at a moderate speed and think that skiing is enjoyable.,N/A,"Once you reach the bend, you will probably ...",Clear it and continue skiing downhill.,Fall down.,https://drive.google.com/file/d/17uXb5H0kSMesHVAR7r1_6NraiAfQA0yi/view?usp=sharing,all,3
,6,Positive,Physical Health,,,Trampoline Safety,"Your children are bouncing on a trampoline. They are having fun but you also consider their safety, knowing that trampolines can be dangerous. While watching them bouncing up and down on the trampoline, you feel they are quite safe.",N/A,"As you continue to watch your kids on the trampoline, you will probably ...",Enjoy seeing them have fun.,Worry they will hurt themselves.,https://drive.google.com/file/d/1CUsrIf1BGnnhCTX1GHmaVbo11NgeEMgr/view?usp=sharing,all,3
,7,Negative,Physical Health,Romantic Relationships,,Checks at the dentist,"You have a routine dentist appointment and find out that you need some tests to check the health of your gums and teeth. After the dentist performs the tests, you continue to lie in the dentist chair while waiting for the results. You think your teeth and gums are probably diseased.",N/A,Do you think you have gum disease?,Yes,No,https://drive.google.com/file/d/1PUQshZgNL6tX5cS4aP636BXA9VNXNVpq/view?usp=sharing,all,3
,8,Positive,Physical Health,,,Healthy But Expensive ,"You want to start eating healthier, so you start researching tips and recipes online. You quickly realize that many foods recommended by health experts cost a lot of money. When you think about eating healthier on a budget, you think you can be successful. ",N/A,Are healthy recipes unattainable for you? ,No,,https://drive.google.com/file/d/1zL5N7y6DsslcbeJ8JgxBMyvWGx1zYBHS/view?usp=sharing,all,3
,9,Positive,Physical Health,,,Thoughts at the train station,"You are waiting for the train in a big city, and you notice your leg begin to ache. You worry that you will have to stand on the train, and the pain will get worse. Thinking about how you didn't do anything to injure your leg, you figure this pain is temporary.",N/A,Is there something majorly wrong with your leg?,No,Yes,https://drive.google.com/file/d/1ClAbuwZR2mkRJo44BvUWsBonRFgqp8o9/view?usp=sharing,all,3
,10,Positive,Physical Health,,,Annual checkup results,"You get blood drawn for your annual physical. Your doctor tells you that you will have to wait a few days to receive the results, and you worry about what the results will say. Over the next few days, the worries are bearable.",N/A,Are your worries about your blood test results tolerable? ,Yes,,https://drive.google.com/file/d/1BVKNqBpLdgfT2kJpyOrEvhicjUJSFpHZ/view?usp=sharing,all,3
32,1,Positive,Physical Health,,,Spider bite,"While out hiking you are bitten by a spider. Your friend assures you that the spider was not venomous and that you will be fine. You worry that it could have been a deadly spider, but you continue your hike anyway, and your worries for the rest of the hike are manageable. ",N/A,Are you able to manage your worries while finishing your hike?,Yes,,https://drive.google.com/file/d/1toIitkmj6xnqEM3CAiCHxzQrhXRD_p_Q/view?usp=sharing,all,3
,2,Resilience/Negation,Physical Health,,,Presentation Panic,"You are giving a presentation that you have been really nervous to give. As you talk, you feel a lump in your throat and you start to cough. These feelings probably mean that you are panicking.","You decide to take a slow, deep breath. As you start to talk again, you realize that what you felt was normal.",Is it normal to cough during a presentation?,Yes,,https://drive.google.com/file/d/10fLWhto09ulpTOoQ_oICa06UK6vWzttW/view?usp=sharing,all,3
,3,Resilience/Negation,Physical Health,,,Finish a Long Run,You finish a long run. You notice that your heart is racing very fast and your chest feels tight. You think you are about to panic.,You really want to go somewhere private so that you're away from others. You decide to stay instead and breathe slowly.,Is it necessary to leave a public area because of your racing heart?,No,,https://drive.google.com/file/d/1b6SHlzW0ox4gYWPHJ4V0XNGxwHqJO5rg/view?usp=sharing,all,3
,4,Positive,Physical Health,,,Catching Your Breath,It's a cool morning and you're walking up a flight of stairs to get to your office. You start to feel really winded as you make it to the top step. You take a second to breathe and feel calm.,N/A,Does feeling winded scare you?,No,,https://drive.google.com/file/d/1xz59u0B6S3xO0AcB31N0mgdTPMRySk9a/view?usp=sharing,all,3
,5,Positive,Physical Health,,,Sweating Through Your Shirt,"You wear a shirt to school that hangs tightly around your armpits. In the middle of the day, you notice that you have sweat marks. After thinking about it, you realize that sweating throughout the day is normal.",N/A,Is sweating a normal bodily function?,Yes,,https://drive.google.com/file/d/1Wch_kcxO-_MSrBd4tyGQsC_dXyOttIIF/view?usp=sharing,all,3
,6,Positive,Physical Health,,,Poisonous Snakes,Your friend convinces you to go on a walk through a local park. You have heard that there are poisonous snakes in that park and start to feel worried. You think that the chances that you will see that kind of snake are  small.,N/A,Are you likely to get bitten by a poisonous snake?,No,,https://drive.google.com/file/d/1U2_8uATTliNhBZDx61INANKTKxk7cpTi/view?usp=sharing,all,3
,7,Positive,Physical Health,,,Health evaluation,"At your routine doctor's appointment, your doctor decides to run a few tests to evaluate your health based on your family's medical history. Your results will be ready within a week. While waiting for your results, you think you are likely healthy.",N/A,Are you likely ill?,No,,https://drive.google.com/file/d/1skss2BI_-uGWDYIrkmbfefHHXDWYy7yn/view?usp=sharing,all,3
,8,Negative,Physical Health,Family & Home Life,,Dry Mouth Dilemma,You have experienced a dry mouth for a few days. This is something you haven't felt before. The likelihood that dry mouth means a serious health problem is low.,,Does your dry mouth signal that you are ill?,No,,https://drive.google.com/file/d/1eG4x0HMf4jIlTARyW3hf9EE8Q_PSqHPE/view?usp=sharing,all,3
,9,Positive,Physical Health,,,Feeling Dizzy,You are at a party and start to dance with your friends. You start to feel dizzy as the beat gets faster. You think that this feeling is a sign of excitement.,N/A,Are you worried about feeling dizzy?,No,,https://drive.google.com/file/d/11iBGMQfdQzKS4Wie-FoCiOstUhF1691I/view?usp=sharing,all,3
,10,Positive,Physical Health,,,Walking Up Steps,The elevator in your building is broken again and you have to walk up a few flights of steps to get to where you need to go. You feel your chest tighten and you feel out of breath as you reach the top step. You feel invigorated.,N/A,Are you feeling panicky at the top of the steps? ,No,,https://drive.google.com/file/d/1HzEJ1c_3jX-C44g32T1z0Bt1R84I3mJW/view?usp=sharing,all,3
33,1,Positive,Physical Health,,,Running a Mile,You're doing a mile run and you want to get a good time. You notice that your heart is racing more quickly than usual after you stop. You think that this is normal.,N/A,Is it bad that your heart is racing after the run?,No,,https://drive.google.com/file/d/1Ba88gEkP7CKNLp4OYy0jKaTec5G1fIIh/view?usp=sharing,all,3
,2,Resilience/Negation,Physical Health,Mental Health,,Exercise Class with Friend,"It's Wednesday night and your friend convinces you to take a high-intensity cardio class. About halfway through you stop exercising, because you feel you can't catch your breath. You worry you might faint.","As you begin to have anxious thoughts about passing out, you decide to simply notice them.","When feeling like you can't catch your breath, it is helpful to ...",Just observe your anxious thoughts and sensations without judgment.,Judge your breathlessness as bad or harmful.,https://drive.google.com/file/d/1VlsI9LlwAnuIBOVvXzcOaRgcOTFzDdfO/view?usp=sharing,all,3
,3,Resilience/Negation,Physical Health,Family & Home Life,,Walking to clear mind,"It's a cold day, and you are out walking to clear your mind. Your hands start to shake and your heart beats quickly as you walk up a hill. This is scary.",You remember that this is the first time you have been on a long walk for a couple weeks. You are probably feeling your heart race because of the hill.,Does your rapid heartrate mean something bad is happening?,No,Yes,https://drive.google.com/file/d/1oiPUPbb3k3wmoRn3s5fSAPMdPX11UgYp/view?usp=sharing,all,3
,4,Positive,Physical Health,,,Going to Sleep,You are lying in your bed and about to go to sleep. You start to feel a heaviness in your chest as you try to sleep. You think about this pressure and feel tired.,N/A,Are you worried about the heaviness in your chest as you fall asleep?,No,,https://drive.google.com/file/d/1izJIViWYKVGzESq3qfuHbCfkmMbXkVuc/view?usp=sharing,all,3
,5,Positive,Physical Health,,,Sweating Through Your Shirt,"You wear a shirt to school that hangs tightly around your armpits. In the middle of the day, you notice that you have sweat marks. After thinking about it, you realize that sweating throughout the day is normal.",N/A,Is sweating a normal bodily function?,Yes,,https://drive.google.com/file/d/1Wch_kcxO-_MSrBd4tyGQsC_dXyOttIIF/view?usp=sharing,all,3
,6,Positive,Physical Health,,,Dry Throat,"You are talking to your friend about your day and suddenly you feel your throat go dry. You cough a little and reach for a glass of water. The water helps a little, and you realize that the dry throat was probably nothing.",N/A,Does the dry throat mean that you are sick?,No,,https://drive.google.com/file/d/1EYKumlSsrqKHNA6TbZfnrscg0F5KgSYg/view?usp=sharing,all,3
,7,Negative,Physical Health,,,Cold day jog,"It's a cold day, and you are outside jogging. Your heart starts to beat quickly a few minutes in. You decide that this feeling is scary.",N/A,Is your rapid heartbeat scary?,Yes,No,https://drive.google.com/file/d/1FS-osT_v7dH6pF1URFaIMXwErnTMFWu-/view?usp=sharing,all,3
,8,Positive,Physical Health,,,Being Near Someone Sick,You go to the hospital to visit a friend. Someone behind you coughs a few times while you are in the waiting room. The chance that you will get sick is low.,N/A,Is it likely that you will become ill?,No,,https://drive.google.com/file/d/14p-MA9AmO3Kf44iLqLgrc1KHWBpaRA8G/view?usp=sharing,all,3
,9,Positive,Physical Health,,,A Toothache,"Your tooth has been hurting recently, so you decide to make a dentist appointment. You think about the pain in your tooth and what it might be from. As you wait for your appointment, you will feel calm.",N/A,Can you handle going to the dentist?,Yes,,https://drive.google.com/file/d/1tx8o8w91aqw3k6CaxI1f-gxpAoV22yp6/view?usp=sharing,all,3
,10,Positive,Physical Health,,,Catching Your Breath,It's a cool morning and you're walking up a flight of stairs to get to your office. You start to feel really winded as you make it to the top step. You take a second to breathe and feel calm.,N/A,Does feeling winded scare you?,No,,https://drive.google.com/file/d/1xz59u0B6S3xO0AcB31N0mgdTPMRySk9a/view?usp=sharing,all,3
34,1,Write Your Own,Physical Health,,,Write Your Own,,,,,,,write your own,45
35,1,Write Your Own,Physical Health,,,Write Your Own,,,,,,,write your own,45
36,1,Write Your Own,Physical Health,,,Write Your Own,,,,,,,write your own,45
37,1,Positive,Physical Health,,,Going for a Spin,You decide to spin yourself really quickly on an office chair. You feel butterflies in your stomach and your head get dizzy as the chair slows down from spinning. These feelings probably mean that you are fine.,N/A,Are you worried about feeling dizzy? ,No,,https://drive.google.com/file/d/1fYamTMa1ZB3CzDOyWxCfhKI3L2j1vR7J/view?usp=sharing,1,3
,2,Resilience/Negation,Physical Health,,,Masks with Sensitive Skin,"You have sensitive skin, and wearing a mask makes you break out. When you see people without masks on, their skin is completely clear. You feel insecure about how much acne you have. ","After thinking about it, you realize that you tend to notice aspects about yourself that others don't. You feel good about how you're protecting people by wearing your mask.",Is it good that you're wearing a mask?,Yes ,,https://drive.google.com/file/d/1kxwTqZLKkj_Ga1sxMdjcBk6LLutuz39T/view?usp=sharing,1,3
,3,Resilience/Negation,Physical Health,,,In A Hurry,"It's Monday morning and you are hurrying to your car to go to a meeting. You feel your heart racing as you open the car door and sit down. Fearing that you might have a panic attack, you have a strong urge to get out of the car.","Instead of leaving the car, you decide to observe these sensations without reacting and stay seated.",Is it necessary to get out of the car because you feel your heart beating rapidly?,No,,https://drive.google.com/file/d/1Y7spXd94W33NXmmL5txT15RrsKsKPdu7/view?usp=share_link,1,3
,4,Positive,Physical Health,Social Situations,,Managing Stress,"You have to give a presentation for your coworkers today. When you stand up in front of your colleagues, you feel your cheeks get hot and your hands start to tremble. You think that these sensations will be manageable.",,Can you handle your anxiety symptoms while you give your presentation?,Yes,,https://drive.google.com/file/d/1JLUIkzxiJ2P-eVOgnLmb1zyker17wj7l/view?usp=sharing,1,3
,5,Positive,Physical Health,,,Healthy But Expensive ,"You want to start eating healthier, so you start researching tips and recipes online. You quickly realize that many foods recommended by health experts cost a lot of money. When you think about eating healthier on a budget, you think you can be successful. ",N/A,Are healthy recipes unattainable for you? ,No,,https://drive.google.com/file/d/1zL5N7y6DsslcbeJ8JgxBMyvWGx1zYBHS/view?usp=sharing,1,3
,6,Negative,Physical Health,,,An accidental bang,"One evening, you are climbing the stairs and accidentally hit your head against a low ceiling. The next morning, the headache is still there slightly, and you wonder what you've done. By lunchtime, the pain has worsened.",N/A,You think the headache is a sign that you ...,Are seriously injured.,Are getting better.,https://drive.google.com/file/d/146ppWjMD-jv8MsLWh8oFtUXFi-waMntP/view?usp=sharing,1,3
,7,Positive,Physical Health,,,Catching up to Friends,"You see your friends across the street and jog over to them. You feel a little disoriented and dizzy as you reach them. You consider what this means, and realize that it probably means that you ran quickly.",N/A,Are you scared by feeling slightly disoriented after your short jog?,No,,https://drive.google.com/file/d/1pczJLTVnLyHDjo-fmzd5s_A2lnG8fHM7/view?usp=sharing,1,3
,8,Positive,Physical Health,Mental Health,,Dry Mouth,You have experienced dry mouth for a few days. This is something you haven't felt before. The likelihood that dry mouth means a serious health problem is low.,N/A,Does your dry mouth signal that you are ill?,No,,https://drive.google.com/file/d/1eG4x0HMf4jIlTARyW3hf9EE8Q_PSqHPE/view?usp=sharing,1,3
,9,Positive,Physical Health,,,Unknown Sensations,You're walking with some friends after lunch and suddenly feel tingling in your finger tips. This is something that you haven't really experienced before. This probably means that you are fine.,N/A,Does the tingling in your fingers mean that you are sick?,No,,https://drive.google.com/file/d/1TaGhr-WWip-eRu9sYUy8KrsB9UlfG_Im/view?usp=sharing,1,3
,10,Positive,Physical Health,,,Going to Sleep,You are lying in your bed and about to go to sleep. You start to feel a heaviness in your chest as you try to sleep. You think about this pressure and feel tired.,N/A,Are you worried about the heaviness in your chest as you fall asleep?,No,,https://drive.google.com/file/d/1izJIViWYKVGzESq3qfuHbCfkmMbXkVuc/view?usp=sharing,1,3
38,1,Positive,Physical Health,Social Situations,,Seeing an Old Friend,You see an old friend you haven't spoken to in years. Your heart skips a beat. You feel excited.,,Is it OK that your heart felt like it skipped a beat?,Yes,,https://drive.google.com/file/d/1y8Ol0_urR_KdDlcWEw9hZ979KBQ_ozHp/view?usp=sharing,1,3
,2,Resilience/Negation,Physical Health,Social Situations,,Vision Troubles,"As you wake up in the morning, you sit up quickly. Your vision goes blurry, and then goes black for a moment. Your vision comes back after a moment, and you tell yourself that you are going blind.",You take a deep breath and realize that your vision is completely back. Then you remember that sometimes this happens when you sit up too quickly.,Does your momentary blurry vision mean that you are going blind?,No,,https://drive.google.com/file/d/1zilnZ-Hg2NZiL6TR6YmDYtIdKcj2JFhH/view?usp=sharing,1,3
,3,Resilience/Negation,Physical Health,Social Situations,,Catching Transportation,"You are at the airport running to catch a plane. You feel your heart racing as you step on the plan and sit down. Starting to sweat and breathe quickly, you fear that you might have a panic attack.","You have a strong urge to get off the plane and go back home, but you sit down at the nearest seat. Instead of exiting, you decide to observe these sensations and stay seated.",Is it necessary to get off the plane because you feel your heart beating rapidly?,No,,https://drive.google.com/file/d/15BOnlJB7SXDWnFaZP_Cm6vzosTdkmVsp/view?usp=sharing,1,3
,4,Positive,Physical Health,Social Situations,,Meeting Someone New,You are at a birthday party for a friend of a friend. You start to feel a knot in your stomach while talking to someone you've never met before. This probably means that you are excited.,,Are you worried about talking to a new person?,No ,,https://drive.google.com/file/d/1m8Y-P-lBw6IkILN6LVQ2sO9xx9D8qSBD/view?usp=sharing,1,3
,5,Negative,Physical Health,,,Stomach Ache,"You have been nervous about an upcoming evaluation at work. The day of the evaluation, you notice that your stomach is aching. You think that the stomach ache must be from anxiety. ",N/A,Is the stomach ache from anxiety?,Yes,No,https://drive.google.com/file/d/1rbCs8iZS6b3LtSyDCOMcEXH8GAlOt4qZ/view?usp=sharing,1,3
,6,Positive,Physical Health,Social Situations,,Recent Exposure,"You were recently exposed to someone who tested positive, but you got tested and haven't experienced any symptoms. Your friends invite you to get dinner with them, and you wonder if you should go. You test negative and go out with your friends. ",N/A,Do you test negative?,Yes ,,https://drive.google.com/file/d/1skPUUmw_frFjR4sIPO4dIxk0mnDUH5UN/view?usp=sharing,1,3
,7,Positive,Physical Health,,,Social Distancing Indoors,"You are immunocompromised, and you have been taking precautions to protect yourself from COVID. When you arrive to a meeting one day, you notice a colleague who is not wearing their mask. You ask them to put their mask on. ",N/A,Are you taking precautions against COVID?,Yes,,https://drive.google.com/file/d/1ZaHC8JkZK3uAQbvp8hBPnP6YtIA2v7Kk/view?usp=sharing,1,3
,8,Positive,Physical Health,,,Taking Precautions ,"Your children are back in-person at school. You're worried that a classmate might give them COVID, and your children might get really sick. You decide you'll make sure they stay masked and learn to always wash their hands to keep them safe.",N/A,Do you think your children will get COVID?,No,,https://drive.google.com/file/d/1t2DosXT-6MyJili_m8ONQLLL80lG_8V8/view?usp=sharing,1,3
,9,Positive,Physical Health,,,Rescheduled Vacation,"You've been wanting to go on a summer vacation to Europe for a few years. You rescheduled your trip from last summer to this upcoming summer, but you're worried COVID will spread again and prevent you from finally going. You decide to wait it out, and can always reschedule again if you need to. ",N/A,Are you worried COVID is going to cancel your trip?,No,,https://drive.google.com/file/d/1PJKSzww5TSFLkglqNzsqi7kJ9WxqGSBm/view?usp=sharing,1,3
,10,Positive,Physical Health,,,Concert Cancellation,"A concert you bought tickets for a while ago is finally approaching. However, the COVID numbers are rising in your state and the concert may be cancelled last minute. You accept this fact and know the band will reschedule if they need to.",N/A,Are you worried about the concert getting cancelled?,No,,https://drive.google.com/file/d/1_B3CLNZYw6j6jB-EIfyI0zEH5EdNmetw/view?usp=sharing,1,3
39,1,Positive,Physical Health,,,Cough After Going Out ,"Over the last couple days, you've developed a cough. You went out over the weekend, and wonder if you may have contracted COVID. You decide to go get tested. ",N/A,Is your cough a definite sign of COVID?,No,,https://drive.google.com/file/d/14wxdQT03SW3H6H1dQsVqj2B6s1GhUSY7/view?usp=sharing,1,3
,2,Resilience/Negation,Physical Health,,,Dry mouth cause,"You have experienced dry mouth for a few days. You wonder whether the dry mouth is a minor side effect from a medicine you just started taking, or something more serious. ","Considering that you are relatively healthy and don't have many other symptoms, you think that the likelihood that your dry mouth reflects a serious health problem is minimal.",Your dry mouth is probably due to ...,A new medication.,A serious illness.,https://drive.google.com/file/d/1IeejxodAEOPnBK-2VdYiVAvRH6sKjGMd/view?usp=sharing,1,2
,3,Resilience/Negation,Physical Health,Social Situations,,Feeling Lightheaded,"You have been working hard all day and have not had much to eat. As you stand up from your desk, you feel dizzy and weak, and this makes you a little worried. ",You decide to focus your mind on the sensations; this reduces your worrying and makes you feel calmer.,Will your anxiety decrease if you observe your sensations?,Yes,,https://drive.google.com/file/d/1DivZOcoKB52Y-av9UMmPiIogDTLacT_W/view?usp=sharing,1,3
,4,Positive,Physical Health,Social Situations,,Exposure Guilt,"After noticing your throat hurting a bit, you decide to go get tested for COVID. Your partner barely goes out in order to keep themself safe, and you think they'll be mad at you for a possible exposure. You hope that they'll forgive you easily, because getting COVID isn't fully in your control. ",N/A,Do you think your partner will stay mad at you?,No,,https://drive.google.com/file/d/1WEqvc9WSFDoDYwVa62__MH0J2brW9P5D/view?usp=sharing,1,3
,5,Positive,Physical Health,,,Unmasked Neighbor,"You're working in the library when another person sits next to you. They are not wearing a mask, and it makes you feel unsafe. You tell the librarian that this person is breaking the rules.",N/A,Do you make the right decision to tell the librarian about the unmasked person?,Yes ,,https://drive.google.com/file/d/1nUmCRu4wnqWaowKbc8AkUMsjxFN1g9BU/view?usp=sharing,1,3
,6,Negative,Physical Health,Romantic Relationships,,Driving with a Friend,You are in the car with a friend and they are driving the speed limit on the highway. You feel butterflies in your stomach as you see cars passing quickly by. This makes you feel scared.,N/A,Do the butterflies in your stomach make you feel excited?,No,Yes ,https://drive.google.com/file/d/1Qg3RtlzGStLsvGsgkLm9QEhINOWo8MDV/view?usp=sharing,1,3
,7,Positive,Physical Health,,,Waking Up Dizzy,"As you wake up in the morning, you sit up quickly. Your vision goes blurry, and then goes black for a moment. Your vision comes back after a moment, and you tell yourself that it happened because you sat up quickly.",,Does your momentary blurry vision mean that you are going blind?,No,,https://drive.google.com/file/d/1zilnZ-Hg2NZiL6TR6YmDYtIdKcj2JFhH/view?usp=sharing,1,3
,8,Positive,Physical Health,,,Out of Breath,"On a hike over the weekend, you noticed you were getting out of breath faster than usual. You remember that COVID affects your lungs, and you start to panic. Luckily, you know you've been wearing your mask and have done everything you could to prevent COVID",N/A,Is your shortness of breath COVID-related?,No,,https://drive.google.com/file/d/12mTsvhDVa7HeTkfjIeD5Py5DX8pWVRRl/view?usp=sharing,1,3
,9,Positive,Physical Health,,,Testing Positive for COVID-19,"A few days after attending a birthday party with lots of people, you notice that your throat hurts. You take a test and find out that you have COVID, which you have been careful to avoid due to your underlying health conditions. You think about how your health will be affected and think that you will be able to handle the challenges as they come.",N/A,Will you be able to recover from COVID?,Yes,,https://drive.google.com/file/d/1swyXz0EX1z3WGXTnVs4rB7-lSbq05V5E/view?usp=sharing,1,3
,10,Positive,Physical Health,,,Headache at the Doctor's Office,"You are at the doctor’s office and they ask you if you are having any COVID symptoms. They list headaches as a possible symptom, something you have been experiencing but didn’t recognize as an issue, and that scares you because you remember how sick your friends got with COVID. You remember that you can focus on your health and rest until you feel better.",N/A,Does your headache mean you will get as sick as your friends?,No,,https://drive.google.com/file/d/1E_zU43NdPQrQs_EbbgIeOVJr1IAQ1b_O/view?usp=sharing,1,3
40,1,Resilience/Negation,Physical Health,,,Spring Allergies,"It's a chilly spring day, and you are walking outside in the park, hitting the soccer ball around. As you pass by the trees, you feel increasingly stuffy and sore. You start feeling scared.","Looking around, you see all the pollen flying in the air. You realize that you usually get a stuffy nose with seasonal allergies and are probably tired from playing soccer for the last hour. You feel relieved.",Does your stuffy nose and soreness mean something bad is happening?,No,,https://drive.google.com/file/d/1XwVIMD-qlNp532-AByRuhQltoTAlm_qS/view?usp=sharing,2,3
,2,Positive,Physical Health,,,Swimming at the Beach,"After finding out a friend has COVID, you decide to take yourself to the beach for a relaxing day. When you try to go swim in the ocean, you notice that it's hard for you to hold your breath underwater. This is probably because you haven't swam in a while. ",,Is your struggle to swim a sign of COVID?,No,,https://drive.google.com/file/d/1EDAskGZeJln12DePCekZITDjifvl8aXY/view?usp=sharing,2,3
,3,Resilience/Negation,Physical Health,,,Masks with Sensitive Skin,"You have sensitive skin, and wearing a mask makes you break out. When you see people without masks on, their skin is completely clear. You feel insecure about how much acne you have. ","After thinking about it, you realize that you tend to notice aspects about yourself that others don't. You feel good about how you're protecting people by wearing your mask.",Is it good that you're wearing a mask?,Yes ,,https://drive.google.com/file/d/1kxwTqZLKkj_Ga1sxMdjcBk6LLutuz39T/view?usp=sharing,2,3
,4,Positive,Physical Health,Social Situations,,Safe Delivery,"One of your close friends tests positive for COVID, and they ask you to deliver them groceries. You don't want to get exposed by being close to their home, but you also want to be helpful. You find a way to safely deliver the food from afar.",,Are you able to help your friend?,Yes,,https://drive.google.com/file/d/1c6ieeJOV0oWUI1mr-p9FOf9xvwkeVctA/view?usp=sharing,2,3
,5,Negative,Physical Health,,,Running in the Cold,"It's a cold day, and you are outside jogging. Your heart starts to beat quickly a few minutes in. You decide that this feeling is scary.",,Is your rapid heartbeat scary?,Yes,,https://drive.google.com/file/d/1FS-osT_v7dH6pF1URFaIMXwErnTMFWu-/view?usp=sharing,2,3
,6,Positive,Physical Health,Mental Health,,Learning how to ski,You are on holiday at a mountain resort and are learning how to ski. This is your first attempt to ski downhill on your own. You approach the first bend at a moderate speed and think that skiing is enjoyable.,N/A,"Once you reach the bend, you will probably ...",Clear it and continue skiing downhill.,Fall down.,https://drive.google.com/file/d/17uXb5H0kSMesHVAR7r1_6NraiAfQA0yi/view?usp=sharing,2,3
,7,Positive,Physical Health,Academics/Work/Career Development,,Waking Up Dizzy,"As you wake up in the morning, you sit up quickly. Your vision goes blurry, and then goes black for a moment. Your vision comes back after a moment, and you tell yourself that it happened because you sat up quickly.",,Does your momentary blurry vision mean that you are going blind?,No,,https://drive.google.com/file/d/1zilnZ-Hg2NZiL6TR6YmDYtIdKcj2JFhH/view?usp=sharing,2,3
,8,Positive,Physical Health,Social Situations,,Unmasked Acquaintance,You arrive to a meeting with your mask on. You notice that one of your colleagues is not wearing a mask. You think that they must have forgotten it. ,N/A,Did your colleague forget their mask?,Yes,,https://drive.google.com/file/d/1FtHkL-AdkRCQvQ3tup-oLG_qljuCxq5w/view?usp=sharing,2,3
,9,Positive,Physical Health,Social Situations,,COVID Confrontation,"You have a cold and since you tested negative for COVID, you decided to go back to work. You can't help but cough a few times throughout the day, and when you're about to leave a coworker confronts you, accusing you of coming to work with COVID. You feel like that person must be going through a stressful time.",N/A,Can you always avoid worrying others?,No,,https://drive.google.com/file/d/1ZRX4djV0jNJx45cG7BKsaEWYgTgDJGha/view?usp=sharing,2,3
,10,Positive,Physical Health,Social Situations,,Dancing class,"You are taking a dancing class and, during a break, find yourself talking to a newcomer about your job. As you chat, you notice that you are sweating. They probably assume this is a result of dancing.",N/A,Did the person you met at dance class think you were anxious?,No,,https://drive.google.com/file/d/1yVXzFBXX6-Tsb9FVPimCrE8TubjyVWUU/view?usp=sharing,2,3
41,1,Positive,Physical Health,,,Unmasked Neighbor,"You're working in the library when another person sits next to you. They are not wearing a mask, and it makes you feel unsafe. You tell the librarian that this person is breaking the rules.",N/A,Do you make the right decision to tell the librarian about the unmasked person?,Yes ,,https://drive.google.com/file/d/1nUmCRu4wnqWaowKbc8AkUMsjxFN1g9BU/view?usp=sharing,2,3
,2,Resilience/Negation,Physical Health,Academics/Work/Career Development,,Hot day ,"Returning home on a very hot day, you quickly drink a large glass of water. You soon feel abnormally full and a bit sick to your stomach. ","This feeling is surprising and uncomfortable, but you realize that it is something you can simply observe.",You responded to the feelings of sickness in your stomach by ...,Observing the sensations without doing anything.,Panicking about the sensations and calling an ambulance.,https://drive.google.com/file/d/1zIU7R9B0aDdb2iU_AHp4YbObnLDAts0M/view?usp=sharing,2,3
,3,Resilience/Negation,Physical Health,Academics/Work/Career Development,,Cardio with friend,"It's Wednesday night and your friend convinces you to take a high-intensity cardio class. About halfway through you stop exercising, because you feel you can't catch your breath. ","As you begin to have anxious thoughts about passing out, you decide to simply notice them.","When feeling like you can't catch your breath, it is helpful to ...",Just observe your anxious thoughts and sensations without judgment.,Judge your breathlessness as bad or harmful.,https://drive.google.com/file/d/1VlsI9LlwAnuIBOVvXzcOaRgcOTFzDdfO/view?usp=sharing,2,3
,4,Positive,Physical Health,Social Situations,,Too Much Attention,"It's your birthday and when it's time for the cake, people gather around you and start singing. You feel your heart start to beat more quickly and your armpits starting to sweat. Your friends and family will not notice.",N/A,Do your friends and family notice how anxious you feel?,No,,https://drive.google.com/file/d/1m8Y-P-lBw6IkILN6LVQ2sO9xx9D8qSBD/view?usp=sharing,2,3
,5,Positive,Physical Health,Social Situations,,Sweat Stains,"It's a warm day and you and your friends are taking a walk outside. You notice that you are starting to sweat, and you can see some marks on your shirt. You know these friends well, and they will not care.",N/A,Will your friends make fun of your sweat marks on your shirt? ,No,,https://drive.google.com/file/d/1Wch_kcxO-_MSrBd4tyGQsC_dXyOttIIF/view?usp=sharing,2,3
,6,Positive,Physical Health,Family & Home Life,,Visiting Aging Family,You go home to your parents' home for the holidays and notice that your mother looks frail. You find yourself wondering about her health and whether she's sick. You think her health will probably be good.,,Is your mother's health going to quickly decline?,No,,https://drive.google.com/file/d/1Gq9Sn1-xMI1EWDLSKgwCVl-6URaJ2yiG/view?usp=sharing,2,3
,7,Negative,Physical Health,,,Positive Test,"You recently got tested for COVID, and are expecting your results today. You are in the middle of a meeting when you hear your phone go off, and you wonder if you tested positive or negative. You check your phone and see that you tested positive . ",N/A,Do you test positive?,Yes ,,https://drive.google.com/file/d/1Fq-NpWkRkGr7cLwbrV84SzufV_aWAasr/view?usp=sharing,2,3
,8,Positive,Physical Health,Social Situations,,Late Communication,"Your friend invites you to a dinner party and after you leave, they casually mention that one of the people there had been exposed and was waiting on a test result. You can’t believe your friend wouldn’t tell you this before they took you to the party. You decide to talk to your friend about it and you both decide to isolate until the test comes back and communicate better about risky situations.",N/A,Did your friend put you in a dangerous situation on purpose?,No,,https://drive.google.com/file/d/1bUgYhh6J97bHW_fCGBklhFK19Hg6E412/view?usp=sharing,2,3
,9,Positive,Physical Health,Social Situations,,Birthday Party,"You are at a birthday party for a friend of a friend. You notice that you are flushed and a little sweaty. Standing there, you think that these sensations are normal.",N/A,People will probably ...,Not see you sweat since the room is dimly lit.,Notice that you are sweating.,https://drive.google.com/file/d/1cfjkxrnn1-Ws7c5KzE7-FN0aIqqXiOQF/view?usp=sharing,2,3
,10,Positive,Physical Health,,,Plans to Visit Family,"It is just one day before you are supposed to leave to go visit your family, and your friend is told they were exposed to someone with COVID. You both go get tested, but results typically come back in 72 hours and you have a flight booked for tomorrow. When you think about how your family will react, you think they will understand.",N/A,Can you always reschedule your trip to see your family?,Yes,,https://drive.google.com/file/d/1yuqh5SDNygg4LWsoT1Xy9YTyK0rxVKAg/view?usp=sharing,2,3
1,1,Positive,Social Situations,,,Party People,"You arrive at a large party and quickly realize that there are a lot of people you do not know there. You feel anxious and consider going home. Looking around the room, you decide to stay.",N/A,The party will probably be ...,Exciting because you have a chance to meet new people.,Awkward and uncomfortable because you do not know many people.,https://drive.google.com/file/d/1Zc-4xffN0v0XdDSXW-x1NAACedZAqgXQ/view?usp=sharing,1,2
,2,Resilience/Negation,Social Situations,Academics/Work/Career Development,,Practicing presentation,"Your supervisor asks you to present at a meeting. After practicing for several weeks, you finally feel ready. At the presentation, you make a big mistake.","After the presentation, you realize that these mistakes are common. The supervisor probably thinks your recovery and ability to continue presenting was very admirable.",Is your supervisor disappointed with your presentation?,No,,https://drive.google.com/file/d/1Cw3oPXTNc-8SRhdtrmQYyiTvDaszARPN/view?usp=sharing,1,3
,3,Positive,Social Situations,Academics/Work/Career Development,,A small presentation,"You are working on a project you enjoy. However, you were just informed that during the next staff meeting you will have to give a five-minute oral presentation to the rest of the staff. On the evening before the presentation, you feel frightened about the idea of public speaking, and you decide your fear is tolerable.",N/A,Can you handle your fear of giving the oral presentation?,Yes,,https://drive.google.com/file/d/1V-HyzPWcCSIQCjmLetck1SbZQT1cVtgr/view?usp=sharing,1,2
,4,Positive,Social Situations,,,Keeping Up With Friends ,"You have been very busy and are having trouble keeping in contact with one of your best friends. You are usually good about calling them, but your schedule has been very hectic. As you think about their reaction to this lull in contact, you think that your friend will be forgiving.",,Your friend will most likely,Understand that sometimes things get very busy.,Be upset with you for not staying in contact.,https://drive.google.com/file/d/1zs5Zen5SreRnD91mUn6rtDWU2U5Icoe_/view?usp=sharing,1,3
,5,Negative,Social Situations,,,A new camera,"You buy a new camera, but when you get home, you find that you do not like it. You return it to the store and get your money back. At the counter, the assistant is not very talkative as they help you, and you think they view you as crazy.",N/A,Do you think the sales assistant felt you were annoying?,Yes,,https://drive.google.com/file/d/1gIc6npFIezWPuRAQClkBHg3K5HpAwDTk/view?usp=sharing,1,2
,6,Positive,Social Situations,Academics/Work/Career Development,,Changing Your Plans,"You've decided to accept a job in another department. All of your close friends are applying to committees within your current department. When you think about your decision to switch departments, you feel satisfied.",N/A,Are you happy with your decision to switch departments?,Yes,,https://drive.google.com/file/d/1vmEFLzq1i5guQSpr0uE5nLlEbZHH1whv/view?usp=sharing,1,2
,7,Positive,Social Situations,,,Nerves at a Big Moment,You are about to give a presentation and you feel your body tremble. You don't usually feel this way when you speak in front of people. These trembling feelings mean that you are ready.,,Do the trembling feelings mean that you are unprepared for the presentation?,No,,https://drive.google.com/file/d/1euj4QAMrOxGJVTxv0VX9mSsgDp8o5SwZ/view?usp=sharing,1,3
,8,Positive,Social Situations,Academics/Work/Career Development,,Zoning Out,You are sitting in an online meeting and space out for a minute. Your boss asks you a question and you didn't hear it. You ask her to repeat her question and this makes you feel  ok.,,Are you comfortable asking your department head to repeat her question?,Yes,,https://drive.google.com/file/d/1ZxZ_841mwj2NoY_cCWf9GHGmHmnONE6A/view?usp=sharing,1,3
,9,Positive,Social Situations,,,Resolving a disagreement,"You have a minor disagreement with a coworker about the best way to complete a task, and you decide to ask your boss about it. When you talk to your boss, you momentarily forget what you were about to say. Your boss thinks you sound calm.",N/A,Your boss probably thinks ...,You are thoughtful and collected.,You are stupid and incompetent.,https://drive.google.com/file/d/1jaYm3TgI2IBWA2BUVVUogJ_o8-QMQZN1/view?usp=sharing,1,1
,10,Resilience/Negation,Social Situations,Mental Health,,Sharing with Someone New,"You're talking to a coworker about a presentation you're working on and they seem really interested. They ask if they can look at it, and you agree. Before you send the slides to them, you look over it and feel good. ",N/A,Are you worried about what your coworker thinks of your presentation?,No,,https://drive.google.com/file/d/1499bBYkmYnrl8QqVGgqBcog_M-Ueo1__/view?usp=sharing,1,3
2,1,Positive,Social Situations,,,Suggestion to meet again,"You meet someone at an event and feel that you got along well. Later, you call and suggest meeting again. The reply you get makes you feel that the person thinks meeting again would be enjoyable.",N/A,The person you met at the event will probably ...,Say yes if you suggest meeting again,Say no if you suggest meeting again.,https://drive.google.com/file/d/1zcSYCq7ymkaCpr9sIJm7rsA3luVq-XEs/view?usp=sharing,1,2
,2,Negative,Social Situations,Academics/Work/Career Development,,Dealing with Group Work,"You are assigned a project to complete for work. You've been grouped with coworkers who usually don't contribute much to work projects. You start to think about how the project will go, and feel uneasy.",,Are you worried about completing the presentation?,Yes,,https://drive.google.com/file/d/1MSvkZ7ilWBOwRh_oL2pAafze77-a_M3n/view?usp=sharing,1,3
,3,Positive,Social Situations,,,Conversing at a party,"You are at a party with people you do not know well. You decide to join some people who are sitting on a couch and talking. When you try to enter the conversation, the people on the couch continue talking to each other, because they were probably distracted.",N/A,The group that was talking probably ignored you because they ...,Did not see you there.,Do not like you. ,https://drive.google.com/file/d/1P0yu1f5kMZ1J0BunhrRU8WrsyiIhwlKD/view?usp=sharing,1,2
,4,Positive,Social Situations,Family & Home Life,,Dinner at a Friend's House,"Your family doesn't do sit-down dinners together. Your friend invites you to join her family for dinner, and when you arrive, everyone sits at the table and starts asking questions about each other's days. When it's your turn, you're not sure how to respond, but after you say something, you feel calm",,Are you able to stay calm even though you don't know what to say?,Yes,,https://drive.google.com/file/d/18ON-daCCgtQApC9SVxzPUIsZEHK2kZJK/view?usp=sharing,1,3
,5,Resilience/Negation,Social Situations,,,Cooking a Casserole,"You are going to a potluck dinner party, and you want to make your family's macaroni casserole to bring. You have the recipe your parents gave you, but you worry you don't have the cooking skills to pull off the dish.","You think that people at the party won't think you're a bad cook, and will probably think your casserole tastes good.",Do you think people will like your casserole?,Yes ,No ,https://drive.google.com/file/d/12kKvu8IBTJkLrM3hsryH2oaUOq9wkAyI/view?usp=sharing,1,3
,6,Positive,Social Situations,,,Using What You Have,"You are invited to a formal event for your workplace. You can't afford something new to wear, so have to wear an old outfit. When thinking about everyones opinion on you wearing old clothes, you know you'll feel confident.",,Are you worried about what others will think of your older outfit?,No,,https://drive.google.com/file/d/1IGCUmxaQ4KuTOm8JOXB9j9H66jDnC7k5/view?usp=sharing,1,2
,7,Positive,Social Situations,Academics/Work/Career Development,,Feeling Different,"You're participating in an online conference and look at everyone's video. You notice that among the group of people, you look different from everyone else. You think about this and realize it is okay.",N/A,Is it bad that you feel different from others in your field?,No,,https://drive.google.com/file/d/1FYlM1a2tGzuMSOP9mBCzc1EGii_cJCXM/view?usp=sharing,1,3
,8,Resilience/Negation,Social Situations,Academics/Work/Career Development,,Practicing presentation,"Your supervisor asks you to present at a meeting. After practicing for several weeks, you finally feel ready. At the presentation, you make a big mistake.","After the presentation, you realize that these mistakes are common. The supervisor probably thinks your recovery and ability to continue presenting was very admirable.",Is your supervisor disappointed with your presentation?,No,,https://drive.google.com/file/d/1Cw3oPXTNc-8SRhdtrmQYyiTvDaszARPN/view?usp=sharing,1,3
,9,Positive,Social Situations,Romantic Relationships,,Anniversary Let-down,"Your anniversary with your significant other is this weekend, but they haven't mentioned to you that they made any big plans. Having your expectations let down seems to be a recurring event, and you think it's time to bring it up to them. You figure out a way to bring it up calmly, without starting a fight. ",N/A,Do you expect your conversation with your significant other to end in a fight? ,No,,https://drive.google.com/file/d/1CgrLjr1VnBJzGXYveoJeXLo40-5Mt3ny/view?usp=sharing,1,2
,10,Positive,Social Situations,,,An Acquaintance,You run into someone you don't know well on the street who you look up to. You ask them how they are doing and they continue to keep walking. This acquaintance probably thinks you are nice.,N/A,Does the acquaintance dislike you?,No,,https://drive.google.com/file/d/1C-zce9kzLUaNTvKVjPkRBpmnQOMidjcp/view?usp=sharing,1,2
3,1,Resilience/Negation,Social Situations,,,Grocery store experience,"You are shopping in a grocery store. As you are browsing some shelves, you accidently knock several cans on the floor and shoppers turn to look at you. The shoppers see the cans on the floor and respond with annoyance.","In the end, you realize that people were probably just surprised by the sound and turned around reflexively. The shoppers saw that no one was injured and probably felt relieved.",The other shoppers probably felt ...,Relieved that no one was injured.,Annoyed by the loud sound.,https://drive.google.com/file/d/1aeBYvXXRRb7XOm5OW_eMlyeAIEi7Zc5t/view?usp=sharing,1,2
,2,Positive,Social Situations,,,Overhearing your name,"As you walk through the office, you hear some of our coworkers talking about other people. As you walk closer to them, you overhear your name. When they see you, they smile and greet you, and you think that they were probably saying something pleasant.",N/A,Your coworkers were probably ...,Giving you a compliment.,Talking poorly about you.,https://drive.google.com/file/d/1h_Ml-gofAzajKf38xvJglnz-ungcO067/view?usp=sharing,1,2
,3,Positive,Social Situations,Mental Health,Physical Health,Friend in the Hospital,"You get a text from a friend that they are in the hospital, but they don't tell you why. You start to worry about whether they're going to be OK. As you think about your friend, you feel calm.",N/A,Will your friend probably be OK? ,Yes,,https://drive.google.com/file/d/1orHJdZcvNDmtHi2FCrQ29bBopJCgLT5D/view?usp=sharing,1,3
,4,Positive,Social Situations,,,Spotting a friend,"As you are walking down a crowded street, you see your coworker on the other side. You call out, but they do not answer you. Standing there in the street, you think that this must be because they were distracted.",N/A,Did your coworker purposely ignore your call to them in the street?,No,,https://drive.google.com/file/d/1ed7CaenQ9rbkqDg31nHg13-TRsdjeflf/view?usp=sharing,1,2
,5,Positive,Social Situations,,,"New City, New Friends","You just moved to a new city and have met a lot of really interesting people. However, you feel like you still don't have a very close group of friends to rely on and miss your close friends from your old city. You decide to spend more time with the people you have met so you can become closer friends.",N/A,Are you optimistic when you think about your new friends?,Yes,,https://drive.google.com/file/d/1l4o_T3GLD5cbWUmtwBa9KMSTQ5brDFsA/view?usp=sharing,1,1
,6,Positive,Social Situations,,,On a jog,"You are outside jogging and see a group of people ahead of you. As you pass them, you stumble slightly and feel a little foolish. You hear them laugh as you pass by, and assume that they are laughing at jokes.",N/A,The group of runners was probably laughing because ...,Someone told a funny joke.,They saw you stumble.,https://drive.google.com/file/d/1btP0ByonbcpU8OlzF6uesqxs04pCNP6H/view?usp=sharing,1,2
,7,Resilience/Negation,Social Situations,Academics/Work/Career Development,,Brief Introduction,"You are at a workshop, and the leader asks all attendees to stand up and introduce themselves. During your brief presentation, you momentarily forget what you planned to say, and the audience stares at you looking annoyed. ","In the end, you realize that everyone has these moments, and you quickly recover. As you finish introducing yourself, you see that the others are listening with keen interest.",Did the other people think you were boring?,No,,https://drive.google.com/file/d/1lgF7Z1c-zfEyeOyad_Bo6EmeBmmYmSe7/view?usp=sharing,1,2
,8,Negative,Social Situations,,,Keeping Up With Friends ,"You have been very busy and are having trouble keeping in contact with one of your best friends. You are usually good about calling them, but your schedule has been very hectic. As you think about their reaction to this lull in contact, you think that your friend will be upset.",,"Since you have been out of touch, your friend is probably thinking","""I guess this friendship isn't worth very much.""","""I'm sure things are just really busy right now.""",https://drive.google.com/file/d/1zs5Zen5SreRnD91mUn6rtDWU2U5Icoe_/view?usp=sharing,1,3
,9,Positive,Social Situations,Family & Home Life,,New Apartment to Yourself,You just moved to a new apartment and you are living alone for the first time in a while. Your days are very quiet and you often find yourself staying in on the weekends with much fewer plans than you had when you were living with people. This feels like a relaxing change of pace.,N/A,Are you bored living alone?,No,,https://drive.google.com/file/d/1VlSJxjX6YZt0epDm0HUx0I8HU-2SSjKk/view?usp=sharing,1,3
,10,Positive,Social Situations,Academics/Work/Career Development,,A sip of water,"You are told you need to give a presentation to your coworkers. When it is time to present, you have a sip of water and wonder what your coworkers will think of you. As you begin to speak, you feel scared and decide to continue.",N/A,When you feel anxious during a presentation...,You have the ability to continue with your talk.,You have to stop your talk and flee the situation.,https://drive.google.com/file/d/1M2nmwy6Vs-FYWSeplo1FuQ51PqchzdnB/view?usp=sharing,1,3
4,1,Positive,Social Situations,,,Taking Yourself to a Movie,"You go to see a movie on opening night. When you get to the theater, you notice that you are the only person sitting alone.  You feel excited for the movie to start. ",N/A,Are you okay with sitting alone?,Yes,,https://drive.google.com/file/d/1WgfEzWjUdv0P2mkkCPQgevH6Jh-5EtJa/view?usp=sharing,2,1
,2,Resilience/Negation,Social Situations,,,Friendships in the Future,"When you think about your retirement, you wonder which friends will still be a part of your life. You hope to keep in touch with your closest friends but know that it will be difficult. ","When you imagine yourself transitioning to retirement, you do not think you will have drifted from your good friends, and you see you and your close friends together.",Do you expect to be close to your current friends in the future?,Yes,No,https://drive.google.com/file/d/1eXwD9o73h1m91y7aWEv3Bl50xvzzUvu-/view?usp=sharing,2,3
,3,Positive,Social Situations,Academics/Work/Career Development,,Train of thought,"You are giving a presentation at work. During one of your slides, you lose your train of thought and have to take a moment to look over your notes. As you start again, you think that losing one's train of thought while presenting is normal.",N/A,Is it normal to lose your train of thought while presenting?,Yes,,https://drive.google.com/file/d/1PHmQe4AQ2pdApKjmB9uPD73GJXIyik1b/view?usp=sharing,2,3
,4,Positive,Social Situations,Physical Health,,COVID Confrontation,"You have a cold and since you tested negative for COVID, you decided to go back to work. You can't help but cough a few times throughout the day, and when you're about to leave a coworker confronts you, accusing you of coming to work with COVID. You feel like that person must be going through a stressful time.",N/A,Can you always avoid worrying others?,No,,https://drive.google.com/file/d/1ZRX4djV0jNJx45cG7BKsaEWYgTgDJGha/view?usp=sharing,2,3
,5,Positive,Social Situations,,,A Homemade Gift,"Your friend is having a huge birthday party with all of your friends attending. You know you can't afford a gift for your friend. You show up with a homemade card, your friend is thankful.",N/A,Is your friend sad you did not bring a present?,No,,https://drive.google.com/file/d/1UoBTJwOaRbMpWrYnOWNPOBzR-axREE4s/view?usp=sharing,2,1
,6,Positive,Social Situations,,,Your Birthday Party,"Your best friend is organizing a birthday party for you at their home. They invited a lot of people who will all be there for you. When you think about all of the people coming, you feel excited.",N/A,Are you excited about having people there to celebrate your birthday?,Yes,,https://drive.google.com/file/d/1UoBTJwOaRbMpWrYnOWNPOBzR-axREE4s/view?usp=sharing,2,1
,7,Negative,Social Situations,Academics/Work/Career Development,,Fundraiser presentation,"You are put in charge of your office's fundraising efforts and quickly realize that your coworkers are not very interested in the fundraising. At a meeting, you give a presentation about the importance of helping with the fundraising, during which your coworkers remain quiet. As you sit down after your presentation, you think they seemed bored.",N/A,The coworkers are probably thinking ...,That they don't want to help you with the fundraiser.  ,That they want to help you with the fundraiser.  ,https://drive.google.com/file/d/1r3qtHj-urHxM3pju6-ipIBlJU-tXgwex/view?usp=sharing,2,3
,8,Positive,Social Situations,Academics/Work/Career Development,,Group Project Due,"You are working on a very important team project. The project deadline is soon, and your colleagues still haven't completed their portion, and you wonder if you should complete their part. You reach out to them, conveying your concerns about the deadline and workload, and they begin working in a timely manner.",N/A,Your colleagues are likely...,Grateful that you politely communicated your concerns over their contribution. ,Annoyed that you're telling them what to do. ,https://drive.google.com/file/d/1ZodO1F5ZuiDVjiFxjsv5k2GCuLpQwIRf/view?usp=sharing,2,2
,9,Resilience/Negation,Social Situations,,,Feeling Excluded by Friends,"As you hang around after work, you hear that some coworkers went out to dinner without you last night. You didn't get an invite to hang out with them. You realize that sometimes your coworkers hang out without you and you feel excluded.","You don't like being left out. But, you decide that you can tolerate this feeling.",Can you handle that sometimes your coworkers go out without you?,Yes,,https://drive.google.com/file/d/1V3qcOIHvtf7LmQss0ruGtHPfIMlyIauX/view?usp=sharing,2,1
,10,Positive,Social Situations,,,Social Media Comparisons,"You notice there are a lot of attractive people posting pictures on a social media site. You are a bit uncomfortable posting a picture of yourself, but post anyway. You feel confident.",,Do you hold back from posting a picture of yourself because you do not feel as attractive the people you see in other social media posts?,No,,https://drive.google.com/file/d/1sVKizgA3QnMOtyy7qNs8X9ndbUMsWmuE/view?usp=sharing,2,1
5,1,Positive,Social Situations,,,Finding a Place to Sit,You are at your first staff meeting in a new department and you arrive early. A group of people goes quiet after you ask them if you can sit at their table. They are probably nice.,N/A,Were the quiet people nice?,Yes,,https://drive.google.com/file/d/1T8fbtlJZcRwfzooXEoNBepkxSHE2HJjG/view?usp=sharing,2,1
,2,Positive,Social Situations,,,Attending Wedding Alone,"It is a long weekend, and you are invited to a friend's wedding. When you arrive to the venue you notice that many people have brought a plus one, and you came alone. You realize that you can still enjoy yourself at the wedding and get to know other guests even while being alone.",N/A,Do you enjoy yourself at the wedding?,Yes,,https://drive.google.com/file/d/1NMhgtm8VnCvrZsw5E6INJmkmxBzil_FZ/view?usp=sharing,2,1
,3,Positive,Social Situations,,,Second meet-up,"At a dinner party, you are introduced to someone new and chat with them for quite a while. When you call them the next week to suggest meeting again, they pause for a moment. They probably think that getting together would be great.",N/A,Does your new acquaintance want to meet with you again?,Yes,,https://drive.google.com/file/d/1TUZM7VRE-kaXxaSnsiFIuTIx8VaTSuqG/view?usp=sharing,2,1
,4,Negative,Social Situations,Physical Health,,Risky Behavior,"You've been limiting your gathering sizes and wearing masks when in public spaces. Your boss, on the other hand, has been telling you about the parties they've been attending. You want to talk to them about it, because you fear they might bring COVID to your meetings, but you think it will start a fight",N/A,Are you worried that telling your boss how you feel will cause problems?,Yes,,https://drive.google.com/file/d/1F22CaNjUJP66pzgamhIjFWak5wAkLxca/view?usp=sharing,2,3
,5,Positive,Social Situations,,,Spotting a friend,"As you are walking down a crowded street, you see your coworker on the other side. You call out, but they do not answer you. Standing there in the street, you think that this must be because they were distracted.",N/A,Did your coworker purposely ignore your call to them in the street?,No,,https://drive.google.com/file/d/1ed7CaenQ9rbkqDg31nHg13-TRsdjeflf/view?usp=sharing,2,2
,6,Positive,Social Situations,,,An organized outing,"You organize a day outside with your friends. The outing does not go very well, and you feel discouraged. As you head home, you think that others thought the event did not go well because of the rain.",N/A,Your friends did not enjoy the outing because ...,The weather was unpleasant.,You planned it poorly.,https://drive.google.com/file/d/1DUJ30Sl4i34yGG5leZIL91AAOYQypycm/view?usp=sharing,2,1
,7,Positive,Social Situations,Academics/Work/Career Development,,Optional presentation,"Your boss has hired a few interns for the summer. They ask you to stay after work to give the interns a brief presentation about the company's goals and values, but tells you that this is completely optional. You feel a little nervous about giving the presentation, and you decide to stay.",N/A,Do you stay to give the optional presentation?,Yes,,https://drive.google.com/file/d/1f7AX8AtByV-EKIO86OXhrR2a6P9gCwXU/view?usp=sharing,2,2
,8,Resilience/Negation,Social Situations,,,No Weekend Plans,It's Saturday and you have no plans for the day. You realize you haven't seen your friends in awhile and wonder if you are drifting apart. You think they may have forgotten about you.,"You understand everyone has busy lives and it is harder to get together. You have been good friends for a long time, and it will take more than some time apart to hurt these friendships. You decide to reach out yourself.",Have your friends drifted apart from you?,No,,https://drive.google.com/file/d/1WprnNTr-lwJIy8bPx1_XS9PE6E6RaPPg/view?usp=sharing,2,1
,9,Resilience/Negation,Social Situations,Academics/Work/Career Development,,Recovering From a Mistake,You are giving a presentation at a meeting and accidentally skip a section so have to start again. You are embarrassed by the mistake and worry what the audience thought of you. The audience probably thinks your delivery after starting over was awkward.,"Later that day, you realize that it is common to make mistakes when presenting. The audience probably thought your delivery after starting over was admirable.",Do you think that the audience thought of you as awkward for making a mistake?,No,,https://drive.google.com/file/d/10fLWhto09ulpTOoQ_oICa06UK6vWzttW/view?usp=sharing,2,3
,10,Positive,Social Situations,,,Conversation with Stranger,"You are at a birthday party for a friend and talking with someone you just met. You cannot tell whether the person thinks you are interesting or boring, and you decide that not knowing is okay.",N/A,"Overall, the conversation was probably a ...",Low-pressure and pleasant chance to meet a new person.,"Stressful situation, because the person might have found you uninteresting.",https://drive.google.com/file/d/1xYq4Dvk8Dk8PkSkRy32Uyga7CXkJ8vAX/view?usp=sharing,2,2
6,1,Positive,Social Situations,,,Entering a nightclub,"You are out of town visiting friends and decide to go out dancing. Walking into a nightclub for the first time, you feel that the things around you are very unreal. This is interesting.",N/A,The lights and sounds of the club make you feel ...,Excited and lively.,Disoriented and scared.,https://drive.google.com/file/d/1gTUlz1D2Dwpj9xB2ihIEsUZXzfXYzERs/view?usp=sharing,2,1
,2,Resilience/Negation,Social Situations,,,Critical Friend,"You are having a conversation with your best friend of many years. During the conversation, they criticize you, saying that they don't think your job is worth pursuing. You wonder whether you should remain friends with them. ","After thinking about it, you realize that people don't have to agree with everything you do. You love your friend and will continue to be friends with them. ",Are you going to let a disagreement ruin your friendship?,No,,https://drive.google.com/file/d/13C46DCNwa01dfLqreKVRIq8Gnv03aKQI/view?usp=sharing,2,1
,3,Positive,Social Situations,Academics/Work/Career Development,,Speaking Up at Work,Your boss is talking about one of your role models in your field of work during a meeting and she asks if anyone knows about their work. In front of everyone you quickly raise your hand and your colleagues turns to you. You realize that you feel confident.,,Are you embarrassed that you raised your hand?,No,,https://drive.google.com/file/d/1qGMXNyoVsjti9RZVA8vAZ6RjVRacfgBv/view?usp=sharing,2,1
,4,Positive,Social Situations,,,Social Media Self-Confidence,"You meet an attractive new coworker during a meeting. After work, they request to follow you on social media. Before you let them follow you, you look over your own feed and feel confident.",N/A,Are you worried about what the other person thinks of your feed?,No,,https://drive.google.com/file/d/1PNlqc0Jg4bm9KOsakVSsKmJDaQwqLGrB/view?usp=sharing,2,1
,5,Resilience/Negation,Social Situations,Physical Health,,COVID Fear,"Your friend has been coughing for a few days and when you ask them to get tested, they refuse, saying they shouldn’t have to because they weren’t exposed. You want to talk to them about it and understand their perspective, but you're worried about how they will react.","You decide to talk to your friend, and learn that they were avoiding getting tested because they lacked information about the process. You tell them what you know and feel glad you were able to provide support. ",Were you able to help your friend?,Yes,,https://drive.google.com/file/d/1uhh5L7klH8OgV65X8ksU7J-lH6GYnN4-/view?usp=sharing,2,3
,6,Positive,Social Situations,Family & Home Life,,Bilingual Home,"You are having dinner with a coworker. While you're eating dinner together, you take a phone call from a family member and you switch back and forth between English and another language. You never told your coworker that your family members are bilingual. You think about your coworker's reaction, and think that she'll think it is interesting.",,Is your coworker judgmental of your bilingual family?,No,,https://drive.google.com/file/d/1vTuw-1aglVPbYE4oaEYbIP6LLuikDSFt/view?usp=sharing,2,3
,7,Negative,Social Situations,,,Meeting an old acquaintance,"An old acquaintance just moved to Charlottesville and asks you out to coffee. You are nervous about seeing them again after many years and could easily tell them that you are too busy. You are at home when they call about meeting, and you decline the call. ",N/A,Do you take your acquaintance’s call to meet for coffee?,No ,,https://drive.google.com/file/d/1pyQstjJZOoKDUECn8lpjVkVEJglsI_E8/view?usp=sharing,2,3
,8,Positive,Social Situations,,,A foreign country,"For your vacation this year you are visiting a foreign country for the first time. When you are there, everything around you feels different and strange. You think this is awesome.",N/A,"In this country, you think you will find...",Opportunities to learn and experience the culture.,Yourself in troublesome situations.,https://drive.google.com/file/d/1RVjCxZh50qy4aIic-aY3PWjSmy2oAgVm/view?usp=sharing,2,1
,9,Positive,Social Situations,,,Jokes with Friends ,"A group of your co-workers are whispering and looking in your direction. Some of them are laughing really hard. You don't have time to go say hi, and you think they were probably laughing at a joke.",N/A,Were they laughing at you?,No,,https://drive.google.com/file/d/12y3RCcUA6c2px4Via0vV9blbTbjsS6yw/view?usp=sharing,2,2
,10,Positive ,Social Situations,,,Being Talked About,"Over the weekend you decide to post a video and a few pictures on your social media. When you get to work on Monday, you overhear your coworkers gossiping about your pictures and videos. They probably think that you are cool.",,Are you worried about what your coworkers are saying?,No,,https://drive.google.com/file/d/1ykY60oGbVNzm3vm41Sw4Ts1kDiSO5gjp/view?usp=sharing,2,2
7,1,Resilience/Negation,Social Situations,,,Corner laughter,"You are giving a presentation during your evening meeting. As you talk, you hear a few of your coworkers laughing in the corner. You look over at them and realize they were probably laughing at you.","After a moment, you remember situations where you and your coworkers have laughed about things unrelated to who is speaking. You move on from their laughter and complete your presentation successfully.",Were your coworkers laughing at you?,No,,https://drive.google.com/file/d/1TT4fuIpUKuMK-jVrWlcStBgpHS3YAMh6/view?usp=sharing,all,2
,2,Positive,Social Situations,Physical Health,,Unmasked Acquaintance,You arrive to a meeting with your mask on. You notice that one of your colleagues is not wearing a mask. You think that they must have forgotten it. ,N/A,Did your colleague forget their mask?,Yes,,https://drive.google.com/file/d/1FtHkL-AdkRCQvQ3tup-oLG_qljuCxq5w/view?usp=sharing,all,3
,3,Positive,Social Situations,Finances,,Worrying About Spending,"A group of your friends are going out to dinner and they invited you. You know that you all have been going out to dinner a lot recently, and you don't know if you can keep up with this lifestyle. You tell your friends that you'll catch up with them next time, and you're happy staying at home for the night.",N/A,Are you comfortable passing up on this dinner?,Yes,,https://drive.google.com/file/d/1eLJnrJZBFA0pUisiuLxNVgNJfC_xJB7I/view?usp=sharing,all,3
,4,Resilience/Negation,Social Situations,,,Comparing with Others,You and your coworkers are comparing work experiences. You have struggled with completing paperwork in time and your coworkers start lightheartedly teasing you. You begin to feel insecure.,You haven't had much experience with this aspect and your coworkers know this. They have probably been through similar experiences and weren't trying to be mean.,Were your coworkers trying to make you feel insecure about having trouble with your paperwork?,No,,https://drive.google.com/file/d/1FT6P2q_cktpRqA58pw5JI58tA9R0P3BS/view?usp=sharing,all,2
,5,Positive,Social Situations,Finances,,Visiting a New Friend,"You have been invited to a friend's house for a holiday and you want to bring a gift, but can't afford to buy one. You decide to write a poem and recite it for their family. As you picture yourself reading it, you feel excited.",N/A,Are you worried about reciting a poem for your friend's family? ,No,,https://drive.google.com/file/d/1gqs34RS_CsCnUbNlLaEigxSxuKvzjTSX/view?usp=sharing,all,3
,6,Positive,Social Situations,,,Watching a Movie with Friends,"You and some friends are watching a movie at your home. At the end of the movie, your friend asks what that funny smell is. You know that's your dinner, and when you think about how to answer you feel hungry.",,Are you anxious about telling your friend that the smell is your dinner?,No,,https://drive.google.com/file/d/1ycooBDYhbqicxiNW3ADymBujgdMVhh8h/view?usp=sharing,all,2
,7,Negative,Social Situations,Romantic Relationships,,Social Media Messaging,"You send a sweet text to your partner and they read it but don't respond. You've both been busy with work all week, and you wonder if they still care about you in the same way. Thinking about how you've barely talked this week, you think you are drifting apart.",N/A,Are you and your partner okay?,No,Yes,https://drive.google.com/file/d/1KHcNfS-rLgCp7he0M7v9PyUWv91bKKlq/view?usp=sharing,all,2
,8,Positive,Social Situations,,,Late Friend,"You're meeting a friend at a local park. After 20 minutes, your friend still hasn't arrived. You think they probably are coming.",N/A,Did your friend stand you up?,No,,https://drive.google.com/file/d/1GJPQZOTJ47ZRiIKEu_ijYwvfBNaT4KA5/view?usp=sharing,all,2
,9,Positive,Social Situations,,,Intoxication Situation,"You are at a party with your partner and they are intoxicated. When you suggest that it's time to go home, they say no and walk away from you. You think that they are having fun. ",N/A,Is your partner upset with you?,No,,https://drive.google.com/file/d/1Zc-4xffN0v0XdDSXW-x1NAACedZAqgXQ/view?usp=sharing,all,2
,10,Positive,Social Situations,Family & Home Life,,Having Someone Over,"You invite a coworker over for dinner one night and you're in charge of the food. You aren't the best cook and you might embarrass yourself in front of your coworker. As your coworker arrives, you are calm.",,Are you anxious as your coworker arrives?,No,,https://drive.google.com/file/d/18ON-daCCgtQApC9SVxzPUIsZEHK2kZJK/view?usp=sharing,all,3
8,1,Positive,Social Situations,,,Alternative Contact ,"You meet a new staff member in your online meeting for your department and they ask if you have Facebook. When you tell them that you don't have Facebook, they grow quiet. They coud be brainstorming other ways to contact you, which makes you feel happy.",N/A,Did your aquaintance get quiet because they were judging you?,No,,https://drive.google.com/file/d/1PEUKUXMS1lyIs1M8OykJgDxAj2U0uhUM/view?usp=sharing,all,3
,2,Positive,Social Situations,,,Taking Charge,"During your department meeting over Zoom, you're placed into breakout rooms. When you start the discussion, your camera is on but everyone else leaves their cameras off and their mics muted. You think that the others will think that you are ready.",,Are the others in the meeting judging you?,No,,https://drive.google.com/file/d/1ZxZ_841mwj2NoY_cCWf9GHGmHmnONE6A/view?usp=sharing,all,1
,3,Positive,Social Situations,Physical Health,,Dancing class,"You are taking a dancing class and, during a break, find yourself talking to a newcomer about your job. As you chat, you notice that you are sweating. They probably assume this is a result of dancing.",N/A,Did the person you met at dance class think you were anxious?,No,,https://drive.google.com/file/d/1yVXzFBXX6-Tsb9FVPimCrE8TubjyVWUU/view?usp=sharing,all,3
,4,Resilience/Negation,Social Situations,Academics/Work/Career Development,,Assessments at School,You are currently have a lot going on with work. Your friend who you have not seen in a while has asked you to hang out the night before a deadline. You know that you need to do prioritize your work but worry that your friend will be upset for not making time for them. ,You realize that you will have greater flexibility in the next few weeks to see your friend and that they will understand that you need to work.,Will your friend be mad at you for not seeing them?,No,,https://drive.google.com/file/d/1l7EYIU9EAQNPZ729hAe8kKcigikut6sh/view?usp=sharing,all,2
,5,Positive,Social Situations,,,On a jog,"You are outside jogging and see a group of people ahead of you. As you pass them, you stumble slightly and feel a little foolish. You hear them laugh as you pass by, and assume that they are laughing at jokes.",N/A,The group of runners was probably laughing because ...,Someone told a funny joke.,They saw you stumble.,https://drive.google.com/file/d/1btP0ByonbcpU8OlzF6uesqxs04pCNP6H/view?usp=sharing,all,2
,6,Positive,Social Situations,,,Collecting an old friend,"You arrange to meet up with a friend you have not seen for many years. You drive to the train station to pick them up. When you arrive, you know they will find spending time with you fun.",N/A,Do you think your friend will have a good time with you?,Yes,,https://drive.google.com/file/d/1IiQh9VjcPADWHw-EUkf-WjJmJgtCUIl6/view?usp=sharing,all,2
,7,Positive,Social Situations,Academics/Work/Career Development,,Stuttering in office ,"You are having a conversation with your supervisor in their office. You notice that you are stuttering over your words a bit more than you normally do. As the conversation continues, you decide this is okay.",N/A,Are you embarrassed due to stuttering over your words?,No,,https://drive.google.com/file/d/1aUoa1C9eagfLdwz6V8WTzXzAjHHYPXaJ/view?usp=sharing,all,3
,8,Positive,Social Situations,Physical Health,,Late Communication,"Your friend invites you to a dinner party and after you leave, they casually mention that one of the people there had been exposed and was waiting on a test result. You can’t believe your friend wouldn’t tell you this before they took you to the party. You decide to talk to your friend about it and you both decide to isolate until the test comes back and communicate better about risky situations.",N/A,Did your friend put you in a dangerous situation on purpose?,No,,https://drive.google.com/file/d/1bUgYhh6J97bHW_fCGBklhFK19Hg6E412/view?usp=sharing,all,3
,9,Negative,Social Situations,,,Tripping in Public,"You're called to stand up and introduce yourself to a new team member at your department's meeting. You stumble as you get up from your chair. When you think about everyone seeing you stumble, you feel embarrassed.",N/A,Are you okay with people seeing you stumble?,No,,https://drive.google.com/file/d/11-uMVO6c3eldXkQ4PgY3t0lVEBXj_ULF/view?usp=sharing,all,1
,10,Resilience/Negation,Social Situations,Academics/Work/Career Development,,Mistake on a task,"You are new to a job, and your boss asks you to do a task. You finish it before the deadline and your boss immediately points out that you made a mistake. Your boss probably thinks you are a failure.","In the end, you realize that your boss is prompt in giving you feedback because they are investing in you, and interested in seeing you progress.",Does your boss believe that your work holds promise?,Yes,,https://drive.google.com/file/d/1tC0cMmiULCKntvdx723RkckKVjWOaipd/view?usp=sharing,all,2
9,1,Positive,Social Situations,,,Social Media Scores,"You recently downloaded a social media app, and when you look at your score compared to other people you know, you notice that yours is really low. If anyone sees your score, they will know that you don't use the app as much as them. This makes you feel unbothered.",N/A,Do you care that people know you don't use this app very much?,No,,https://drive.google.com/file/d/16Mn418BJmgaCo2BI0gZ-yjV4YknV-Me0/view?usp=sharing,all,1
,2,Positive,Social Situations,Academics/Work/Career Development,,Leaning on your Peers,"You get your evaluation back today and your results are lower than you expected. Your peers are talking about their results and they are more positive than yours. If you tell your peers about your evalutation results, they will be understanding.",,Will your peers judge you for getting more negative evalutation results than them?,No,,https://drive.google.com/file/d/1ruzqRzoiX02FLhAnwN6oJ70yaCOV9usy/view?usp=sharing,all,2
,3,Positive,Social Situations,,,New outfit,You arrive at a party in a new outfit. Everyone turns to look at you as you walk in. You decide that they must think that you look stylish.,N/A,Did everyone at the party like your new outfit?,Yes,,https://drive.google.com/file/d/1_hrtZAUE_T1qvBetL3T-XeNx8JUHxnnC/view?usp=sharing,all,3
,4,Negative,Social Situations,,,Close Friend's Birthday,Tomorrow is a close friend's birthday. You forgot to get them a gift and don't have much time to shop for something good. You pick up something mediocre from a nearby store and you think they will be upset.,,"You imagine that when you show up at your friend's birthday, they will think","""This is almost worse than no gift at all.""","""Aw. It was really nice of my friend to bring me a gift.""",https://drive.google.com/file/d/16h_-lULKttrNQ6et7wAaHuwzwzv0K8cp/view?usp=sharing,all,2
,5,Positive,Social Situations,,,A different haircut,"While at the hairdresser's, you opt for a completely different haircut. When you see your friend afterwards, they gasp. Their gasp probably means that they think the new style makes you look great.",N/A,Does your friend like your new haircut?,Yes,,https://drive.google.com/file/d/1nxCfWyJ_lSYhZLviVa67EuNv-JzlUoEO/view?usp=sharing,all,2
,6,Positive,Social Situations,Physical Health,,Exposure Guilt,"After noticing your throat hurting a bit, you decide to go get tested for COVID. Your partner barely goes out in order to keep themself safe, and you think they'll be mad at you for a possible exposure. You hope that they'll forgive you easily, because getting COVID isn't fully in your control. ",N/A,Do you think your partner will stay mad at you?,No,,https://drive.google.com/file/d/1WEqvc9WSFDoDYwVa62__MH0J2brW9P5D/view?usp=sharing,all,3
,7,Resilience/Negation,Social Situations,,,Quiet Time,"One afternoon you are hanging out with a friend, and you notice that the conversation has died down. Neither of you says anything for a while, and your friend can sense that you feel uncomfortable.","That evening, you realize that it is completely normal to have silent breaks during conversations. You believe that your friend thinks it was better to stay silent than to make up things to say, and was probably glad.",Does your friend think you are okay with silence?,Yes,,https://drive.google.com/file/d/1uPswEtGbVoTygCiTFVT2mLvmuTMOUQ8A/view?usp=sharing,all,1
,8,Positive,Social Situations,,,Meeting an old acquaintance,"An old acquaintance just moved to Charlottesville and asks you out to coffee. You are nervous about seeing them again after many years and could easily tell them that you are too busy. You are at home when they call about meeting, and you decide to answer.",N/A,Do you take your acquaintance’s call to meet for coffee?,Yes,,https://drive.google.com/file/d/1pyQstjJZOoKDUECn8lpjVkVEJglsI_E8/view?usp=sharing,all,3
,9,Resilience/Negation,Social Situations,,,The Dance Showcase,"You have been taking a dance class at the local community center, and the time has come for your end of class showcase. You want to invite your friends and family to the showcase, but you worry you'll embarrass yourself if you are not very good.","While deciding whether or not to invite people to your show, you think won't have a bad performance, and you see yourself doing fine.",Do you think you'll do poorly at your dance showcase?,No,Yes,https://drive.google.com/file/d/1i0Fyi1U2KcNHbvvvDIlINUkFHD4jNSh-/view?usp=sharing,all,3
,10,Positive,Social Situations,,,Fear of Missing Out,"When you get to work, you overhear some colleagues talking about the fun night they had out together last night. You don't remember being invited to hangout with them. You think about missing out on the fun, and think that you weren't invited because you are busy.",N/A,Did they exclude you because they don't like you?,No,,https://drive.google.com/file/d/1FT6P2q_cktpRqA58pw5JI58tA9R0P3BS/view?usp=sharing,all,1
10,1,Write Your Own,Social Situations,,,Write Your Own,,,,,,,write your own,45
11,1,Write Your Own,Social Situations,,,Write Your Own,,,,,,,write your own,45
12,1,Write Your Own,Social Situations,,,Write Your Own,,,,,,,write your own,45
13,1,Positive,Social Situations,,,Friend Neglecting Chores,"A friend is staying over at your house for a bit and you realize they often ignore their chores. One day, you come home to see and pile of their dirty dishes in the sink while they have already left to go out. You decide to call them and settle this issue.",N/A,Should you ignore this problem?,No,,https://drive.google.com/file/d/1se82yTl2XkZXiHxyTBVHQ5lEx33YqpxM/view?usp=sharing,1,1
,2,Positive,Social Situations,Academics/Work/Career Development,,Giving a Presentation,"You have a lot of work to do for your job's evaluation. One of your most important tasks is to make a well-prepared, lengthy presentation to your coworkers. As you imagine yourself giving your presentation, you feel excited.",N/A,Are you looking forward to giving your presentation to your coworkers? ,Yes,,https://drive.google.com/file/d/1_2rE9XRzKQTqhk0TQjBqftLX-RvYtkqL/view?usp=sharing,1,3
,3,Resilience/Negation,Social Situations,,,Waiting For A Response,"You are at home and it's the first weekend you've had free time in a while. After texting a friend to make plans several hours ago, you notice that they still haven't responded. You see that they have been active on their social media accounts, and wonder if they're ignoring you or don't want to spend time with you.","After thinking about it, you recognize that your friend is a busy person, and that people miss notifications all the time. You bump your message, and find that your friend had forgotten to respond, but is very eager to make plans with you.",Does not receiving a prompt response mean that your friend doesn't like you?,No,,https://drive.google.com/file/d/1WuPmRt-VoQfR_ZkT1nzIhMKeljNVUJMz/view?usp=sharing,1,1
,4,Positive,Social Situations,,,Bumping into someone,"On your way out from work, you stop in the restroom. As you leave the bathroom stall, your coworker passes you and gives you a funny look. Your coworker is probably distracted.",N/A,Is your coworker negatively judging you as you leave the restroom?,No,,https://drive.google.com/file/d/12a320KFU49Q22OyTOvACDVixcRer1v4H/view?usp=sharing,1,2
,5,Resilience/Negation,Social Situations,,,Different Music Tastes,"You are in the car with your mother-in-law and you put on the radio. As you discuss which station to listen to, you realize that you and your mother-in-law have musical tastes that are wildly clashing.","After having a discussion about the pros and cons of different music styles, you realize that she probably does not mind that your tastes clash and simply sees you as knowledgeable.",Does your mother-in-law think you know nothing about music?,No,,https://drive.google.com/file/d/1EIJHJqxTwq3QNeS2pfh80hovd4qwlmcq/view?usp=sharing,1,1
,6,Negative,Social Situations,,,The Soccer Tournament,"After being inactive for a few years, you recently joined a recreational soccer league. There is a tournament at the end of the season. You believe that you will contribute to your team's failure.",,"At the end of the game, your teammates are likely to be thinking","""You blew it!""","""You played great today!""",https://drive.google.com/file/d/1PQ_kdmKXsfTKUUEZbyfP4dhmzJiKXw8g/view?usp=sharing,1,3
,7,Positive,Social Situations,Academics/Work/Career Development,,The Meeting,You are walking to an important meeting with your supervisor. Suddenly your mind goes blank as you reach for the doorknob to her office. You think about your mind going blank and think that this is normal.,N/A,Is it scary that your mind went blank right before your meeting?,No,,https://drive.google.com/file/d/1v_4FGXs96Yggu3t319aUfGuvOfo--Ji7/view?usp=sharing,1,3
,8,Positive,Social Situations,,,Sharing Social Media with New Friend,"You meet a new coworker and they ask you for your email so they can reach out to make plans. When you tell them you rarely get emails, they grow quiet. They must think that you are different, and that's alright.",,Is it okay that your coworker thinks you're different?,Yes,,https://drive.google.com/file/d/14E87lNQCbYQYaw2WEZUgqpLVllxzh0qo/view?usp=sharing,1,1
,9,Positive ,Social Situations,,,Friendships in the Future,"When you think about your retirement, you wonder which friends will still be a part of your life. You hope to keep in touch with your closest friends but know that it will be difficult. When you imagine yourself transitioning to retirement, you see you and your close friends having stayed close.",,You think that staying close to your current friends,Will be something that brings you happiness for years to come.,Is almost impossible in the long run.,https://drive.google.com/file/d/1eXwD9o73h1m91y7aWEv3Bl50xvzzUvu-/view?usp=sharing,1,3
,10,Positive,Social Situations,Mental Health,,Time to Yourself,"Your favorite part of the day is winding down to eat dinner. When you start making dinner, you realize that you've been eating alone a lot recently, and you feel sad. You decide you are okay with this fact, as it gives you time to reflect on your day.",,Are you okay with eating dinner alone?,Yes,,https://drive.google.com/file/d/18ON-daCCgtQApC9SVxzPUIsZEHK2kZJK/view?usp=sharing,1,3
14,1,Positive,Social Situations,,,Missed Connection,You are sitting at a coffee shop when you see your friend. They walk past you and sit down next to someone else. They must have been distracted.,N/A,Is your friend upset with you?,No,,https://drive.google.com/file/d/1W-3y9MBzBjx8H95X6f2oIWBLj-DtqM3n/view?usp=sharing,1,2
,2,Resilience/Negation,Social Situations,Family & Home Life,,Your Family's Car,"Your family shares one older car that has a big dent in the front. Today you are driving it to work. When you think about your colleagues seeing your car, you feel nervous.","As you're getting out of the car in front of the school, you see a few of your colleagues. They smile and wave at you, and you feel relieved.",Do your colleagues judge your car? ,No,,https://drive.google.com/file/d/1jkOOfJWbCDVRymQ01TrUAX4_GRkDLWoN/view?usp=sharing,1,3
,3,Positive,Social Situations,Academics/Work/Career Development,,Important Presentation ,"You have been asked to give a presentation about some of your latest projects at a major conference. This is a great opportunity to highlight the good work you have been doing, but you feel nervous talking in front of such a big group of your peers. As you think about how the people at the conference will react to your presentation, you believe they will think you looked confident. ",,"At the conference, people will probably think",You do a good job explaining your recent work.,You look uncomfortable giving your presentation.,https://drive.google.com/file/d/1mDkkEgN6DM4uUXlBqKzoV3AT0Fc6OUwv/view?usp=sharing,1,3
,4,Positive,Social Situations,,,The Soccer Game,"You are on your way home after a recreational soccer game that you played in. As your mind wanders, you think about the one goal that you missed. Overall, you consider your performance a success.",N/A,"Reflecting on the soccer game, do you think you played well? ",Yes,,https://drive.google.com/file/d/1wDb4XmW_yBIpT0LS0HM1Nf2eSspveQIp/view?usp=sharing,1,1
,5,Negative,Social Situations,,,Your Closest Friend,"You and your best friend have known each other since undergrad. You now work in different fields and have different interests, and you worry that you won't understand each other as you get older. When you think about upcoming major life events, you expect your best friend to be unsupportive.",,"Years from now, you expect you and your friend",Will have grown apart and not really understand one another.,Will have stayed close even though you have developed some different interests.,https://drive.google.com/file/d/1j-GXdH0RVew2yK6cL-6R3AjG0Sq_ydWc/view?usp=sharing,1,3
,6,Positive,Social Situations,,,Vaccination Reassurance,"You are at an outdoor festival. There are a lot of people, and you aren't sure if everyone is vaccinated. You think about how you're protected from COVID-19 because you got vaccinated. ",N/A,Are you vaccinated?,Yes ,,https://drive.google.com/file/d/1Zc-4xffN0v0XdDSXW-x1NAACedZAqgXQ/view?usp=sharing,1,1
,7,Resilience/Negation,Social Situations,Academics/Work/Career Development,,Misunderstanding,You are in a meeting and reach to put your phone away as the new head of your department starts talking. He mistakes this for you texting during the meeting and calls you out in front of everyone. You go up to apologize afterwards and you can't read your head of deapartment's expression.,"After explaining what happened to the head of your department, he says he understands. You feel like you will still be able make a good impression.",Will your department head view you negatively because of this?,No,,https://drive.google.com/file/d/1zs5Zen5SreRnD91mUn6rtDWU2U5Icoe_/view?usp=sharing,1,2
,8,Positive,Social Situations,Mental Health,,Book Club,"You are trying to meet new people and you decide to join a book club. The book for the week is really interesting, but when you show up at the meeting people are asking questions about the book that seem more in depth than you can answer. You remember that you read the book too and have valuable thoughts just like everyone else.",N/A,Can you be involved in the book club discussion?,Yes,,https://drive.google.com/file/d/1A1f5i2QjKCaDwo5rm3VkBWBNRDlH60lC/view?usp=sharing,1,3
,9,Positive,Social Situations,,,No Response,"You sent an email to your boss a few hours ago. You check to see if they have responded yet, but they haven't. You think about how your boss doesn't check their email often and you feel better.",N/A,Is it okay that your boss still hasn't answered your email yet?,Yes,,https://drive.google.com/file/d/1qWNftiUjp_6PFO-bW7sN6OLGfcD-I8OY/view?usp=sharing,1,1
,10,Positive,Social Situations,,,Going out in day clothes,"One evening, your coworkers decide to go out to eat and ask you to join them. You accept, but will have to wear your work clothes. When you arrive, the other diners turn to look at you. You think this is because they think you look stylish.",N/A,Do you think that other diners think you are dressed inappropriately?,No,,https://drive.google.com/file/d/1Dy28jSdmZo4fX1XDHXxVQVxNVpf54tdw/view?usp=sharing,1,1
15,1,Positive,Social Situations,,,The Dance Showcase,"You have been taking a dance class at the local community center, and the time has come for your end of class showcase. You want to invite your friends and family to the showcase, but you worry you'll embarrass yourself if you are not very good. While deciding whether or not to invite people to your show, you see yourself doing well.",,"Based on how you see yourself performing, inviting your friends and family is probably",A good idea.,A bad idea.,https://drive.google.com/file/d/1i0Fyi1U2KcNHbvvvDIlINUkFHD4jNSh-/view?usp=sharing,1,3
,2,Positive,Social Situations,,,A different style,"You buy a new suit, which is very different from your usual style of clothes. You try it on to show your friend. When they see you, they pause. They then comment that it makes you look nice.",N/A,Did your friend think your new suit looked foolish?,No,,https://drive.google.com/file/d/1bi2kmjYCh6-ORzrj20fXYjuM_hXG5ZH6/view?usp=sharing,1,1
,3,Negative,Social Situations,,,Theater group thoughts,"You are on the committee for a local community theater, which is planning a new productions. At the first meeting, the director asks you for ideas about which play to perform. Everybody pauses after you say your ideas, and you think the others find your thoughts boring. ",N/A,Everyone probably believes ...,You have terrible ideas.,You have innovative ideas.,https://drive.google.com/file/d/1LReBi4l_MLl7STd2g4biqxzTxAx9bA4a/view?usp=sharing,1,2
,4,Positive,Social Situations,,,Not Getting an Invite,"Your friend is having a get together tonight. You weren't invited, but most of your other friends were. When you think about it, you realize it's because you are busy.",N/A,Were you not invited because you were busy?,Yes,,https://drive.google.com/file/d/1KbeTT5hK7TLxBUVg38Kcs6Sq1jNtXzD5/view?usp=sharing,1,1
,5,Positive,Social Situations,,,Bumping into someone,"On your way out from work, you stop in the restroom. As you leave the bathroom stall, your coworker passes you and gives you a funny look. Your coworker is probably distracted.",N/A,Is your coworker negatively judging you as you leave the restroom?,No,,https://drive.google.com/file/d/12a320KFU49Q22OyTOvACDVixcRer1v4H/view?usp=sharing,1,2
,6,Resilience/Negation,Social Situations,,,Attention in store,"You are in a store and accidentally knock over a few picture frames in one of the aisles. You feel your cheeks become hot as people in the store turn and look at you. When the shop owner comes over to rearrange the picture frames, they are frowning.","After a few moments, the other shoppers turn away; they were just startled by the loud noise. The store owner kindly accepts your apology and tells you not to worry about the mess, so you then feel calm.",The other shoppers probably think you are ...,Considerate for apologizing.,Awkward and uncoordinated.,https://drive.google.com/file/d/1bNjz8xEGK6sK4_mFB7n0BzUStvi02qzP/view?usp=sharing,1,1
,7,Resilience/Negation,Social Situations,,,Messy to Live With ,"Your partner hasn't been home much recently. However, when they do come home, they leave their garbage on the table, crumbs on the counter, and never lock the door on their way out. You think it's time to bring it up to them. ","When you bring it up, they explain that they've been extremely overwhelmed recently and it's been hard for them to keep up with things. You come to an agreement on how to keep the space clean.",Are you mad at your partner?,No,,https://drive.google.com/file/d/1JNelGvZOtNigBMeI28EU25cBpiRNps7Q/view?usp=sharing,1,1
,8,Positive,Social Situations,,,Sore Throat at Dinner,"You make plans to go out to dinner with a friend, but you aren't sure if they've been around a large group of people recently. When they arrive at dinner, they keep taking sips of water, explaining that their throat tickles. You figure it's probably from talking a lot at dinner. ",N/A,Do you think your friend's tingly throat is a sign of COVID?,No,,https://drive.google.com/file/d/1iUBlU7ly1x8P0g1Y7J45h4DQfcscVbxj/view?usp=sharing,1,2
,9,Positive,Social Situations,,,Wearing Something Old,"You get invited to an office party and you decide to wear a suit you got last year. You arrive and everyone else seems to have an outfit that is brand new. As you walk around, the host comes up to you and says you look nice.",N/A,Does the host of the party think you look bad?,No,,https://drive.google.com/file/d/17W0dNbQ648WWbCLDQ3kAkeR0bT1bWMyW/view?usp=sharing,1,2
,10,Positive,Social Situations,,,Making a Toast,"You are at a birthday party with some friends. Later in the evening, your friend asks you to give a toast even though you don't have anything prepared. Afterwards, you feel that the others found your toast entertaining.",N/A,Did your friends enjoy your toast?,Yes,,https://drive.google.com/file/d/1ZlGhKJn0gPeVaG-j9i5hygojegHpn_Y_/view?usp=sharing,1,1
16,1,Positive,Social Situations,Finances,,Issues While Shopping,"You're hosting a dinner at your place with some neighborhood friends. When you go grocery shopping for the event, the price was more than you anticipated, and you worry if you'll be able to get the desserts you had planned. You talk to your friends, and they say they'd be happy to bring desserts to help out.",N/A,Are your friends upset with you about dessert?,No,Yes,https://drive.google.com/file/d/1yjHqNbzbKqQNhc2pvv80eT_augCPxLNx/view?usp=sharing,2,3
,2,Positive,Social Situations,,,Dinner Plans,"A good friend of yours told you they'd meet you at your favorite restaurant for dinner one night. You text them that morning to ask what time to meet, but they haven't answered yet and its now early afternoon, and you're quite upset. You think they probably are just busy at work. ",,Did your friend forget about you?,No,,https://drive.google.com/file/d/1K7ORGQIqTYIzljlMvQhtWTqduHeVOJL5/view?usp=sharing,2,2
,3,Resilience/Negation,Social Situations,,,Meeting New Friends,"You get assigned to a new project where you do not know anyone else. On the first day of meeting, you put yourself out there to try to make new friends.","When you think about asking some colleagues if they want to grab drinks after work, you do not think you will be rejected, and you expect them to accept.",Do you think your new co-workers will agree to get drinks with you?,Yes,No,https://drive.google.com/file/d/1vmEFLzq1i5guQSpr0uE5nLlEbZHH1whv/view?usp=sharing,2,3
,4,Negative,Social Situations,,,The New City,"You have been living in a new city for a few months, and have been having some trouble making new friends. You have been very busy since your move, but you know it is important to establish good relationships here in your new home. As you think about life in your new city, you believe that you will be alone.",,You expect your initial difficulty making friends will,Continue as long as you live in this city.,"Eventually pass, and you will meet people you enjoy hanging out with.",https://drive.google.com/file/d/1vmg4TsmrtbYfXhY-wPcqKCSfD3CWS8Kl/view?usp=sharing,2,3
,5,Positive,Social Situations,,,A personal question,"You are sitting on the couch and watching television with a friend. Your friend asks you a personal question. You answer honestly, and you think your friend probably judges you to be open.",N/A,Does your friend have a more negative opinion of you after you share personal information?,No,,https://drive.google.com/file/d/1-z3J-aAsUl9AyUVITEDWCFy0J_WDtUQG/view?usp=sharing,2,1
,6,Positive,Social Situations,,,Hanging Out with Friends,You are hanging out with some friends. One of them invites another one to come over to their house on a different day without you. You think about it and realize you feel alright.,N/A,"Are you upset that you weren't invited, too?",No,,https://drive.google.com/file/d/1fiU4LXhMtwbHsk-TL8j4fPXdxTFpO-rz/view?usp=sharing,2,1
,7,Resilience/Negation,Social Situations,Academics/Work/Career Development,,Mind Going Blank,Your boss calls on you to answer a question about the plans you just discussed. You don't know what to say. Your mind goes blank.,"You give yourself a moment to collect your thoughts and then answer the question. When you think about the answer you gave, you feel good.",Are you able to answer the question?,Yes,,https://drive.google.com/file/d/1peJsSeWbW75_7SXUaFUQcsUBkEkp3q7I/view?usp=sharing,2,3
,8,Positive,Social Situations,,,A different perspective,"You are out to dinner with a few friends. During the meal, one friend says something that you really disagree with. As you voice your opinion, your friends become quiet because they are impressed.",N/A,Are your friends annoyed by your point of view?,No,,https://drive.google.com/file/d/1EGN7Oh0nTqJYmrV8vRFSe_aLVr8zrbgx/view?usp=sharing,2,1
,9,Positive,Social Situations,Family & Home Life,,Attending a dinner,"Your partner asks you to go to a dinner with their new friends. You have not met these people before and wonder what they will think of you. Getting ready to go, you think that the new people will find you interesting.",N/A,Will you be disliked by your new acquaintances? ,No,,https://drive.google.com/file/d/1RMWKinAHjtpGA8EDTjoC6H1qWZ9tnyh1/view?usp=sharing,2,3
,10,Positive,Social Situations,Academics/Work/Career Development,,Letting Others See Your Work,"A friend suggests that you join a creative writing organization. He tells you that members of the organization will read and critique your writing. As you listen to your friend, the thought of other people looking at your writing makes you feel enthusiastic.",,Do you expect to feel uncomfortable if others look at your work?,No,,https://drive.google.com/file/d/1_v0XVyjgJOJpCTokQcFjgQ8I8d4-jNxu/view?usp=sharing,2,2
17,1,Resilience/Negation,Social Situations,,,Controversial news story,"You are having a conversation with a coworker about a recent controversial story in the news. You voice your opinion on the matter, and your coworker looks surprised and strongly disagrees.","At the end of the conversation, you realize that although the discussion was heated, your coworker probably thinks that you both have strong convictions. You have earned your coworker's respect.","The next time you meet, your coworker will most likely ...",Start up a conversation.,Avoid speaking with you. ,https://drive.google.com/file/d/1WhBEvVG2zKE6RE_RLPbh8jfuPj-DLb3e/view?usp=sharing,2,1
,2,Positive,Social Situations,,,Taking a Chance,"A speaker you really admire is coming to give a talk in your department. You want to ask them a question after their presentation, but you don't want to embarrass yourself in front of them. As you think about talking with them, you feel excited. ",N/A,Are you anxious about talking to the speaker?,No,,https://drive.google.com/file/d/1eeWWueF2uNIcda6eMxEzMmmmtLVhxaH8/view?usp=sharing,2,1
,3,Positive,Social Situations,,,Social Media Feedback ,"You sent a text to a good friend a couple hours ago. A day goes by, and they still have not replied. You think about how your friend doesn't use their phone often and you feel better.",,Is it okay that your friend hasn't responded yet?,Yes,,https://drive.google.com/file/d/1qWNftiUjp_6PFO-bW7sN6OLGfcD-I8OY/view?usp=sharing,2,1
,4,Resilience/Negation,Social Situations,,,Taking a call,"You work in a large office with your supervisors. One morning you have to call your father and discuss an important matter. Everyone else is working quietly, and several colleagues look up and seem annoyed.","After you hang up, you realize that although everyone could hear your conversation, it was a short call and you were being as quiet as possible. You believe that your coworkers probably think calling your father from work means you are caring.",Were others judging you negatively because you called your father from work?,No,,https://drive.google.com/file/d/1Lp034Cj9l7De83NlAPpj8-5fMxqPrb8C/view?usp=sharing,2,1
,5,Positive,Social Situations,,,Dinner party invitation,"A friend invites you to a dinner party that they are holding. They tell you who the other guests are, but you do not recognize any of the other names. You go anyway, and on the way there, you think that the other guests will find you friendly.",N/A,Will you be well liked at the party?,Yes,,https://drive.google.com/file/d/1s0lSdcl9afdDlvTXYzKPm_70WTjqmo3Z/view?usp=sharing,2,1
,6,Positive,Social Situations,Academics/Work/Career Development,,Writing Notes,"During a meeting your boss calls on you to write a few notes on the board. As you write down what they say, you hope you are not mispelling any words. Everyone watching you probably thinks you are doing great. ",N/A,Do your coworkers judge you negatively while you write on the board?,No,,https://drive.google.com/file/d/1ZGds5rpjl0oMQ7bK9zYR2oVUgY4X4Lql/view?usp=sharing,2,3
,7,Negative,Social Situations,Mental Health,,Social Media Comments,"You decide to email your department promoting something important to you. Someone responds rudely because they misinterpreted what you wrote. You wonder what this person thinks about you, and feel worried.",,Are you anxious about what the person thinks about you? ,Yes,,https://drive.google.com/file/d/1azOE2eRIrdOPl9AdAR61tTkqUFdsq0zB/view?usp=sharing,2,3
,8,Positive,Social Situations,,,Differing opinion,"You meet someone new at a local organization and have a stimulating discussion. Towards the end you find that they disagree with something that you said. When the organization meets next, you expect that you will be included.",N/A,"Upon meeting again, you think that ...",Other members will be excited to hear your valuable contributions.,Other members will exclude you because of your opinions.,https://drive.google.com/file/d/13jEwppiT8qS5mOqlYMd5R6Jvm04tUxpq/view?usp=sharing,2,1
,9,Positive,Social Situations,Physical Health,,Too Much Attention,"It's your birthday and when it's time for the cake, people gather around you and start singing. You feel your heart start to beat more quickly and your armpits starting to sweat. Your friends and family will not notice.",N/A,Do your friends and family notice how anxious you feel?,No,,https://drive.google.com/file/d/1m8Y-P-lBw6IkILN6LVQ2sO9xx9D8qSBD/view?usp=sharing,2,3
,10,Positive,Social Situations,Academics/Work/Career Development,,Borrowing from a Friend,"You borrowed your co-worker's charger today. When you get home, you notice that the charger is still in your bag. You think that your co-worker will understand.",N/A,Will your co-worker think that you took their charger on purpose?,No,,https://drive.google.com/file/d/1kxajUeAIo1kGPWTGuY4l9K2eCVfHTfWZ/view?usp=sharing,2,2
18,1,Positive,Social Situations,Physical Health,,Out on a boat,"You spend the day on a boat with your friends. When you get off the boat, your legs feel strange and you have trouble walking. This sensation is amusing.",N/A,The feeling in your legs is probably ...,Temporary and nothing you should be worried about.,Something you should be worried about.,https://drive.google.com/file/d/1NC-kP-pSY9wJdrgbZnKbNcCzbSV962qB/view?usp=sharing,2,3
,2,Resilience/Negation,Social Situations,,,Seeing Others Hanging Out,You see from social media stories that a group of your colleagues are hanging out together. You weren't invited and it looks like they're having a great time. Your colleagues probably didn't invite you because they forgot.,You are sad that you weren't invited to hang out with your colleagues. Your response to this situation is normal.,Did your colleagues exclude you on purpose?,No,,https://drive.google.com/file/d/1Rtk2PuVwS-VsNcuMIgiqosi_r-cXJ7HJ/view?usp=sharing,2,1
,3,Positive,Social Situations,,,A child's request,"You are looking after a friend's child. The child asks to go to a park in a different neighborhood. In your opinion, an ordinary outing like this is safe.",N/A,Is going to a park in a different neighborhood dangerous?,No,,https://drive.google.com/file/d/1tX2agdycBIu3O0qdoVYjKYA_m3wzz7yi/view?usp=sharing,2,2
,4,Negative,Social Situations,Physical Health,,Masks for Guests,"Your partner invites a few friends over for the evening, and you both agreed that everyone would wear masks. When their friends arrive, they don't have masks and your partner doesn't say anything to them. You pull your partner aside and ask them to speak to their friends. ",N/A,Do you feel comfortable talking to your partner?,Yes,,https://drive.google.com/file/d/1VlSJxjX6YZt0epDm0HUx0I8HU-2SSjKk/view?usp=sharing,2,3
,5,Positive,Social Situations,Academics/Work/Career Development,,Not Invited to Dinner,"You just started at a new job and you work with lots of new people. You hear a few of them laughing together and talking about going out to dinner and you wait for them to invite you, eager to make friends, but they don't. As you think about your future with this group, you feel okay.",N/A,Is it too late to befriend your new coworkers?,No,,https://drive.google.com/file/d/1nVCrQvzsMF5KCRUZMiYr0rakkwQqslrO/view?usp=sharing,2,3
,6,Positive,Social Situations,,,Receiving Explicit Social Media Messages,"You have a lot of unread emails. When you check your inbox today, you notice an explicit message from an email address you don't know. You decide to block the sender and feel more relaxed.",,Do you get anxious about the email you received?,No,,https://drive.google.com/file/d/1KHcNfS-rLgCp7he0M7v9PyUWv91bKKlq/view?usp=sharing,2,2
,7,Resilience/Negation,Social Situations,,,Friend Troubles,"Your friend is having a get together tonight. You weren't invited, but most of your other friends were. When you think about it, this makes you feel excluded.",You realize you told your friends you had a lot of other things you needed to do tonight. This makes you feel relieved.,Were you not invited because you were busy?,Yes,,https://drive.google.com/file/d/1wpVK9cNa6EqqGi4Arps8be0GLRJOn4LZ/view?usp=sharing,2,1
,8,Positive,Social Situations,,,Turning Down a Drink,"You're out with some friends and they are talking about ordering drinks at the bar. They ask if you want a drink, but you don't feel like drinking tonight. If you tell them the truth they will think that you are honest.",N/A,Are your friends judging you for not drinking?,No,,https://drive.google.com/file/d/1b59wrb9HS-snxNHTc5BoAcGwAL1lB0Rz/view?usp=sharing,2,2
,9,Positive,Social Situations,,,Close Friend's Birthday,Tomorrow is a close friend's birthday. You forgot to get them a gift and don't have much time to shop for something good. You pick up something mediocre from a nearby store and you think they will be appreciative,,You think that your friend is likely to think your gift is,A nice gesture on their birthday.,Not good enough.,https://drive.google.com/file/d/16h_-lULKttrNQ6et7wAaHuwzwzv0K8cp/view?usp=sharing,2,2
,10,Positive,Social Situations,,,A welcome greeting,"It's the weekend and you are in town. You see a friend you haven't seen in ages. Your friend gives you a big hug, and you feel smothered. This feeling is nice.",N/A,"While hugging your friend, you feel ...",Missed and loved.,Like you can't catch your breath.,https://drive.google.com/file/d/1aYVo11BbHjCNVlQCgjgs7aqhzmTaikXj/view?usp=sharing,2,1
19,1,Resilience/Negation,Social Situations,,,Not Feeling Supported,"You just received an award for a project you worked on. You’ve only received congratulations from a few people, and by now you thought you’d have more reactions. You wonder if people aren’t congratulating you because they don’t think you deserve it.","You remember why you worked on the project in the first place. After you think about it, you appreciate how hard you worked and you feel better.",Do you feel worried about what other people think?,No,,https://drive.google.com/file/d/1mDkkEgN6DM4uUXlBqKzoV3AT0Fc6OUwv/view?usp=sharing,all,1
,2,Positive,Social Situations,,,A big laugh,"At a dinner party, your friend tells a funny joke. You laugh so much that it feels like you can't get enough air. This experience is enjoyable. ",N/A,Is it fun to laugh really hard?,Yes,,https://drive.google.com/file/d/1ROKk7mE-G6EUNhfR7a4vAXrr6UQFpbXw/view?usp=sharing,all,1
,3,Positive,Social Situations,,,Loud friend,"You are out shopping with a friend who tends to be very loud. When you both enter an electronics store, other shoppers stop and look at you and your friend. The experience is tolerable.",N/A,Is it okay for people to look at you and your friend while out shopping?,Yes,,https://drive.google.com/file/d/1lCd-SCfT9816X9flrqFPlQGnbH_QEmac/view?usp=sharing,all,1
,4,Resilience/Negation,Social Situations,,,A heated discussion,"You invite work colleagues to your house for a dinner party, although you know they don't always get along. At dinner, the discussion gets very loud and argumentative.","As you are clearing up afterwards, you realize that despite it being heated, the debate between your guests was respectful and refreshing. They probably found the party entertaining.",Your guests probably thought the dinner party was ...,A success and a good idea. ,A failure and a bad idea.,https://drive.google.com/file/d/1DEZz52RsghdgI_jZTMn-mx0br1fwpFru/view?usp=sharing,all,2
,5,Positive,Social Situations,,,Inside Jokes ,You post a short video. Your friend comments something really embarassing. Your followers will think that you and your friend are close.,N/A,Do others judge you for your friend's comment on your post?,No,,https://drive.google.com/file/d/1828HR7oyHuDJpNFSn5JmLlYAZ24vA7x7/view?usp=sharing,all,1
,6,Positive,Social Situations,Physical Health,,Safe Delivery,"One of your close friends tests positive for COVID, and they ask you to deliver them groceries. You don't want to get exposed by being close to their home, but you also want to be helpful. You find a way to safely deliver the food from afar.",,Are you able to help your friend?,Yes,,https://drive.google.com/file/d/1c6ieeJOV0oWUI1mr-p9FOf9xvwkeVctA/view?usp=sharing,all,3
,7,Positive,Social Situations,,,Saturday Without Plans,"It's Saturday night and you are at home. You hear your neighbors having a party and laughing on the porch, and you feel sad since you don't have plans or friends to be with tonight. You remember that  there will be many other chances to see your friends and you feel happy to be relaxing at home.",N/A,Will all of your weekends be spent like this?,No,,https://drive.google.com/file/d/1mmOSGJ31nNLEVlpLFer3vLZ79Sz6CfU7/view?usp=sharing,all,1
,8,Negative,Social Situations,,,Playing the Piano,"While at a friend's house for a dinner party, your host mentions that you are a good piano player, and asks you to play something on the piano for the other guests. You know a few pieces you can play well, but you feel nervous playing on the spot without practice. Walking up to the piano, you think to yourself, these people are going to be disappointed. ",,"When you finish playing, you expect the other guests to",Be glad you're done.,Wish you would play more.,https://drive.google.com/file/d/1OEiiByo6EwwTJ47zU248adoofQ2X5ZIs/view?usp=sharing,all,3
,9,Positive,Social Situations,,,Alone at Lunch,"In between meetings, you have time to grab lunch at a cafe near your next meeting's location. When you walk in, you see that most people are sitting with a friend, but you don't have anybody to eat with. You decide that it's normal to eat alone and enjoy your meal.  ",N/A,Does eating alone make you upset?,No,,https://drive.google.com/file/d/19bu8gAX5fJudIIeey_0qKXwzZ-Lpgg8Q/view?usp=sharing,all,2
,10,Positive,Social Situations,,,Turning Down a Drink,"You're out with some friends and they are talking about ordering drinks at the bar. They ask if you want a drink, but you don't feel like drinking tonight. If you tell them the truth they will think that you are honest.",N/A,Are your friends judging you for not drinking?,No,,https://drive.google.com/file/d/1b59wrb9HS-snxNHTc5BoAcGwAL1lB0Rz/view?usp=sharing,all,2
20,1,Positive,Social Situations,Academics/Work/Career Development,,Contributing to a discussion,Your boss calls a meeting to discuss a new project that will involve most of the staff at your office. You are suddenly asked to contribute your ideas to the discussion. You quickly come up with some ideas on the spot and think that your colleagues will find your ideas to be exciting.,N/A,The people in your office will probably ...,Support your ideas.,Dislike your ideas. ,https://drive.google.com/file/d/1JLyALw0FAi4CqbIXE3sRzXwYRToDyEgw/view?usp=sharing,all,3
,2,Positive,Social Situations,Mental Health,,Party with Friends,You're at a party with some friends and some of them are doing things you're uncomfortable with. You decide not to participate. Your friends think that you are normal.,N/A,Do your friends think you're uncool for not participating?,No,,https://drive.google.com/file/d/1ooVd4XP2M8uvAgD3jqy3SN9TjXcZXBCO/view?usp=sharing,all,3
,3,Positive,Social Situations,Family & Home Life,,Dinner Conversation,"You are at your friend's house for dinner and they ask you about your parents. You're not sure how to answer because your parents are divorced, and you haven't seen your mother for a long time. You think about what you'll say, and feel confident.",,Are you able to talk about your divorced parents?,Yes,,https://drive.google.com/file/d/18ON-daCCgtQApC9SVxzPUIsZEHK2kZJK/view?usp=sharing,all,3
,4,Negative,Social Situations,Family & Home Life,,Balancing Home Life and Friends,"Your partner runs a daycare out of your home, so it is always loud when you get home from work. Your colleague is coming over today to have coffee. You think about how your colleague is going to react to the noise, and you get worried.",,Are you calm about your colleague coming over this afternoon?,No,,https://drive.google.com/file/d/1ahnx3c5S7xhmW9qeHplPosctvWEMV4oh/view?usp=sharing,all,3
,5,Positive ,Social Situations,,,Your Closest Friend,"You and your best friend have known each other since undergrad. You now work in different fields and have different interests, and you worry that you won't understand each other as you get older. When you think about upcoming major life events, you expect your best friend to be supportive.",,When you think about upcoming events in your life,You expect your best friend will try to understand what you're going through.,You think your best friend will not empathize with your experiences.,https://drive.google.com/file/d/1j-GXdH0RVew2yK6cL-6R3AjG0Sq_ydWc/view?usp=sharing,all,3
,6,Resilience/Negation,Social Situations,,,Keeping Up With Friends ,"You have been very busy and are having trouble keeping in contact with one of your best friends. You are usually good about calling them, but your schedule has been very hectic. ","As you think about their reaction to this lull in contact, you do not worry about the strength of your friendship, and you think that your friend will be understanding.",Will your friend understand why you have been out of touch lately?,Yes ,No ,https://drive.google.com/file/d/1zs5Zen5SreRnD91mUn6rtDWU2U5Icoe_/view?usp=sharing,all,3
,7,Positive,Social Situations,Academics/Work/Career Development,,Participation,"You consider attending a hands-on workshop in which your opinion will be required often, even though you do not like talking infront of others. After attending the workshop, you realize that this decision was great. ",N/A,Are you happy you attended the workshop?,Yes,,https://drive.google.com/file/d/1Dh2em2eifFjm2KkfZDfxM2WuvxRCmMV7/view?usp=sharing,all,3
,8,Resilience/Negation,Social Situations,,,Meeting New People,"You started working at a new school this fall. Since classes are all online, you haven't been able to meet any of your colleagues in person. You have seen some of them hanging out and feel lonely.",You decide to take initiative and ask for their numbers. You feel hopeful,Can you make friends with your colleagues even though everything is online?,Yes,,https://drive.google.com/file/d/17rrY5glWx7HLnwQXqltgLjRQtnDJN7lu/view?usp=sharing,all,2
,9,Positive,Social Situations,,,Talking about TV,"You are talking with a group of friends about TV shows. When you share your opinion on an old TV show that you just discovered, no one responds. They are probably thinking about how interesting the plot sounds.",N/A,Do your friends judge you for what you said about the TV show? ,No,,https://drive.google.com/file/d/1opDxSogFwDYpEb5PGw4jTADE96Y2WtG7/view?usp=sharing,all,3
,10,Positive,Social Situations,,,Comedic Genius,"You're out to lunch with a group of your friends. You make a joke that you think is really funny, but no one really laughs. They were probably distracted.",,Did you say the wrong thing?,No,,https://drive.google.com/file/d/12Y4uqZNuPSg8HgswTCK3obdaz50gCnDn/view?usp=sharing,all,2
21,1,Positive,Social Situations,Mental Health,,Office Talk,"You are having a discussion with your boss in their office, which is a little anxiety-provoking for you. You think about ending the discussion early. After a brief pause, you decide to stay.",N/A,Are you able to continue the discussion with your boss?,Yes,,https://drive.google.com/file/d/1EVK1YWntA3eHXiFL5ok7Rw3ZBpkKE_D7/view?usp=sharing,all,3
,2,Positive,Social Situations,,,The Soccer Tournament,"After being inactive for a few years, you recently joined a recreational soccer league. There is a tournament at the end of the season. You believe that you will contribute to your team's victory.",,Your performance will likely,help your team win.,drag your team down.,https://drive.google.com/file/d/1PQ_kdmKXsfTKUUEZbyfP4dhmzJiKXw8g/view?usp=sharing,all,3
,3,Resilience/Negation,Social Situations,,,Honest Feedback,"You present an idea for an event for your department. When you ask people what they think, one colleague raises their hand and says that they hate the idea.","While your colleague didn't express themselves in the best way, you realize that everyone is entitled to their own opinion. You feel proud of putting yourself out there. ",Are you happy that you presented your idea?,Yes,,https://drive.google.com/file/d/1MNDJWhiyhDklhx41uB8UVxq9CTdhBPJd/view?usp=sharing,all,1
,4,Positive,Social Situations,,,Creative Confidence ,"You are invited to a Halloween party and will only know a couple of people there. You decide to wear a really elaborate costume. When you arrive, everyone looks at you and probably think that you are creative.",N/A,Are the people at the party negatively judging your costume?,No,,https://drive.google.com/file/d/16gkTECYcnvJgqAf4b7F6zKXjVETn1PHf/view?usp=sharing,all,2
,5,Positive,Social Situations,,,Using a Different Caption,"You are trying to think of a good joke to put in the next email you send out to your coworkers. You find a really funny one on a website after doing a quick search, but this is the first time you're ending your emails with a joke. Your coworkers will think that it's funny.",,Do your coworkers like your joke?,Yes,,https://drive.google.com/file/d/1azOE2eRIrdOPl9AdAR61tTkqUFdsq0zB/view?usp=sharing,all,2
,6,Negative,Social Situations,,,Funny Photos,You send an intentionally bad picture of yourself to your friend over text. They text back saying that they took a screenshot of your photo. Your friend probably thinks that you look awful.,,Does your friend think you look good?,No,,https://drive.google.com/file/d/1J0J4QXLGvuGwdAr6_obR3Til-vHIuVs2/view?usp=sharing,all,1
,7,Positive,Social Situations,,,Bus buddy,"After a long day of shopping, you get onto a bus with a lot of bags and notice that the only open seat is one that is facing another rider. As you sit down, the rider across from you doesn’t look at you. This is probably because they are lost in thought.",N/A,The rider across from you is probably ...,Distracted and unaware of their surroundings.,Thinking that you are an unfriendly person.,https://drive.google.com/file/d/1tuHpaMEnlH6wA-juuHtOHelz5PnulV7e/view?usp=sharing,all,1
,8,Positive,Social Situations,,,Talking with Advisor,"There's a personal question that you've been wanting to ask your boss for a while, but you haven't. You picture yourself asking when you meet next. As you think about the question, you feel ready.",,Are you looking forward to asking your boss a question?,Yes,,https://drive.google.com/file/d/14mVSNxKB88kHmK1Nd3S6M-2rUVzmmoxr/view?usp=sharing,all,2
,9,Resilience/Negation,Social Situations,,,Cohabitation Conflicts,"You and your significant other have been living together for a few months and some issues have started coming up. Your friend is visiting soon and when you ask your significant other if your friend can stay with you while they're in town, your significant other gets angry and starts to raise their voice. ","After talking about it, your significant other calms down and hears your side. The conversation ends up being productive, and you look forward to communicating with each other about issues more in the future.",The next time you and your significant other have a problem you will likely...,Talk it out and find common ground.,Get into a huge argument. ,https://drive.google.com/file/d/1MrPuOeWOe6yhwEGqHCJmj3SG5bnQbQww/view?usp=sharing,all,1
,10,Positive,Social Situations,,,Receiving Explicit Social Media Messages,"You have a lot of unread emails. When you check your inbox today, you notice an explicit message from an email address you don't know. You decide to block the sender and feel more relaxed.",,Do you get anxious about the email you received?,No,,https://drive.google.com/file/d/1KHcNfS-rLgCp7he0M7v9PyUWv91bKKlq/view?usp=sharing,all,2
22,1,Write Your Own,Social Situations,,,Write Your Own,,,,,,,write your own,45
23,1,Write Your Own,Social Situations,,,Write Your Own,,,,,,,write your own,45
24,1,Write Your Own,Social Situations,,,Write Your Own,,,,,,,write your own,45
25,1,Positive,Social Situations,,,Being Left Opened on Messages,"You can see that friend opened the photo you sent but didn't respond to you. You know that they're posting other things, so they're definitely on their phone. Your friend probably didn't respond because they forgot",,Is your friend ignoring you on purpose?,No,,https://drive.google.com/file/d/16Mn418BJmgaCo2BI0gZ-yjV4YknV-Me0/view?usp=sharing,1,2
,2,Positive,Social Situations,Academics/Work/Career Development,,Nerve-wracking presentation,"You have to give a presentation to your boss. As you think about the talk, you feel butterflies in your stomach. On the morning of the talk, you feel nervous, and you think your nerves will be manageable.",N/A,Are you able to tolerate your anxiety?,Yes,,https://drive.google.com/file/d/16jiyG_dY7BTG2s8QjNuSQJn_RwkLlqXH/view?usp=sharing,1,3
,3,Negative ,Social Situations,,,Friendships in the Future,"When you think about your retirement, you wonder which friends will still be a part of your life. You hope to keep in touch with your closest friends but know that it will be difficult. When you imagine yourself transitioning to retirement, you see you and your close friends apart.",,"When you think about your retirement, your friends",Eventually fade out of the picture.,Stay an important part of your life.,https://drive.google.com/file/d/1eXwD9o73h1m91y7aWEv3Bl50xvzzUvu-/view?usp=sharing,1,3
,4,Resilience/Negation,Social Situations,Academics/Work/Career Development,,Shaking Hands,"You are giving a presentation to your coworkers about a new training plan. You feel that your hands are shaking a little. Wondering if it is obvious, you look around and see that a few people have noticed.",You realize that your coworkers are more interested in your presentation than your hands. You continue your presentation and as time passes you realize that your nerves are manageable.,Are you able to handle your anxiety during your presentation?,Yes,,https://drive.google.com/file/d/1Cw3oPXTNc-8SRhdtrmQYyiTvDaszARPN/view?usp=sharing,1,2
,5,Positive,Social Situations,Physical Health,,Visiting Neighbors,"You notice that you haven't seen your elderly neighbor recently. You normally visit them regularly, so it is strange that you have not seen them lately. Your neighbor has probably been fine.",N/A,Has your elderly neighbor likely been sick?,No,,https://drive.google.com/file/d/14_16MBBgKRM9oZwTGSN9GJblFNuwndpf/view?usp=sharing,1,3
,6,Positive,Social Situations,Academics/Work/Career Development,,Peer Evaluations,"You are having a debate with coworkers about a task at your job. The other people have more experience than you do. When you think about arguing your position, you feel confident.",N/A,Are you worried about the debate?,No,,https://drive.google.com/file/d/1Gf9_VnvtNkCVWOZu8VQ1INYnQFjRuB7m/view?usp=sharing,1,2
,7,Positive,Social Situations,,,Trick or Treat,Your child wants to go trick-or-treating on the Lawn and they begged you to dress up with them. You wear a costume and run into some people from work who aren't dressed up. They think your costume is awesome.,,Do the people from work think you're lame for going trick-or-treating?,No,,https://drive.google.com/file/d/1rrV-LGMh61x6R9PewBmeTL1d64KcHetZ/view?usp=sharing,1,1
,8,Positive,Social Situations,,,New Opportunity for Friends,"You have recently joined a new department within your job.  When you come into the first team meeting you notice that most people have other friends to sit with. As you take a seat alone, you realize that there is always an opportunity make new friendships as the year progresses.",N/A,Will there be future opportunities to make new friends?,Yes,,https://drive.google.com/file/d/10fLWhto09ulpTOoQ_oICa06UK6vWzttW/view?usp=sharing,1,1
,9,Resilience/Negation,Social Situations,Family & Home Life,,Parental Advice,"You decide to go visit your family on a long weekend. When talking with your parent(s), they give you advice that you do not agree with but you are scared to speak up and tell them. You think if you tell them you disagree, they will be disappointed in you.",You realize that your parent(s) value your opinion and were giving theirs because they wanted to help you. You feel as if you will be able to tell them you disagree and they will respect your opinion.,Will your parents be upset about your disagreement?,No,,https://drive.google.com/file/d/1snKwCvaFpmFar-Wydym8EXtuu-3TxAI6/view?usp=sharing,1,2
,10,Positive,Social Situations,,,Playing the Piano,"While at a friend's house for a dinner party, your host mentions that you are a good piano player, and asks you to play something on the piano for the other guests. You know a few pieces you can play well, but you feel nervous playing on the spot without practice. Walking up to the piano, you think to yourself, these people are going to enjoy it.  ",,How do you think the other party guests will feel about your piano performance?,They will think you are talented.,They will think you need to practice more.,https://drive.google.com/file/d/1OEiiByo6EwwTJ47zU248adoofQ2X5ZIs/view?usp=sharing,1,3
26,1,Positive,Social Situations,Family & Home Life,,Cultural Family Celebrations,"Your colleagues ask you to go to a conference, but it's the night of an important cultural celebration for your family. You are looking forward to the celebration with your family, but don't want your colleagues to think you're different. As you think about telling your colleagues, you realize that your culture is  important.",,Are you embarrassed to tell your colleagues that you can't go to the conference?,No,,https://drive.google.com/file/d/1mnjPZpYIVahZEm1gr4Zu9gKZfMCjl2Tk/view?usp=sharing,1,3
,2,Positive,Social Situations,,,A new camera,"You buy a new camera, but when you get home, you find that you do not like it. You return it to the store and get your money back. At the counter, the assistant is not very talkative as they help you, and you think they view you as rational.",N/A,Do you think the sales assistant felt you were annoying?,No,,https://drive.google.com/file/d/1gIc6npFIezWPuRAQClkBHg3K5HpAwDTk/view?usp=sharing,1,2
,3,Positive,Social Situations,,,Posting New Content,"You decide to come up with a creative post that is very different from what you usually post. You post something new, and do not get any responses yet. When you think about the challenge of making creative content, you feel excited.",,Do you let the challenge of making creative posts hold you back? ,No,,https://drive.google.com/file/d/19_33CkWxNa7YBxB_t2IlU0acbzpfLAJi/view?usp=sharing,1,2
,4,Resilience/Negation,Social Situations,,,Not Having Much to Say,You're in a big group of your friends. Everyone is sharing stories but you haven't said anything the whole conversation. Your friends probably think you're boring.,"While listening to your friends, you remember that your friend was quiet the other day. You decide that not always sharing is normal.",Is it normal to not share all of the time?,Yes,,https://drive.google.com/file/d/1kCPmxpqPwahYN9Zk_mUwXoNnwNeBw6-w/view?usp=sharing,1,1
,5,Positive,Social Situations,,,Using a Different Caption,"You are trying to think of a good joke to put in the next email you send out to your coworkers. You find a really funny one on a website after doing a quick search, but this is the first time you're ending your emails with a joke. Your coworkers will think that it's funny.",,Do your coworkers like your joke?,Yes,,https://drive.google.com/file/d/1azOE2eRIrdOPl9AdAR61tTkqUFdsq0zB/view?usp=sharing,1,2
,6,Positive,Social Situations,,,Talking about TV,"You are talking with a group of friends about TV shows. When you share your opinion on an old TV show that you just discovered, no one responds. They are probably thinking about how interesting the plot sounds.",N/A,Do your friends judge you for what you said about the TV show? ,No,,https://drive.google.com/file/d/1opDxSogFwDYpEb5PGw4jTADE96Y2WtG7/view?usp=sharing,1,3
,7,Negative ,Social Situations,Romantic Relationships,Family & Home Life,Holiday Plans,"Your significant other's parents have invited you to join them for the holidays. You are excited to spend time with your partner's family, but you worry your own parents will be disappointed that you are not with them. When you think about telling your parents you would like to spend the holidays with your partner, you believe that they will take the news poorly.",,"When you tell your parents about the invitation, they are likely to",Be very disappointed and feel hurt.,Be glad that you have met a partner that makes you happy.,https://drive.google.com/file/d/1KbeTT5hK7TLxBUVg38Kcs6Sq1jNtXzD5/view?usp=sharing,1,3
,8,Positive,Social Situations,,,Silence on a drive,"You are on a long drive with a friend. You notice that neither of you has said anything for a few minutes. Focused on the road, you think your friend feels that the silence is completely normal.",N/A,Does your friend think you are awkward when there is silence during the drive?,No,,https://drive.google.com/file/d/1sGtKCHYC5PGhGGovL--qGa1f1C0k0nOV/view?usp=sharing,1,2
,9,Positive,Social Situations,,,Book Club Friends ,"You have recently joined a local book club, and think the other members are very cool. You would like to hang out more often, but you worry about whether they will want to be friends outside of the book club. You consider inviting them over for dinner, and you think that they will think you are fun.",,The other book club members probably,Will enjoy your company outside the book club.,Will not want to be friends outside of the book club.,https://drive.google.com/file/d/1A1f5i2QjKCaDwo5rm3VkBWBNRDlH60lC/view?usp=sharing,1,2
,10,Resilience/Negation,Social Situations,,,Playing the Piano,"While at a friend's house for a dinner party, your host mentions that you are a good piano player, and asks you to play something on the piano for the other guests. You know a few pieces you can play well, but you feel nervous playing on the spot without practice.","Walking up to the piano, you think to yourself, this is nothing to worry about, these people are going to be pleased.",Do you think the guests will be happy with your piano playing?,Yes,No,https://drive.google.com/file/d/1OEiiByo6EwwTJ47zU248adoofQ2X5ZIs/view?usp=sharing,1,3
27,1,Positive,Social Situations,Family & Home Life,,Absent Roommate,"You are visiting your sister in a different city for an extended period of time. Your sister seems to know a lot of people in the area and is always out of the apartment, leaving you alone. You think it is nice that they are not home often because you prefer to be alone to relax at the end of the day.",N/A,Are you bothered by your sister's absence?,No,,https://drive.google.com/file/d/1pOKjumfIC5ABON2fMxlUDPuMpMP6LjE4/view?usp=sharing,1,3
,2,Resilience/Negation,Social Situations,,,Morning meeting,"You arrive to a morning meeting exactly on time, but you are the last one to arrive. Your coworkers look at you as you pull out your chair, and it squeaks loudly. They all turn to look at you with a slight frown.","In the end, you realize that your coworkers are just good employees who were enthusiastic to get the meeting started. They responded to you during the rest of the meeting quite positively.",Do your coworkers judge you negatively?,No,,https://drive.google.com/file/d/1ugNcKK4aK5sfykfGJelCbC0BlHQmzJue/view?usp=sharing,1,1
,3,Positive,Social Situations,,,Getting to Know New People,"You're hanging out with a new group of people. You tell a funny joke that you think goes along with the topic of conversation, and no one laughs. The new friends will find you friendly. ",N/A,Do the people in the new group think you're nice?,Yes,,https://drive.google.com/file/d/1yiiOYH44i6dc55AQDM7o7eycfFI39XwW/view?usp=sharing,1,1
,4,Positive,Social Situations,Mental Health,,Accepting Praise,"Over the weekend, you caught up with some old friends. You told them about the job you're doing and they make comments about how smart you must be, but you don't think the job is that special. You allow yourself to feel proud of what you're working on either way.",N/A,Are you proud of the work you're doing?,yes,,https://drive.google.com/file/d/1RZKgj6SgXHvcTwD5hi3tDnL24akXydT0/view?usp=sharing,1,3
,5,Negative,Social Situations,,,Feeling Abandoned By a Close Friend,"As you scroll through your social media accounts, you see that your closest friend is hanging out with someone you don't know. You wonder who this person is, and why you haven't heard about them. When you think about your friendship with this friend, you feel worried.",,Are you are upset that your friend did not tell you about this person?,Yes,,https://drive.google.com/file/d/1sVKizgA3QnMOtyy7qNs8X9ndbUMsWmuE/view?usp=sharing,1,1
,6,Positive,Social Situations,Academics/Work/Career Development,,Writing workshop,"A coworker suggests that your team participates in a workshop on writing for the workplace. You go online and read information about the workshop. As you navigate through the site, the thought of other people looking at your writing makes you feel enthusiastic",N/A,Do you expect to feel uncomfortable if others look at your work?,No,,https://drive.google.com/file/d/1vQbs0ifLnQbnC1ejFEq6WujzKLqZl7vv/view?usp=sharing,1,2
,7,Resilience/Negation,Social Situations,,,Helping an elder neighbor,"One day after work, you notice an elder neighbor carrying bags of groceries from their car to their house. You ask whether they need help, and they turn and stare at you, looking offended.","When you get home, you realize that your neighbor was probably having a bad day and that it was appropriate to offer help. Your neighbor probably thinks you are kind.",Does your neighbor appreciate your offer to help with the groceries?,Yes,,https://drive.google.com/file/d/1B36NDbsAD14_1cBxKfNBFE2bacoiiIA-/view?usp=sharing,1,1
,8,Positive,Social Situations,Romantic Relationships,,Voicing Your Feelings,"Your partner takes you out to dinner and you are talking as you wait for your food. They mention something that upsets you, but you worry if you confront them about it, they will be angry. Ultimately, you decide to tell them what they said upset you and they apologize.",N/A,Was your partner angry with you for voicing your concern?,No,,https://drive.google.com/file/d/1_3R4q50xu1yCQG9gAsv0N7Y30gmNDBsG/view?usp=sharing,1,2
,9,Positive,Social Situations,Academics/Work/Career Development,,Fundraiser presentation,"You are put in charge of your office's fundraising efforts and quickly realize that your coworkers are not very interested in the fundraising. At a meeting, you give a presentation about the importance of helping with the fundraising, during which your coworkers remain quiet. As you sit down after your presentation, you think they seemed excited.",N/A,The coworkers are probably thinking ...,That they want to help you with the fundraiser.  ,That they don't want to help you with the fundraiser.  ,https://drive.google.com/file/d/1yKw2B4-_vp8wS1H8qpc4NC0rF1ul-wa8/view?usp=sharing,1,3
,10,Positive,Social Situations,Family & Home Life,,Posting about Family,You look through your social media feed. You noticed that your high school-aged kids only post pictures with their friends. You posted a family picture and tagged your kids. Your kids must think that you're genuine.,N/A,Are your kids upset that you tagged them in a family photo?,No,,https://drive.google.com/file/d/1CZ3q4YAXdB5vZOsWDR7bPvWclLmbpBgm/view?usp=sharing,1,3
28,1,Positive,Social Situations,,,Smelly Lunch,"You packed a lunch today and you get it out in front of your friends. It smells really strongly as you notice your friends make faces. You tell your friends about what you're eating, and you feel proud.",N/A,Are you embarrassed by your lunch? ,No,,https://drive.google.com/file/d/1Xy_Atc0CRVipJzZ4bR5RCYHdQORn6Yxp/view?usp=sharing,2,1
,2,Positive,Social Situations,,,The New City,"You have been living in a new city for a few months, and have been having some trouble making new friends. You have been very busy since your move, but you know it is important to establish good relationships here in your new home. As you think about life in your new city, you believe that you will make friends.",,"Thinking about life in your new home going forward, you imagine:",Having a new group of friends you can rely on.,Needing to do everything yourself.,https://drive.google.com/file/d/1vmg4TsmrtbYfXhY-wPcqKCSfD3CWS8Kl/view?usp=sharing,2,3
,3,Resilience/Negation,Social Situations,Mental Health,,Driving flashback,"You are driving to a friend's house in the town you previously lived in. When you arrive at the entrance, you have a strong flashback to when you used to visit this house many years back. You start to feel anxious about being disoriented, and you decide that what you will do about these feelings is to just let them pass.",N/A,"When you feel disoriented, it is helpful to ...",Simply observe and accept the feelings.,Get anxious about feeling disoriented.,https://drive.google.com/file/d/111tmTqhti30waD2ToHBnhDXMWZr6Fiv3/view?usp=sharing,2,3
,4,Resilience/Negation,Social Situations,,,Your Closest Friend,"You and your best friend have known each other since undergrad. You now work in different fields and have different interests, and you worry that you won't understand each other as you get older. ","When you think about major life events, you think your friend will not be distant, instead you expect your best friend to be understanding.",Do you expect your best friend to support you during major life events?,Yes,No,https://drive.google.com/file/d/1j-GXdH0RVew2yK6cL-6R3AjG0Sq_ydWc/view?usp=sharing,2,3
,5,Positive,Social Situations,,,Silence on a drive,"You are on a long drive with a friend. You notice that neither of you has said anything for a few minutes. Focused on the road, you think your friend feels that the silence is completely normal.",N/A,Does your friend think you are awkward when there is silence during the drive?,No,,https://drive.google.com/file/d/1sGtKCHYC5PGhGGovL--qGa1f1C0k0nOV/view?usp=sharing,2,2
,6,Positive,Social Situations,,,Meeting New Friends,"You get assigned to a new project where you do not know anyone else. On the first day of meeting, you put yourself out there to try to make new friends. When you think about asking some colleagues if they want to grab drinks after work, you expect them to say yes.",,"If you ask your co-workers to get drinks after work, they will probably",Agree that getting drinks is a good idea.,Politely decline your invitation.,https://drive.google.com/file/d/1vmEFLzq1i5guQSpr0uE5nLlEbZHH1whv/view?usp=sharing,2,3
,7,Positive,Social Situations,,,Lunch with a Friend,"You are out to lunch with a friend. As you eat your salad and talk with them, they stare at you. They probably think that you are interesting.",N/A,Your friend was probably looking at you because ...,You are great company.,You have poor table manners.,https://drive.google.com/file/d/1em0l3V7p1ogxMfcVABV3Q6jMzd0__bfK/view?usp=sharing,2,2
,8,Positive,Social Situations,Family & Home Life,,Introducing Your Friends,"You invited your spouse to meet your friends from work tonight. You know that they can often tell embarrassing stories about you to other people. You think about what they're going to do tonight, and feel calm.",,Are you worried about what your spouse will say tonight? ,No,,https://drive.google.com/file/d/1jGKwLrtXqcIGGrJzcL9eRsCy8D-KQGvl/view?usp=sharing,2,3
,9,Negative,Social Situations,,,Cooking a Casserole,"You are going to a potluck dinner party, and you want to make your family's macaroni casserole to bring. You have the recipe your parents gave you, but you worry you don't have the cooking skills to pull off the dish. You think that people at the party will probably think your casserole tastes unappetizing.",,"When you think about the reactions to your casserole, you see the other guests",Leaving their servings on their plates.,Going for seconds,https://drive.google.com/file/d/12kKvu8IBTJkLrM3hsryH2oaUOq9wkAyI/view?usp=sharing,2,3
,10,Positive,Social Situations,Mental Health,,A Rude Comment,You post a picture you are really confident about. You see a really rude comment as you go back to check your comments. You take a deep breath and decide not to feel bothered.,N/A,Do you get really upset about the rude comment on your post?,No,,https://drive.google.com/file/d/1RkgHCc_BENHGzRjkp5-Y-7TvU7m58if8/view?usp=sharing,2,3
29,1,Resilience/Negation,Social Situations,,,Greeting People in Libraries ,"You are staying late to get extra work done and notice two coworkers. They are leaving together, and they say hi as they're walking by. You feel embarrassed.",You realize that they might be going to finish up some work together. This makes you feel better.,Do you feel anxious after seeing your friends? ,No,,https://drive.google.com/file/d/1Clctht43jDXF2QSySK6_NttDqJAW6LRW/view?usp=sharing,2,1
,2,Positive,Social Situations,,,A different haircut,"While at the hairdresser's, you opt for a completely different haircut. When you see your friend afterwards, they gasp. Their gasp probably means that they think the new style makes you look great.",N/A,Does your friend like your new haircut?,Yes,,https://drive.google.com/file/d/1nxCfWyJ_lSYhZLviVa67EuNv-JzlUoEO/view?usp=sharing,2,2
,3,Positive,Social Situations,Finances,,Saving Money,"You need to save money so you always bring meals from home. When you eat with your friends, you notice that they all go out to eat every lunch. You realize that you have a different situation than your friends and that's ok.",,Are you hard on yourself because you don't buy lunch like your friends?,No,,https://drive.google.com/file/d/1GlgWw9CNYkuvPqXiAgChQuDim1Uuife8/view?usp=sharing,2,3
,4,Negative,Social Situations,,,Book Club Friends ,"You have recently joined a local book club, and think the other members are very cool. You would like to hang out more often, but you worry about whether they will want to be friends outside of the book club. You consider inviting them over for dinner, and you think that they will think you are boring.",,"If the members of the book club accepted your dinner invitation, they would probably",Be disappointed in your company.,Enjoy the get together over dinner.,https://drive.google.com/file/d/1A1f5i2QjKCaDwo5rm3VkBWBNRDlH60lC/view?usp=sharing,2,2
,5,Positive,Social Situations,,,Being Left Opened on Messages,"You can see that friend opened the photo you sent but didn't respond to you. You know that they're posting other things, so they're definitely on their phone. Your friend probably didn't respond because they forgot",,Is your friend ignoring you on purpose?,No,,https://drive.google.com/file/d/16Mn418BJmgaCo2BI0gZ-yjV4YknV-Me0/view?usp=sharing,2,2
,6,Positive,Social Situations,Academics/Work/Career Development,,An engaged audience,"You are required to give a presentation to a group of work colleagues that you know well. They all are quiet during your presentation. As you think about it later at home, you think that your colleagues found your presentation interesting.",N/A,Your cohort members were probably quiet because ...,They were engaged by your presentation.,They were bored by your presentation.,https://drive.google.com/file/d/12S8nfxTZe8xGCPO8jz-sGM6I1c8zCe1q/view?usp=sharing,2,3
,7,Positive,Social Situations,Family & Home Life,Finances,Home Introductions ,"You notice your home is not like your peers' homes. Your best friend has never been to your place, but wants to come over for dinner one night. You think their reaction to your home will be respectful.",N/A,Will your friends judge your home?,No,,https://drive.google.com/file/d/1VCybtiOeMs0Sxk93nEyA51k4mVoIITAu/view?usp=sharing,2,3
,8,Resilience/Negation,Social Situations,,,New Environment,"You are afraid of the wilderness. This weekend, you are going camping with friends and you know wild animals have been frequently spotted in the area. As you think about the trip, you feel scared.",You think about the camping trip a little more and realize you be enjoying the experience too much to be scared. You feel calmer.,Will the trip be miserable?,No,,https://drive.google.com/file/d/1yzXkc052e-ZcwIMbWLOvGO0t6qcqKbgg/view?usp=sharing,2,1
,9,Positive,Social Situations,Academics/Work/Career Development,,Missing meeting,"Although you are normally on time for work events, today you receive an email from your boss saying that you are a few minutes late for a scheduled meeting with them, which you had completely forgotten about. As you quickly head to the office, you wonder whether they are going to judge you for being late. As you walk into the room, your anxiety is tolerable.",N/A,"During the meeting, your boss will probably think you are ...","Competent, even though you made a mistake. ",Irresponsible and nervous.,https://drive.google.com/file/d/17IOmNhMDq3epnJGE8TemGWfg4KUWPytl/view?usp=sharing,2,3
,10,Positive,Social Situations,Family & Home Life,,Reconciling with your sibling,"A few days after an argument with your sibling, you decide to break the ice by asking them out for a drink. You get ready, and as you are about to leave, they call to say they can't make it after all. As you hang up, you think that this is because they are feeling exhausted.",N/A,Your sibling cancelled the meeting because they are...,Exhausted from a busy week,Mad at you.,https://drive.google.com/file/d/1LZnhgjX_Ooy4zJ7r99Iydqi6bvIOcszd/view?usp=sharing,2,3
30,1,Positive,Social Situations,,,Lunch with a Friend,"You are out to lunch with a friend. As you eat your salad and talk with them, they stare at you. They probably think that you are interesting.",N/A,Your friend was probably looking at you because ...,You are great company.,You have poor table manners.,https://drive.google.com/file/d/1em0l3V7p1ogxMfcVABV3Q6jMzd0__bfK/view?usp=sharing,2,2
,2,Positive,Social Situations,Academics/Work/Career Development,,Expressing Your Ideas,"While working on a collaborative group project at work, you tell your ideas to your group. The other members of the group don't react. They must be thinking about the project.",N/A,Do the members of the group think your ideas are bad?,No,,https://drive.google.com/file/d/1LZX5Q9czPuvVzkKhTglyiF6nhzh1mqA1/view?usp=sharing,2,2
,3,Resilience/Negation,Social Situations,Physical Health,,Presentation Panic,"You are giving a presentation that you have been really nervous to give. As you talk, you feel a lump in your throat and you start to cough. These feelings probably mean that you are panicking.","You decide to take a slow, deep breath. As you start to talk again, you realize that what you felt was normal.",Is it normal to cough during a presentation?,Yes,,https://drive.google.com/file/d/10fLWhto09ulpTOoQ_oICa06UK6vWzttW/view?usp=sharing,2,3
,4,Positive,Social Situations,,,Using What You Have,"You are invited to a formal event for your workplace. You can't afford something new to wear, so have to wear an old outfit. When thinking about everyones opinion on you wearing old clothes, you know you'll feel confident.",,Are you worried about what others will think of your older outfit?,No,,https://drive.google.com/file/d/1IGCUmxaQ4KuTOm8JOXB9j9H66jDnC7k5/view?usp=sharing,2,2
,5,Positive,Social Situations,Physical Health,,Sensational Party,"You are at a birthday party for a friend of a friend. You notice that you are flushed and a little sweaty. Standing there, you think that these sensations are normal.",N/A,People will probably ...,Not see you sweat since the room is dimly lit.,Notice that you are sweating.,https://drive.google.com/file/d/1cfjkxrnn1-Ws7c5KzE7-FN0aIqqXiOQF/view?usp=sharing,2,3
,6,Positive,Social Situations,,,Theater group thoughts,"You are on the committee for a local community theater, which is planning a new productions. At the first meeting, the director asks you for ideas about which play to perform. Everybody pauses after you say your ideas, and you think the others find your thoughts interesting. ",N/A,Everyone probably believes ...,You have innovative ideas.,You have terrible ideas. ,https://drive.google.com/file/d/1LReBi4l_MLl7STd2g4biqxzTxAx9bA4a/view?usp=sharing,2,2
,7,Negative,Social Situations,,,Learning Social Media Dances,"You're thinking about a new game you bought while you're at work. You really want to invite people over and learn how to play it, but you don't want to embarrass yourself in front of your coworkers. You decide not to bring it up since you are nervous, and you feel sad.",N/A,Are you anxious about playing this game in front of your coworker?,Yes,,https://drive.google.com/file/d/1snZWjNgaZvOZOvpi3m_lca-YuYQL6EBD/view?usp=sharing,2,1
,8,Resilience/Negation,Social Situations,Academics/Work/Career Development,,Quick correction,"In the corridor at work, your boss asks you a question, and you realize you respond incorrectly. Your boss corrects you. You think the experience of being corrected by your boss is awful.","In the end, you remind yourself that occasionally making mistakes does not make you a bad employee. Your boss had corrected you kindly, as was their job, and you feel that the whole interaction went well.",Is it okay to occasionally answer a question from your boss incorrectly?,Yes,,https://drive.google.com/file/d/1LkIEzSKHGt3ThPYYrQWPZjfUroEcuFve/view?usp=sharing,2,3
,9,Positive,Social Situations,,,Disrupting the Silence,You walk into a quiet meeting room a few minutes late. The door squeaks really loudly as you enter and your coworkers look in your direction. They are probably feeling surprised.,N/A,Are your coworkers annoyed that you disturbed them?,No,,https://drive.google.com/file/d/1To4f_zxdcC6nVMeuf42V-32MmiEU5jxS/view?usp=sharing,2,2
,10,Positive,Social Situations,,,Exposing a Friend,"You recently visited a friend that you hadn’t seen in a long time, and when you get back, you find out that your partner has woken up with a sore throat. Your partner is getting a COVID test today, but you are worried about the results and scared you may have accidentally exposed your friend. You think about what will happen if your partner tests positive and feel your friend will understand and forgive you.",N/A,Will your friend be angry at you for exposing her?,No,,https://drive.google.com/file/d/1qAWjFQka56L2bKl6Z_LGoTqGb_lPiUg-/view?usp=sharing,2,2
31,1,Positive,Social Situations,,,Long Weekend Alone,"You have off on Monday for a holiday, and you know people will make plans for the long weekend. After a close friend said they're out of town for the weekend, you realize you don't have anyone to hang out with for the long weekend. This makes you optimistic about making new friends next week.",,Are you sad about the long weekend?,No,,https://drive.google.com/file/d/1B_E3Rai1ryz0k3GHQJvSW3MgQduprhw0/view?usp=sharing,all,2
,2,Negative ,Social Situations,,,Meeting New Friends,"You get assigned to a new project where you do not know anyone else. On the first day of meeting, you put yourself out there to try to make new friends. When you think about asking some colleagues if they want to grab drinks after work, you expect them to say no.",,"When you ask them out to drinks, you think your coworkers are likely to think","""I would rather just keep our interactions professional for now.""","""That's a wonderful idea. It would be nice to get to know you outside of work.""",https://drive.google.com/file/d/1vmEFLzq1i5guQSpr0uE5nLlEbZHH1whv/view?usp=sharing,all,3
,3,Positive,Social Situations,Mental Health,,Trying Out a Funny Caption,You are trying come up with a closing for an email to send to your coworkers. You come up with a joke that your closest friends will love. Your coworkers will think it's funny.,,Are you worried what your followers will think of your joke?,No,,https://drive.google.com/file/d/1828HR7oyHuDJpNFSn5JmLlYAZ24vA7x7/view?usp=sharing,all,3
,4,Resilience/Negation,Social Situations,Family & Home Life,,Bringing a New Friend Home,"You live with a few extended family members. Your colleague asks if they can come over for dinner one day and they don't know how many people live in your home. As you picture your colleague coming into your home, you think they will be surprised.","You consider that you live in a different situation compared to your colleague. You also know that your colleague is really nice, so will be accepting.",Does your colleague judge you for living with lots of extended family members?,No,,https://drive.google.com/file/d/1scmmozRrE86kB6Z8kfBY87Pr17Q0gA1O/view?usp=sharing,all,3
,5,Positive,Social Situations,,,Friends Hanging Out,"As you scroll through your social media, you see that your friends hung out without you last night. You didn't get an invite to hang out with them. You realize that sometimes your friends hang out without you and that next time you can initiate.",N/A,Will you reach out to your friends to hang out next time?,Yes,,https://drive.google.com/file/d/1NQOsEWtgZnLSr1Ii5PB_SnSTL28Emh96/view?usp=sharing,all,1
,6,Positive,Social Situations,Physical Health,,Colleague Presentation,"You have to give a presentation for your coworkers today. When you stand up in front of your colleagues, you feel your cheeks get hot and your hands start to tremble. You think that these sensations will be manageable.",,Can you handle your anxiety symptoms while you give your presentation?,Yes,,https://drive.google.com/file/d/1JLUIkzxiJ2P-eVOgnLmb1zyker17wj7l/view?usp=sharing,all,3
,7,Positive,Social Situations,,,Cancelled plans,"You arrange to meet a friend in town. Last time you met, you disagreed on something you were discussing. Just before you leave, they call to say that they can't make it. As you put down the phone, you think that this is because they are feeling busy.",N/A,Your friend probably cancelled your plans together because ...,They remembered they had an important meeting at work at the same time.,They are mad at you because of your previous disagreement.,https://drive.google.com/file/d/1XmEF3Y_EVn1lonn_hWKIbtSjgRFn_dbg/view?usp=sharing,all,2
,8,Positive,Social Situations,,,Greeting Someone,"While out on a walk, you see a neighbor that you do not know well. You decide to say hello in passing but then wonder if you annoyed the neighbor. After the brief encounter, you believe they think that you are friendly.",N/A,Does your neighbor think that you are friendly?,Yes,,https://drive.google.com/file/d/1e09wHUhmcISoqWIDA3wsE84400vKN5qM/view?usp=sharing,all,1
,9,Positive,Social Situations,,,Old Friends ,You are volunteering at a community event and notice two coworkers who you have not seen in a while. They come up to say hi as they are passing. They probably think that you are normal.,N/A,Are your friends juging you for volunteering?,No,,https://drive.google.com/file/d/19C7toEPndzExnPZqhv9WwfUM2jnf7-8D/view?usp=sharing,all,1
,10,Resilience/Negation,Social Situations,Mental Health,Academics/Work/Career Development,Important opinion,"You finish a task due next week for your boss and ask them for their opinion. They say the work is good, apart from an incomplete section. You feel that they think you are careless.","In the end, you realize that they brought the error to your attention so you could improve it before sending it in. You fix the incomplete section and believe that your boss head thinks you are learning.",Was your boss pleased with your progress?,Yes,,https://drive.google.com/file/d/1sS8e3ZmixCVH2YAFPuVlOAoIhpt-vfWE/view?usp=sharing,all,3
32,1,Positive,Social Situations,,,Conversing at a party,"You are at a party with people you do not know well. You decide to join some people who are sitting on a couch and talking. When you try to enter the conversation, the people on the couch continue talking to each other, because they were probably distracted.",N/A,The group that was talking probably ignored you because they ...,Did not see you there.,Do not like you. ,https://drive.google.com/file/d/1P0yu1f5kMZ1J0BunhrRU8WrsyiIhwlKD/view?usp=sharing,all,2
,2,Positive,Social Situations,,,Posting New Content,"You decide to come up with a creative post that is very different from what you usually post. You post something new, and do not get any responses yet. When you think about the challenge of making creative content, you feel excited.",,Do you let the challenge of making creative posts hold you back? ,No,,https://drive.google.com/file/d/19_33CkWxNa7YBxB_t2IlU0acbzpfLAJi/view?usp=sharing,all,2
,3,Positive,Social Situations,Academics/Work/Career Development,,Important evaluation,You have almost completed an important project. Part of your evaluation is determined by your coworkers. You know most of them well and feel that their opinions of you will make them evaluate you favorably.,N/A,Your coworkers will probably...,Give you a good score.,Give you a bad score.,https://drive.google.com/file/d/1FcB5CvXNaJdV8qJE0nz1NN6MVKPtk2zJ/view?usp=sharing,all,2
,4,Positive,Social Situations,,,Old friend ,"While at a festival, you spot an old friend not far away and call out to them. They do not reply to you. You decide that this is because they are distracted.",N/A,Your friend probably did not reply to you because ...,They did not see you call out to them.,They do not like you.,https://drive.google.com/file/d/1FzEAS5eWYKUvzFSsM4Wh2iUAZMohz6Mw/view?usp=sharing,all,2
,5,Positive,Social Situations,Physical Health,,Sweat Stains,"It's a warm day and you and your friends are taking a walk outside. You notice that you are starting to sweat, and you can see some marks on your shirt. You know these friends well, and they will not care.",N/A,Will your friends make fun of your sweat marks on your shirt? ,No,,https://drive.google.com/file/d/1Wch_kcxO-_MSrBd4tyGQsC_dXyOttIIF/view?usp=sharing,all,3
,6,Negative,Social Situations,Mental Health,,Sharing Favorite Shows,"You are talking with a group of coworkers about TV shows. When you say what you like about an old TV show that you just discovered, no one responds. They probably think that you are weird.",,Do your coworkers judge you for what you said about the TV show? ,Yes,,https://drive.google.com/file/d/1opDxSogFwDYpEb5PGw4jTADE96Y2WtG7/view?usp=sharing,all,3
,7,Resilience/Negation,Social Situations,,,Corner laughter,"You are giving a presentation during your evening meeting. As you talk, you hear a few of your coworkers laughing in the corner. You look over at them and realize they were probably laughing at you.","After a moment, you remember situations where you and your coworkers have laughed about things unrelated to who is speaking. You move on from their laughter and complete your presentation successfully.",Were your coworkers laughing at you?,No,,https://drive.google.com/file/d/1TT4fuIpUKuMK-jVrWlcStBgpHS3YAMh6/view?usp=sharing,all,2
,8,Resilience/Negation,Social Situations,,,Comparing with Others,You and your coworkers are comparing work experiences. You have struggled with completing paperwork in time and your coworkers start lightheartedly teasing you. You begin to feel insecure.,You haven't had much experience with this aspect and your coworkers know this. They have probably been through similar experiences and weren't trying to be mean.,Were your coworkers trying to make you feel insecure about having trouble with your paperwork?,No,,https://drive.google.com/file/d/1FT6P2q_cktpRqA58pw5JI58tA9R0P3BS/view?usp=sharing,all,2
,9,Positive,Social Situations,,,Alone at Lunch,"In between meetings, you have time to grab lunch at a cafe near your next meeting's location. When you walk in, you see that most people are sitting with a friend, but you don't have anybody to eat with. You decide that it's normal to eat alone and enjoy your meal.  ",N/A,Does eating alone make you upset?,No,,https://drive.google.com/file/d/19bu8gAX5fJudIIeey_0qKXwzZ-Lpgg8Q/view?usp=sharing,all,2
,10,Positive,Social Situations,Academics/Work/Career Development,,Word stumbling,"You have to make a presentation about your work to your colleagues and your boss. As you start, you stumble on your first few words. Continuing with it, you think that your performance will be evaluated positively.",N/A,Do you think others will like your presentation?,Yes,,https://drive.google.com/file/d/1xUVHP-lj26dCvOIiMMMta2bgIGRH5hR9/view?usp=sharing,all,3
33,1,Positive,Social Situations,Physical Health,,An unwashed table,"You meet a friend for lunch at a new restaurant. Once you sit down, you realize that your table was not wiped down after the previous customers left, which makes you anxious about germs. You decide to stay and have lunch with your friend, and your anxiety is tolerable.",N/A,"While eating lunch with your friend, you ...",Are able to enjoy the conversation.,Are unbearably anxious.,https://drive.google.com/file/d/1d3Tz4L7BbfVIgBMIOeEAk7SC_ZshiTvk/view?usp=sharing,all,3
,2,Positive,Social Situations,,,Being Talked About,"Over the weekend you decide to post a video and a few pictures on your social media. When you get to work on Monday, you overhear your coworkers gossiping about your pictures and videos. They probably think that you are cool.",,Are you worried about what your coworkers are saying?,No,,https://drive.google.com/file/d/1ykY60oGbVNzm3vm41Sw4Ts1kDiSO5gjp/view?usp=sharing,all,2
,3,Resilience/Negation,Social Situations,,,Unusual views,"During a discussion, you end up debating an issue with colleagues. You later discover that they found your views unusual. When the issue comes up again in a group conversation, you expect that you will be excluded.","In the end, even though your colleagues didn't share your view, they found your opinion interesting. The next time the issue comes up, they ask you for your thoughts, and you feel included.",Your colleagues probably think your views are ...,Interesting.,Offensive.,https://drive.google.com/file/d/1MIRt_i8n5z7nk9CNWYXVsQ6oMzfE70xz/view?usp=sharing,all,1
,4,Positive,Social Situations,,,Intoxication Situation,"You are at a party with your partner and they are intoxicated. When you suggest that it's time to go home, they say no and walk away from you. You think that they are having fun. ",N/A,Is your partner upset with you?,No,,https://drive.google.com/file/d/1Zc-4xffN0v0XdDSXW-x1NAACedZAqgXQ/view?usp=sharing,all,2
,5,Positive,Social Situations,,,An Acquaintance,You run into someone you don't know well on the street who you look up to. You ask them how they are doing and they continue to keep walking. This acquaintance probably thinks you are nice.,N/A,Does the acquaintance dislike you?,No,,https://drive.google.com/file/d/1C-zce9kzLUaNTvKVjPkRBpmnQOMidjcp/view?usp=sharing,all,2
,6,Resilience/Negation,Social Situations,,,A heated discussion,"You invite work colleagues to your house for a dinner party, although you know they don't always get along. At dinner, the discussion gets very loud and argumentative.","As you are clearing up afterwards, you realize that despite it being heated, the debate between your guests was respectful and refreshing. They probably found the party entertaining.",Your guests probably thought the dinner party was ...,A success and a good idea. ,A failure and a bad idea.,https://drive.google.com/file/d/1DEZz52RsghdgI_jZTMn-mx0br1fwpFru/view?usp=sharing,all,2
,7,Negative,Social Situations,Physical Health,,Running with a Friend,"You are going on a run tomorrow with a friend who jogs every day. You have not been on a run in quite some time, and worry if you can keep up or not. You think that tomorrow the chances you can keep up with your friend are bad.",,You imagine the run will be,Too fast for you no matter how hard you try.,At a pace that you can do if you try hard.,https://drive.google.com/file/d/1eJ-08i7HtFvPYHdRnELsblgm6tY079fj/view?usp=sharing,all,3
,8,Positive,Social Situations,,,Collecting an old friend,"You arrange to meet up with a friend you have not seen for many years. You drive to the train station to pick them up. When you arrive, you know they will find spending time with you fun.",N/A,Do you think your friend will have a good time with you?,Yes,,https://drive.google.com/file/d/1IiQh9VjcPADWHw-EUkf-WjJmJgtCUIl6/view?usp=sharing,all,2
,9,Positive,Social Situations,,,Jokes with Friends ,"A group of your co-workers are whispering and looking in your direction. Some of them are laughing really hard. You don't have time to go say hi, and you think they were probably laughing at a joke.",N/A,Were they laughing at you?,No,,https://drive.google.com/file/d/12y3RCcUA6c2px4Via0vV9blbTbjsS6yw/view?usp=sharing,all,2
,10,Positive,Social Situations,Academics/Work/Career Development,,The Meeting,You are walking to an important meeting with your supervisor. Suddenly your mind goes blank as you reach for the doorknob to her office. You think about your mind going blank and think that this is normal.,N/A,Is it scary that your mind went blank right before your meeting?,No,,https://drive.google.com/file/d/1v_4FGXs96Yggu3t319aUfGuvOfo--Ji7/view?usp=sharing,all,3
34,1,Write Your Own,Social Situations,,,Write Your Own,,,,,,,write your own,45
35,1,Write Your Own,Social Situations,,,Write Your Own,,,,,,,write your own,45
36,1,Write Your Own,Social Situations,,,Write Your Own,,,,,,,write your own,45
37,1,Positive,Social Situations,Academics/Work/Career Development,,Participation,"You consider attending a hands-on workshop in which your opinion will be required often, even though you do not like talking in front of others. After attending the workshop, you realize that this decision was great. ",N/A,Are you happy you attended the workshop?,Yes,,https://drive.google.com/file/d/1Dh2em2eifFjm2KkfZDfxM2WuvxRCmMV7/view?usp=sharing,1,3
,2,Negative,Social Situations,,,Exposing a Friend,"You recently visited a friend that you hadn’t seen in a long time, and when you get back, you find out that your partner has woken up with a sore throat. Your partner is getting a COVID test today, but you are worried about the results and scared you may have accidentally exposed your friend. You think about what will happen if your partner tests positive and feel your friend will understand and forgive you.",N/A,Will your friend be angry at you for exposing her?,No,,https://drive.google.com/file/d/1qAWjFQka56L2bKl6Z_LGoTqGb_lPiUg-/view?usp=sharing,1,2
,3,Positive,Social Situations,,,Late Friend,"You're meeting a friend at a local park. After 20 minutes, your friend still hasn't arrived. You think they probably are coming.",N/A,Did your friend stand you up?,No,,https://drive.google.com/file/d/1GJPQZOTJ47ZRiIKEu_ijYwvfBNaT4KA5/view?usp=sharing,1,2
,4,Resilience/Negation,Social Situations,Family & Home Life,,Family Member Tension,"You and a family member had tension build up during a conversation a couple months back. You have not talked since that interaction, but there is a holiday event coming up that you and your family member will both attend. You wonder if they will confront you again.","After thinking about it, you decide that the topic that you disagreed upon is still an important issue for you. You decide to avoid the family member to keep yourself from an uncomfortable situation.",Will you try to reengage in a conversation with the family member?,No,,https://drive.google.com/file/d/1g5l905rSslaK-uHj6vY5LZpSy42h1tjN/view?usp=sharing,1,2
,5,Positive,Social Situations,,,Old friend ,"While at a festival, you spot an old friend not far away and call out to them. They do not reply to you. You decide that this is because they are distracted.",N/A,Your friend probably did not reply to you because ...,They did not see you call out to them.,They do not like you.,https://drive.google.com/file/d/1FzEAS5eWYKUvzFSsM4Wh2iUAZMohz6Mw/view?usp=sharing,1,2
,6,Resilience/Negation,Social Situations,,,The Soccer Tournament,"After being inactive for a few years, you recently joined a recreational soccer league. There is a tournament at the end of the season. ","You believe that you will not let your teammates down, and you will contribute to your team's success.",Will your performance probably contribute to the team's success?,Yes,No,https://drive.google.com/file/d/1PQ_kdmKXsfTKUUEZbyfP4dhmzJiKXw8g/view?usp=sharing,1,3
,7,Positive,Social Situations,,,Talking about TV,"You are talking with a group of friends about TV shows. When you share your opinion on an old TV show that you just discovered, no one responds. They are probably thinking about how interesting the plot sounds.",N/A,Do your friends judge you for what you said about the TV show? ,No,,https://drive.google.com/file/d/1opDxSogFwDYpEb5PGw4jTADE96Y2WtG7/view?usp=sharing,1,3
,8,Positive,Social Situations,Family & Home Life,,New Apartment to Yourself,You just moved to a new apartment and you are living alone for the first time in a while. Your days are very quiet and you often find yourself staying in on the weekends with much fewer plans  than you had when you were living with people. This feels like a relaxing change of pace.,N/A,Are you bored living alone?,No,,https://drive.google.com/file/d/1VlSJxjX6YZt0epDm0HUx0I8HU-2SSjKk/view?usp=sharing,1,3
,9,Positive,Social Situations,,,Wearing Something Old,"You get invited to an office party and you decide to wear a suit you got last year. You arrive and everyone else seems to have an outfit that is brand new. As you walk around, the host comes up to you and says you look nice.",N/A,Does the host of the party think you look bad?,No,,https://drive.google.com/file/d/17W0dNbQ648WWbCLDQ3kAkeR0bT1bWMyW/view?usp=sharing,1,2
,10,Positive,Social Situations,Academics/Work/Career Development,,Feeling Different,"You're participating in an online conference and look at everyone's video. You notice that among the group of people, you look different from everyone else. You think about this and realize it is okay.",N/A,Is it bad that you feel different from others in your field?,No,,https://drive.google.com/file/d/1FYlM1a2tGzuMSOP9mBCzc1EGii_cJCXM/view?usp=sharing,1,3
38,1,Positive,Social Situations,Academics/Work/Career Development,,Zoning Out,You are sitting in an online meeting and space out for a minute. Your boss asks you a question and you didn't hear it. You ask her to repeat her question and this makes you feel  ok.,,Are you comfortable asking your department head to repeat her question?,Yes,,https://drive.google.com/file/d/1ZxZ_841mwj2NoY_cCWf9GHGmHmnONE6A/view?usp=sharing,1,3
,2,Positive,Social Situations,,,Suggestion to meet again,"You meet someone at an event and feel that you got along well. Later, you call and suggest meeting again. The reply you get makes you feel that the person thinks meeting again would be enjoyable.",N/A,The person you met at the event will probably...,Say yes if you suggest meeting again,Say no if you suggest meeting again.,https://drive.google.com/file/d/1zcSYCq7ymkaCpr9sIJm7rsA3luVq-XEs/view?usp=sharing,1,2
,3,Resilience/Negation,Social Situations,,,The New City,"You have been living in a new city for a few months, and have been having some trouble making new friends. You have been very busy since your move, but you know it is important to establish good relationships here in your new home. ","As you think about life in your new city, you do not see yourself having to be alone, and you believe that you will make friends.",Do you think you will end up alone a lot in your new city?,No,Yes,https://drive.google.com/file/d/1vmg4TsmrtbYfXhY-wPcqKCSfD3CWS8Kl/view?usp=sharing,1,3
,4,Resilience/Negation,Social Situations,,,Social media photo,You are invited to an event and decide to wear a new outfit that is not your typical style. The next day you see that your photograph has been posted on a social media website. The thought of everyone seeing your photo makes you feel embarrassed. ,"In the end, you realize that many people feel embarrassed when seeing their own picture in public. Other people will probably enjoy seeing your photo on the social media website.",Are you looking forward to others seeing your picture on the website?,Yes,,https://drive.google.com/file/d/1sVKizgA3QnMOtyy7qNs8X9ndbUMsWmuE/view?usp=sharing,1,1
,5,Positive,Social Situations,,,Party People,"You arrive at a large party and quickly realize that there are a lot of people you do not know there. You feel anxious and consider going home. Looking around the room, you decide to stay.",N/A,The party will probably be ...,Exciting because you have a chance to meet new people.,Awkward and uncomfortable because you do not know many people.,https://drive.google.com/file/d/1Zc-4xffN0v0XdDSXW-x1NAACedZAqgXQ/view?usp=sharing,1,2
,6,Positive,Social Situations,,,A child's request,"You are looking after a friend's child. The child asks to go to a park in a different neighborhood. In your opinion, an ordinary outing like this is safe.",N/A,Is going to a park in a different neighborhood dangerous?,No,,https://drive.google.com/file/d/1tX2agdycBIu3O0qdoVYjKYA_m3wzz7yi/view?usp=sharing,1,2
,7,Negative,Social Situations,Academics/Work/Career Development,,Important Presentation ,"You have been asked to give a presentation about some of your latest projects at a major conference. This is a great opportunity to highlight the good work you have been doing, but you feel nervous talking in front of such a big group of your peers. As you think about how the people at the conference will react to your presentation, you believe they will think you looked nervous.",,"After your presentation, people in the audience will probably think about",How much trouble you had giving the talk.,How well you did in your talk.,https://drive.google.com/file/d/1mDkkEgN6DM4uUXlBqKzoV3AT0Fc6OUwv/view?usp=sharing,1,3
,8,Positive,Social Situations,,,Creative Confidence ,"You are invited to a Halloween party and will only know a couple of people there. You decide to wear a really elaborate costume. When you arrive, everyone looks at you and probably think that you are creative.",N/A,Are the people at the party negatively judging your costume?,No,,https://drive.google.com/file/d/16gkTECYcnvJgqAf4b7F6zKXjVETn1PHf/view?usp=sharing,1,2
,9,Positive,Social Situations,Physical Health,,Safe Delivery,"One of your close friends tests positive for COVID, and they ask you to deliver them groceries. You don't want to get exposed by being close to their home, but you also want to be helpful. You find a way to safely deliver the food from afar.",,Are you able to help your friend?,Yes,,https://drive.google.com/file/d/1c6ieeJOV0oWUI1mr-p9FOf9xvwkeVctA/view?usp=sharing,1,3
,10,Positive ,Social Situations,,,Alternative Contact ,"You meet a new staff member in your online meeting for your department and they ask if you have Facebook. When you tell them that you don't have Facebook, they grow quiet. They coud be brainstorming other ways to contact you, which makes you feel happy.",N/A,Did your aquaintance get quiet because they were judging you?,No,,https://drive.google.com/file/d/1PEUKUXMS1lyIs1M8OykJgDxAj2U0uhUM/view?usp=sharing,1,3
39,1,Positive,Social Situations,,,Missed Connection,You are sitting at a coffee shop when you see your friend. They walk past you and sit down next to someone else. They must have been distracted.,N/A,Is your friend upset with you?,No,,https://drive.google.com/file/d/1W-3y9MBzBjx8H95X6f2oIWBLj-DtqM3n/view?usp=sharing,1,2
,2,Resilience/Negation,Social Situations,Academics/Work/Career Development,,Brief call,"You are in meeting, and during a brief break you call home to speak to your significant other. You are late getting back into the meeting room and everyone looks up when you open the door. Others see your actions as disruptive.",After the meeting you realize that the other students were probably just surprised that the door suddenly opened. Chances are they think that your opening and closing the door quietly means you are considerate.,Did people think your returning to the meeting late was rude?,No,,https://drive.google.com/file/d/1erMRFTmY4lmvlMrKvVk2If-RizKCWZ0l/view?usp=sharing,1,2
,3,Positive,Social Situations,,,Watching a Movie with Friends,"You and some friends are watching a movie at your home. At the end of the movie, your friend asks what that funny smell is. You know that's your dinner, and when you think about how to answer you feel hungry.",,Are you anxious about telling your friend that the smell is your dinner?,No,,https://drive.google.com/file/d/1ycooBDYhbqicxiNW3ADymBujgdMVhh8h/view?usp=sharing,1,2
,4,Positive,Social Situations,,,Conversation with Stranger,"You are at a birthday party for a friend and talking with someone you just met. You cannot tell whether the person thinks you are interesting or boring, and you decide that not knowing is okay.",N/A,"Overall, the conversation was probably a ...",Low-pressure and pleasant chance to meet a new person.,"Stressful situation, because the person might have found you uninteresting.",https://drive.google.com/file/d/1xYq4Dvk8Dk8PkSkRy32Uyga7CXkJ8vAX/view?usp=sharing,1,2
,5,Positive,Social Situations,,,Cancelled plans,"You arrange to meet a friend in town. Last time you met, you disagreed on something you were discussing. Just before you leave, they call to say that they can't make it. As you put down the phone, you think that this is because they are feeling busy.",N/A,Your friend probably cancelled your plans together because ...,They remembered they had an important meeting at work at the same time.,They are mad at you because of your previous disagreement.,https://drive.google.com/file/d/1XmEF3Y_EVn1lonn_hWKIbtSjgRFn_dbg/view?usp=sharing,1,2
,6,Positive,Social Situations,,,Nerves at a Big Moment,You are about to give a presentation and you feel your body tremble. You don't usually feel this way when you speak in front of people. These trembling feelings mean that you are ready.,,Do the trembling feelings mean that you are unprepared for the presentation?,No,,https://drive.google.com/file/d/1euj4QAMrOxGJVTxv0VX9mSsgDp8o5SwZ/view?usp=sharing,1,3
,7,Resilience/Negation,Social Situations,,,Grocery store experience,"You are shopping in a grocery store. As you are browsing some shelves, you accidently knock several cans on the floor and shoppers turn to look at you. The shoppers see the cans on the floor and respond with annoyance.","In the end, you realize that people were probably just surprised by the sound and turned around reflexively. The shoppers saw that no one was injured and probably felt relieved.",The other shoppers probably felt ...,Relieved that no one was injured.,Annoyed by the loud sound.,https://drive.google.com/file/d/1aeBYvXXRRb7XOm5OW_eMlyeAIEi7Zc5t/view?usp=sharing,1,2
,8,Negative,Social Situations,,,The Dance Showcase,"You have been taking a dance class at the local community center, and the time has come for your end of class showcase. You want to invite your friends and family to the showcase, but you worry you'll embarrass yourself if you are not very good. While deciding whether or not to invite people to your show, you see yourself bombing.",,"If you invite your friends and family, they will probably think",You looked really silly and hope they're not invited again.,You did a good job and they hope you invite them to future showcases.,https://drive.google.com/file/d/1i0Fyi1U2KcNHbvvvDIlINUkFHD4jNSh-/view?usp=sharing,1,3
,9,Positive,Social Situations,Family & Home Life,,Dinner Conversation,"You are at your friend's house for dinner and they ask you about your parents. You're not sure how to answer because your parents are divorced, and you haven't seen your mother for a long time. You think about what you'll say, and feel confident.",,Are you able to talk about your divorced parents?,Yes,,https://drive.google.com/file/d/18ON-daCCgtQApC9SVxzPUIsZEHK2kZJK/view?usp=sharing,1,3
,10,Positive,Social Situations,Academics/Work/Career Development,,A sip of water,"You are told you need to give a presentation to your coworkers. When it is time to present, you have a sip of water and wonder what your coworkers will think of you. As you begin to speak, you feel scared and decide to continue.",N/A,When you feel anxious during a presentation...,You have the ability to continue with your talk.,You have to stop your talk and flee the situation.,https://drive.google.com/file/d/1M2nmwy6Vs-FYWSeplo1FuQ51PqchzdnB/view?usp=sharing,1,3
40,1,Positive,Social Situations,Academics/Work/Career Development,,Word stumbling,"You have to make a presentation about your work to your colleagues and your boss. As you start, you stumble on your first few words. Continuing with it, you think that your performance will be evaluated positively.",N/A,Do you think others will like your presentation?,Yes,,https://drive.google.com/file/d/1xUVHP-lj26dCvOIiMMMta2bgIGRH5hR9/view?usp=sharing,2,3
,2,Negative,Social Situations,,,Cooking a Casserole,"You are going to a potluck dinner party, and you want to make your family's macaroni casserole to bring. You have the recipe your parents gave you, but you worry you don't have the cooking skills to pull off the dish. You think that people at the party will probably think your casserole tastes unappetizing.",,"When you think about the reactions to your casserole, you see the other guests",Leaving their servings on their plates.,Going for seconds,https://drive.google.com/file/d/12kKvu8IBTJkLrM3hsryH2oaUOq9wkAyI/view?usp=sharing,2,3
,3,Resilience/Negation,Social Situations,Mental Health,Romantic Relationships,Pool Time,"You and your partner are on vacation and decide to spend time at the pool, and you notice you forgot to pack sunscreen.  Your partner specifically reminded you to pack the sunscreen before leaving the hotel room. Recently, you and your partner have been fighting more than usual, and you think your partner will be angry. ","You apologize to your partner, and volunteer to go get sunscreen somewhere. Your partner thanks you for going, and is not upset. ",Is your partner mad at you?,No,Yes,https://drive.google.com/file/d/14PpW4hP6WC0D2w8vTG9u7dihy5qj4aKs/view?usp=sharing,2,3
,4,Positive,Social Situations,Family & Home Life,,Bilingual Home,"You are having dinner with a coworker. While you're eating dinner together, you take a phone call from a family member and you switch back and forth between English and another language. You never told your coworker that your family members are bilingual. You think about your coworker's reaction, and think that she'll think it is interesting.",,Is your coworker judgmental of your bilingual family?,No,,https://drive.google.com/file/d/1vTuw-1aglVPbYE4oaEYbIP6LLuikDSFt/view?usp=sharing,2,3
,5,Positive,Social Situations,Mental Health,,Picture with Friends,"You and your friend took some pictures together. You look through your feed and see that they tagged you in a post and you really don't like how you look. But, you know that in the long run it won't matter.",N/A,Are you worried about your appearence in the posted picture?,No,,https://drive.google.com/file/d/1NvTM1g3vx1Kut8y_4vvBJo79qKHzUztk/view?usp=sharing,2,3
,6,Positive,Social Situations,,,Alternative Contact ,"You meet a new staff member in your online meeting for your department and they ask if you have Facebook. When you tell them that you don't have Facebook, they grow quiet. They coud be brainstorming other ways to contact you, which makes you feel happy.",N/A,Did your aquaintance get quiet because they were judging you?,No,,https://drive.google.com/file/d/1PEUKUXMS1lyIs1M8OykJgDxAj2U0uhUM/view?usp=sharing,2,3
,7,Resilience/Negation,Social Situations,,,Meeting New People,"You started working at a new school this fall. Since classes are all online, you haven't been able to meet any of your colleagues in person. You have seen some of them hanging out and feel lonely.",You decide to take initiative and ask for their numbers. You feel hopeful,Can you make friends with your colleagues even though everything is online?,Yes,,https://drive.google.com/file/d/17rrY5glWx7HLnwQXqltgLjRQtnDJN7lu/view?usp=sharing,2,2
,8,Positive,Social Situations,,,Long Weekend Alone,"You have off on Monday for a holiday, and you know people will make plans for the long weekend. After a close friend said they're out of town for the weekend, you realize you don't have anyone to hang out with for the long weekend. This makes you optimistic about making new friends next week.",,Are you sad about the long weekend?,No,,https://drive.google.com/file/d/1B_E3Rai1ryz0k3GHQJvSW3MgQduprhw0/view?usp=sharing,2,2
,9,Positive,Social Situations,Physical Health,,Sensational Party,"You are at a birthday party for a friend of a friend. You notice that you are flushed and a little sweaty. Standing there, you think that these sensations are normal.",N/A,People will probably ...,Not see you sweat since the room is dimly lit.,Notice that you are sweating.,https://drive.google.com/file/d/1cfjkxrnn1-Ws7c5KzE7-FN0aIqqXiOQF/view?usp=sharing,2,3
,10,Positive,Social Situations,Physical Health,,Seeing an Old Friend,You see an old friend you haven't spoken to in years. Your heart skips a beat. You feel excited.,,Is it OK that your heart felt like it skipped a beat?,Yes,,https://drive.google.com/file/d/1y8Ol0_urR_KdDlcWEw9hZ979KBQ_ozHp/view?usp=sharing,2,3
41,1,Resilience/Negation,Social Situations,Academics/Work/Career Development,,Coffee shop,"You are working on a project with a coworker at a small table in a coffee shop, and when your coffee arrives, you accidentally spill it all over their papers, which makes them jump in distress.","After you clean up the mess as best as you can, you realize that their response was a normal, knee-jerk reaction. They say that they are not upset with you, and you believe that they are sincere.",Your coworker is probably ...,Not bothered.,Annoyed.,https://drive.google.com/file/d/1g0Aaap92WMbAwnbJvE20t419aXKMEHdi/view?usp=sharing,2,3
,2,Positive,Social Situations,,,Talking with Advisor,"There's a personal question that you've been wanting to ask your boss for a while, but you haven't. You picture yourself asking when you meet next. As you think about the question, you feel ready.",,Are you looking forward to asking your boss a question?,Yes,,https://drive.google.com/file/d/14mVSNxKB88kHmK1Nd3S6M-2rUVzmmoxr/view?usp=sharing,2,2
,3,Positive,Social Situations,,,Disrupting the Silence,You walk into a quiet meeting room a few minutes late. The door squeaks really loudly as you enter and your coworkers look in your direction. They are probably feeling surprised.,N/A,Are your coworkers annoyed that you disturbed them?,No,,https://drive.google.com/file/d/1To4f_zxdcC6nVMeuf42V-32MmiEU5jxS/view?usp=sharing,2,2
,4,Negative,Social Situations,,,Meeting an old acquaintance,"An old acquaintance just moved to Charlottesville and asks you out to coffee. You are nervous about seeing them again after many years and could easily tell them that you are too busy. You are at home when they call about meeting, and you decline the call. ",N/A,Do you take your acquaintance’s call to meet for coffee?,No ,,https://drive.google.com/file/d/1pyQstjJZOoKDUECn8lpjVkVEJglsI_E8/view?usp=sharing,2,3
,5,Positive,Social Situations,,,Comedic Genius,"You're out to lunch with a group of your friends. You make a joke that you think is really funny, but no one really laughs. They were probably distracted.",,Did you say the wrong thing?,No,,https://drive.google.com/file/d/12Y4uqZNuPSg8HgswTCK3obdaz50gCnDn/view?usp=sharing,2,2
,6,Positive,Social Situations,,,Nerves at a Big Moment,You are about to give a presentation and you feel your body tremble. You don't usually feel this way when you speak in front of people. These trembling feelings mean that you are ready.,,Do the trembling feelings mean that you are unprepared for the presentation?,No,,https://drive.google.com/file/d/1euj4QAMrOxGJVTxv0VX9mSsgDp8o5SwZ/view?usp=sharing,2,3
,7,Positive,Social Situations,Academics/Work/Career Development,,Not Invited to Dinner,"You just started at a new job and you work with lots of new people. You hear a few of them laughing together and talking about going out to dinner and you wait for them to invite you, eager to make friends, but they don't. As you think about your future with this group, you feel okay.",N/A,Is it too late to befriend your new coworkers?,No,,https://drive.google.com/file/d/1nVCrQvzsMF5KCRUZMiYr0rakkwQqslrO/view?usp=sharing,2,3
,8,Positive,Social Situations,,,Sore Throat at Dinner,"You make plans to go out to dinner with a friend, but you aren't sure if they've been around a large group of people recently. When they arrive at dinner, they keep taking sips of water, explaining that their throat tickles. You figure it's probably from talking a lot at dinner. ",N/A,Do you think your friend's tingly throat is a sign of COVID?,No,,https://drive.google.com/file/d/1Ov9UsJRy1mvU-GzTqh49IA5vcZn32lIY/view?usp=sharing,2,2
,9,Positive,Social Situations,Mental Health,,Early Morning,You just started a new job and some friends from work want to take you to a party tonight. You let them know that you have to be up early tomorrow morning for an important event and that you can't go with them and they seem disappointed. You think that your new friends will respect your decision to put your needs first.,N/A,Do your friends judge you for not going out with them?,No,,https://drive.google.com/file/d/1Zc-4xffN0v0XdDSXW-x1NAACedZAqgXQ/view?usp=sharing,2,3
,10,Resilience/Negation,Social Situations,,,Overhearing your name,"At work you overhear some coworkers discussing other people and hear your name mentioned. You do not hear everything they say, but when you walk by, they suddenly look away with guilt.","Afterwards, you realize that many people engage in office gossip from time to time and that your colleagues probably did not mean to make you feel bad. In fact, it is possible that they were saying something positive.",Were your coworkers saying negative things about you?,No,,https://drive.google.com/file/d/1luHbcPLj4BFquei2XFd_e4PgL9z8fBaB/view?usp=sharing,2,2