Broad Domain 1,Broad Domain 2,Broad Domain 3,Type,Title,Body,Body #2,Comprehension,Correct response,Incorrect response,Photo Url,Photo Name,Letters Missing,
Académicos/Trabajo/Desarrollo Profesional,Situaciones Sociales,,Positive,Esta reunión,"Estás caminando a una reunión importante con tu jefe. De repente, tu mente se queda en blanco y piensas que esto es normal.",N/A,¿Te da miedo que tu mente se quedó en blanco antes de tu reunión?,No,,https://drive.google.com/file/d/1v_4FGXs96Yggu3t319aUfGuvOfo--Ji7/view?usp=sharing,1.jpg,1,
Académicos/Trabajo/Desarrollo Profesional,Situaciones Sociales,,Positive,Una presentación grande,Estás a punto de dar una presentación importante. Te sientes ansioso al respecto. Esta sensación te hace sentir emocionado.,N/A,¿Te sientes emocionado por la presentación?,Sí,,https://drive.google.com/file/d/1Isymza3G0kL57wzhqwxZgxIn5utKL9wO/view?usp=sharing,2.jpg,1,
Académicos/Trabajo/Desarrollo Profesional,,,Resilience/Negation,Oportunidad nueva,Estás en el trabajo y te enteras de que surgió una oportunidad de ascenso en tu departamento. Piensas que podrías ser elegible y decides preguntarle a tu jefe por más detalles. Tu jefe te dice que los criterios de selección son muy estrictos y que es probable que tu aplicación sea rechazada.,"Al día siguiente, te encuentras con tu jefe en el pasillo. Te das cuenta de que aunque tu jefe piensa que es posible que aún no estés listo para un ascenso, él cree firmemente que eres capaz de estar listo para uno el próximo año y es probable que tengas éxito.",Tu jefe piensa que no deberías aplicar para un ascenso ahora porque...,Estarás listo para uno el próximo año.,Nunca serás capaz.,https://drive.google.com/file/d/1OpOhL2p65K4b_HCgRQpLm16ZlkzUCe2s/view?usp=sharing,3.jpg,1,`
Académicos/Trabajo/Desarrollo Profesional,,,Positive,Un tropiezo repentino,"Es tu primer día en un trabajo nuevo y vas a hablar con tu jefe. Al caminar hacia el, te tropiezas y luego te recuperas. Se dio cuenta y su primera impresión de ti probablemente es que estás muy preparado para el trabajo.",N/A,Tu jefe probablemente piensa que...,Estás listo para enfrentar desafíos.,Eres una persona torpe.,https://drive.google.com/file/d/1DttLONiIj8xl29lRpUM8ExKkKo4JbVNe/view?usp=sharing,4.jpg,1,
Académicos/Trabajo/Desarrollo Profesional,Situaciones Sociales,,Negative,Mostrar tu experiencia,"Tu supervisor llama a una reunión relacionada a una nueva iniciativa y pide a cada asistente que presente sus ideas y experiencia previa. Cuando es tu turno de hablar, haces pausas con frecuencia. Al reflexionar sobre la reunión más tarde en el día, sientes que el supervisor pensó que sonabas tonto.",N/A,Es probable que tu supervisor te haya encontrado...,sin preparación y deficiente.,Eficaz.,https://drive.google.com/file/d/1npkE7h685FSS9kM33IyEeOyngro5KOvm/view?usp=sharing,5.jpg,1,
Académicos/Trabajo/Desarrollo Profesional,Salud Mental,,Positive,Puerta cerrada,"Llegas a casa del trabajo un viernes por la noche y te preguntas si has cerrado la puerta de la oficina. Normalmente cierras la puerta con llave, pero todavía te sientes ansioso sin saberlo con seguridad. Tu fin de semana fuera de la oficina será agradable.",N/A,Durante el fin de semana vas a...,Descansar y pasar tiempo con amigos o familiares.,Preocuparte por si cerraste la puerta con llave.,https://drive.google.com/file/d/1qii6Tw7lK46f_BUds8kymQOtUEDhZqjV/view?usp=sharing,6.jpg,1,
Académicos/Trabajo/Desarrollo Profesional,,,Positive,Listo para trabajar,"Tienes muchas tareas que tienes que entregar mañana. Has estado postergando hacerlas porque van a ser difíciles. Cuando piensas si podrás hacer el trabajo, piensas que puedes.",N/A,¿Vas a completar tu tarea?,Sí,,https://drive.google.com/file/d/1ctfYI6TZJr5mbm-BjK9jNskpLStAn1mj/view?usp=sharing,7.jpg,1,
Académicos/Trabajo/Desarrollo Profesional,Situaciones Sociales,,Resilience/Negation,Comentarios sobre tu trabajo,"Recientemente entregaste un informe y tu jefe te pide que lo veas para hablar sobre tu trabajo. Cuando entras a su oficina, te dice que te sientes porque hay muchos comentarios que analizar, mirándote con el ceño fruncido.","Durante la reunión, te das cuenta de que tu jefe se esfuerza mucho en brindarle comentarios útiles y que ve esto como una forma de brindarle una valiosa oportunidad de aprendizaje.",Tu jefe probablemente piensa que ...,Tienes gran potencial.,Eres incapaz.,https://drive.google.com/file/d/1LeCW8Zaw5qO3kfJKG0mZmeeHjw8dApHc/view?usp=sharing,8.jpg,1,
Académicos/Trabajo/Desarrollo Profesional,,,Positive,El curso difícil,"Te has inscrito en un programa de ciencia de datos ofrecido por tu lugar de trabajo porque crees que será una habilidad útil que podrás adquirir en el futuro. Sabes que la demanda de personas con experiencia en ciencia de datos está aumentando, pero el programa es muy difícil.","Al imaginar cómo te irá en el programa, no te ves fracasando, sino que crees que tus esfuerzos por aprender algunas habilidades de ciencia de datos tendrán éxito.",¿Crees que serás eficaz para adquirir algunas habilidades en ciencia de datos?,Sí,No,https://drive.google.com/file/d/18HsxK2zdx8J0wLQE1QZITsfajDWRjgaX/view?usp=sharing,9.jpg,1,
Académicos/Trabajo/Desarrollo Profesional,Situaciones Sociales,,Positive,Palabra tropiezo,"Tienes que hacer una presentación sobre tu trabajo a tus compañeros y a tu jefe. Al empezar, te tropiezas con las primeras palabras. Sin embargo, al continuar, crees que tu desempeño será evaluado positivamente.",N/A,¿Crees que a los otros les gustará tu presentación?,Sí,,https://drive.google.com/file/d/1xUVHP-lj26dCvOIiMMMta2bgIGRH5hR9/view?usp=sharing,10.jpg,1,
Académicos/Trabajo/Desarrollo Profesional,Finanzas,,Positive,Ingresos adicionales,"Recientemente te has sentido abrumado con el trabajo, pero sabes que necesitas conseguir un segundo trabajo para estar en una situación financiera más estable. Mientras buscabas trabajo en línea, viste un solicitud para un trabajo que suena muy divertido para ti. Piensas que trabajar este segundo trabajo será manejable. ",N/A,¿Crees que puedes manejar un segundo trabajo?,Sí,No,https://drive.google.com/file/d/1UBORN__WOk3N5lP4X-qA_lwYYhlyyYqS/view?usp=sharing,11.jpg,1,
Académicos/Trabajo/Desarrollo Profesional,,,Positive,Terminando el trabajo,"Tienes un proyecto que entregar en el trabajo la próxima semana. Aún no lo has comenzado porque no estás seguro de cuál es la mejor manera de completarlo. Cuando piensas en completar el proyecto a tiempo, te sientes seguro.",N/A,¿Te preocupa completar tu proyecto a tiempo?,No,,https://drive.google.com/file/d/12ozsRqQm34HuapdP-IpswqSXrE7BODWH/view?usp=sharing,12.jpg,1,
Académicos/Trabajo/Desarrollo Profesional,,,Negative,Proyecto de escritura,"Tu supervisor te pide que escribas un informe. El documento terminado es bastante breve, pero tomó mucho tiempo y esfuerzo. Basado en tu escritura, piensas que la opinión de tu supervisor de ti será negativa. ",N/A,Es probable que tu supervisor te haya encontrado...,Incapaz.,Capaz.,https://drive.google.com/file/d/1ddDarVDFeMrqrQX7pLc5SYlfb8WVa2d3/view?usp=sharing,13.jpg,1,
Académicos/Trabajo/Desarrollo Profesional,,,Resilience/Negation,Obtener una oportunidad,"Has enviado una solicitud para un trabajo que esperas conseguir. Esperas conseguir una entrevista para el trabajo después de que revisen tu solicitud, pero sabes que es muy competitiva.","Con tus calificaciones, no crees que rechacen tu solicitud y esperas obtener una entrevista.",¿Te invitarán a una entrevista?,Sí,No,https://drive.google.com/file/d/1kw58e9iPvU1vOT2PxZuYepma0F30V2qn/view?usp=sharing,14.jpg,1,
Académicos/Trabajo/Desarrollo Profesional,,,Positive,Certidumbre de estar en lo correcto,"Estás teniendo una discusión intelectual con tu colega. En una de las preguntas que te hacen, estás 90% seguro de que conoces la respuesta correcta. Cuando respondes, te sientes seguro.",N/A,¿Te sientes inseguro acerca de tu respuesta?,No,,https://drive.google.com/file/d/1nVCrQvzsMF5KCRUZMiYr0rakkwQqslrO/view?usp=sharing,15.jpg,1,
Académicos/Trabajo/Desarrollo Profesional,Salud Mental,,Positive,Reunión uno a uno,"Hoy tienes una reunión individual con tu intimidante jefe, lo que te pone nervioso. Durante la reunión, pierdes momentáneamente el hilo de tus pensamientos. Después de eso, tu ansiedad es tolerable.",N/A,¿Eres capaz de tolerar tu ansiedad mientras te reúnes con tu jefe?,Sí,,https://drive.google.com/file/d/1XdpsyI2ipYQdebyRJI6icWGBOLJlNXCD/view?usp=sharing,16.jpg,1,
Académicos/Trabajo/Desarrollo Profesional,,,Positive,Poniendo la preparación a prueba,"Tienes una presentación importante hoy. Has estado trabajando duro en ello porque es un requisito para tu trabajo. Cuando comienzas la presentación, te sientes preparado.",N/A,¿Te sientes listo para tu presentación hoy?,Sí,,https://drive.google.com/file/d/1EGxTcZKCBXrsb-DSPlRArXgAO9zeOHEV/view?usp=sharing,17.jpg,1,
Académicos/Trabajo/Desarrollo Profesional,,,Positive,Rendimiento deficiente,"Hoy por la noche descubrirás los resultados de tu evaluación anual de rendimiento en el trabajo. Tus calificaciones son bajas en una categoría y sabes que tu supervisor querrá reunirse contigo para hablar sobre tu desempeño. Cuando piensas en lo que tu supervisor te dirá, te sientes bien.",N/A,¿Puedes manejar la reacción de tu jefe con respeto a tu evaluación deficiente?,Sí,,https://drive.google.com/file/d/1R2qiJM_IDzSxINZRkJ1oU9N7X9ZhWZBn/view?usp=sharing,18.jpg,1,
Académicos/Trabajo/Desarrollo Profesional,,,Positive,Visítas importantes,"Algunas personas importantes están visitando tu oficina y te piden que les presentes un proyecto. El día de la presentación, organizas tus diapositivas y te preparas mentalmente. Piensas que los visitantes evaluarán tu presentación como organizada.",N/A,¿Los visitantes quedarán poco impresionados con tu presentación?,No,,https://drive.google.com/file/d/1cJz2W2jQrnpZ4LfT39NhgX0UGBztrPPa/view?usp=sharing,19.jpg,1,
Académicos/Trabajo/Desarrollo Profesional,,,Resilience/Negation,Un panel de entrevista,"Eres el tercer y último candidato que será entrevistado para un trabajo. El panel de entrevistas te saluda cuando entras a la sala de conferencias. Cuando te sientas, sientes que tus mejillas arden y comienzas a temblar. Probablemente, el panel te percibe como nervioso.","Después de la entrevista, te das cuenta de que es normal estar nervioso durante entrevistas con paneles. Es probable que los miembros del panel te hayan percibido como bastante calmado y entusiasta.",¿Crees que los entrevistadores te ven como una persona nerviosa?,No,,https://drive.google.com/file/d/1mTDpifErX2S2EJttSEMaqR6mz1MpzjR7/view?usp=sharing,20.jpg,1,
Académicos/Trabajo/Desarrollo Profesional,Salud Mental,,Positive,Quedando atrás,"Recientemente comenzaste un nuevo trabajo. Mientras trabajas, parece que todos los que te rodean saben lo que están haciendo, pero aún estás confundido. Crees que esto se debe a que todavía estás aprendiendo y pronto te darás adaptarás.",N/A,¿Mejorarás en tu trabajo?,Sí,,https://drive.google.com/file/d/1V3qcOIHvtf7LmQss0ruGtHPfIMlyIauX/view?usp=sharing,21.jpg,1,
Académicos/Trabajo/Desarrollo Profesional,Vida Familiar y Doméstica,,Positive,Fecha límite cercana,"Tú y tu pareja comparten una oficina en casa. Tienes una tarea del trabajo que entregar esta noche, pero tu pareja está usando la oficina. Cuando piensas en completar el trabajo a tiempo, te sientes seguro.",N/A,¿Terminarás tu tarea a tiempo?,Sí,,https://drive.google.com/file/d/1q13omJofjfnPiBpNlEwv-3_ZALGQEk6h/view?usp=sharing,22.jpg,1,
Académicos/Trabajo/Desarrollo Profesional,Salud Mental,,Resilience/Negation,Trabajando para salir adelante,"Te acaban de dar un trabajo en una oficina que realmente admiras. Para recibir el ascenso que deseas, sabes que tendrás que trabajar muy duro durante varios años y que el resultado es incierto.","Cuando imaginas tu probable puesto en la empresa en el futuro, no te ves siendo pasado por alto y esperas obtener el trabajo que deseas.",¿Esperas conseguir eventualmente el trabajo que deseas?,Sí,No,https://drive.google.com/file/d/1iFL-df-zgCCAJLsGw8Thh-FkkGSlVrbM/view?usp=sharing,23.jpg,1,
Académicos/Trabajo/Desarrollo Profesional,,,Positive,Obtener una oportunidad,"Has enviado una solicitud para un trabajo que esperabas conseguir. Esperas conseguir una entrevista para el trabajo después de que revisen tu solicitud, pero sabes que es muy competitiva. Con tus calificaciones, esperas recibir una llamada.",N/A,Tus calificaciones...,Te ponen en una buena posición para conseguir una entrevista.,Probablemente no sean lo suficientemente fuertes como para hacerte destacar.,https://drive.google.com/file/d/1kw58e9iPvU1vOT2PxZuYepma0F30V2qn/view?usp=sharing,14.jpg,1,
Académicos/Trabajo/Desarrollo Profesional,Situaciones Sociales,,Resilience/Negation,Mente va en blanco,Tu jefe te llama para que respondas una pregunta sobre los planes que acabas de discutir. No sabes qué decir. Tu mente se queda en blanco.,"Te das un momento para ordenar tus pensamientos y luego responder a la pregunta. Cuando piensas en la respuesta que diste, te sientes bien. ",¿Eres capaz de responder la pregunta?,Sí,,https://drive.google.com/file/d/1peJsSeWbW75_7SXUaFUQcsUBkEkp3q7I/view?usp=sharing,24.jpg,1,
Académicos/Trabajo/Desarrollo Profesional,Situaciones Sociales,,Positive,Apoyándose en sus compañeros,"Recibes tu evaluación hoy y tus resultados son más bajos de lo que esperabas. Tus compañeros hablan de sus resultados y son más positivos que los tuyos. Si les cuentas a tus compañeros sobre los resultados de tu evaluación, serán comprensivos.",N/A,¿Tus compañeros te juzgarán por obtener resultados de evaluación más negativos que ellos?,No,,https://drive.google.com/file/d/1ruzqRzoiX02FLhAnwN6oJ70yaCOV9usy/view?usp=sharing,25.jpg,1,
Académicos/Trabajo/Desarrollo Profesional,Situaciones Sociales,,Positive,Tartamudeo en la oficina,"Estás hablando con tu supervisor en su oficina. Te das cuenta de que estás tartamudeando un poco más de lo normal. A medida que continúa la conversación, decides que está bien.",N/A,¿Te sientes avergonzado por tartamudear al hablar?,No,,https://drive.google.com/file/d/1aUoa1C9eagfLdwz6V8WTzXzAjHHYPXaJ/view?usp=sharing,26.jpg,1,
Académicos/Trabajo/Desarrollo Profesional,,,Negative,WiFi inestable,"No tienes acceso estable a Internet en casa y te enteraste de que tu trabajo ha pasado a operaciones en línea. Te preguntas cómo podrás mantener el ritmo de tu trabajo. Al pensar en la situación, te sientes estresado.",N/A,¿Te preocupa mantenerte al día con tu trabajo?,Sí,,https://drive.google.com/file/d/1Dyk0jx8bXiVMVELskA1wH2t85AfZV8H8/view?usp=sharing,27.jpg,1,
Académicos/Trabajo/Desarrollo Profesional,Situaciones Sociales,,Positive,Presentación estresante,"Tienes que hacerle una presentación a tu jefe. Mientras piensas en la charla, sientes mariposas en el estómago. La mañana de la charla, te sientes nervioso y crees que tus nervios serán manejables.",N/A,¿Eres capaz de tolerar tu ansiedad?,Sí,,https://drive.google.com/file/d/16jiyG_dY7BTG2s8QjNuSQJn_RwkLlqXH/view?usp=sharing,28.jpg,1,
Académicos/Trabajo/Desarrollo Profesional,,,Positive,Discutir la evaluación,"Acabas de recibir tu evaluación de desempeño y notas que hay algunas críticas sobre tu trabajo que no sabías que era un problema. Mientras esperas tu reunión con tu jefe, te sientes preparado.",N/A,¿Pasas tu tiempo preocupándote por reunirte con tu jefe?,No,,https://drive.google.com/file/d/1ruzqRzoiX02FLhAnwN6oJ70yaCOV9usy/view?usp=sharing,25.jpg,1,
Académicos/Trabajo/Desarrollo Profesional,Situaciones Sociales,,Resilience/Negation,Equilibrio de trabajo y amistades,"Estás lidiando con mucho en el trabajo en este momento. Tu amigo, a quien no has visto en un tiempo, te ha pedido pasar tiempo juntos la noche antes de una fecha límite importante. Sabes que necesitas priorizar tu trabajo, pero te preocupa que tu amigo se moleste si no haces tiempo para ellos.",Sabes que tendrás más flexibilidad en las próximas semanas para ver a tu amigo y que el entenderá que necesitas trabajar.,¿Tu amigo estará enojado contigo por no verlo?,No,,https://drive.google.com/file/d/1l7EYIU9EAQNPZ729hAe8kKcigikut6sh/view?usp=sharing,29.jpg,2,
Académicos/Trabajo/Desarrollo Profesional,Situaciones Sociales,,Negative,Trabajando en grupo,Te asignan un proyecto para completar en el trabajo. Te agrupan con compañeros de trabajo que normalmente no contribuyen mucho a los proyectos laborales. Comienzas a pensar en cómo irá el proyecto y te sientes preocupado.,N/A,¿Te preocupa completar la presentación?,Sí,,https://drive.google.com/file/d/1EGxTcZKCBXrsb-DSPlRArXgAO9zeOHEV/view?usp=sharing,17.jpg,2,
Académicos/Trabajo/Desarrollo Profesional,,,Positive,Discutir la evaluación,"Acabas de recibir tu evaluación de desempeño y notas que hay algunas críticas sobre tu trabajo que no sabías que era un problema. Mientras esperas tu reunión con tu jefe, te sientes preparado.",N/A,¿Pasas tu tiempo preocupándote por reunirte con tu jefe?,No,,https://drive.google.com/file/d/1ruzqRzoiX02FLhAnwN6oJ70yaCOV9usy/view?usp=sharing,25.jpg,2,
Académicos/Trabajo/Desarrollo Profesional,Situaciones Sociales,,Resilience/Negation,Mente va en blanco,Tu jefe te llama para que respondas una pregunta sobre los planes que acaban de discutir. No sabes qué decir. Tu mente se queda en blanco.,"Te das un momento para ordenar tus pensamientos y luego responder a la pregunta. Cuando piensas en la respuesta que diste, te sientes bien. ",¿Eres capaz de responder a la pregunta?,Sí,,https://drive.google.com/file/d/1peJsSeWbW75_7SXUaFUQcsUBkEkp3q7I/view?usp=sharing,24.jpg,2,
Académicos/Trabajo/Desarrollo Profesional,,,Positive,Llegando tarde,"Te despiertas y te das cuenta de que llegas tarde a tu primera reunión en línea del día. Al conectarte, tu supervisor deja de hablar. Te disculpas por llegar tarde al chat y pasas el resto de la reunión sintiéndote tranquilo.",N/A,¿Estás ansioso por el resto de la reunión porque llegaste tarde?,No,,https://drive.google.com/file/d/11hkKoc95B-7-zuWUGB6ZlYkbaj1oMxzZ/view?usp=sharing,30.jpg,2,
Académicos/Trabajo/Desarrollo Profesional,Situaciones Sociales,,Positive,Alzar la voz en una clase,Tu jefe está hablando de uno de tus modelos a seguir en tu campo de trabajo durante una reunión y le pregunta si alguien sabe de su trabajo. Frente a todos levantas rápidamente la mano y tus colegas se vuelven hacia ti. Te das cuenta de que te sientes seguro.,N/A,¿Te da vergüenza haber levantado la mano?,No,,https://drive.google.com/file/d/1qGMXNyoVsjti9RZVA8vAZ6RjVRacfgBv/view?usp=sharing,31.jpg,2,
Académicos/Trabajo/Desarrollo Profesional,Situaciones Sociales,,Positive,Taller de escritura,"Un compañero de trabajo sugiere que tu equipo participe en un taller sobre escritura para el lugar de trabajo. Lees información en línea sobre el taller. Mientras navegas el sitio, la idea de otras personas leyendo tu escritura te hace sentir entusiasmo. ",N/A,¿Esperas sentirte incómodo si otros miran tu trabajo?,No,,https://drive.google.com/file/d/1vQbs0ifLnQbnC1ejFEq6WujzKLqZl7vv/view?usp=sharing,32.jpg,2,
Académicos/Trabajo/Desarrollo Profesional,Situaciones Sociales,,Positive,Un trago de agua,"Te dicen que tienes que hacer una presentación ante tus compañeros de trabajo. Cuando llega el momento de presentar, tomas un trago de agua y te preguntas qué pensarán tus compañeros de ti. Al comenzar a hablar, sientes miedo pero decides continuar.",N/A,Cuando sientes ansiedad durante una presentación...,Tienes la capacidad de continuar con tu exposición.,Tienes que parar tu exposición y huir de la situación.,https://drive.google.com/file/d/1M2nmwy6Vs-FYWSeplo1FuQ51PqchzdnB/view?usp=sharing,33.jpg,2,
Académicos/Trabajo/Desarrollo Profesional,,,Positive,Visitas importantes,"Algunas personas importantes están visitando tu oficina y te piden que les presentes un proyecto. El día de la presentación, organizas tus diapositivas y te preparas mentalmente. Piensas que los visitantes evaluarán tu presentación como organizada.",N/A,¿Los visitantes quedarán poco impresionados con tu presentación?,No,,https://drive.google.com/file/d/1cJz2W2jQrnpZ4LfT39NhgX0UGBztrPPa/view?usp=sharing,19.jpg,2,
Académicos/Trabajo/Desarrollo Profesional,,,Positive,Una noche libre,"Tienes un gran proyecto pendiente al final de la semana. Tu trabajo no ha terminado, pero consideras tomarte un descanso para salir con amigos. Tomarte la noche libre sería razonable.",N/A,¿Está bien que hayas dejado de trabajar para salir con amigos?,Sí,,https://drive.google.com/file/d/1sp47R6r1ixHVuH4FTKwHC2nrZaym61Iy/view?usp=sharing,34.jpg,2,
Académicos/Trabajo/Desarrollo Profesional,Situaciones Sociales,,Positive,Una audiencia captada,"Tienes que dar una presentación a un grupo de colegas de trabajo que conoces bien. Todos están callados durante tu presentación. Mientras lo piensas más tarde en casa, crees que tus colegas encontraron tu presentación interesante.",N/A,Tus compañeros probablemente estaban callados porque...,Estaban enfocados en tu presentación.,Estaban aburridos con tu presentación.,https://drive.google.com/file/d/12S8nfxTZe8xGCPO8jz-sGM6I1c8zCe1q/view?usp=sharing,35.jpg,2,
Académicos/Trabajo/Desarrollo Profesional,Salud Mental,,Positive,Respondiendo a preguntas inesperadas,"Estás presentando tu trabajo a un grupo de tus compañeros. Después de tu presentación, alguien te hace una pregunta muy específica a la que no sabes responder y sientes que no estás calificado. Recuerdas que hiciste mucha investigación y que esta pregunta puede que simplemente no sea relevante.",N/A,¿Estás calificado para dar tu presentación?,Sí,,https://drive.google.com/file/d/12gcbXlswsM0sW5_Z7DcSBJGr1Bq-2t8t/view?usp=sharing,36.jpg,2,
Académicos/Trabajo/Desarrollo Profesional,Situaciones Sociales,,Resilience/Negation,Dando la mano,"Estás dando una presentación a tus compañeros sobre un nuevo plan de capacitación. Sientes que tus manos tiemblan un poco. Preguntándote si es obvio, miras alrededor y ves que algunas personas se han dado cuenta.",Te das cuenta de que tus compañeros están más interesados en tu presentación que en tus manos. Continúas con tu presentación y con tiempo te das cuenta de que tus nervios son manejables.,¿Puedes manejar tu ansiedad durante tu presentación?,Sí,,https://drive.google.com/file/d/1Cw3oPXTNc-8SRhdtrmQYyiTvDaszARPN/view?usp=sharing,37.jpg,2,
Académicos/Trabajo/Desarrollo Profesional,,,Positive,Tomar tu propia trayectoria profesional,"Has decidido tomarte un tiempo libre del trabajo para viajar. No conoces a nadie que haya tomado este tipo de descanso, y todos tus amigos lo están cuestionando. Cuando piensas en tu decisión, sientes que es correcta. ",N/A,¿Estás satisfecho con tu decisión de tomarte un tiempo libre para viajar?,Sí,,https://drive.google.com/file/d/1mo51O3ZsihoAjU7pqpVlB6eV9WfGfSfZ/view?usp=sharing,38.jpg,2,
Académicos/Trabajo/Desarrollo Profesional,Salud Mental,,Positive,Enseñando a otros,"Has sido seleccionado para dirigir una clase de capacitación para nuevos empleados. El líder anterior era muy querido y te preocupa no poder estar a la altura de las expectativas de los demás sobre el curso. Recuerdas que conoces bien el material y cuando piensas en liderar el curso, tienes esperanzas.",N/A,¿Dirigirás bien el curso?,Sí,,https://drive.google.com/file/d/1C5L6fKZvsuJRuh2QnDj4U7_d1_Djs1Rr/view?usp=sharing,39.jpg,2,
Académicos/Trabajo/Desarrollo Profesional,,,Positive,La audición,Estás haciendo una audición para una obra de teatro. Dices la mayoría de tus líneas correctamente pero te equivocas en una o dos. Piensas que la audición fue bien.,N/A,¿Te sientes bien con la audición?,Sí,,https://drive.google.com/file/d/1XWqPcn3xsv0ViabgEI21WyXarfoQOeaX/view?usp=sharing,40.jpg,2,
Académicos/Trabajo/Desarrollo Profesional,Salud Mental,,Negative,Correo electrónico importante,"Hoy recibirás un correo electrónico que te informará si recibiste un ascenso. Tienes algunas horas para esperar hasta recibir el correo. Cuando piensas en esperar tanto tiempo, te sientes miserable.",N/A,¿Te sientes bien teniendo que esperar el correo electrónico?,No,,https://drive.google.com/file/d/1p8eW_KLXFYr5TmnLnDsSXpM0xUI6bJ61/view?usp=sharing,41.jpg,2,
Académicos/Trabajo/Desarrollo Profesional,Situaciones Sociales,,Positive,Faltando una reunión,"Aunque normalmente llegas a tiempo a los eventos de trabajo, hoy recibes un correo electrónico de tu jefe diciendo que estás unos minotos tarde a una reunion, de la cual te olvidaste completamente. Mientras llegas rápidamente a la ofinica, te preguntas si te van a juzgar por llegar tarde. Al entrar en la oficina, su ansiedad es tolerable.",N/A,"¿Durante la reunion, tu jefe pensará que probablemente eres...","Competente, a pesar de que cometiste un error.",Irresponsable y nervioso.,https://drive.google.com/file/d/1Xtpog7JLHTLu8uPpNq90GkgqP4CpvcjD/view?usp=sharing,42.jpg,2,
Académicos/Trabajo/Desarrollo Profesional,,,Resilience/Negation,Comentarios en las redes sociales,Le enviaste un mensaje de texto a un buen amigo hace un par de horas. Pasa un día y todavía no han respondido. Piensas en que tu amigo no usa su teléfono con frecuencia y te sientes mejor.,N/A,¿Está bien que tu amigo no haya respondido todavía?,Sí,,https://drive.google.com/file/d/1klpzcCJzVJGxqFyO7_kTDiM6lw5TxuU8/view?usp=sharing,43.jpg,2,
Académicos/Trabajo/Desarrollo Profesional,Situaciones Sociales,,Positive,Evaluaciones entre compañeros,"Estás debatiendo con tus compañeros sobre una tarea en tu trabajo. Las otras personas tienen más experiencia que tú. Cuando piensas en argumentar tu posición, te sientes seguro.",N/A,¿Estás preocupado por el debate?,No,,https://drive.google.com/file/d/1Gf9_VnvtNkCVWOZu8VQ1INYnQFjRuB7m/view?usp=sharing,44.jpg,2,
Académicos/Trabajo/Desarrollo Profesional,Salud Mental,,Positive,Gestión de responsabilidades,"Has empezado a hacer voluntariado en una organización local y te ha costado manejarlo con trabajo. Uno de los líderes voluntarios te preguntó si estarías dispuesto a ayudarla con un proyecto fuera de tus responsabilidades habituales y te preocupa que se decepcione si dices que no. Después de pensarlo, le dices que no puedes ayudar con este proyecto debido al trabajo, pero que estás dispuesto a ayudar en el siguiente.",N/A,¿Está bien rechazar responsabilidad adicional?,Sí,,https://drive.google.com/file/d/1mnjPZpYIVahZEm1gr4Zu9gKZfMCjl2Tk/view?usp=sharing,45.jpg,2,
Académicos/Trabajo/Desarrollo Profesional,Situaciones Sociales,,Resilience/Negation,Recuperándote despues de un error,"Estás dando una presentación en una reunión y accidentalmente omites una sección, así que tienes que empezar de nuevo. Te sientes avergonzado por el error y te preocupa lo que pensó la audiencia. La audiencia probablemente piensa que tu presentación fue incómoda.","Más tarde ese día, te das cuenta de que es normal cometer errores al presentar. Probablemente la audiencia pensó que tu presenación después de comenzar de nuevo fue admirable.",¿Crees que la audiencia piensa que causaste incomodidad al cometer un error?,No,,https://drive.google.com/file/d/10fLWhto09ulpTOoQ_oICa06UK6vWzttW/view?usp=sharing,46.jpg,2,
Académicos/Trabajo/Desarrollo Profesional,,,Positive,Reorganización después de la exposición,"Tienes una presentación para tu departamento próximamente y has estado trabajando duro con la esperanza de impresionar a su supervisor. La noche anterior, descubriste que un amigo con el que cenaste dio positivo por COVID. Crees que tu supervisor lo comprenderá y te ayudará a hacer los arreglos necesarios para realizar la presentación de manera segura.",N/A,¿Tu supervisor te penalizará por estar expuesto?,No,,https://drive.google.com/file/d/1VI2RlOCEQp-MZuaDiydNX2wBxDcqv_kH/view?usp=sharing,47.jpg,2,
Académicos/Trabajo/Desarrollo Profesional,,,Positive,Deprimido,"Has tenido una semana ocupada y estresante. Generalmente estás feliz, pero te has sentido aburrido y triste durante los últimos días. Recuerdas que es normal tener algunos días difíciles.",N/A,Te sientes normal?,Sí,,https://drive.google.com/file/d/1Idh86DIZlODfTEChHpLTlFGu9oVwjF82/view?usp=sharing,48.jpg,2,
Académicos/Trabajo/Desarrollo Profesional,Salud Mental,,Positive,Revisando tu trabajo,"Te han llamado para una evaluación de desempeño con tu jefe. En general, haces un buen trabajo, pero sabes que tu jefe ha notado algunos errores recientemente. Mientras te preparas para la revisión, piensas que tu reunión probablemente se centrará en tus defectos.",N/A,Es probable que su jefe sienta que...,La mayor parte de tu trabajo ha sido de muy alta calidad.,Tus errores han sido graves e inaceptables.,https://drive.google.com/file/d/1EAYPVHFKPfUOp3vNgYgsrQGqdKFYW-a8/view?usp=sharing,49.jpg,2,
Académicos/Trabajo/Desarrollo Profesional,,,Negative,Complicaciones en terminar,"Hoy estás proponiendo una nueva idea en una reunión. Solo tienes una hora antes de la reunión y no sabes por dónde empezar. Cuando piensas en tu capacidad para completar la propuesta, te sientes dudoso.",N/A,¿Podrás terminar tu propuesta a tiempo?,No,,https://drive.google.com/file/d/1HUpZhRLel0QTYYZM64ONySSJM68ju4jm/view?usp=sharing,50.jpg,2,
Académicos/Trabajo/Desarrollo Profesional,,,Resilience/Negation,Multitud del discurso,"Estás dando un discurso en una convención de trabajo. Mientras hablas, miras la audeiencia y notas que la expresión de tu jefe es casi inexpresiva, pero puedes distinguir un ligero ceño fruncido.","Después del discurso, te das cuenta de que a menudo las personas parecen inexpresivas y fruncen el ceño cuando están concentradas y se esfuerzan mucho. Piensas que es muy probable que tu jefe estuviera impresionado.",¿La expresión neutral de  tu jefe significa que está decepcionado con tu discurso?,No,,https://drive.google.com/file/d/1j_wTSZ6LyYqWqgOAZFYdxFtjd0jBduSd/view?usp=sharing,51.jpg,2,
Académicos/Trabajo/Desarrollo Profesional,Finanzas,,Positive,Mercado de trabajo,"Recientemente viste en las noticias que la economía ha estado particularmente mal. Aunque tu jefe normalmente te da buenas críticas, te preguntas si tu trabajo es seguro. Crees que probablemente estarás bien.",N/A,¿Es probable que te despidan?,No,,https://drive.google.com/file/d/1_T7rY6ZMUGkrrUUDGpQvHEG53QIE1J_h/view?usp=sharing,52.jpg,2,
Académicos/Trabajo/Desarrollo Profesional,Salud Mental,,Positive,Revisando tus cualificaciones,"Estás en una nueva ciudad y necesitas empezar a solicitar trabajos. Comienzas a revisar los requisitos para los puestos y, aunque has trabajado duro para preparar tu currículum, te preguntas si será suficiente. Piensas en tus logros y sabes que has hecho más que suficiente.",N/A,¿Estás calificado para estos nuevos trabajos?,Sí,,https://drive.google.com/file/d/1pcE3PZPJyiJCNCdBP0DGVbumVNri-Bev/view?usp=sharing,53.jpg,2,
Académicos/Trabajo/Desarrollo Profesional,,,Positive,Tomar una decisión,"Tu pareja quiere que acceptes un trabajo específico. Preferirías trabajar en un lugar diferente, pero tu pareja ha dejado claro que no está de acuerdo con esa decisión.  Cuando piensas en hablar con tu pareja sobre tu decisión, te sientes preparado. ",N/A,¿Puedes hablar con tu pareja sobre tu elección de trabajo?,Sí,,https://drive.google.com/file/d/1Z0nzrIQHVjl7UmtuA4nngOFyGYVvmBB-/view?usp=sharing,54.jpg,2,
Académicos/Trabajo/Desarrollo Profesional,Situaciones Sociales,,Positive,Presentación importante,"Te han pedido que hagas una presentación sobre algunos de tus últimos proyectos en una conferencia importante. Esta es una gran oportunidad para resaltar el buen trabajo que has estado haciendo, pero te sientes nervioso al hablar frente a un grupo tan grande de compañeros.",N/A,"En la conferencia, la gente probablemente pensará que...",Haces un buen trabajo explicando tu trabajo reciente.,Te ves incómodo dando tu presentación.,https://drive.google.com/file/d/1mDkkEgN6DM4uUXlBqKzoV3AT0Fc6OUwv/view?usp=sharing,55.jpg,all,
Académicos/Trabajo/Desarrollo Profesional,,,Positive,Una lectura larga,"Se te ha asignado una tarea y te esfuerzas mucho para asegurarte de que sea exhaustiva. El trabajo es bastante difícil. Cuando tu supervisor te vea, crees que juzgará tus esfuerzos como adecuados.",N/A,¿Tu supervisor juzgará sus esfuerzos como razonables?,Sí,,https://drive.google.com/file/d/10cmIqGD4ytSJ27IpEXRLxzafTtIOqEwb/view?usp=sharing,56.jpg,all,
Académicos/Trabajo/Desarrollo Profesional,,,Negative,Errores tipográficos problemáticos,"Acabas de enviar un correo electrónico importante. Al releer lo que enviaste, ves un error tipográfico en la primera oración. Crees que deberías preocuparte.",N/A,¿Deberías estar preocupado por el error tipográfico?,Sí,,https://drive.google.com/file/d/1VI2RlOCEQp-MZuaDiydNX2wBxDcqv_kH/view?usp=sharing,47.jpg,all,
Académicos/Trabajo/Desarrollo Profesional,Situaciones Sociales,,Positive,Contribuir a una discusión,Tu jefe convoca una reunión para discutir un nuevo proyecto que involucrará a la mayoría del personal de tu oficina. De repente se te pide que contribuyas con tus ideas a la discusión. Rápidamente se te ocurren algunas ideas en el momento y piensas que tus colegas encontrarán que tus ideas son interesantes e útiles.,N/A,Las personas en su oficina probablemente...,Apoyarán tus ideas,No le gustarán tus ideas,https://drive.google.com/file/d/1JLyALw0FAi4CqbIXE3sRzXwYRToDyEgw/view?usp=sharing,57.jpg,all,
Académicos/Trabajo/Desarrollo Profesional,Salud Mental,Situaciones Sociales,Resilience/Negation,Opinión importante,"Terminas una tarea que debes de entregar la próxima semana y le pides la opinión a tu jefe. Te dice que el trabajo está bien, excepto por una sección incompleta. Sientes que piensa que fuiste descuidado.","Al final, te das cuenta de que señaló el error para que pudieras mejorar la tarea antes de enviarla. Corriges la sección incompleta y crees que tu jefe pensará que estás aprendiendo.",¿Tu jefe quedó satisfecho con tu progreso?,Sí,,https://drive.google.com/file/d/1sS8e3ZmixCVH2YAFPuVlOAoIhpt-vfWE/view?usp=sharing,58.jpg,all,
Académicos/Trabajo/Desarrollo Profesional,Situaciones Sociales,,Positive,Dando una presentación,"Tienes mucho trabajo para la evaluación de tu trabajo. Una de tus tareas más importantes es hacer una presentación extensa y bien preparada para tus compañeros de trabajo. Cuando te imaginas dando tu presentación, te sientes emocionado.",N/A,¿Estás deseando dar tu presentación a tus compañeros de trabajo?,Sí,,https://drive.google.com/file/d/1_2rE9XRzKQTqhk0TQjBqftLX-RvYtkqL/view?usp=sharing,59.jpg,all,
Académicos/Trabajo/Desarrollo Profesional,Situaciones Sociales,,Resilience/Negation,Corrección rápida,"En el pasillo del trabajo, tu jefe te hace una pregunta y te das cuenta de que has respondido incorrectamente. Tu jefe te corrige. Crees que la experiencia de ser corregido por tu jefe es terrible.","Al final, recuerdas que cometer errores ocasionalmente no te hace un mal empleado. Tu jefe te corregió amablemente, porque es su trabajo, y sientes que toda la interacción estuvo bien.",¿Está bien responder incorrectamente de vez en cuando a una pregunta de su jefe?,Sí,,https://drive.google.com/file/d/1LkIEzSKHGt3ThPYYrQWPZjfUroEcuFve/view?usp=sharing,60.jpg,all,
Académicos/Trabajo/Desarrollo Profesional,Situaciones Sociales,,Positive,Presentación opcional,"Tu jefe ha contratado a algunos pasantes para el verano. Te pide que te quedes después del trabajo para darles una breve presentación sobre los objetivos y valores de la universidad, pero te dice que esto es completamente opcional. Te sientes un poco nervioso por dar la presentación, y decides quedarte. ",N/A,¿Te quedas a dar la presentación opcional?,Sí,,https://drive.google.com/file/d/1f7AX8AtByV-EKIO86OXhrR2a6P9gCwXU/view?usp=sharing,61.jpg,all,
Académicos/Trabajo/Desarrollo Profesional,Vida Familiar y Doméstica,,Positive,Opiniones de otros,Te negaron un ascenso este año y sabes que tu amigo te estaba apoyando para que obtuvieras un ascenso. Frunce el ceño cuando le cuentas que no lo conseguiste. Le dices que trabajaste muy duro a pesar de no conseguir un ascenso y el está orgulloso del esfuerzo que hiciste durante todo el año.,N/A,¿Tu amigo está decepcionado porque no obtuviste el ascenso?,No,,https://drive.google.com/file/d/1WzyVq9WXRsCbwmV-3XbVYvTo1EVSJtPA/view?usp=sharing,62.jpg,all,
Académicos/Trabajo/Desarrollo Profesional,Situaciones Sociales,,Positive,Participación,"Consideras asistir a un taller práctico en el que se requerirá tu opinión con frecuencia, a pesar de que no te gusta hablar frente a los demás. Después de asistir al taller, te das cuenta de que fue una decisión excelente.",N/A,¿Estás contento de haber asistido al taller?,Sí,,https://drive.google.com/file/d/1Dh2em2eifFjm2KkfZDfxM2WuvxRCmMV7/view?usp=sharing,63.jpg,all,
Académicos/Trabajo/Desarrollo Profesional,Salud Mental,,Resilience/Negation,Una presentación importante,"Tu jefe está viendo tu presentación en tu reunión de hoy. Durante la presentación, tropiezas mucho con tus palabras. Te sientes derrotado.  ","Mientras te sientes molesto, te das cuenta de que es natural cometer errores. Piensas que tu jefe no se acordará. ",¿Está bien que hayas cometido un error frente a tu jefe?,Sí,,https://drive.google.com/file/d/1pQHZTO39FaMtxe96k3wQ-bwUufBsPYvC/view?usp=sharing,64.jpg,all,
Académicos/Trabajo/Desarrollo Profesional,,,Positive,Limitaciones futuras,Esta mañana escuchas en las noticia que muchas empresas están reduciendo personal. Piensas en qué sucederá si pierdes tu trabajo. Decides que será posible encontrar otro empleo.,N/A,"Si pierdes tu trabajo, probablemente que... ",Encontrarás un nuevo trabajo que disfrutas.,No podrás mantenerte económicamente.,https://drive.google.com/file/d/1RnImJE-U_C1bMfkgSBjJk7I4RaUqraB1/view?usp=sharing,65.jpg,all,
Académicos/Trabajo/Desarrollo Profesional,Situaciones Sociales,,Resilience/Negation,Breve introducción,"Estás en un taller, y el líder le pide a todos los asistentes que se levanten y se presenten. Durante tu breve presentación, olvidas momentáneamente lo que planeaste decir, y la audiencia te mira con molestia.","Al final, te das cuenta de que todos tienen estos momentos, y te recuperas rápidamente. Mientras terminas de presentarte, ves que los demás están escuchando con gran interés.",¿Los demás pensaron que eres aburrido?,No,,https://drive.google.com/file/d/1lgF7Z1c-zfEyeOyad_Bo6EmeBmmYmSe7/view?usp=sharing,66.jpg,all,
Académicos/Trabajo/Desarrollo Profesional,Situaciones Sociales,,Positive,Hilo de pensamientos,"Estás dando una presentación en el trabajo. Durante una de tus diapositivas, pierdes el hilo de tus pensamientos y tienes que tomar un momento para revisar tus notas. Mientras comienzas de nuevo, piensas que perder el hilo de los pensamientos durante una presentación es normal.",N/A,¿Es normal perder el hilo de pensamientos durante una presentación?,Sí,,https://drive.google.com/file/d/18pUrF5Rmh-siXj_KnjOng6LwnpmobMit/view?usp=sharing,67.jpg,all,
Académicos/Trabajo/Desarrollo Profesional,Salud Mental,,Positive,Trabajo inacabado,"Tuviste un día muy ocupado y no pudiste realizar todas sus tareas. En la cena, tu pareja habla orgullosamente de cómo terminó todo lo que tenía en la lista de tareas pendientes. Al pensar en si podrás completar tu trabajo mañana, te sientes seguro.",N/A,¿Podrás hacer todo?,Sí,,https://drive.google.com/file/d/1XUJUmJyqOQBx5b6nraIfLuK3CHwUNri0/view?usp=sharing,68.jpg,all,
Académicos/Trabajo/Desarrollo Profesional,Salud Mental,,Positive,Usando tecnología diferente,"Recientemente reemplazaste tu computadora portátil y tuviste que optar por una opción más económica. Tu jefe te pide que completes un proyecto que requiere una aplicación que tu nueva computadora no tiene. Cuando piensas en completar tu trabajo para este proyecto, te sientes capaz.",N/A,¿Te sientes capaz de completar el trabajo de este proyecto?,Sí,,https://drive.google.com/file/d/1GCrKOzwl1UC_Ekj6ZbzSSgZLWAASM60G/view?usp=sharing,69.jpg,all,
Académicos/Trabajo/Desarrollo Profesional,,,Positive,Esperando grandes noticias,"Hoy recibirás un correo electrónico importante. Te dirá si recibiste un ascenso que realmente avanzaría tu carrera. Mientras piensas en esperar el correo electrónico, te sientes emocionado.",N/A,¿Te sientes miserable esperando el correo electrónico importante?,No,,https://drive.google.com/file/d/1p8eW_KLXFYr5TmnLnDsSXpM0xUI6bJ61/view?usp=sharing,41.jpg,all,
Académicos/Trabajo/Desarrollo Profesional,Situaciones Sociales,,Positive,No invitado a cenar,"Acabas de empezar en un nuevo trabajo y trabajas con mucha gente nueva. Escuchas a algunos de ellos reírse juntos y hablar de salir a cenar y esperas a que te inviten, ansioso por hacer amigos, pero no lo hacen. Cuando piensas en tu futuro con este grupo, te sientes bien.",N/A,¿Es demasiado tarde para hacerte amigo de tus nuevos compañeros de trabajo?,No,,https://drive.google.com/file/d/1nVCrQvzsMF5KCRUZMiYr0rakkwQqslrO/view?usp=sharing,15.jpg,all,
Académicos/Trabajo/Desarrollo Profesional,Vida Familiar y Doméstica,,Negative,Noticias decepcionantes,"Una iniciativa nueva que fue empezada por ti y algunos otros compañeros fue rechazada por tu jefe. Tu tienes que contarles la noticia a tus compañeros, y cuando les dices, no dicen nada. Probablemente están decepcionados. ",N/A,¿Tus compañeros están decepcionados de que la iniciativa fuera rechazada?,Sí,,https://drive.google.com/file/d/15VPmA2W3BJTESFcdDiE0Xg8dzS88Klsc/view?usp=sharing,70.jpg,all,
Académicos/Trabajo/Desarrollo Profesional,Salud Mental,,Positive,Lograr tus objetivos,"Te gustaría postularte para un puesto más alto en tu trabajo y mejorar tus habilidades. Sabes que el proceso de selección es riguroso, pero sientes mucha pasión por lograr este objetivo y has trabajado duro para convertirte en un buen empleado. Sientes que tus posibilidades de conseguir este nuevo trabajo son razonables.",N/A,¿Piensas que tu solicitud te coloca en una buena posición para obtenerlo?,"Sí, me coloca en una buena posición para conseguir este nuevo trabajo","No, mi solicitud no será lo suficientemente buena para conseguir el trabajo.",https://drive.google.com/file/d/1igxjPun_TKPF2PxPdmtEwR3nqhrDFVFZ/view?usp=sharing,71.jpg,all,
Académicos/Trabajo/Desarrollo Profesional,Salud Mental,,Positive,Resultados de la evaluación,El tiempo para las evaluaciones del trabajo acaba de cerrar y no estás seguro de si saliste bien o no. Te sientes nervioso al pensar en cómo te calificaron otras personas. Piensas que estar nervioso es manejable.,N/A,¿Puedes tolerar tus nervios mientras esperas saber tus resultados?,Sí,,https://drive.google.com/file/d/1wsTsWXkjfok0Sn3yNthn2D51nUUgPfAo/view?usp=sharing,72.jpg,all,
Académicos/Trabajo/Desarrollo Profesional,Situaciones Sociales,,Positive,Expresando tus ideas,"Mientras trabajas en un proyecto de grupo colaborativo en el trabajo, compartes tus ideas con tu grupo. Los miembros del grupo no reaccionan. Deben estar pensando en el proyecto.",N/A,¿Los miembros del grupo piensan que tus ideas son malas?,No,,https://drive.google.com/file/d/1LZX5Q9czPuvVzkKhTglyiF6nhzh1mqA1/view?usp=sharing,73.jpg,all,
Académicos/Trabajo/Desarrollo Profesional,,,Negative,Gestión de múltiples posiciones,"Recientemente decidiste unirte a una nueva organización vecinal además de tu trabajo. En una reunión del nuevo grupo, trajiste el cuaderno equivocado y tienes notas para tu trabajo, que no son útiles aquí. Crees que será difícil compaginar tu participación en este nuevo grupo con tus responsabilidades laborales. ",N/A,¿Será difícil estar en esta nueva organización?,Sí,,https://drive.google.com/file/d/1riJmfoH9pMuH_OSdp0f7YQKFJ6FTfNrO/view?usp=sharing,74.jpg,all,
Académicos/Trabajo/Desarrollo Profesional,Salud Mental,,Resilience/Negation,Lograr tus objetivos,"Te gustaría postularse para un puesto más alto en tu trabajo y mejorar tus habilidades. Sabes que el proceso de selección es riguroso, pero sientes mucha pasión por lograr este objetivo y has trabajado duro para convertirse en un buen empleado.",Sientes que no eres un mal candidato y que tus posibilidades de conseguir este nuevo trabajo son buenas.,¿Tienes buenas posibilidades de conseguir un puesto más alto en tu trabajo?,Sí,No,https://drive.google.com/file/d/1igxjPun_TKPF2PxPdmtEwR3nqhrDFVFZ/view?usp=sharing,71.jpg,all,
Académicos/Trabajo/Desarrollo Profesional,Situaciones Sociales,,Positive,Proyecto de grupo,"Estás trabajando en un proyecto de equipo muy importante. La fecha límite del proyecto se acerca y tus colegas aún no han completado su parte, y te preguntas si deberías hacerlas. Te comunicas con ellos expresando tus preocupaciones sobre la fecha límite y la carga de trabajo, y comienzan a trabajar de manera oportuna.",N/A,Tus colegas probablemente están...,Agradecidos de que hayas comunicado tus preocupaciones educadamente.,Molestos de que les estés diciendo qué hacer.,https://drive.google.com/file/d/1ZodO1F5ZuiDVjiFxjsv5k2GCuLpQwIRf/view?usp=sharing,75.jpg,all,
Académicos/Trabajo/Desarrollo Profesional,Situaciones Sociales,,Positive,Evaluación importante,Ya casi has completado un proyecto importante. Parte de tu evaluación la determinan tus compañeros de trabajo. Conoces bien a la mayoría de ellos y sientes que sus opiniones sobre ti harán que te evalúen favorablemente.,N/A,Tus compañeros de trabajo probablemente...,Te darán una buena puntuación.,Te darán una mala puntuación.,https://drive.google.com/file/d/1FcB5CvXNaJdV8qJE0nz1NN6MVKPtk2zJ/view?usp=sharing,76.jpg,all,
Académicos/Trabajo/Desarrollo Profesional,,,Positive,Tu Currículum,"Te estás preparando para solicitar un trabajo nuevo. Tienes una reunión con un posible empleador mañana, y sabes que un buen currículum será un factor importante. Mientras revisas tu currículum, piensas que el entrevistador será favorable hacia ti.",N/A,El posible empleador probablemente pensará...,Que tu experiencia es adecuada para el trabajo.,Que tus habilidades listadas no son impresionantes.,https://drive.google.com/file/d/12Cgn_OOe7x5Oai-qSUktQ4QZ57TSL-zp/view?usp=sharing,77.jpg,all,
Académicos/Trabajo/Desarrollo Profesional,Situaciones Sociales,,Positive,Desconectandote,Estás en una reunión en Zoom y te desconectas por un minuto. Tu jefa te hace una pregunta y no la escuchaste. Le pides que repita su pregunta y esto te hace sentir bien.,N/A,¿Te sientes cómodo pidiéndole a la jefa de tu departamento que repita su pregunta?,Sí,,https://drive.google.com/file/d/1ZxZ_841mwj2NoY_cCWf9GHGmHmnONE6A/view?usp=sharing,78.jpg,all,
Académicos/Trabajo/Desarrollo Profesional,Vida Familiar y Doméstica,,Positive,Persona de apoyo,"Quieres hablar con alguien sobre tus planes para el futuro, pero no quieres hablar con tu familia al respecto. Piensas en otras personas cercanas a tu vida y decides hablar con tu mejor amigo. Cuando piensas en su reacción, piensas que probablemente serán motivadoras.",N/A,¿Te preocupa hablar con tu amigo sobre tus planes para el futuro?,No,,https://drive.google.com/file/d/1qKLzJvu3ftF-gQS35abj99xkrcgmZQX_/view?usp=sharing,79.jpg,all,
Académicos/Trabajo/Desarrollo Profesional,Salud Mental,,Resilience/Negation,Sentado en una reunión,Estás en una reunión importante y necesitas prestar atención. En medio de la reunión te das cuenta de que te has desconectado y no sabes qué está pasando. Piensas que algo debe estar mal contigo.,"Tomas un poco de agua y comienzas a sentirte más despierto, recordando que anoche no dormiste tanto como de costumbre. Decides que simplemente estás cansado.",¿Tu distracción es una señal de que hay algún problema en tu cerebro?,No,,https://drive.google.com/file/d/10fLWhto09ulpTOoQ_oICa06UK6vWzttW/view?usp=sharing,46.jpg,all,
Académicos/Trabajo/Desarrollo Profesional,,,Write Your Own,Write Your Own,,,,,,,,write your own,
Académicos/Trabajo/Desarrollo Profesional,,,Write Your Own,Write Your Own,,,,,,,,write your own,
Académicos/Trabajo/Desarrollo Profesional,,,Write Your Own,Write Your Own,,,,,,,,write your own,
Académicos/Trabajo/Desarrollo Profesional,Situaciones Sociales,,Positive,Mostrar tu experiencia,"Tu supervisor llama a una reunión relacionada a una nueva iniciativa y pide a cada asistente que presente sus ideas y experiencia previa. Cuando es tu turno de hablar, haces pausas con frecuencia. Al reflexionar sobre la reunión más tarde en el día, sientes que el supervisor pensó que sonabas capaz. ",N/A,Es probable que tu supervisor te haya encontrado...,Eficaz.,Sin preparación y deficiente.,https://drive.google.com/file/d/1npkE7h685FSS9kM33IyEeOyngro5KOvm/view?usp=sharing,5.jpg,1,
Académicos/Trabajo/Desarrollo Profesional,Situaciones Sociales,,Resilience/Negation,Recuperándote despues de un error,"Estás dando una presentación en una reunión y accidentalmente omites una sección, así que tienes que empezar de nuevo. Te sientes avergonzado por el error y te preocupa lo que pensó la audiencia. La audiencia probablemente pensó que tu presentación fue incómoda.","Más tarde ese día, te das cuenta de que es normal cometer errores al presentar. Probablemente la audiencia pensó que tu presenación después de comenzar de nuevo fue admirable.",¿Crees que la audiencia pensó que estabas incómodo por cometer un error?,No,,https://drive.google.com/file/d/10fLWhto09ulpTOoQ_oICa06UK6vWzttW/view?usp=sharing,46.jpg,1,
Académicos/Trabajo/Desarrollo Profesional,Situaciones Sociales,,Resilience/Negation,Malentendido,Estás en una reunión y estás guardando tu teléfono cuando el nuevo jefe de tu departamento comienza a hablar. Él interpreta esto como si estuvieras enviando mensajes de texto durante la reunión y te llama la atención frente a todos. Te acercas después para disculparte y no puedes interpretar la expresión de tu jefe del departamento.,"Después de explicar lo que sucedió al jefe de tu departamento, él dice que entiende. Sientes que aún podrás causar una buena impresión.",¿Tu jefe de departamento te verá de manera negativa debido a esto?,No,,https://drive.google.com/file/d/1IWa-EEURHSxlNpAS12GWFYwnCr78Qli0/view?usp=sharing,80.jpg,1,
Académicos/Trabajo/Desarrollo Profesional,Salud Mental,,Positive,Tomar un descanso,"Has estado muy ocupado los últimos meses, y no has tenido mucho tiempo libre. Finalmente tienes la oportunidad de descansar, pero te sientes culpable de tomar un descanso en lugar de completar el trabajo. Crees que mereces relajarte. ",N/A,¿Deberías hacer tu trabajo ahora mismo?,No,,https://drive.google.com/file/d/1OSRDlUvXTNnwLZlxsji3kxnfVjWLAKmD/view?usp=sharing,81.jpg,1,
Académicos/Trabajo/Desarrollo Profesional,,,Positive,Completando trabajos,"En tu trabajo, las tareas se han acumulado recientemente, y tenías planeado aprovechar el fin de semana para ponerlas al día. Sin embargo, tu amigo te recordó de un evento este fin de semana al que te comprometiste, y sería grosero cancelar en el último minuto. Piensas que será posible completar tu trabajo.",N/A,¿Podrás hacer trabajo este fin de semana?,Sí,,https://drive.google.com/file/d/1gJDoLG7URU4HHx8zhlc35lrAo1XCsO_8/view?usp=sharing,82.jpg,1,
Académicos/Trabajo/Desarrollo Profesional,Situaciones Sociales,,Positive,Tomando notas,"En el trabajo, tu jefe te da la responsabilidad de resolver un problema complicado. Tienes una idea que crees que podría funcionar, pero te preguntas si es demasiado simplista. Mientras consideras compartir tu idea, decides intentarlo.",N/A,¿Tus compañeros de trabajo te juzgan negativamente mientras compartes tu idea?,No,,https://drive.google.com/file/d/1ZGds5rpjl0oMQ7bK9zYR2oVUgY4X4Lql/view?usp=sharing,83.jpg,1,
Académicos/Trabajo/Desarrollo Profesional,,,Negative,El curso difícil,"Te has inscrito en un programa de ciencia de datos ofrecido por tu lugar de trabajo porque crees que será una habilidad útil que podrás adquirir en el futuro. Sabes que la demanda de personas con experiencia en ciencia de datos está aumentando, pero el programa es muy difícil.",N/A,Lo más probable es que vas a...,Salirte del programa porque lo estás haciendo mal.,Completar el programa y aprender algunas habilidades útiles en ciencia de datos.,https://drive.google.com/file/d/18HsxK2zdx8J0wLQE1QZITsfajDWRjgaX/view?usp=sharing,9.jpg,1,
Académicos/Trabajo/Desarrollo Profesional,,,Positive,Preparándote para la evaluación,"Te estás preparando para reunirte con tu jefe para una evaluación de desempeño. Has escuchado de otras personas que tu jefe está de muy mal humor. Sin embargo, trabajaste duro este semestre y crees que es probable que recibas una buena evaluación.",N/A,¿Probablemente recibirás una buena evaluación?,Sí,,https://drive.google.com/file/d/1JqWIAI0rY_t0uGgYnmPOToM6KeNWRxvn/view?usp=sharing,84.jpg,1,
Académicos/Trabajo/Desarrollo Profesional,,,Positive,Finalización rápida de tareas,"Has empezado a trabajar en un nuevo comité con otro personal y te asignan una tarea que normalmente lleva unos días, pero logras terminarla el mismo día. Se lo muestras al resto del comité, quienes solo encuentran un error en tu trabajo. Cuando termina la reunión, esperas que piensen que tu trabajo es meritorio.",N/A,¿El comité quedó satisfecho con tu trabajo?,Sí,,https://drive.google.com/file/d/1L13QcCiq5pWIaUjHGkFhwwQeosh7S9tG/view?usp=sharing,85.jpg,1,
Académicos/Trabajo/Desarrollo Profesional,,,Positive,Vecinos ruidosos,"Tus vecinos estaban haciendo mucho ruido anoche, así que no pudiste dormir. Tienes una gran presentación para dar a tus compañeros de trabajo sobre un tema complicado. Al pensar en cómo harás en la presentación, te sientes preparado. ",N/A,¿Estás listo para tu presentación?,Sí,,https://drive.google.com/file/d/1HsDUCeU29zHEdpx6zFJUNO-bHxtE6WBU/view?usp=sharing,86.jpg,1,
Académicos/Trabajo/Desarrollo Profesional,Situaciones Sociales,,Resilience/Negation,Presentación importante,"Te han pedido que hagas una presentación sobre algunos de tus últimos proyectos en una conferencia importante. Esta es una gran oportunidad para resaltar el buen trabajo que has estado haciendo, pero te sientes nervioso al hablar frente a un grupo tan grande de compañeros.",N/A,¿Crees que tus compañeros pensarán que te ves nervioso?,No,Sí,https://drive.google.com/file/d/1mDkkEgN6DM4uUXlBqKzoV3AT0Fc6OUwv/view?usp=sharing,55.jpg,1,
Académicos/Trabajo/Desarrollo Profesional,,,Positive,Anticipación de entrevista,"Te están entrevistando para un puesto de liderazgo dentro de tu departamento. Antes de entrar en la oficina, notas que te sientes tembloroso. Te sientes increíblemente emocionado.",N/A,¿Sentirte tembloroso te asusta?,No,,https://drive.google.com/file/d/1No3R7ItN8sCZWVE76oQA483ECW65wV2l/view?usp=sharing,87.jpg,1,
Académicos/Trabajo/Desarrollo Profesional,Salud Mental,,Negative,Lograr tus objetivos,"Te gustaría postularte para un puesto más alto en tu trabajo y mejorar tus habilidades. Sabes que el proceso de selección es riguroso, pero sientes mucha pasión por lograr este objetivo y has trabajado duro para convertirse en un buen empleado. Sientes que tus posibilidades de conseguir este nuevo trabajo son escasas.",N/A,Crees que probablemente tu...,No terminaras cumpliendo tus sueños y te sentiras decepcionado de dónde terminas.,Consigas el trabajo y avanzes aún más en tu carrera.,https://drive.google.com/file/d/1igxjPun_TKPF2PxPdmtEwR3nqhrDFVFZ/view?usp=sharing,71.jpg,1,
Académicos/Trabajo/Desarrollo Profesional,Salud Mental,,Positive,Presentación de tu trabajo,"Has estado trabajando duro todo el año en un proyecto y tu jefe de departamento te ha invitado a hablar de ello en un evento. Muchos de tus amigos y compañeros de trabajo estarán allí, y no crees que tu trabajo sea suficiente para impresionarlos. Piensas que tu jefe de departamento te invitó por una razón y que tu trabajo vale la pena ver. ",N/A,¿Impresionará tu trabajo a la gente en el evento?,Sí,,https://drive.google.com/file/d/16uno5Nefcm3awk1lVSEJ8eocgzjkR5B0/view?usp=sharing,88.jpg,1,
Académicos/Trabajo/Desarrollo Profesional,Salud Mental,,Positive,Pensando en preguntas,"Estás en una charla sobre un tema complicado que te emociona mucho. Tienes muchas ideas sobre el tema, pero sientes que las preguntas que hacen los demás son más inteligentes que las tuyas. Piensas en cómo todos probablemente se ponen nerviosos al hablar también, y sabes que no están allí para juzgar.",N/A,¿Las preguntas de los demás son mejores que las tuyas?,No,,https://drive.google.com/file/d/1ZRX4djV0jNJx45cG7BKsaEWYgTgDJGha/view?usp=sharing,89.jpg,1,
Académicos/Trabajo/Desarrollo Profesional,Salud Mental,,Positive,Comparar su trabajo con el de otros,"Recientemente recibiste comentarios negativos sobre una presentación. Tu colega, que hizo una presentación similar, recibió comentarios maravillosos. Crees que tu próxima presentación será mejor.",N/A,¿Puedes mejorar tu presentación?,Sí,,https://drive.google.com/file/d/1ODCFk2IwiLjhCOU7VfcGrDWg9KqnAbY8/view?usp=sharing,90.jpg,1,
Académicos/Trabajo/Desarrollo Profesional,Salud Mental,,Resilience/Negation,Proyecto eliminado,"Hoy tienes que entregar un proyecto importante. Cuando abres tu computadora, no puedes encontrar el archivo en ninguna parte. El proyecto debe haber sido eliminado.",Respiras hondo y decides contarle a tu jefe lo sucedido. Tú te sientes bien.,¿Estás ansioso porque tu proyecto fue borrado?,No,,https://drive.google.com/file/d/1GCrKOzwl1UC_Ekj6ZbzSSgZLWAASM60G/view?usp=sharing,69.jpg,1,
Académicos/Trabajo/Desarrollo Profesional,Situaciones Sociales,,Positive,Una presentación pequeña,"Estás trabajando en un proyecto que disfrutas. sin embargo, te acaban de informar que durante la próxima reunión tendrás que dar una presentación oral de cinco minutos al resto del grupo. La noche antes de la presentación, sientes miedo ante la idea de hablar en público, y decides que tu miedo es tolerable.",N/A,¿Puedes manejar tu miedo de dar la presentación oral?,Sí,,https://drive.google.com/file/d/1V-HyzPWcCsiQCjmLetck1SbZQT1cVtgr/view?usp=sharing,91.jpg,1,
Académicos/Trabajo/Desarrollo Profesional,Salud Mental,,Positive,Estar a cargo,"Recientemente fuiste elegido para estar a cargo de un grupo de personas nuevas en tu trabajo. Cuando conoces a otras personas a cargo de grupos, sientes que no trabajaste tan duro como ellos y que no mereces este puesto. Te tomas un minuto para pensar en lo que das a tu trabajo y te das cuenta de que has estado dando todo lo que has podido, y la gente definitivamente se dio cuenta de esto.",N/A,¿Sientes que mereces tu puesto de trabajo?,Sí,,https://drive.google.com/file/d/1cCdFnGwW1dNBLOO7cPWVry3DULHFtlcc/view?usp=sharing,92.jpg,1,
Académicos/Trabajo/Desarrollo Profesional,Situaciones Sociales,,Positive,Prestando de un amigo,"Tu amigo te prestó su cargador hoy. Cuando llegas a casa, te das cuenta de que el cargador todavía está en tu mochila. Piensas que tu amigo lo entenderá.",N/A,¿Tu amigo pensará que tomaste su cargador a propósito?,No,,https://drive.google.com/file/d/1kxajUeAIo1kGPWTGuY4l9K2eCVfHTfWZ/view?usp=sharing,93.jpg,1,
Académicos/Trabajo/Desarrollo Profesional,Situaciones Sociales,,Positive,Presentación de recaudación de fondos,"Te ponen a cargo de los esfuerzos de recaudación de fondos de tu oficina y rápidamente te das cuenta de que a tus compañeros de trabajo no les interesa mucho la recaudación de fondos. En una reunión, das una presentación sobre la importancia de ayudar con la recaudación de fondos, durante la cual tus compañeros de trabajo permanecen callados. Cuando te sientas después de tu presentación, piensas que parecían emocionados.",N/A,Tus compañeros de trabajo probablemente están pensando...,Que quieren ayudarte con la recaudación de fondos.,Que no quieren ayudarte con la recaudación de fondos.,https://drive.google.com/file/d/1yKw2B4-_vp8wS1H8qpc4NC0rF1ul-wa8/view?usp=sharing,94.jpg,1,
Académicos/Trabajo/Desarrollo Profesional,,,Positive,Cambiando tu trayectoria,"Llevas cinco años en el mismo puesto y empiezas a sentirst aburrido y sin desafíos en tu trabajo. Te gustaría intentar conseguir un nuevo puesto, pero te preocupa poder ser competitivo en el mercado laboral. Al pensar en tu trayectoria profesional, crees que tus posibilidades de encontrar un nuevo trabajo que te resulte satisfactorio son malas.",N/A,"Dado tu probable resultado en el mercado laboral, tu mejor opción es...",Quedarte quieto aunque sea aburrido.,Intentar encontrar un trabajo en algún lugar que realmente te desafíe.,https://drive.google.com/file/d/1pcE3PZPJyiJCNCdBP0DGVbumVNri-Bev/view?usp=sharing,53.jpg,1,
Académicos/Trabajo/Desarrollo Profesional,Situaciones Sociales,,Resilience/Negation,Llamada breve,"Estás en una reunión, y durante un breve descanso llamas a tu pareja para hablar. Llegas tarde de vuelta a la sala de reuniones y todos levantan la vista cuando abres la puerta. Los demás ven tus acciones como disruptivas.","Después de la reunión, te das cuenta de que tus compañeros de trabajo probablemente se sorprendieron porque la puerta se abrió de repente. Es probable que piensen que abrir y cerrar la puerta silenciosamente demuestra que eres considerado.",¿La gente pensó que volver tarde a la reunión fue irrespetuoso?,No,,https://drive.google.com/file/d/1erMRFTmY4lmvlMrKvVk2If-RizKCWZ0l/view?usp=sharing,95.jpg,1,
Académicos/Trabajo/Desarrollo Profesional,,,Negative,Tu Currículum,"Te estás preparando para solicitar un trabajo nuevo. Tienes una reunión con un posible empleador mañana, y sabes que un buen currículum será un factor importante. Mientras revisas tu currículum, piensas que el entrevistador quedará poco impresionado.",N/A,Crees que tu currículum podría...,Ser la razón principal por la que no recibas respuesta de este empleador.,Ser un factor importante en una oferta de trabajo eventualmente.,https://drive.google.com/file/d/12Cgn_OOe7x5Oai-qSUktQ4QZ57TSL-zp/view?usp=sharing,77.jpg,1,
Académicos/Trabajo/Desarrollo Profesional,Salud Mental,,Positive,Sentirse ansioso,"Tienes una gran presentación pendiente. Cuando piensas en pararte frente de gente y hablar, te sientes ansioso. Crees que esto probablemente sea temporal.",N/A,¿Siempre sentirás ansiedad?,No,,https://drive.google.com/file/d/1FcB5CvXNaJdV8qJE0nz1NN6MVKPtk2zJ/view?usp=sharing,76.jpg,1,
Académicos/Trabajo/Desarrollo Profesional,,,Positive,Errores en el trabajo,"Aunque normalmente sobresales en tu trabajo, recientemente tuviste una semana difícil en el trabajo y cometiste un par de errores grandes. Cuando piensas en el futuro, piensas que tu trabajo probablemente está seguro.",N/A,En las próximas semanas en el trabajo probablemente...,Aprenderás cosas nuevas.,Serás despedido.,https://drive.google.com/file/d/14pWmSJ9hsPOJZFuIKcrGQjriu93VzLz0/view?usp=sharing,96.jpg,1,
Académicos/Trabajo/Desarrollo Profesional,Situaciones Sociales,,Positive,Sentirse diferente,Estás participando en una conferencia en línea y miras el video de todos. Notas que entre el grupo de personas te ves diferente a los demás. Piensas en esto y te das cuenta de que está bien.,N/A,¿Es malo que te sientas diferente a los demás en tu campo?,No,,https://drive.google.com/file/d/1f1VN6tb5Yysg0HFc0gI9BB2IvxzQ6l5K/view?usp=sharing,97.jpg,1,
Académicos/Trabajo/Desarrollo Profesional,Situaciones Sociales,,Resilience/Negation,Practicando la presentación,"Tu supervisor te pide que hagas una presentación en una reunión. Después de practicar durante varias semanas, finalmente te sientes listo. En la presentación, cometes un gran error. ","Después de la presentación, te das cuenta de que estos errores son comunes. El supervisor probablemente piensa que tu recuperación y capacidad para continuar presentado fue muy admirable. ",¿Tu supervisor está decepcionado con tu presentación?,No,,https://drive.google.com/file/d/1UJt0_jLyOR0anqb5UkcAUX0tiveICG8B/view?usp=sharing,98.jpg,1,
Académicos/Trabajo/Desarrollo Profesional,,,Positive,Trabajando duro,"Este año, has decidido trabajar más horas semanales. Es la primera vez que trabajas tantas horas y has escuchado de tus compañeros que es difícil. Cuando piensas en la carga de trabajo, crees que podrás manejarla bien.",N/A,¿Tendrás éxito con tu nueva carga de trabajo?,Sí,,https://drive.google.com/file/d/1P-A1Dw9BpwfIdrZwOnIWzDOp28x4JMYX/view?usp=sharing,99.jpg,1,
Académicos/Trabajo/Desarrollo Profesional,Salud Mental,,Positive,Despertándote listo,"Cuando estás terminando un proyecto a medianoche, te das cuenta de que todavía te quedan un par de tareas. Planeas levantarte un poco temprano para terminarlas antes de la fecha límite importante a las 9 a.m. Mientras pones la alarma y piensas en tu plan, te sientes confiado/a.",N/A,¿Estás ancioso sobre tu plan de terminar tus tareas en la mañana?,No,,https://drive.google.com/file/d/1C9qzCVMZ7rrXL8Njc7rKFEyQWGercs6i/view?usp=sharing,100.jpg,1,
Académicos/Trabajo/Desarrollo Profesional,,,Positive,sintiéndote Preparado,"Estás dando una presentación en una reunión mañana. Sabes que la calidad de tu presentación será tomada en cuenta por tu jefe. Mientras piensas en la presentación, te sientes preparado.",N/A,¿Estás preparado para la presentación?,Sí,,https://drive.google.com/file/d/1JqWIAI0rY_t0uGgYnmPOToM6KeNWRxvn/view?usp=sharing,84.jpg,2,
Académicos/Trabajo/Desarrollo Profesional,,,Positive,Tomarse tu tiempo,"Tu jefe te llama para que respondas a una pregunta sobre la presentación que acabas de hacer. No sabes qué decir y tu mente se queda en blanco. Después de unos momentos, preparas tu respuesta y te sientes bien. ",N/A,¿Eres capaz de responder la pregunta?,Sí,,https://drive.google.com/file/d/1peJsSeWbW75_7SXUaFUQcsUBkEkp3q7I/view?usp=sharing,24.jpg,2,
Académicos/Trabajo/Desarrollo Profesional,,,Resilience/Negation,"1, 2, 3. Ojos puestos en mí",Tienes una gran presentación en frente de tu jefe y otros miembros del personal. Sabes que todos sus ojos van a estár puestos en ti mientras presentas. Te sientes nervioso.,Te das un momento para organizar tus pensamientos y comienzas la presentación. Durante la presentación te sientes preparado.,¿Te sientes preparado para tu presentación?,Sí,,https://drive.google.com/file/d/1nUDKdq79IsojabL_DGbGTayRJ_gaEEvX/view?usp=sharing,101.jpg,2,
Académicos/Trabajo/Desarrollo Profesional,,,Positive,Proyecto de escritura,"Tu supervisor te pide que escribas un informe. El documento terminado es bastante breve, pero tomó mucho tiempo y esfuerzo. Basado en tu escritura, piensas que la opinión de tu supervisor de ti será positiva.",N/A,Es probable que tu supervisor te haya encontrado...,Capaz.,Incapaz.,https://drive.google.com/file/d/1Zwj-98ezSg12UdfsYVfxCdgM2a2O6XHw/view?usp=sharing,102.jpg,2,
Académicos/Trabajo/Desarrollo Profesional,Salud Mental,,Positive,Trabajando para salir adelante,"Te acaban de dar un trabajo en una oficina que realmente admiras. Para finalmente recibir el ascenso que deseas, sabes que tendrás que trabajar muy duro durante varios años y el resultado es incierto. Cuando imaginas tu probable puesto en la empresa en el futuro, esperas que se te otorgue el trabajo que deseas.",N/A,Piensas que eres...,Capaz de hacer el trabajao neccesario para obtener el trabajor que quieres.,Incapaz de obtener la posición que quieres.,https://drive.google.com/file/d/1AINF2fuxpg7TXrzfDdwgOM200fijoiDv/view?usp=sharing,103.jpg,2,
Académicos/Trabajo/Desarrollo Profesional,Situaciones Sociales,,Resilience/Negation,Error en una tarea,Eres nuevo en el trabajo y tu jefe te pide que hagas una tarea. La completas antes de la fecha límite y tu jefe inmediatamente señala que cometiste un error. Tu jefe probablemente piensa que eres un fracaso.,"Al final, te das cuenta de que tu jefe es rápido en darte correciones porque está invirtiendo en ti y está interesado en verte progresar.",¿Tu jefe cree que eres un trabajador capaz?,Sí,,https://drive.google.com/file/d/1tC0cMmiULCKntvdx723RkckKVjWOaipd/view?usp=sharing,104.jpg,2,
Académicos/Trabajo/Desarrollo Profesional,,,Positive,Esperando grandes noticias,"Hoy recibirás un correo electrónico importante. Te dirá si recibiste un ascenso que realmente avanzaría tu carrera. Mientras esperas el correo electrónico, te sientes emocionado.",N/A,¿Te sientes miserable esperando el correo electrónico importante?,No,,https://drive.google.com/file/d/1p8eW_KLXFYr5TmnLnDsSXpM0xUI6bJ61/view?usp=sharing,41.jpg,2,
Académicos/Trabajo/Desarrollo Profesional,,,Negative,Obtener una oportunidad,"Has enviado una solicitud para un trabajo que esperas conseguir. Esperas conseguir una entrevista para el trabajo después de que revisen tu solicitud, pero sabes que es muy competitiva. Con tus calificaciones, no esperas obtener respuesta.",N/A,Crees que su solicitud es:,Una que no destacará en una buena piscina.,"Una buena, en relación con las otras presentaciones.",https://drive.google.com/file/d/1kw58e9iPvU1vOT2PxZuYepma0F30V2qn/view?usp=sharing,14.jpg,2,
Académicos/Trabajo/Desarrollo Profesional,,,Positive,El curso difícil,"Te has inscrito en un programa de ciencia de datos ofrecido por tu lugar de trabajo porque crees que será una habilidad útil que podrás adquirir en el futuro. Sabes que la demanda de personas con experiencia en ciencia de datos está aumentando, pero el programa es muy difícil.",N/A,Crees que tu desempeño en este programa de ciencia de datos probablemente será:,Por encima del promedio,Por debajo del promedio,https://drive.google.com/file/d/18HsxK2zdx8J0wLQE1QZITsfajDWRjgaX/view?usp=sharing,9.jpg,2,
Académicos/Trabajo/Desarrollo Profesional,Vida Familiar y Doméstica,,Positive,Emoción prospectiva,"Te gustarías tomarte un tiempo libre para viajar después de un año largo y estresante. Tu familia espera que trabajes más horas para ayudar con las finanzas y no quieres decepcionarlos. Al considerar tus planes para fin de año, te sientes emocionado.",N/A,¿Estás ansioso por tus planes para fin de año?,No,,https://drive.google.com/file/d/15BOnlJB7SXDWnFaZP_Cm6vzosTdkmVsp/view?usp=sharing,105.jpg,2,
Académicos/Trabajo/Desarrollo Profesional,,,Positive,Una llamada crucial,"Hoy recibirás una llamada importante. Te dirá si recibiste el trabajo para el que entrevistaste. Mientras esperas la llamada, tu ansiedad es tolerable.",N/A,¿Puedes tolerar sentir ansiedad mientras esperas la llamada?,Sí,,https://drive.google.com/file/d/1fZ5gwS6hpP38y6RtFHzIC7gnpeeFtrLF/view?usp=sharing,106.jpg,2,
Académicos/Trabajo/Desarrollo Profesional,,,Positive,Bromistas,"En el trabajo, te piden que compartas tus pensamientos. Cuando empiezas a hablar, escuchas unas rizas detrás de ti. Tus compañeros de trabajo se ríen de un chiste.",N/A,¿Tus compañeros se están burlando de ti?,No,,https://drive.google.com/file/d/1N-h1oDhAEgaw_56cFBMGZAp4l_MONTJU/view?usp=sharing,107.jpg,2,
Académicos/Trabajo/Desarrollo Profesional,,,Resilience/Negation,Cambiando tu trayectoria,"Llevas cinco años en el mismo puesto y empiezas a sentirte aburrido y sin oposición en tu trabajo. Te gustaría intentar conseguir un nuevo puesto, pero te preocupa poder ser competitivo en el mercado laboral.",N/A,,,,https://drive.google.com/file/d/1pcE3PZPJyiJCNCdBP0DGVbumVNri-Bev/view?usp=sharing,53.jpg,2,
Académicos/Trabajo/Desarrollo Profesional,,,Positive,Opiniones fuertes,Ha llegado la mañana de tu primera evaluación con tu nuevo jefe. Te dicen que tienen opiniones firmes sobre tu trabajo. Piensas que probablemente encuentran tu trabajo excelente.,N/A,¿Crees que tu nuevo jefe tiene una opinión desfavorable sobre tu trabajo?,No,,https://drive.google.com/file/d/1DDUHB-Z2PNw0gY0ymtiflHQj1EUSuaTn/view?usp=sharing,108.jpg,2,
Académicos/Trabajo/Desarrollo Profesional,Salud Mental,,Positive,Recibir reconocimiento,Recientemente recibiste un ascenso increíble en tu trabajo. De repente sientes que no trabajaste lo suficiente para ganarte la oportunidad. Crees que mereces el ascenso.,N/A,¿Deberías dejar pasar la promoción?,No,,https://drive.google.com/file/d/1azOE2eRIrdOPl9AdAR61tTkqUFdsq0zB/view?usp=sharing,109.jpg,2,
Académicos/Trabajo/Desarrollo Profesional,Salud Mental,,Negative,Revisando tu trabajo,"Te han llamado para una evaluación de desempeño con tu jefe. En general, haces un buen trabajo, pero sabes que tu jefe ha notado algunos errores recientemente. Mientras te preparas para la revisión, piensas que la reunión probablemente se centrará en tus defectos.",N/A,"Crees que durante tu evaluación de desempeño, es probable que tu jefe diga...","""¡Estos errores son simplemente inaceptables en este momento!""","""Todavía estoy muy contento con el trabajo que has estado haciendo"".",https://drive.google.com/file/d/1EAYPVHFKPfUOp3vNgYgsrQGqdKFYW-a8/view?usp=sharing,49.jpg,2,
Académicos/Trabajo/Desarrollo Profesional,Situaciones Sociales,,Positive,Cambiar tus planes,"Has decidido aceptar un trabajo en otro departamento. Todos tus amigos cercanos están solicitando a los comités dentro de su departamento actual. Cuando piensas en tu decisión de cambiar de departamento, te sientes satisfecho. ",N/A,¿Estás contento con tu decisión de cambiar de departamento?,Sí,,https://drive.google.com/file/d/1vmEFLzq1i5guQSpr0uE5nLlEbZHH1whv/view?usp=sharing,110.jpg,2,
Académicos/Trabajo/Desarrollo Profesional,,,Positive,Primeras impresiones,"Se contrató un supervisor nuevo en tu departamento y escuchas que es muy preciso sobre cómo se deben hacer las cosas. Lo conoces por primera vez y hablan sobre el próximo mes. Cuando sales de la reunión, piensas que él cree que eres inteligente. ",N/A,¿Tu nuevo supervisor tiene una buena opinión de ti?,Sí,,https://drive.google.com/file/d/1HqiTE-Prk9nPEql4rphcp64fbwE9fnxx/view?usp=sharing,111.jpg,2,
Académicos/Trabajo/Desarrollo Profesional,Vida Familiar y Doméstica,,Resilience/Negation,La música ruidosa,Tu pareja está actualmente escuchando música animada muy fuerte y necesitas prepararte para una tarea importante. No quieres que piense que eres grosero si le pides que bajen el volumen de la música para que puedas prepararte. Te acercas a el/ella y te sientes nervioso.,N/A,¿Tu pareja se molestará cuando le pidas que bajen el volumen de la música.,No,,https://drive.google.com/file/d/1AZk7owEM2J5V91afv56x1rxdom3zjESu/view?usp=sharing,112.jpg,2,
Académicos/Trabajo/Desarrollo Profesional,,,Positive,Mal rumor,"Escuchaste un rumor de que tu supervisor planea despedir a alguien en tu puesto. Aunque normalmente eres un buen empleado, llegaste tarde a una reunión a principios de esta semana. sientes que la probabilidad de que te degraden es mínima.",N/A,Crees que tu supervisor podría estar ...,Planeando despedir a alguien más.,Planeando despedirte.,https://drive.google.com/file/d/1Ufz-pbEsTswKD1WwWeGUqfBKkpWje2t7/view?usp=sharing,113.jpg,2,
Académicos/Trabajo/Desarrollo Profesional,,,Resilience/Negation,Juzgando tu desempeño,Te preparaste mucho para una presentación importante con tus colegas. Tu sección de la presentación no salió tan bien como esperabas. Piensas si podrás hacerlo mejor en la siguiente sección y te das cuenta de que esta fue la última sección.,"En este momento no estás contento, pero piensas en la presentación general de tu grupo. Te das cuenta de que estuvo bien.",¿Tu presentación salió mal?,No,,https://drive.google.com/file/d/1EGxTcZKCBXrsb-DSPlRArXgAO9zeOHEV/view?usp=sharing,17.jpg,2,
Académicos/Trabajo/Desarrollo Profesional,Situaciones Sociales,,Positive,Un trago de agua,"Te dicen que tienes que hacer una presentación ante tus compañeros de trabajo. Cuando llega el momento de presentar, tomas un trago de agua y te preguntas qué pensarán tus compañeros de ti. Al comenzar a hablar, sientes miedo pero decides continuar.",N/A,Cuando sientes ansiedad durante una presentación...,Tienes la capacidad de continuar con tu exposición.,Tienes que parar tu exposición y huir de la situación.,https://drive.google.com/file/d/1M2nmwy6Vs-FYWSeplo1FuQ51PqchzdnB/view?usp=sharing,33.jpg,2,
Académicos/Trabajo/Desarrollo Profesional,,,Negative,Cambiando tu trayectoria,"Llevas cinco años en el mismo puesto y empiezas a sentirte aburrido y sin desafíos en tu trabajo. Te gustaría intentar conseguir un nuevo puesto, pero te preocupa poder ser competitivo en el mercado laboral. Al pensar en tu trayectoria profesional, crees que tus posibilidades de encontrar un nuevo trabajo que te resulte satisfactorio son malas.",N/A,"Dado tu probable resultado en el mercado laboral, tu mejor opción es...",Quedarte quieto aunque sea aburrido.,Intentar encontrar un trabajo en algún lugar que realmente te desafíe.,https://drive.google.com/file/d/1pcE3PZPJyiJCNCdBP0DGVbumVNri-Bev/view?usp=sharing,53.jpg,2,
Académicos/Trabajo/Desarrollo Profesional,Salud Mental,,Positive,Aplicando a trabajos,"Aplicaste a un trabajo hace algunas semanas y acabas de recibir una respuesta. Te dicen que ya llenaron el puesto y sienten que no eres lo suficientemente inteligente. Aun así, crees que en el futuro conseguirás un trabajo.",N/A,¿Te ofrecerán otro trabajo en el futuro?,Sí,,https://drive.google.com/file/d/12wCJ5Ffbo2FQWJoyCCjGdJUCGOFpqs8y/view?usp=sharing,114.jpg,2,
Académicos/Trabajo/Desarrollo Profesional,Salud Mental,,Positive,Aplicando a trabajos,"Aplicaste a un trabajo hace algunas semanas y acabas de recibir una respuesta. Te dicen que ya llenaron el puesto y te hace sentir que no eres lo suficientemente inteligente. Aun así, crees que en el futuro conseguirás un trabajo.",N/A,¿Te ofrecerán otro trabajo en el futuro?,Sí,,https://drive.google.com/file/d/12wCJ5Ffbo2FQWJoyCCjGdJUCGOFpqs8y/view?usp=sharing,114.jpg,2,
Académicos/Trabajo/Desarrollo Profesional,Salud Mental,,Resilience/Negation,Revisando tu trabajo,"Te han llamado para una evaluación de desempeño con tu jefe. En general, haces un buen trabajo, pero sabes que tu jefe ha notado algunos errores recientemente.","Mientras te preparas para la revisión, no crees que tu jefe olvide tu buen trabajo y crees que tu reunión probablemente se centrará en tus logros.",¿Crees que tu jefe se enfocará principalmente en tus puntos fuertes durante tu evaluación de desempeño?,Sí,No,https://drive.google.com/file/d/1EAYPVHFKPfUOp3vNgYgsrQGqdKFYW-a8/view?usp=sharing,49.jpg,2,
Académicos/Trabajo/Desarrollo Profesional,Vida Familiar y Doméstica,,Positive,Nueva oportunidad,"Aplicaste a un nuevo trabajo en un país extranjero, pero nadie en tu familia ha estado en el extranjero. Piensas en cómo reaccionará tu familia cuando les cuentes tu decisión y es posible que no les guste la idea de que vivas en otro país. Mientras te imaginas contándoles, sientes entusiasmo.",N/A,¿Te preocupa decirle a tu familia que quieres trabajar y vivir en otro país?,No,,https://drive.google.com/file/d/1mfPOr__w6g_DX68Qv4rp11wDL15AzfTN/view?usp=sharing,115.jpg,2,
Académicos/Trabajo/Desarrollo Profesional,,,Positive,Hablando en público,"Estás a punto de dar una presentación a tu supervisor y compañeros de trabajo. La información en la presentación proviene de la investigación que has realizado en tu trabajo. Durante la presentación, sientes que tu supervisor y compañeros pensaron que eres inteligente.",N/A,¿Creerán los demás que eres inteligente al presentar?,Sí,,https://drive.google.com/file/d/1un3NKc9Sb0zVmL2t-X9oQ68FQeyI49D6/view?usp=sharing,116.jpg,2,
Académicos/Trabajo/Desarrollo Profesional,Salud Mental,,Positive,Expectativas diferentes,"Buscas en línea si te seleccionaron para un aumento y ves que no lo hicieron, a pesar de que esperabas que sí. Piensas en lo que esto significará para tu futuro y sabes que todo estará bien.",N/A,¿Habrán consecuencias terribles por no obtener este aumento?,No,,https://drive.google.com/file/d/1XSzs9MSKzUi9VEjvSXdG4wuW6OFlE60F/view?usp=sharing,117.jpg,2,
Académicos/Trabajo/Desarrollo Profesional,Salud Mental,,Positive,Trabajo placentero,"Tú y algunos compañeros de trabajo recibieron tareas adicionales para completar antes de que termine la semana, y han estado trabajando mucho. Escuchaste a tus compañeros diciendo que sería ""una locura"" disfrutar del trabajo adicional. Piensas en lo productivo que te hace sentir trabajar tan duro y te sientes feliz.",N/A,¿Tienes ganas de completar las tareas adicionales?,Sí,,https://drive.google.com/file/d/18Nfhp9FuaS1pKc7jTO3hXT4vzg-FI7Db/view?usp=sharing,118.jpg,2,
Académicos/Trabajo/Desarrollo Profesional,Situaciones Sociales,,Positive,Prepararte para tener éxito,"En tu reunión de hoy, tienes una presentación importante. Para seguir las instrucciones de tu jefe, debes presentar por 15 minutos. Cuando piensas en completar esta presentación, te sientes preparado.",N/A,¿Eres capaz de completar la presentación?,Sí,,https://drive.google.com/file/d/1pQHZTO39FaMtxe96k3wQ-bwUufBsPYvC/view?usp=sharing,64.jpg,all,
Académicos/Trabajo/Desarrollo Profesional,,,Positive,Certidumbre de estar en lo correcto,"Estás teniendo una discusión intelectual con tu colega. En una de las preguntas que te hacen, estás 90% seguro de que conoces la respuesta correcta. Cuando respondes, te sientes seguro.",N/A,¿Te sientes inseguro acerca de tu respuesta?,No,,https://drive.google.com/file/d/1nVCrQvzsMF5KCRUZMiYr0rakkwQqslrO/view?usp=sharing,15.jpg,all,
Académicos/Trabajo/Desarrollo Profesional,Situaciones Sociales,,Resilience/Negation,Cafetería,"Estás trabajando en un proyecto con un colega en una pequeña mesa en una cafetería. Cuando llega tu café, accidentalmente derramas sobre todos sus papeles, haciendo que tu colega salte con angustia.","Después de limpiar el desorden lo mejor que puedes, te das cuenta de que su reacción fue normal, una respuesta rápida. Te dice que no está molesto contigo, y crees que es sincero.",Tu compañero de trabajo probablemente...,No está molesto.,Está molesto.,https://drive.google.com/file/d/1g0Aaap92WMbAwnbJvE20t419aXKMEHdi/view?usp=sharing,119.jpg,all,
Académicos/Trabajo/Desarrollo Profesional,,,Positive,Anticipación de entrevista,"Te están entrevistando para un puesto de liderazgo dentro de tu departamento. Antes de entrar en la oficina, notas que te sientes tembloroso. Te sientes increíblemente emocionado.",N/A,¿Sentirte tembloroso te asusta?,No,,https://drive.google.com/file/d/1No3R7ItN8sCZWVE76oQA483ECW65wV2l/view?usp=sharing,87.jpg,all,
Académicos/Trabajo/Desarrollo Profesional,Salud Mental,,Resilience/Negation,Comprometerse con las actividades,Estabas muy emocionado de regresar a la instrucción en persona y decidiste comprometerte con muchas actividades. Esto te ha resultado difícil de cumplir con todas tus responsabilidades y te preocupas que estes fallando en todo.,Te das cuenta de que volver a estar en persona es un ajuste y te llevará algún tiempo acostumbrarte al ajetreo de un semestre en persona. Piensas que con todo lo que estás pasando estás haciendo un gran trabajo.,¿Puedes manejar tus responsabilidades?,Sí,,https://drive.google.com/file/d/1XUJUmJyqOQBx5b6nraIfLuK3CHwUNri0/view?usp=sharing,68.jpg,all,
Académicos/Trabajo/Desarrollo Profesional,Salud Mental,,Positive,Quedando atrás,"Recientemente comenzaste un nuevo trabajo. Mientras trabajas, parece que todos los que te rodean saben lo que están haciendo, pero aún estás confundido. Crees que esto se debe a que todavía estás aprendiendo y pronto te darás cuenta.",N/A,¿Mejorarás en tu trabajo?,Sí,,https://drive.google.com/file/d/1V3qcOIHvtf7LmQss0ruGtHPfIMlyIauX/view?usp=sharing,21.jpg,all,
Académicos/Trabajo/Desarrollo Profesional,,,Positive,Errores en el trabajo,"Aunque normalmente sobresales en tu trabajo, recientemente tuviste una semana difícil en el trabajo y cometiste un par de errores grandes. Cuando piensas en el futuro, piensas que tu trabajo probablemente está seguro.",N/A,En las próximas semanas en el trabajo probablemente...,Aprenderás cosas nuevas.,Serás despedido.,https://drive.google.com/file/d/14pWmSJ9hsPOJZFuIKcrGQjriu93VzLz0/view?usp=sharing,96.jpg,all,
Académicos/Trabajo/Desarrollo Profesional,Situaciones Sociales,,Positive,Presentación estresante,"Tienes que hacerle una presentación a tu jefe. Mientras piensas en la presentación, sientes mariposas en el estómago. La mañana de la presentación, te sientes nervioso y crees que tus nervios serán manejables.",N/A,¿Eres capaz de tolerar tu ansiedad?,Sí,,https://drive.google.com/file/d/16jiyG_dY7BTG2s8QjNuSQJn_RwkLlqXH/view?usp=sharing,28.jpg,all,
Académicos/Trabajo/Desarrollo Profesional,Salud Mental,,Negative,Trabajando para salir adelante,"Te acaban de dar un trabajo en una oficina que realmente admiras. Para finalmente recibir el ascenso que deseas, sabes que tendrás que trabajar muy duro durante varios años y el resultado es incierto. Cuando imaginas tu probable puesto en la empresa en el futuro, esperas que se te otorgue el trabajo que deseas.",N/A,El future que te ves para ti mismo es...,Estar en el puesto por debajo de la que siempre has soñado.,Tener el puesto que siempre has querido en la oficina que admiras.,https://drive.google.com/file/d/1iFL-df-zgCCAJLsGw8Thh-FkkGSlVrbM/view?usp=sharing,23.jpg,all,
Académicos/Trabajo/Desarrollo Profesional,Situaciones Sociales,,Positive,Mostrar tu experiencia,"Tu supervisor llama una reunión relacionada a una nueva iniciativa y pide a cada asistente que presente sus ideas y experiencia previa. Cuando es tu turno de hablar, haces pausas con frecuencia. Al reflexionar sobre la reunión más tarde en el día, sientes que el supervisor pensó que sonabas capaz. ",N/A,Es probable que tu supervisor te haya encontrado...,Eficaz.,sin preparación y deficiente.,https://drive.google.com/file/d/1npkE7h685FSS9kM33IyEeOyngro5KOvm/view?usp=sharing,5.jpg,all,
Académicos/Trabajo/Desarrollo Profesional,Salud Mental,,Positive,Revisando tus cualificaciones,"Estás en una nueva ciudad y necesitas empezar a solicitar trabajos. Comienzas a revisar los requisitos para los puestos y, aunque has trabajado duro para preparar tu currículum, te preguntas si será suficiente. Piensas en tus logros y sabes que has hecho más que suficiente.",N/A,¿Estás calificado para estos nuevos trabajos?,Sí,,https://drive.google.com/file/d/1pcE3PZPJyiJCNCdBP0DGVbumVNri-Bev/view?usp=sharing,53.jpg,all,
Académicos/Trabajo/Desarrollo Profesional,,,Positive,Tomar una decisión,"Tu pareja quiere que acceptes un trabajo específico. Preferirías trabajar en un lugar diferente, pero tu pareja ha dejado claro que no está de acuerdo con esa decisión.  Cuando piensas en hablar con tu pareja sobre tu decisión, te sientes preparado. ",N/A,¿Puedes hablar con tu pareja sobre tu elección de trabajo?,Sí,,https://drive.google.com/file/d/1Z0nzrIQHVjl7UmtuA4nngOFyGYVvmBB-/view?usp=sharing,54.jpg,all,
Académicos/Trabajo/Desarrollo Profesional,Salud Mental,Salud Física,Resilience/Negation,Fuera de tu control,"Estás a punto de hacer tu primera entrevista en línea para una promoción importante. Haces clic en el enlace cuando es hora de unirte a la reunión, pero tu conexión a internet se corta. Piensas que los entrevistadores podrían asumir que llegaste tarde y sientes nausea.","Después de un minuto, tu conexión a internet vuelve. Inicias sesión de nuevo y te das cuenta de que te sientes más seguro.",¿Sientes nausea durante el resto de tu entrevista?,No,,https://drive.google.com/file/d/1XSzs9MSKzUi9VEjvSXdG4wuW6OFlE60F/view?usp=sharing,117.jpg,all,
Académicos/Trabajo/Desarrollo Profesional,,,Positive,Un tropiezo repentino,"Es tu primer día en un trabajo nuevo y vas a hablar con tu jefe. Al caminar hacia el, te tropiezas y luego te recuperas. Se dio cuenta y su primera impresión de ti probablemente es que estás muy preparado para el trabajo.",N/A,Tu jefe probablemente piensa que...,Estás listo para enfrentar desafíos.,Eres una persona torpe.,https://drive.google.com/file/d/1DttLONiIj8xl29lRpUM8ExKkKo4JbVNe/view?usp=sharing,4.jpg,all,
Académicos/Trabajo/Desarrollo Profesional,Situaciones Sociales,,Negative,Presentación de recaudación de fondos,"Te ponen a cargo de los esfuerzos de recaudación de fondos de tu oficina y rápidamente te das cuenta de que a tus compañeros de trabajo no les interesa mucho la recaudación de fondos. En una reunión, das una presentación sobre la importancia de ayudar con la recaudación de fondos, durante la cual tus compañeros de trabajo permanecen callados. Cuando te sientas después de tu presentación, piensas que parecían aburridos.",N/A,Los compañeros de trabajo probablemente están pensando...,Que no quieren ayudarte con la recaudación de fondos.,Que quieren ayudarte con la recaudación de fondos.,https://drive.google.com/file/d/1r3qtHj-urHxM3pju6-ipIBlJU-tXgwex/view?usp=sharing,120.jpg,all,
Académicos/Trabajo/Desarrollo Profesional,Situaciones Sociales,,Positive,Presentación de recaudación de fondos,"Te ponen a cargo de los esfuerzos de recaudación de fondos de tu oficina y rápidamente te das cuenta de que a tus compañeros de trabajo no les interesa mucho la recaudación de fondos. En una reunión, das una presentación sobre la importancia de ayudar con la recaudación de fondos, durante la cual tus compañeros de trabajo permanecen callados. Cuando te sientas después de tu presentación, piensas que parecían emocionados.",N/A,Los compañeros de trabajo probablemente están pensando...,Que quieren ayudarte con la recaudación de fondos.,Que no quieren ayudarte con la recaudación de fondos.,https://drive.google.com/file/d/1nvhxgdonABblwXeezmU2M9X2wRhpd7rd/view?usp=sharing,121.jpg,all,
Académicos/Trabajo/Desarrollo Profesional,,,Positive,Limitaciones futuras,Esta mañana escuchas en las noticia que muchas empresas están reduciendo personal. Piensas en qué sucederá si pierdes tu trabajo. Decides que será posible encontrar otro empleo.,N/A,"Si pierdes tu trabajo, probablemente... ",Encuentrarás un nuevo trabajo que disfrutarás.,No podrás mantenerte económicamente.,https://drive.google.com/file/d/1RnImJE-U_C1bMfkgSBjJk7I4RaUqraB1/view?usp=sharing,65.jpg,all,
Académicos/Trabajo/Desarrollo Profesional,,,Positive,Obtener una oportunidad,"Has enviado una solicitud para un trabajo que esperabas conseguir. Esperas conseguir una entrevista para el trabajo después de que revisen tu solicitud, pero sabes que es muy competitiva. Con tus calificaciones, esperas recibir una llamada.",N/A,Tus calificaciones...,Te ponen en una buena posición para conseguir una entrevista.,Probablemente no son lo suficientemente fuertes como para hacerte destacar.,https://drive.google.com/file/d/1kw58e9iPvU1vOT2PxZuYepma0F30V2qn/view?usp=sharing,14.jpg,all,
Académicos/Trabajo/Desarrollo Profesional,Situaciones Sociales,,Positive,Dando una presentación,"Tienes mucho trabajo para la evaluación de tu trabajo. Una de tus tareas más importantes es hacer una presentación extensa y bien preparada para tus compañeros de trabajo. Cuando te imaginas dando tu presentación, te sientes emocionado.",N/A,¿Estás deseando dar tu presentación a tus compañeros de trabajo?,Sí,,https://drive.google.com/file/d/1_2rE9XRzKQTqhk0TQjBqftLX-RvYtkqL/view?usp=sharing,59.jpg,all,
Académicos/Trabajo/Desarrollo Profesional,,,Resilience/Negation,El curso difícil,"Te has inscrito en un programa de ciencia de datos ofrecido por tu lugar de trabajo porque crees que será una habilidad útil que podrás adquirir en el futuro. Sabes que la demanda de personas con experiencia en ciencia de datos está aumentando, pero el programa es muy difícil.","Al imaginar cómo te irá en el programa, no te ves fracasando, sino que crees que tus esfuerzos por aprender algunas habilidades de ciencia de datos tendrán éxito.",¿Crees que será eficaz para adquirir algunas habilidades en ciencia de datos?,Sí,No,https://drive.google.com/file/d/18HsxK2zdx8J0wLQE1QZITsfajDWRjgaX/view?usp=sharing,9.jpg,all,
Académicos/Trabajo/Desarrollo Profesional,Salud Mental,,Positive,Pensando en preguntas,"Estás en una charla sobre un tema complicado que te emociona mucho. Tienes muchas ideas sobre el tema, pero sientes que las preguntas que hacen los demás son más inteligentes que las tuyas. Piensas en cómo todos probablemente se ponen nerviosos al hablar también, y sabes que no están allí para juzgar.",N/A,¿Las preguntas de los demás son mejores que las tuyas?,No,,https://drive.google.com/file/d/1ZRX4djV0jNJx45cG7BKsaEWYgTgDJGha/view?usp=sharing,89.jpg,all,
Académicos/Trabajo/Desarrollo Profesional,Salud Mental,,Positive,Aplicando a trabajos,"Aplicaste a un trabajo hace algunas semanas y acabas de recibir una respuesta. Te dicen que ya llenaron el puesto y te hace sentir que no eres lo suficientemente inteligente. Aun así, crees que en el futuro conseguirás un trabajo.",N/A,¿Te ofrecerán otro trabajo en el futuro?,Sí,,https://drive.google.com/file/d/12wCJ5Ffbo2FQWJoyCCjGdJUCGOFpqs8y/view?usp=sharing,114.jpg,all,
Académicos/Trabajo/Desarrollo Profesional,Salud Mental,,Negative,Manejando tareas,"Has estado muy ocupado estos últimos meses y no has tenido tiempo para trabajar en tu propio desarrollo profesional. Uno de tus colegas también está muy ocupado, y sin embargo, recibió un ascenso. Esto te hace sentir como un fracaso.",N/A,¿Deberías estar trabajando más duro?,Sí,,https://drive.google.com/file/d/1oLL_xLzI-U5_qMJYXQBLx1YoawU0rB1s/view?usp=sharing,122.jpg,all,
Académicos/Trabajo/Desarrollo Profesional,,,Positive,Opiniones fuertes,Ha llegado la mañana de tu primera evaluación con tu nuevo jefe. Te dice que tiene opiniones firmes sobre tu trabajo. Piensas que probablemente encuentran tu trabajo excelente.,N/A,¿Crees que tu nuevo jefe tenga una opinión desfavorable sobre tu trabajo?,No,,https://drive.google.com/file/d/1DDUHB-Z2PNw0gY0ymtiflHQj1EUSuaTn/view?usp=sharing,108.jpg,all,
Académicos/Trabajo/Desarrollo Profesional,Situaciones Sociales,,Positive,Tartamudeo en la oficina,"Estás hablando con tu supervisor en su oficina. Te das cuenta de que estás tartamudeando un poco más de lo normal. A medida que continúa la conversación, decides que está bien.",N/A,¿Te sientes avergonzado por tartamudear al hablar?,No,,https://drive.google.com/file/d/1aUoa1C9eagfLdwz6V8WTzXzAjHHYPXaJ/view?usp=sharing,26.jpg,all,
Académicos/Trabajo/Desarrollo Profesional,Vida Familiar y Doméstica,,Resilience/Negation,Expectativas,"El año acaba de terminar y tu jefe quiere reunirse contigo para hablar sobre tu rendimiento. Tiene expectativas altas para ti, pero tu rendimiento fue peor que en años anteriores. Tu jefe estará enojado.","Piensas en por qué quieren que te desempeñes bien. Sabes que es porque quieren que te vaya bien, eso te asegura.",¿Te quedas molesto al pensar en hablar con tu jefe sobre tu desempeño este año?,No,,https://drive.google.com/file/d/1wCwgto6cdEuwAN3zGRHJfTtYQnaB_Rh4/view?usp=sharing,123.jpg,all,
Académicos/Trabajo/Desarrollo Profesional,,,Resilience/Negation,Tu Currículum,"Te estás preparando para solicitar un nuevo trabajo. Tienes una reunión con un posible empleador mañana, y sabes que un buen currículum será un factor importante.","Mientras revisas tu currículum, no anticipas que tu futuro empleador te descarte, y piensas que el entrevistador quedará impresionado.",¿El posible empleador pensará que tienes un currículum sólido?,Sí,No,https://drive.google.com/file/d/12Cgn_OOe7x5Oai-qSUktQ4QZ57TSL-zp/view?usp=sharing,77.jpg,all,
Académicos/Trabajo/Desarrollo Profesional,Situaciones Sociales,,Positive,Participación,"Consideras asistir a un taller práctico en el que se requerirá tu opinión con frecuencia, a pesar de que no te gusta hablar frente a los demás. Después de asistir al taller, te das cuenta de que fue una decisión excelente.",N/A,¿Estás contento de haber asistido al taller?,Sí,,https://drive.google.com/file/d/1Dh2em2eifFjm2KkfZDfxM2WuvxRCmMV7/view?usp=sharing,63.jpg,all,
Académicos/Trabajo/Desarrollo Profesional,Situaciones Sociales,,Positive,No invitado a cenar,"Acabas de empezar en un nuevo trabajo y trabajas con mucha gente nueva. Escuchas a algunos de ellos reírse juntos y hablar de salir a cenar y esperas a que te inviten, ansioso por hacer amigos, pero no lo hacen. Cuando piensas en tu futuro con este grupo, te sientes bien.",N/A,¿Es demasiado tarde para hacerse amigo de tus nuevos compañeros de trabajo?,No,,https://drive.google.com/file/d/1nVCrQvzsMF5KCRUZMiYr0rakkwQqslrO/view?usp=sharing,15.jpg,all,
Académicos/Trabajo/Desarrollo Profesional,Salud Mental,,Positive,Reunión uno a uno,"Hoy tienes una reunión individual con tu intimidante jefe, lo que te pone nervioso. Durante la reunión, pierdes momentáneamente el hilo de tus pensamientos. Después de eso, tu ansiedad es tolerable.",N/A,¿Eres capaz de tolerar tu ansiedad mientras te reúnes con tu jefe?,Sí,,https://drive.google.com/file/d/1XdpsyI2ipYQdebyRJI6icWGBOLJlNXCD/view?usp=sharing,16.jpg,all,
Académicos/Trabajo/Desarrollo Profesional,,,Write Your Own,Write Your Own,,,,,,,,write your own,
Académicos/Trabajo/Desarrollo Profesional,,,Write Your Own,Write Your Own,,,,,,,,write your own,
Académicos/Trabajo/Desarrollo Profesional,,,Write Your Own,Write Your Own,,,,,,,,write your own,
Académicos/Trabajo/Desarrollo Profesional,,,Resilience/Negation,Obtener una oportunidad,"Has enviado una solicitud para un trabajo que esperas conseguir. Esperas conseguir una entrevista para el trabajo después de que revisen tu solicitud, pero sabes que es muy competitiva.","Con tus calificaciones, no crees que rechacen tu solicitud y esperas obtener una entrevista.",¿Te invitarán a una entrevista?,Sí,No,https://drive.google.com/file/d/1kw58e9iPvU1vOT2PxZuYepma0F30V2qn/view?usp=sharing,14.jpg,1,
Académicos/Trabajo/Desarrollo Profesional,,,Positive,Mal rumor,"Escuchaste un rumor de que tu supervisor planea despedir a alguien en tu puesto. Aunque normalmente eres un buen empleado, llegaste tarde a una reunión a principios de esta semana. Sientes que la probabilidad de que te degraden es mínima.",N/A,Crees que tu supervisor podría estar ...,Planeando despedir a alguien más.,Planeando despedirte.,https://drive.google.com/file/d/1Ufz-pbEsTswKD1WwWeGUqfBKkpWje2t7/view?usp=sharing,113.jpg,1,
Académicos/Trabajo/Desarrollo Profesional,Finanzas,,Positive,Ingresos adicionales,"Recientemente te has sentido abrumado con el trabajo, pero sabes que necesitas conseguir un segundo trabajo para estar en una situación financiera más estable. Mientras buscabas trabajo en línea, viste un solicitud para un trabajo que suena muy divertido para ti. Piensas que trabajar este segundo trabajo será manejable. ",N/A,¿Crees que puedas manejar un segundo trabajo?,Sí,No ,https://drive.google.com/file/d/1UBORN__WOk3N5lP4X-qA_lwYYhlyyYqS/view?usp=sharing,11.jpg,1,
Académicos/Trabajo/Desarrollo Profesional,Salud Mental,,Negative,No sentirte preparado,"En el trabajo, tu jefe les pide a todos que levanten la mano si han oído hablar de una técnica de trabajo. Cuando miras a tu alrededor, notas que la mayoría de tus compañeros de trabajo tienen la mano levantada, pero tú no. Esto te hace sentir como si no estuvieras preparado para hacer el trabajo.",N/A,¿Tus compañeros están más preparados que ti?,Sí,,https://drive.google.com/file/d/143F_jObaBvG1l77hgZir8HruiOBT9qcV/view?usp=sharing,124.jpg,1,
Académicos/Trabajo/Desarrollo Profesional,Situaciones Sociales,,Positive,Sentirse diferente,Estás participando en una conferencia en línea y miras el video de todos. Notas que entre el grupo de personas te ves diferente a los demás. Piensas en esto y te das cuenta de que está bien.,N/A,¿Es malo que te sientas diferente a los demás en tu campo?,No,,https://drive.google.com/file/d/1f1VN6tb5Yysg0HFc0gI9BB2IvxzQ6l5K/view?usp=sharing,97.jpg,1,
Académicos/Trabajo/Desarrollo Profesional,Situaciones Sociales,,Positive,Presentación importante,"Te han pedido que hagas una presentación sobre algunos de tus últimos proyectos en una conferencia importante. Esta es una gran oportunidad para resaltar el buen trabajo que has estado haciendo, pero te sientes nervioso al hablar frente a un grupo tan grande de compañeros.",N/A,"En la conferencia, la gente probablemente pensará que...",Haces un buen trabajo explicando tu trabajo reciente.,Te ves incómodo dando tu presentación.,https://drive.google.com/file/d/1mDkkEgN6DM4uUXlBqKzoV3AT0Fc6OUwv/view?usp=sharing,55.jpg,1,
Académicos/Trabajo/Desarrollo Profesional,Situaciones Sociales,,Resilience/Negation,Corrección rápida,"En el pasillo del trabajo, tu jefe te hace una pregunta y te das cuenta de que has respondido incorrectamente. Tu jefe te corrige. Crees que la experiencia de ser corregido por tu jefe es terrible.","Al final, recuerdas que cometer errores ocasionalmente no te hace un mal empleado. Tu jefe te corregió amablemente, porque es su trabajo, y sientes que toda la interacción estuvo bien.",¿Está bien responder incorrectamente de vez en cuando a una pregunta de tu jefe?,Sí,,https://drive.google.com/file/d/1LkIEzSKHGt3ThPYYrQWPZjfUroEcuFve/view?usp=sharing,60.jpg,1,
Académicos/Trabajo/Desarrollo Profesional,Situaciones Sociales,,Positive,Hilo de pensamientos,"Estás dando una presentación en el trabajo. Durante una de tus diapositivas, pierdes el hilo de tus pensamientos y tienes que tomar un momento para revisar tus notas. Mientras comienzas de nuevo, piensas que perder el hilo de los pensamientos durante una presentación es normal.",N/A,¿Es normal perder el hilo de pensamientos durante una presentación?,Sí,,https://drive.google.com/file/d/18pUrF5Rmh-siXj_KnjOng6LwnpmobMit/view?usp=sharing,67.jpg,1,
Académicos/Trabajo/Desarrollo Profesional,Salud Mental,,Positive,Trabajo inacabado,"Tuviste un día muy ocupado y no pudiste realizar todas sus tareas. En la cena, tu pareja habla orgullosamente de cómo terminó todo lo que tenía en la lista de tareas pendientes. Al pensar en si podrás completar tu trabajo mañana, te sientes seguro.",N/A,¿Podrás hacer todo?,Sí,,https://drive.google.com/file/d/1XUJUmJyqOQBx5b6nraIfLuK3CHwUNri0/view?usp=sharing,68.jpg,1,
Académicos/Trabajo/Desarrollo Profesional,Salud Mental,,Positive,Usando tecnología diferente,"Recientemente reemplazaste tu computadora portátil y tuviste que optar por una opción más económica. Tu jefe te pide que completes un proyecto que requerirá una aplicación que tu nueva computadora no tiene. Cuando piensas en completar tu trabajo para este proyecto, te sientes capaz.",N/A,¿Te sientes capaz de completar el trabajo de este proyecto?,Sí,,https://drive.google.com/file/d/1GCrKOzwl1UC_Ekj6ZbzSSgZLWAASM60G/view?usp=sharing,69.jpg,1,
Académicos/Trabajo/Desarrollo Profesional,,,Positive,Esperando grandes noticias,"Hoy recibirás un correo electrónico importante. Te dirá si recibiste un ascenso que realmente avanzaría tu carrera. Mientras esperas el correo electrónico, te sientes emocionado.",N/A,¿Te sientes miserable esperando el correo electrónico importante?,No,,https://drive.google.com/file/d/1p8eW_KLXFYr5TmnLnDsSXpM0xUI6bJ61/view?usp=sharing,41.jpg,1,
Académicos/Trabajo/Desarrollo Profesional,Salud Mental,Situaciones Sociales,Resilience/Negation,Opinión importante,"Terminas una tarea que tienes que entregar la próxima semana y le pides a tu jefe su opinión. Te dice que el trabajo está bien, excepto por una sección incompleta. Sientes que piensa que eres descuidado.","Al final, te das cuenta de que señalaron el error para que pudieras mejorarlo antes de enviarlo. Corriges la sección incompleta y crees que tu jefe piensa que estás aprendiendo.",¿Tu jefe quedó satisfecho con tu progreso?,Sí,,https://drive.google.com/file/d/1sS8e3ZmixCVH2YAFPuVlOAoIhpt-vfWE/view?usp=sharing,58.jpg,1,
Académicos/Trabajo/Desarrollo Profesional,Situaciones Sociales,,Positive,Contribuir a una discusión,Tu jefe convoca a una reunión para discutir un nuevo proyecto que involucrará a la mayoría del personal de tu oficina. De repente se te pide que contribuyas con tus ideas a la discusión. Rápidamente se te ocurren algunas ideas y piensas que tus colegas encontrarán que tus ideas son emocionantes.,N/A,Las personas en tu oficina probablemente...,Apoyarán tus ideas,No les gustarán tus ideas,https://drive.google.com/file/d/1JLyALw0FAi4CqbIXE3sRzXwYRToDyEgw/view?usp=sharing,57.jpg,1,
Académicos/Trabajo/Desarrollo Profesional,,,Positive,Sección eliminada,"Recientemente entregaste un manuscrito a una revista de investigación. Decides volver a leer el manuscrito enviado y te das cuenta de que eliminaste accidentalmente una sección que pretendías incluir en el artículo. Dado que tú realizaste esta eliminación accidentalmente, crees que es probable que recibas comentarios positivos.",N/A,¿Recibirás comentarios positivos sobre tu manuscrito?,Sí,,https://drive.google.com/file/d/1IYSdtMwryUCtRVlihCufMgLudDSe7Naj/view?usp=sharing,125.jpg,1,
Académicos/Trabajo/Desarrollo Profesional,Salud Mental,,Positive,Resultados de la evaluación,El tiempo para las evaluaciones del trabajo acaba de cerrar y no estás seguro si saliste bien o no. Te sientes nervioso al pensar en cómo te calificaron otras personas. Piensas que estar nervioso es manejable.,N/A,¿Puedes tolerar tus nervios mientras esperas saber tus resultados?,Sí,,https://drive.google.com/file/d/1wsTsWXkjfok0Sn3yNthn2D51nUUgPfAo/view?usp=sharing,72.jpg,1,
Académicos/Trabajo/Desarrollo Profesional,Salud Mental,,Resilience/Negation,Una presentación importante,"Tu jefe está viendo tu presentación en la reunión de hoy. Durante la presentación, tropiezas mucho con tus palabras. Te sientes derrotado.  ","Mientras te sientes molesto, te das cuenta que es natural cometer errores. Piensas que tu jefe no se acordará. ",¿Está bien que hayas cometido un error frente a tu jefe?,Sí,,https://drive.google.com/file/d/1pQHZTO39FaMtxe96k3wQ-bwUufBsPYvC/view?usp=sharing,64.jpg,1,
Académicos/Trabajo/Desarrollo Profesional,Salud Mental,Finanzas,Negative,Solicitar una subvención,"Quieres iniciar un nuevo proyecto de investigación en tu laboratorio, por lo que solicitas una subvención de financiación. Sin esta financiación, no podrás realizar la investigación que esperas realizar, pero no sabes si tu propuesta es lo suficientemente buena. Crees que no obtendrás la financiación.",N/A,¿Eres capaz de hacer esta investigación?,No,,https://drive.google.com/file/d/1pcE3PZPJyiJCNCdBP0DGVbumVNri-Bev/view?usp=sharing,53.jpg,1,
Académicos/Trabajo/Desarrollo Profesional,Finanzas,,Positive,Mercado de trabajo,"Recientemente viste en las noticias que la economía ha estado particularmente mal. Aunque tu jefe normalmente te da buenas críticas, te preguntas si tu trabajo es seguro. Crees que probablemente estarás bien.",N/A,¿Es probable que te despidan?,No,,https://drive.google.com/file/d/1_T7rY6ZMUGkrrUUDGpQvHEG53QIE1J_h/view?usp=sharing,52.jpg,1,
Académicos/Trabajo/Desarrollo Profesional,Situaciones Sociales,,Positive,Permitiendo que otros vean tu trabajo,"Un amigo sugiere que te unas a una organización de escritura creativa. Te dice que otros miembros del grupo leerán y criticarán tu escritura. Mientras escuchas a tu amigo hablar, la idea de que otras personas lean tu escritura te hace sentir entusiasmo. ",N/A,¿Esperas sentirte incómodo si otros ven tu escritura?,No,,https://drive.google.com/file/d/1_v0XVyjgJOJpCTokQcFjgQ8I8d4-jNxu/view?usp=sharing,126.jpg,1,
Académicos/Trabajo/Desarrollo Profesional,Salud Mental,,Positive,Puerta cerrada,"Llegas a casa del trabajo un viernes por la noche y te preguntas si has cerrado la puerta de la oficina. Normalmente cierras la puerta con llave, pero todavía te sientes ansioso sin saberlo con seguridad. Tu fin de semana fuera de la oficina será agradable.",N/A,Durante el fin de semana vas a...,Descansar y pasar tiempo con amigos o familiares.,Preocuparte por si cerraste la puerta con llave.,https://drive.google.com/file/d/1qii6Tw7lK46f_BUds8kymQOtUEDhZqjV/view?usp=sharing,6.jpg,1,
Académicos/Trabajo/Desarrollo Profesional,Situaciones Sociales,,Resilience/Negation,Mente va en blanco,Tu jefe te llama para que respondas una pregunta sobre los planes que acabas de discutir. No sabes qué decir. Tu mente se queda en blanco.,"Te das un momento para ordenar tus pensamientos y luego respondes a la pregunta. Cuando piensas en la respuesta que diste, te sientes bien. ",¿Eres capaz de responder a la pregunta?,Sí,,https://drive.google.com/file/d/1peJsSeWbW75_7SXUaFUQcsUBkEkp3q7I/view?usp=sharing,24.jpg,1,
Académicos/Trabajo/Desarrollo Profesional,,,Positive,Cambiando tu trayectoria,"Llevas cinco años en el mismo puesto y empiezas a sentirte aburrido y sin desafíos en tu trabajo. Te gustaría intentar conseguir un nuevo puesto, pero te preocupa poder ser competitivo en el mercado laboral. Al pensar en tu trayectoria profesional, crees que tus posibilidades de encontrar un nuevo trabajo que te resulte satisfactorio son malas.",N/A,"Dado tu probable resultado en el mercado laboral, tu mejor opción es...",Quedarte quieto aunque sea aburrido.,Intentar de encontrar un trabajo en algún lugar que realmente te desafíe.,https://drive.google.com/file/d/1pcE3PZPJyiJCNCdBP0DGVbumVNri-Bev/view?usp=sharing,53.jpg,1,
Académicos/Trabajo/Desarrollo Profesional,,,Positive,Finalización rápida de tareas,"Has empezado a trabajar en un nuevo comité con otro personal y te asignan una tarea que normalmente lleva unos días, pero logras terminarla el mismo día. Se lo muestras al resto del comité, quienes solo encuentran un error en tu trabajo. Cuando termina la reunión, esperas que piensen que tu trabajo es encomiable.",N/A,¿El comité quedó satisfecho con tu trabajo?,Sí,,https://drive.google.com/file/d/1L13QcCiq5pWIaUjHGkFhwwQeosh7S9tG/view?usp=sharing,85.jpg,1,
Académicos/Trabajo/Desarrollo Profesional,Situaciones Sociales,,Negative,Presentación importante,"Te han pedido que hagas una presentación sobre algunos de tus últimos proyectos en una conferencia importante. Esta es una gran oportunidad para resaltar el buen trabajo que has estado haciendo, pero te sientes nervioso al hablar frente un grupo tan grande de compañeros.",N/A,"Después de tu presentación, la gente del público probablemente pensará en...",Cuántos problemas tuviste para dar la presentación.,Que bien lo hiciste en tu presentación.,https://drive.google.com/file/d/1mDkkEgN6DM4uUXlBqKzoV3AT0Fc6OUwv/view?usp=sharing,55.jpg,1,
Académicos/Trabajo/Desarrollo Profesional,,,Positive,La audición,Estás haciendo una audición para una obra de teatro. Dices la mayoría de tus líneas correctamente pero te equivocas en una o dos. Piensas que la audición fue bien.,N/A,¿Te sientes bien con la audición?,Sí,,https://drive.google.com/file/d/1XWqPcn3xsv0ViabgEI21WyXarfoQOeaX/view?usp=sharing,40.jpg,1,
Académicos/Trabajo/Desarrollo Profesional,Situaciones Sociales,,Resilience/Negation,Cafetería,"Estás trabajando en un proyecto con un colega en una pequeña mesa en la cafetería. Cuando llega tu café, accidentalmente lo derramas sobre todos sus papeles, haciendo que tu colega salte con angustia.","Después de limpiar el desorden lo mejor que puedes, te das cuenta de que su reacción fue normal, una respuesta rápida. Te dice que no están molesto contigo, y crees que es sincero.",Tu compañero de trabajo probablemente...,No está molesto.,Está molesto.,https://drive.google.com/file/d/1g0Aaap92WMbAwnbJvE20t419aXKMEHdi/view?usp=sharing,119.jpg,1,
Académicos/Trabajo/Desarrollo Profesional,,,Positive,Una llamada crucial,"Hoy recibirás una llamada importante. Te dirá si recibiste el trabajo para el que entrevistaste. Mientras esperas la llamada, tu ansiedad es tolerable.",N/A,¿Puedes tolerar sentir ansiedad mientras esperas la llamada?,Sí,,https://drive.google.com/file/d/1fZ5gwS6hpP38y6RtFHzIC7gnpeeFtrLF/view?usp=sharing,106.jpg,1,
Académicos/Trabajo/Desarrollo Profesional,,,Positive,Una noche libre,"Tienes un gran proyecto pendiente al final de la semana. Tu trabajo no ha terminado, pero consideras tomarte un descanso para salir con amigos. Tomarte la noche libre sería razonable.",N/A,¿Está bien que hayas dejado de trabajar para salir con amigos?,Sí,,https://drive.google.com/file/d/1sp47R6r1ixHVuH4FTKwHC2nrZaym61Iy/view?usp=sharing,34.jpg,1,
Académicos/Trabajo/Desarrollo Profesional,Situaciones Sociales,,Positive,Una presentación grande,Estás a punto de dar una presentación importante. Te sientes ansioso al respecto. Esta sensación te hace sentir emocionado.,N/A,¿Te sientes emocionado por dar la presentación?,Sí,,https://drive.google.com/file/d/1Isymza3G0kL57wzhqwxZgxIn5utKL9wO/view?usp=sharing,2.jpg,1,
Académicos/Trabajo/Desarrollo Profesional,,,Positive,Hablando en público,"Estás a punto de dar una presentación a tu supervisor y compañeros de trabajo. La información en la presentación proviene de la investigación que has realizado en tu trabajo. Durante la presentación, sientes que tu supervisor y compañeros piensan que eres inteligente.",N/A,¿Los demás pensarán que pareces inteligente al presentar?,Sí,,https://drive.google.com/file/d/1un3NKc9Sb0zVmL2t-X9oQ68FQeyI49D6/view?usp=sharing,116.jpg,1,
Vida Familiar y Doméstica,Situaciones Sociales,,Positive,Reconciliándote con tu amigo,"Unos días después de un pleito con tu amigo, decides romper el hielo y le propones que vayan a tomar un café. Te alistas y cuando estás por irte, te llaman para decirte que después de todo no pueden llegar. Cuando cuelgas, piensas que cancelaron porque están cansados. ",N/A,¿Tu amigo canceló la reunion porque está...,Cansado de una semana ocupada.,Enojado contigo.,https://drive.google.com/file/d/1LZnhgjX_Ooy4zJ7r99Iydqi6bvIOcszd/view?usp=sharing,127.jpg,1,
Vida Familiar y Doméstica,,,Positive,Un sonido fuerte,"Estás en casa viendo televisión solo por la noche. Debes haberte estado adormilándote, porque de repente te despiertas después de escuchar un ruido fuerte. Miras afuera y ves una ardilla.",N/A,¿Deberías tener miedo cuando escuchas un ruido por la noche?,No,,https://drive.google.com/file/d/112L-8dcWTlW0PBIwlzQ1tji-mxaOJI19/view?usp=sharing,128.jpg,1,
Vida Familiar y Doméstica,Salud Física,,Negative,Salud y envejecimiento,Visitas a un amigo de la infancia durante las vacaciones y notas que está envejeciendo. Te preguntas cómo será su salud en el futuro. Crees que su salud probablemente estará empeorando.,N/A,Tu amigo probablemente ...,Se enfermará más en el futuro.,Se mantendrá saludable en el futuro.,https://drive.google.com/file/d/1WQ98TKdbZ08AjbW2rG-0WPXkWDfK2eYl/view?usp=sharing,129.jpg,1,
Vida Familiar y Doméstica,,,Positive,Decisiones de viaje,"Estás considerando varias opciones para donde ir de vacaciones. Solo tienes un poco de información sobre cada destino antes de tomar tu decisión. Cuando decides, te sientes satisfecho.",N/A,¿Estás contento con tu decisión sobre dónde irás de vacaciones?,Sí,,https://drive.google.com/file/d/1m7hh0KAbEypRGlvsWor7NXW3kZ2Bmlem/view?usp=sharing,130.jpg,1,
Vida Familiar y Doméstica,,,Positive,Calentador,"Saliste corriendo de tu casa esta mañana. Una vez en el trabajo, te preguntas si olvidaste apagar el calentador. La probabilidad de que el calentador provoque un incendio es mínima.",N/A,¿Tu calefactor provocará un incendio?,No,,https://drive.google.com/file/d/12yVqiIYwySGiWCN59JefWnXYMM955wDC/view?usp=sharing,131.jpg,1,
Vida Familiar y Doméstica,,,Resilience/Negation,Encontrando equilibrio,"En casa, tienes muchos quehaceres que se tienen que completar. Tambien tienes una semana ocupada en al trabajo que te demandará mucho tiempo. Mantener equilibrio entre tu vida personal y del trabajo es estresante.   ","Escuchas música calmante mientras haces tus quehaceres. Mientras empiezas con tu lista de trabajos, tienes confianza.",¿Te sientes abrumado por todo lo que tienes que lograr?,No,,https://drive.google.com/file/d/1cQbfhuu2-vL7J0Igqz9iQOuZsJQ0wTlZ/view?usp=sharing,132.jpg,1,
Vida Familiar y Doméstica,,,Positive,Visitando familia," Se acerca un fin de semana largo y habías planeado visitar a tu familia. Esta mañana, te das cuenta de que estuviste expuesto a alguien con COVID. Estás vacunado, pero no estás seguro del riesgo de contagiarte y posiblemente transmitirles el virus a tu familia. Piensas que tu familia entenderá si decides no ir a visitarlos para protegerlos. ",N/A,¿Tu familia estará enojada si decides no visitarlos este fin de semana?,No,,https://drive.google.com/file/d/1A7X0GdwzsS1kR5c8LnKnC_pPsv8PQAhe/view?usp=sharing,133.jpg,1,
Vida Familiar y Doméstica,,,Resilience/Negation,Quedarse sin batería,"Vas a hacer un largo viaje en auto con tu familia para visitar a tus familiares en otra parte del estado. Después de una hora, notas que la batería de tu teléfono está casi agotada y no tienes cargador. Piensas en el resto del viaje en coche y sientes que te sentirás miserable.","Después de preocuparte por unos minutos, te das cuenta de que puedes aprovechar este tiempo para hablar con tu familia. Te sientes mejor.",¿Estarás bien el viaje en auto sin tu teléfono?,Sí,,https://drive.google.com/file/d/1hVhpy_8MrHNJ7D6TGUs42mXmkuk4t4W8/view?usp=sharing,134.jpg,1,
Vida Familiar y Doméstica,Salud Mental,,Positive,Atascado en el medio,"Estás en casa leyendo un libro cuando escuchas a miembros de tu hogar peleando. Te preguntas por qué se están gritando el uno al otro, y luego uno de ellos dice tu nombre. Te das cuenta de que la razón por la que están discutiendo probablemente no es tu culpa. ",N/A,¿Es tu culpa que estén peleando?,No,,https://drive.google.com/file/d/1ftgcSnzMhpFI41H8c5OD_1qoWZWEzBP2/view?usp=sharing,135.jpg,1,
Vida Familiar y Doméstica,,,Positive,Lidiar con la vergüenza,"Tu pareja te está dejando en un evento de trabajo. Mientras te deja, está siendo muy ruidoso y te hace sentir avergonzado. Cuando sales del coche, te sientes bien.",N/A,¿Eres capaz de tolerar que tu pareja te deje?,Sí,,https://drive.google.com/file/d/1_yNUHw34Vp2RxqAunp0iGwPNqOzTzKbc/view?usp=sharing,136.jpg,1,
Vida Familiar y Doméstica,Salud Mental,,Positive,Tu primer hijo,"Acabas de tener tu primer hijo. Quieres mantener una buena relación durante toda la vida de tu hijo, pero te preocupa cometer errores como padre. Cuando tu hijo sea adulto, crees que tendrán una relación cercana.",N/A,Esperas que la relación con tu hijo adulto sea...,Cariñosa y cercana,Distanciada,https://drive.google.com/file/d/1jHnVJt6AMYU6KRQP6IKFjUXh3Cp1J9b0/view?usp=sharing,137.jpg,1,
Vida Familiar y Doméstica,,,Resilience/Negation,Creencias diferentes,"Tú y tu familia extendida tienen creencias políticas y religiosas muy diferentes. Haces un esfuerzo considerable para tener una buena relación con tu familia, pero desacuerdos en una reunión reciente causaron tensión.","Con el tiempo, no esperas que tu familia se distancie, sino que crees que tu familia se volverá más unida.",¿Las relaciones de tu familia se volverán más tensas con el tiempo?,No,Sí,https://drive.google.com/file/d/1V9enBLw4iWozyu0nY4pNLSUJ4-RiRp_s/view?usp=sharing,138.jpg,1,
Vida Familiar y Doméstica,,,Positive ,Desacuerdos con tu hermana,"Tú y tu hermana recientemente tuvieron una discusión, y no se han hablado en semanas. Quieres mucho a tu hermana, pero ambos aún están molestos por lo que el otro dijo la última vez que hablaron. Al pensar en volver a hablar con tu hermana, crees que seguirán siendo cercanos.",N/A,"Piensas que la próxima vez que hables con tu hermana, ambos...",Dejarán de lado sus diferencias y restaurarán su relación.,Mantendrán sus posturas y seguirán peleando.,https://drive.google.com/file/d/1MrPuOeWOe6yhwEGqHCJmj3SG5bnQbQww/view?usp=sharing,139.jpg,1,
Vida Familiar y Doméstica,,,Positive,Un hallazgo afortunado,"Estás buscando una nueva casa. Durante tu primera visita, te enamoras del lugar y decides firmar un contrato de arrendamiento. El hecho de que no hayas visitado otras casas te hace sentir bien.",N/A,"Cuando te mudes a tu casa, probablemente...",Descubrirás que tu casa tiene sentido acogedor.,Lamentarás tu decisión.,https://drive.google.com/file/d/1vHb2dINLjpzSvf2tdF5e5shVae0oDjxQ/view?usp=sharing,140.jpg,1,
Vida Familiar y Doméstica,,,Positive,Llamada telefónica del lunes,"Todos los lunes llamas a tus padres para saludarlos. Hoy es lunes y no contestaron el teléfono cuando llamaste, lo cual es extraño. Probablemente tus padres no contestaron el teléfono porque están ocupados.",N/A,¿Tus padres no pueden hablar porque están enfermos?,No,,https://drive.google.com/file/d/1VKdf9frnu773HFSGrvavtdHyGsg0A04S/view?usp=sharing,141.jpg,1,
Vida Familiar y Doméstica,Salud Mental,,Negative,Yendo de vacaciones,"Te vas de vacaciones por unos días. Decides verificar nuevamente que todos los electrodomésticos de tu casa estén apagados. Al cerrar la puerta de tu casa, te sientes nervioso.",N/A,¿Estás preocupado por si apagaste todo en la casa?,Sí,,https://drive.google.com/file/d/11L0gcPPltGMNDtkc_O6wRZAj_WWsbX7o/view?usp=sharing,142.jpg,1,
Vida Familiar y Doméstica,,,Resilience/Negation,Padres visitando,"Estás organizando una fiesta de nacimiento para un miembro de tu familia hoy y ambos de tus padres están asistiendo. Están divorciados y a veces causan una escena embarazosa en público. Durante la fiesta, piensas en tus padres.",Respiras profundamente y te enfocas de nuevo en organizar la fiesta de nacimiento. Decides que no puedes controlar el comportamiento de tus padres.,¿Puedes concentrarte en la fiesta de nacimiento?,Sí,,https://drive.google.com/file/d/1ii9gWhb1eIlxBuU3IxPJk0q_7S0P3KqE/view?usp=sharing,143.jpg,1,
Vida Familiar y Doméstica,,,Positive,Nueva receta,"Tienes una idea para una nueva receta que involucra ingredientes que nunca has usado antes. La preparas para tu familia. Mientras todos empiezan a comer, te sientes orgulloso.",N/A,¿Te preocupa lo que pensará tu familia de tu comida?,No,,https://drive.google.com/file/d/1vTuw-1aglVPbYE4oaEYbIP6LLuikDSFt/view?usp=sharing,144.jpg,1,
Vida Familiar y Doméstica,,,Positive,Ruidos del exterior,Te acabas de mudar a una nueva casa. Afuera está oscuro y de repente escuchas ruidos afuera. Miras por la ventana y ves un gato.,N/A,¿Había algo aterrador afuera en la oscuridad?,No,,https://drive.google.com/file/d/11Vs9sz9BDAkaj5QCxD927t-mz-VTFWXn/view?usp=sharing,145.jpg,1,
Vida Familiar y Doméstica,,,Positive,Padres divorciados,"Estás organizando una fiesta y tus padres asisten. Están divorciados y a veces tienen problemas para llevarse bien. Durante el evento, discuten pero puedes concentrarte en tus deberes.",N/A,¿Eres capaz de soportar las peleas de tus padres?,Sí,,https://drive.google.com/file/d/17W0dNbQ648WWbCLDQ3kAkeR0bT1bWMyW/view?usp=sharing,146.jpg,1,
Vida Familiar y Doméstica,Salud Física,,Positive,Salud y envejecimiento,Visitas a un amigo de la infancia durante las vacaciones y notas que está envejeciendo. Te preguntas cómo será su salud en el futuro. Crees que su salud probablemente será buena.,N/A,Tu amigo probablemente ...,Se mantendrá saludable en el futuro.,Se enfermará más en el futuro.,https://drive.google.com/file/d/1WQ98TKdbZ08AjbW2rG-0WPXkWDfK2eYl/view?usp=sharing,129.jpg,1,
Vida Familiar y Doméstica,,,Negative,Un sonido fuerte,"Estás en casa viendo televisión solo por la noche. Debes haberte estado adormilándote, porque de repente te despiertas después de escuchar un ruido fuerte. Miras afuera y ves un intruso.",N/A,¿Deberías tener miedo cuando escuchas un ruido por la noche?,Sí,,https://drive.google.com/file/d/112L-8dcWTlW0PBIwlzQ1tji-mxaOJI19/view?usp=sharing,128.jpg,1,
Vida Familiar y Doméstica,Académicos/Trabajo/Desarrollo Profesional,,Positive,Opiniones de otros,Te negaron un ascenso este año y sabes que tu amigo te estaba apoyando para que lo obtuvieras. Frunce el ceño cuando le cuentas que no lo conseguiste. Le dices que trabajaste muy duro a pesar de no conseguir un ascenso y él dice que está orgulloso del esfuerzo que hiciste durante todo el año.,N/A,¿Tu amigo está decepcionado porque no obtuviste el ascenso?,No,,https://drive.google.com/file/d/1WzyVq9WXRsCbwmV-3XbVYvTo1EVSJtPA/view?usp=sharing,62.jpg,1,
Vida Familiar y Doméstica,Académicos/Trabajo/Desarrollo Profesional,,Resilience/Negation,La música ruidosa,Tu pareja está escuchando música animada muy fuerte y necesitas prepararte para una tarea importante. No quieres que piense que eres grosero si le pides que baje el volumen de la música para que puedas prepararte. Te acercas a él/ella y te sientes nervioso.,N/A,¿Tu pareja se molestará cuando le pidas que baje el volumen de la música?,No,,https://drive.google.com/file/d/1AZk7owEM2J5V91afv56x1rxdom3zjESu/view?usp=sharing,112.jpg,1,
Vida Familiar y Doméstica,,,Positive ,Pasando tiempo con familia,"Estás yendo a ver a tu familia para unas vacaciones. Disfrutas de ver a tu familia, pero recientemente ha sido más difícil salir a verlos. Cuando imaginas la cantidad de tiempo que pasarás con tus familiares en los próximos años, no estás preocupado de que tu relación se deteriore, y crees que tu familia se mantendrá conectada.",N/A,"A medida que tu familia pasa menos tiempo juntos, piensas que...",Encontrarás formas de mantenerte en contacto y permanecer conectado.,Tu relación con ellos se volverá tensa.,https://drive.google.com/file/d/1KbeTT5hK7TLxBUVg38Kcs6Sq1jNtXzD5/view?usp=sharing,147.jpg,1,
Vida Familiar y Doméstica,Académicos/Trabajo/Desarrollo Profesional,,Positive,Nueva oportunidad,"Aplicaste a un nuevo trabajo en un país extranjero, pero nadie en tu familia ha estado en el extranjero. Piensas en cómo reaccionará tu familia cuando les cuentes tu decisión y es posible que no les guste la idea de que vivas en otro país. Mientras te imaginas contándoles, sientes entusiasmo.",N/A,¿Te preocupa decirle a tu familia que quieres trabajar y vivir en otro país?,No,,https://drive.google.com/file/d/1mfPOr__w6g_DX68Qv4rp11wDL15AzfTN/view?usp=sharing,115.jpg,1,
Vida Familiar y Doméstica,Salud Mental,,Resilience/Negation,Nerviosismo de cumpleaños,"Tus amigos están organizando una fiesta de cumpleaños para ti en su casa. Invitaron a mucha gente que estarán ahí para ti. Cuando piensas en toda la gente que vendrá, te sientes nervioso. ",Recuerdas que todos vienen a celebrarte. Esto te hace sentir emocionado.,¿Estás emocionado por toda la atención que recibirás?,Sí,,https://drive.google.com/file/d/1UoBTJwOaRbMpWrYnOWNPOBzR-axREE4s/view?usp=sharing,148.jpg,1,
Vida Familiar y Doméstica,Situaciones Sociales,,Positive,Conversación durante la cena,Estás en casa de tu amigo para cenar y te pregunta sobre tus padres. No estás seguro de cómo responder porque tus padres están divorciados y no has visto a tu madre durante mucho tiempo. Piensas en qué dirás y te sientes seguro.,N/A,¿Puedes hablar sobre tus padres divorciados?,Sí,,https://drive.google.com/file/d/18ON-daCCgtQApC9SVxzPUIsZEHK2kZJK/view?usp=sharing,149.jpg,1,
Vida Familiar y Doméstica,,,Positive,Padres molestos,"Cuando llamas a uno de tus padres, parecen enojados pero no sabes qué es el asunto. Te dan una respuesta corta cuando intentas hablar con ellos al respecto. Consideras por qué están enojados y te das cuenta de que no eres la causa.",N/A,¿Están enojados contigo?,No,,https://drive.google.com/file/d/1LZnhgjX_Ooy4zJ7r99Iydqi6bvIOcszd/view?usp=sharing,127.jpg,1,
Vida Familiar y Doméstica,Situaciones Sociales,,Positive,Celebraciones culturales familiares,"Tus colegas te piden que asistas a una conferencia, pero es en la noche de una celebración cultural importante para tu familia. Deseas participar en la celebración con tu familia, pero no quieres que tus colegas piensen que eres diferente. Al pensar en contárselo a tus colegas, te das cuenta de que tu cultura es importante. ",N/A,¿Te da vergüenza decirles a tus colegas que no puedes ir a la conferencia?,No,,https://drive.google.com/file/d/1mnjPZpYIVahZEm1gr4Zu9gKZfMCjl2Tk/view?usp=sharing,45.jpg,1,
Vida Familiar y Doméstica,Situaciones Sociales,,Positive,Casa bilingüe,"Estás cenando con un compañero de trabajo. Mientras comen juntos, recibes una llamada telefónica de un miembro de tu familia y cambias entre español y otro idioma. Nunca le dijiste a tu compañero de trabajo que tus familiares son bilingües. Piensas en la reacción de tu compañero y crees que le parecerá interesante.",N/A,¿Tu compañero de trabajo juzga a tu familia bilingüe?,No,,https://drive.google.com/file/d/1vTuw-1aglVPbYE4oaEYbIP6LLuikDSFt/view?usp=sharing,144.jpg,2,
Vida Familiar y Doméstica,Situaciones Sociales,,Positive,Presentando a tus amigos,Invitaste a tu cónyuge a encontrarse con tus amigos del trabajo esta noche. Sabes que a menudo pueden contar historias vergonzosas sobre ti a otras personas. Piensas en lo que hará esta noche y te sientes tranquilo.,N/A,¿Estás preocupado por lo que dirá tu cónyuge esta noche?,No,,https://drive.google.com/file/d/1jGKwLrtXqcIGGrJzcL9eRsCy8D-KQGvl/view?usp=sharing,150.jpg,2,
Vida Familiar y Doméstica,Situaciones Sociales,,Resilience/Negation,Tensión familiar,"Tú y un miembro de la familia tuvieron una conversación tensa hace unos meses. No han hablado desde esa interacción, pero se acerca un evento festivo al que ambos asistirán. Te preguntas si te enfrentarán nuevamente.","Después de pensarlo, decides que el tema del desacuerdo sigue siendo importante para ti. Optas por evitar al miembro de la familia para evitar encontrarte en una situación incómoda.",¿Intentarás otra vez tener una conversación con el miembro de la familia?,No,,https://drive.google.com/file/d/1g5l905rSslaK-uHj6vY5LZpSy42h1tjN/view?usp=sharing,151.jpg,2,
Vida Familiar y Doméstica,Salud Física,,Positive,Visitar a una familia anciana,Vuelves a casa de tus padres durante las vacaciones y notas que tu madre parece frágil. Te preguntas sobre su salud y si está enferma. Crees que su salud probablemente será buena.,N/A,¿La salud de tu madre va a empeorar rápidamente?,No,,https://drive.google.com/file/d/1Gq9Sn1-xMI1EWDLSKgwCVl-6URaJ2yiG/view?usp=sharing,152.jpg,2,
Vida Familiar y Doméstica,Salud Mental,,Negative,Tu primer hijo,"Acabas de tener tu primer hijo. Quieres mantener una buena relación durante toda la vida de tu hijo, pero te preocupa cometer errores como padre. Cuando tu hijo sea adulto, crees que la relación será tensa. ",N/A,Crees que hay muchas posibilidades de que cuando tu hijo sea adulto...,Ustedes dos casi nunca se verán,Ustedes dos hablarán regularmente.,https://drive.google.com/file/d/1jHnVJt6AMYU6KRQP6IKFjUXh3Cp1J9b0/view?usp=sharing,137.jpg,2,
Vida Familiar y Doméstica,,,Positive,Creencias diferentes,"Tú y tu familia extendida tienen creencias políticas y religiosas muy diferentes. Haces un esfuerzo considerable para tener una buena relación con tu familia, pero desacuerdos en una reunión reciente causaron tensión. Con el tiempo, piensas que tu familia se volverá más unida.",N/A,Piensas que probablemente tu familia...,Trabajarán juntos para establecer mejores relaciones entre ustedes.,Hablarán cada vez menos entre ustedes a medida que aumenten las tensiones ideológicas.,https://drive.google.com/file/d/1V9enBLw4iWozyu0nY4pNLSUJ4-RiRp_s/view?usp=sharing,138.jpg,2,
Vida Familiar y Doméstica,Situaciones Sociales,,Resilience/Negation,Cambio de planes,Tu familia espera que te asciendan en el trabajo. Todavía no les has dicho que en realidad quieres tomarte unos años sabáticos para viajar. Piensas en decírselo y te sientes ansioso.,"Decides decírselo de todos modos. Cuando les cuentas tus planes, te sientes aliviado. ",¿Te sientes mejor después de hablar con tu familia sobre tus planes?,Sí,,https://drive.google.com/file/d/1Z0nzrIQHVjl7UmtuA4nngOFyGYVvmBB-/view?usp=sharing,54.jpg,2,
Vida Familiar y Doméstica,Académicos/Trabajo/Desarrollo Profesional,,Positive,Emoción prospectiva,"Te gustarías tomarte un tiempo libre para viajar después de un año largo y estresante. Tu familia espera que trabajes más horas para ayudar con las finanzas y no quieres decepcionarlos. Al considerar tus planes para fin de año, te sientes emocionado.",N/A,¿Estás ansioso por tus planes para fin de año?,No,,https://drive.google.com/file/d/1-ZaRhY6rkkEMRjIZb6GczmTpynme4Zhc/view?usp=sharing,153.jpg,2,
Vida Familiar y Doméstica,,,Positive,Haciendo una buena impresión,"Nunca has conocido a los colegas de tu pareja. Acaba de decirte que sus colegas te han invitado a cenar esta noche, y tu pareja menciona que pueden ser críticos. Cuando piensas en conocer a sus colegas, tu ansiedad es tolerable.  ",N/A,¿Eres capaz de tolerar tu ansiedad?,Sí,,https://drive.google.com/file/d/1vJoHo-PAZH_4RraK8mdfEZStKeJTXdp3/view?usp=sharing,154.jpg,2,
Vida Familiar y Doméstica,Salud Mental,,Positive,Opiniones opuestas,"Tu familia tiene opiniones firmes con las que no siempre estás de acuerdo. Al escuchar a tu familia hablar, sientes que eres muy diferente a ellos. Sientes que tener tus propios puntos de vista únicos está bien. ",N/A,¿Está bien tener puntos de vista diferentes a los de tu familia?,Sí,,https://drive.google.com/file/d/1z-OZ5Wr0EatO5q1bpsB0G3Xv11wj5Z46/view?usp=sharing,155.jpg,2,
Vida Familiar y Doméstica,Situaciones Sociales,,Resilience/Negation,El coche de tu familia,"Tu familia comparte un coche viejo que tiene una gran abolladura en la parte delantera. Hoy lo estás conduciendo al trabajo. Cuando piensas en tus colegas viendo tu coche, te sientes nervioso. ","Al salir del coche en frente de tu trabajo, ves a algunos de tus colegas. Sonríen y te saludan con la mano, y te sientes aliviado. ",¿Tus colegas juzgan tu coche?,No,,https://drive.google.com/file/d/1jkOOfJWbCDVRymQ01TrUAX4_GRkDLWoN/view?usp=sharing,156.jpg,2,
Vida Familiar y Doméstica,Académicos/Trabajo/Desarrollo Profesional,,Positive,Fecha límite cercana,"Tú y tu pareja comparten una oficina en casa. Tienes una tarea del trabajo que entregar esta noche, pero están usando la oficina. Cuando piensas en completar el trabajo a tiempo, te sientes seguro.",N/A,¿Terminarás tu tarea a tiempo?,Sí,,https://drive.google.com/file/d/1q13omJofjfnPiBpNlEwv-3_ZALGQEk6h/view?usp=sharing,22.jpg,2,
Vida Familiar y Doméstica,Salud Mental,,Positive,Puerta con seguro,"Una mañana sales de tu casa y comienzas a dirigirte al trabajo. Unos 10 minutos después de salir, te preguntas si recordaste cerrar la puerta de tu casa. A medida que continúas con tu viaje, confías en ti mismo y te sientes relajado.",N/A,Durante el resto del camino te sientes...,Tranquilo y relajado cuando llegas al trabajo.,Preocupado de que hayas dejado la puerta de tu casa sin seguro.,https://drive.google.com/file/d/1L06ap5ra_s6MnwpMX2bIkWHmxWYaUpYT/view?usp=sharing,157.jpg,2,
Vida Familiar y Doméstica,Finanzas,,Positive,Mantener a la familia,"Quieres que tu familia tenga buenas oportunidades educativas. Quieres que tus hijos puedan asistir a buenas universidades, pero comprendes que esto tiene un precio alto. Cuando piensas en tus hijos, crees que apoyar su educación universitaria será asequible.",N/A,Crees que enviar a tus hijos a una buena universidad...,Será alcanzable.,Estará más allá de tus posibilidades.,https://drive.google.com/file/d/1SLIlpEwAlYywGSOzmfcgtN7_OZG7Kwcb/view?usp=sharing,158.jpg,2,
Vida Familiar y Doméstica,Finanzas,,Positive,Costos inesperados,"Has estado alquilando tu casa. Sientes que ya es hora de comprar una casa y que ahora tienes un trabajo estable, pero te preocupan los costos inesperados. Considerando la posibilidad de comprar, crees que estos costos serán manejables.",N/A,Comprar una casa va a...,Ser asequible y saldrá bien.,"Ser más allá de tus posibilidades, incluso con tu trabajo.",https://drive.google.com/file/d/1lpvvvV6h9M0GBc8a-at-2ovha4XXdfLE/view?usp=sharing,159.jpg,2,
Vida Familiar y Doméstica,Situaciones Sociales,,Negative,Equilibrar la vida familiar y los amigos,"Tu pareja dirige una guardería en tu casa, por lo que siempre está ruidoso cuando llegas a casa del trabajo. Tu colega viene hoy a tomar café. Piensas en cómo va a reaccionar al ruido y te preocupas. ",N/A,¿Estás tranquilo acerca de que tu colega venga esta tarde?,No,,https://drive.google.com/file/d/1ahnx3c5S7xhmW9qeHplPosctvWEMV4oh/view?usp=sharing,160.jpg,2,
Vida Familiar y Doméstica,Situaciones Sociales,,Resilience/Negation,Traer un nuevo amigo a casa,"Vives con algunos miembros de tu familia extendida. Tu colega te pregunta si puede venir a cenar algún día y no sabe cuántas personas viven en tu casa. Cuando imaginas a tu colega entrando a tu casa, crees que se sorprenderá.","Consideras que vives en una situación diferente a la de tu colega. También sabes que tu colega es muy amable, por lo que lo aceptará.",¿Tu colega te juzga por vivir con muchos miembros de tu familia extendida?,No,,https://drive.google.com/file/d/1scmmozRrE86kB6Z8kfBY87Pr17Q0gA1O/view?usp=sharing,161.jpg,2,
Vida Familiar y Doméstica,Situaciones Sociales,,Positive,Cena en una casa de amigos,"Tu familia no hace cenas sentadas juntas. Tu amiga te invita a unirte a su familia para la cena, y cuando llegues, todos se sientan a la mesa y comienzan a hacer preguntas sobre los días del otro. Cuando es tu turno, no estás seguro de cómo responder, pero después de decir algo, te sientes tranquilo. ",N/A,¿Eres capaz de mantener la calma aunque no sepas qué decir?,Sí,,https://drive.google.com/file/d/18ON-daCCgtQApC9SVxzPUIsZEHK2kZJK/view?usp=sharing,149.jpg,2,
Vida Familiar y Doméstica,Situaciones Sociales,,Positive,Asistir a una cena,"Tu pareja te pide que vayas a cenar con sus nuevos amigos. No has conocido a estas personas antes y te preguntas qué pensarán de ti. Preparándote para ir, piensas que la gente nueva te encontrará interesante. ",N/A,¿Tus nuevos conocidos no te gustarán?,No,,https://drive.google.com/file/d/1RMWKinAHjtpGA8EDTjoC6H1qWZ9tnyh1/view?usp=sharing,162.jpg,2,
Vida Familiar y Doméstica,Situaciones Sociales,,Positive,Publicar sobre la familia,Miras a través de tus redes sociales. Te diste cuenta de que tus hijos en edad de secundaria solo publican fotografías con sus amigos. Publicaste una foto familiar y etiquetaste a tus hijos. Tus hijos deben pensar que eres genuino.,N/A,¿Están tus hijos molestos porque los etiquetaste en una foto familiar?,No,,https://drive.google.com/file/d/1CZ3q4YAXdB5vZOsWDR7bPvWclLmbpBgm/view?usp=sharing,163.jpg,2,
Vida Familiar y Doméstica,Salud Mental,,Positive,Conducción segura,"Tu amigo es un buen conductor, pero hoy está lloviendo fuertemente. Están conduciendo muy rápido, así que le pides que disminuyan la velocidad. Respiras profundamente, porque las posibilidades de sufrir un accidente son pequeñas. ",N/A,¿Es probable que tengan un accidente?,No,,https://drive.google.com/file/d/1siRWDkC3QgQSt2td67hTE3dcGn8ujdRo/view?usp=sharing,164.jpg,2,
Vida Familiar y Doméstica,Finanzas,Situaciones Sociales,Positive,Inicio Presentaciones,"Notas que tu casa no es como la de tus compañeros. Tu mejor amigo nunca ha estado en tu casa, pero quiere venir a cenar una noche. Crees que su reacción hacia tu hogar será respetuosa.",N/A,¿Tu amigo juzgará tu casa?,No,,https://drive.google.com/file/d/1VCybtiOeMs0Sxk93nEyA51k4mVoIITAu/view?usp=sharing,165.jpg,2,
Vida Familiar y Doméstica,Situaciones Sociales,,Positive,Invitar a alguien,"Invitas a un compañero de trabajo a cenar una noche y estás a cargo de la comida. No eres el mejor cocinero y podrías avergonzarte delante de tu compañero de trabajo. Cuando llega tu compañero de trabajo, estás tranquilo.",N/A,¿Estás ansioso cuando llega tu compañero de trabajo?,No,,https://drive.google.com/file/d/18ON-daCCgtQApC9SVxzPUIsZEHK2kZJK/view?usp=sharing,149.jpg,2,
Vida Familiar y Doméstica,Académicos/Trabajo/Desarrollo Profesional,,Negative,Noticias decepcionantes,"Una iniciativa nueva que fue empezada por ti y algunos otros compañeros fue rechazada por tu jefe. Tu tienes que contarles la noticia a tus compañeros, y cuando les dices, no dicen nada. Probablemente están decepcionados. ",N/A,¿Tus compañeros están decepcionados de que la iniciativa fuera rechazada?,Sí,,https://drive.google.com/file/d/15VPmA2W3BJTESFcdDiE0Xg8dzS88Klsc/view?usp=sharing,70.jpg,2,
Vida Familiar y Doméstica,Salud Mental,,Positive,Hablando sobre vivienda,"Estás pasando tiempo con un nuevo grupo de personas y todos están hablando de sus situaciones de vivienda. Quieres participar, pero aún estás buscando un lugar para establecerte y sientes que estás atrasando en experiencias de vida. Piensas que todavía tienes mucho tiempo.",N/A,¿Resolverás lo de la vivienda?,Sí,,https://drive.google.com/file/d/13C46DCNwa01dfLqreKVRIq8Gnv03aKQI/view?usp=sharing,166.jpg,2,
Vida Familiar y Doméstica,Salud Mental,,Positive,Puntos de vista hacia la terapia,Has estado yendo a terapia últimamente. No se lo has contado a tu familia porque han expresado opiniones negativas sobre la terapia en el pasado. Crees que esta vez te apoyarán.,N/A,¿Aceptará tu familia que vas a terapia?,Sí,,https://drive.google.com/file/d/1oOjp17AzniUmJnuYe-gQ8IiWi4W8RJ71/view?usp=sharing,167.jpg,2,
Vida Familiar y Doméstica,,,Resilience/Negation,Desacuerdos con tu hermana,"Tú y tu hermana recientemente tuvieron una discusión, y no se han hablado en semanas. Quieres mucho a tu hermana, pero los dos aún están molestos por lo que el otro dijo la última vez que hablaron. ","Cuando piensas en volver a hablar con tu hermana, no te preocupas por tener otra pelea y crees que eventualmente ustedes dos se reconciliarán",¿Ustedes se reconciliarán eventualmente?,Sí,No,https://drive.google.com/file/d/1MrPuOeWOe6yhwEGqHCJmj3SG5bnQbQww/view?usp=sharing,139.jpg,2,
Vida Familiar y Doméstica,Situaciones Sociales,,Positive,Apartamento nuevo para ti,Acabas de mudarte a un nuevo apartamento y vives solo por primera vez en mucho tiempo. Tus días son muy tranquilos y a menudo te quedas en casa los fines de semana con muchos menos planes que cuando vivías con gente. Esto se siente como un relajante cambio de ritmo.,N/A,¿Estás aburrido viviendo solo?,No,,https://drive.google.com/file/d/1VlSJxjX6YZt0epDm0HUx0I8HU-2SSjKk/view?usp=sharing,168.jpg,2,
Vida Familiar y Doméstica,Situaciones Sociales,,Positive,Compañero de cuarto ausente,"Estás visitando a tu hermana en una ciudad diferente por un período prolongado. Tu hermana parece conocer a mucha gente en la zona y siempre está fuera del apartamento, dejándote solo. Piensas que es agradable que no estén en casa a menudo porque prefieres estar solo para relajarte al final del día.",N/A,¿Te molesta la ausencia de tu hermana?,No,,https://drive.google.com/file/d/1pOKjumfIC5ABON2fMxlUDPuMpMP6LjE4/view?usp=sharing,169.jpg,2,
Vida Familiar y Doméstica,Académicos/Trabajo/Desarrollo Profesional,,Positive,Persona de apoyo,"Quieres hablar con alguien sobre tus planes para el futuro, pero no quieres hablar con tu familia al respecto. Piensas en otras personas cercanas a tu vida y decides hablar con tu amigo más cercano. Cuando piensas en su reacción, piensas que probablemente será alentadora.",N/A,¿Te preocupa hablar con tus amigos sobre tus planes para el futuro?,No,,https://drive.google.com/file/d/1qKLzJvu3ftF-gQS35abj99xkrcgmZQX_/view?usp=sharing,79.jpg,2,
Vida Familiar y Doméstica,,,Positive,Compartir las tradiciones familiares,"Tu familia tiene tradiciones que tus compañeros de trabajo no comparten. Hoy en el trabajo, todos están hablando sobre las tradiciones importantes de sus familias. Mientras te preparas para contribuir a la conversación, te sientes entusiasto/a. ",N/A,¿Tienes miedo de hablar de las tradiciones de tu familia en el trabajo?,No,,https://drive.google.com/file/d/1m14h0vaiWVri5HTTpzwzg2ZP1PlKXyLD/view?usp=sharing,170.jpg,all,
Vida Familiar y Doméstica,,,Positive,Sonidos por la noche,"Estás solo en casa y es de noche. Escuchas un ruido fuerte afuera. Piensas en qué podría ser, y crees que son tus vecinos.",N/A,¿Deberías preocuparte por el ruido fuerte?,No,,https://drive.google.com/file/d/1bKVpQyIiNjcuRjuOIeMS22QHrXDyOtVu/view?usp=sharing,171.jpg,all,
Vida Familiar y Doméstica,Situaciones Sociales,,Resilience/Negation,Consejos de padres,"Decides visitar a tu familia en un fin de semana largo. Al hablar con tus padres, te dan un consejo con el que no estás de acuerdo, pero temes expresar tu opinión y decir algo. Piensas que si les dices que no estás de acuerdo, se sentirán decepcionados contigo.",Te das cuenta de que tus padres valoran tu opinión y te dieron ese consejo porque querían ayudarte. Sientes que podrás decirles que no estás de acuerdo y que respetarán tu opinión.,¿Tus padres se molestarán por tu desacuerdo con el consejo?,No,,https://drive.google.com/file/d/1snKwCvaFpmFar-Wydym8EXtuu-3TxAI6/view?usp=sharing,172.jpg,all,
Vida Familiar y Doméstica,,,Negative,Creencias diferentes,"Tú y tu familia extendida tienen creencias políticas y religiosas muy diferentes. Haces un esfuerzo considerable para tener una buena relación con tu familia, pero desacuerdos en una reunión reciente causaron cierta tensión. Con el tiempo, piensas que tu familia se volverá distante.",N/A,Crees que eventualmente tu familia:,Decidirá que simplemente preferirían no verse.,Pondrá respetuosamente de lado sus diferencias para pasar tiempo juntos.,https://drive.google.com/file/d/1V9enBLw4iWozyu0nY4pNLSUJ4-RiRp_s/view?usp=sharing,138.jpg,all,
Vida Familiar y Doméstica,Salud Mental,,Positive,Ir a terapia,Has estado yendo a terapia últimamente. No te lo has contado a tu familia porque han expresado opiniones negativas sobre la terapia en el pasado. Crees que esta vez te apoyarán.,N/A,¿Aceptará tu familia que vayas a terapia?,Sí,,https://drive.google.com/file/d/1oOjp17AzniUmJnuYe-gQ8IiWi4W8RJ71/view?usp=sharing,167.jpg,all,
Vida Familiar y Doméstica,Relaciones Románticas,Situaciones Sociales,Positive ,Planes de vacaciones,"Tus suegros te han invitado a unirte a ellos para los días festivos. Estás emocionado de pasar tiempo con la familia de tu pareja, pero te preocupa que tus propios padres se sientan decepcionados de no estar con ellos. Cuando piensas en decirles a tus padres que te gustaría pasar los días festivos con tu pareja, crees que serán comprensivos. ",N/A,Es probable que tus padres piensen que...,Solo estás emocionado de pasar los días festivos con tu pareja y no lo tomarán como algo personal.,A ti no te importan o que no quieres verlos.,https://drive.google.com/file/d/1KbeTT5hK7TLxBUVg38Kcs6Sq1jNtXzD5/view?usp=sharing,147.jpg,all,
Vida Familiar y Doméstica,Situaciones Sociales,,Positive,Reconciliándote con tu amigo,"Unos días después de un pleito con tu amigo, decides romper el hielo y le propones que vayan a tomar un café. Te alistas y cuando estás por irte, te llaman para decirte que después de todo no pueden llegar. Cuando cuelgas, piensas que cancelaron debido a que están cansados. ",N/A,¿Tu amigo canceló la reunion porque está...,Cansado de una semana ocupada.,Enojado contigo.,https://drive.google.com/file/d/1LZnhgjX_Ooy4zJ7r99Iydqi6bvIOcszd/view?usp=sharing,127.jpg,all,
Vida Familiar y Doméstica,Salud Física,,Positive,Salud y envejecimiento,Visitas a un amigo de la infancia durante las vacaciones y notas que está envejeciendo. Te preguntas cómo será su salud en el futuro. Crees que su salud probablemente será buena.,N/A,Tu amigo probablemente ...,Se mantendrá saludable en el futuro.,Se enfermerá más en el futuro.,https://drive.google.com/file/d/1WQ98TKdbZ08AjbW2rG-0WPXkWDfK2eYl/view?usp=sharing,129.jpg,all,
Vida Familiar y Doméstica,,,Resilience/Negation,Pasando tiempo con familia,"Estás yendo a ver a tu familia para unas vacaciones. Disfrutas de ver a tu familia, pero recientemente ha sido más difícil salir a verlos.","Cuando imaginas la cantidad de tiempo que pasarás con tus familiares en los próximos años, no estás preocupado de que tu relación se deteriore, y crees que tu familia se mantendrá conectada.",¿Te preocupa que tu familia pierda el contacto?,No,Sí,https://drive.google.com/file/d/1KbeTT5hK7TLxBUVg38Kcs6Sq1jNtXzD5/view?usp=sharing,147.jpg,all,
Vida Familiar y Doméstica,,,Positive,Decisiones de viaje,"Estás considerando varias opciones para donde ir de vacaciones. Solo tienes un poco de información sobre cada destino potencial antes de tomar tu decisión. Cuando decides, te sientes satisfecho.",N/A,¿Estás contento con tu decisión sobre dónde ir de vacaciones?,Sí,,https://drive.google.com/file/d/1m7hh0KAbEypRGlvsWor7NXW3kZ2Bmlem/view?usp=sharing,130.jpg,all,
Vida Familiar y Doméstica,,,Positive,Haciendo una buena impresión,"Nunca has conocido a los colegas de tu pareja. Tu pareja te acaba de decir que te han invitado a cenar esta noche, y menciona que pueden ser críticos. Cuando piensas en conocer a sus colegas, tu ansiedad es tolerable.  ",N/A,¿Eres capaz de tolerar tu ansiedad?,Sí,,https://drive.google.com/file/d/1vJoHo-PAZH_4RraK8mdfEZStKeJTXdp3/view?usp=sharing,154.jpg,all,
Vida Familiar y Doméstica,,,Negative ,Desacuerdos con tu hermana,"Tú y tu hermana recientemente tuvieron una discusión, y no se han hablado en semanas. Quieres mucho a tu hermana, pero ambos aún están molestos por lo que el otro dijo la última vez que hablaron. Al pensar en volver a hablar con tu hermana, crees que ambos se distanciarán.",N/A,Te imaginas que la próxima conversación con tu hermana será...,Una pelea a gritos que termina con ambos todavía molestos.,Un agradable regreso a cómo eran las cosas antes de la discusión.,https://drive.google.com/file/d/1MrPuOeWOe6yhwEGqHCJmj3SG5bnQbQww/view?usp=sharing,139.jpg,all,
Vida Familiar y Doméstica,Salud Física,,Positive,Visitar a una familia anciana,Vuelves a casa de tus padres durante las vacaciones y notas que tu madre parece frágil. Te preguntas sobre su salud y si está enferma. Cree que su salud probablemente será buena.,N/A,¿La salud de tu madre va a empeorar rápidamente?,No,,https://drive.google.com/file/d/1Gq9Sn1-xMI1EWDLSKgwCVl-6URaJ2yiG/view?usp=sharing,152.jpg,all,
Vida Familiar y Doméstica,Salud Mental,,Resilience/Negation,Tu primer hijo,"Acabas de tener tu primer hijo. Quieres tener una buena relación durante toda la vida de tu hijo, pero te preocupa cometer errores como padre.","Cuando tu hijo sea adulto, no crees que se resentirá contigo y crees que la relación será sólida.",¿Crees que tu relación con tu hijo será distante cuando sea adulto?,No,Sí,https://drive.google.com/file/d/1jHnVJt6AMYU6KRQP6IKFjUXh3Cp1J9b0/view?usp=sharing,137.jpg,all,
Vida Familiar y Doméstica,Situaciones Sociales,,Positive,Presentando a tus amigos,Invitaste a tu cónyuge a encontrarse con tus amigos del trabajo esta noche. Sabes que a menudo puede contar historias vergonzosas sobre ti a otras personas. Piensas en lo que va a hacer esta noche y te sientes tranquilo.,N/A,¿Estás preocupado por lo que dirá tu cónyuge esta noche?,No,,https://drive.google.com/file/d/1jGKwLrtXqcIGGrJzcL9eRsCy8D-KQGvl/view?usp=sharing,150.jpg,all,
Vida Familiar y Doméstica,Finanzas,Situaciones Sociales,Positive,Inicio Presentaciones,"Notas que tu casa no es como la de tus compañeros. Tu mejor amigo nunca ha estado en tu casa, pero quiere venir a cenar una noche. Crees que su reacción hacia tu hogar será respetuosa.",N/A,¿Tu amigo juzgará tu casa?,No,,https://drive.google.com/file/d/1VCybtiOeMs0Sxk93nEyA51k4mVoIITAu/view?usp=sharing,165.jpg,all,
Vida Familiar y Doméstica,Situaciones Sociales,,Positive,Compañero de cuarto ausente,"Estás visitando a tu hermana en una ciudad diferente por un período prolongado. Tu hermana parece conocer a mucha gente en la zona y siempre está fuera del apartamento, dejándote solo. Piensas que es agradable que no estén en casa a menudo porque prefieres estar solo para relajarte al final del día.",N/A,¿Te molesta la ausencia de tu hermana?,No,,https://drive.google.com/file/d/1pOKjumfIC5ABON2fMxlUDPuMpMP6LjE4/view?usp=sharing,169.jpg,all,
Vida Familiar y Doméstica,Situaciones Sociales,,Positive,Cena en una casa de amigos,"Tu familia no hace cenas sentadas juntas. Tu amiga te invita a unirte a su familia para la cena, y cuando llegues, todos se sientan a la mesa y comienzan a hacer preguntas sobre los días del otro. Cuando es tu turno, no estás seguro de cómo responder, pero después de decir algo, te sientes tranquilo. ",N/A,¿Eres capaz de mantener la calma aunque no sepas qué decir?,Sí,,https://drive.google.com/file/d/18ON-daCCgtQApC9SVxzPUIsZEHK2kZJK/view?usp=sharing,149.jpg,all,
Vida Familiar y Doméstica,Salud Mental,,Positive,Hablando sobre vivienda,"Estás pasando tiempo con un nuevo grupo de personas y todos están hablando de sus situaciones de vivienda. Quieres participar, pero aún estás buscando un lugar para establecerte y sientes que estás atrasando en experiencias de vida. Piensas que todavía tienes mucho tiempo.",N/A,¿Resolverás lo de la vivienda?,Sí,,https://drive.google.com/file/d/13C46DCNwa01dfLqreKVRIq8Gnv03aKQI/view?usp=sharing,166.jpg,all,
Vida Familiar y Doméstica,Finanzas,,Resilience/Negation,sintiéndote preocupado por las noticias,"Esta mañana, tu pareja está viendo las noticias y escuchas que muchas empresas están reduciendo personal. Piensas en qué sucederá si tu pareja pierde su trabajo. Te sientes asustado.",Notas que tu pareja no parece molesto al escuchar las noticias. Piensas que todo estará bien.,¿Deberías empezar a preocuparte por el trabajo de tu pareja?,No,,https://drive.google.com/file/d/16KZJVDZijOiPKkJwZWdRQfE4gNhwBtU-/view?usp=sharing,173.jpg,all,
Vida Familiar y Doméstica,Académicos/Trabajo/Desarrollo Profesional,,Positive,Emoción prospectiva,"Te gustarías tomarte un tiempo libre para viajar después de un año largo y estresante. Tu familia espera que trabajes más horas para ayudar con las finanzas y no quieres decepcionarlos. Al considerar tus planes para fin de año, te sientes emocionado.",N/A,¿Estás ansioso por tus planes para fin de año?,No,,https://drive.google.com/file/d/1-ZaRhY6rkkEMRjIZb6GczmTpynme4Zhc/view?usp=sharing,153.jpg,all,
Vida Familiar y Doméstica,Finanzas,,Resilience/Negation,Mantener a la familia,"Quieres que tu familia tenga buenas oportunidades educativas. Tú quieres que tus hijos puedan asistir a buenas universidades, pero comprendes que esto tiene un precio alto.","Cuando piensas en tus hijos, no crees que perderán oportunidades educativas por falta de dinero y crees que apoyar su educación universitaria será asequible.",¿Crees que tendrás suficiente dinero para pagar los gastos universitarios de tus hijos?,Sí,No,https://drive.google.com/file/d/1SLIlpEwAlYywGSOzmfcgtN7_OZG7Kwcb/view?usp=sharing,158.jpg,all,
Vida Familiar y Doméstica,Situaciones Sociales,,Positive,Presentando a tus amigos,Invitaste a tu cónyuge a encontrarse con tus amigos del trabajo esta noche. Sabes que a menudo puede contar historias vergonzosas sobre ti a otras personas. Piensas en lo que va a hacer esta noche y te sientes tranquilo.,N/A,¿Estás preocupado por lo que dirá tu cónyuge esta noche?,No,,https://drive.google.com/file/d/1jGKwLrtXqcIGGrJzcL9eRsCy8D-KQGvl/view?usp=sharing,150.jpg,all,
Vida Familiar y Doméstica,,,Positive,Visitando familia,"Se acerca un fin de semana largo y habías planeado visitar a tu familia. Esta mañana, te das cuenta de que estuviste expuesto a alguien con COVID. Estás vacunado, pero no estás seguro del riesgo de contagiarte y posiblemente transmitirles el virus a tu familia. Piensas que tu familia entenderá si decides no ir a visitarlos para protegerlos.",N/A,¿Tu familia estará enojada si decides no visitarlos este fin de semana?,No,,https://drive.google.com/file/d/1A7X0GdwzsS1kR5c8LnKnC_pPsv8PQAhe/view?usp=sharing,133.jpg,all,
Vida Familiar y Doméstica,,,Positive,Decisiones de viaje,"Estás considerando varias opciones para donde ir de vacaciones. Solo tienes un poco de información sobre cada destino potencial antes de tomar tu decisión. Cuando decides, te sientes satisfecho.",N/A,¿Estás contento con tu decisión sobre dónde ir de vacaciones?,Sí,,https://drive.google.com/file/d/1m7hh0KAbEypRGlvsWor7NXW3kZ2Bmlem/view?usp=sharing,130.jpg,all,
Vida Familiar y Doméstica,Finanzas,,Resilience/Negation,Costos inesperados,"Has estado alquilando tu casa. sientes que ya es hora de comprar una casa y que ahora tienes un trabajo estable, pero te preocupan los costos inesperados.","Considerando la posibilidad de comprar, decides elaborar un presupuesto para comprar una casa y piensas que manejar la incertidumbre de tus estimaciones será factible.",¿Puedes tomar una decisión razonable a pesar de cierta incertidumbre en tus estimaciones?,Sí,No,https://drive.google.com/file/d/1lpvvvV6h9M0GBc8a-at-2ovha4XXdfLE/view?usp=sharing,159.jpg,all,
Vida Familiar y Doméstica,,,Positive,Calentador,"Saliste corriendo de tu casa esta mañana. Una vez en el trabajo, te preguntas si olvidaste apagar el calentador. La probabilidad de que el calentador provoque un incendio es mínimo.",N/A,¿Tu calefactor provocará un incendio?,No,,https://drive.google.com/file/d/12yVqiIYwySGiWCN59JefWnXYMM955wDC/view?usp=sharing,131.jpg,all,
Vida Familiar y Doméstica,,,Positive,Lidiar con la vergüenza,"Tu pareja te está dejando en un evento de trabajo. Mientras te deja, está siendo muy ruidoso y te hace sentir avergonzado/a. Cuando sales del coche, te sientes bien.",N/A,¿Eres capaz de tolerar que tu pareja te deje?,Sí,,https://drive.google.com/file/d/1_yNUHw34Vp2RxqAunp0iGwPNqOzTzKbc/view?usp=sharing,136.jpg,all,
Vida Familiar y Doméstica,Relaciones Románticas,Situaciones Sociales,Negative ,Planes de vacaciones,"Tus suegros te han invitado a unirte a ellos para los días festivos. Estás emocionado de pasar tiempo con la familia de tu pareja, pero te preocupa que tus propios padres se sientan decepcionados de no estar con ellos. Cuando piensas en decirles a tus padres que te gustaría pasar los días festivos con tu pareja, crees que se tomarán mal la noticia.",N/A,"Cuando les cuentes a tus padres sobre la invitación, es probable que ...",Se sientan muy decepcionados y heridos.,Se alegren de que hayas conocido a una pareja que te hace feliz.,https://drive.google.com/file/d/1KbeTT5hK7TLxBUVg38Kcs6Sq1jNtXzD5/view?usp=sharing,147.jpg,all,
Vida Familiar y Doméstica,,,Positive,Ruidos del exterior,Te acabas de mudar a una nueva casa. Afuera está oscuro y de repente escuchas ruidos afuera. Miras por la ventana y ves un gato.,N/A,¿Había algo aterrador afuera en la oscuridad?,No,,https://drive.google.com/file/d/11Vs9sz9BDAkaj5QCxD927t-mz-VTFWXn/view?usp=sharing,145.jpg,all,
Vida Familiar y Doméstica,,,Write Your Own,Write Your Own,,,,,,,,write your own,
Vida Familiar y Doméstica,,,Write Your Own,Write Your Own,,,,,,,,write your own,
Vida Familiar y Doméstica,,,Write Your Own,Write Your Own,,,,,,,,write your own,
Vida Familiar y Doméstica,Relaciones Románticas,Situaciones Sociales,Resilience/Negation,Planes de vacaciones,"Tus suegros te han invitado a unirte a ellos para los días festivos. Estás emocionado de pasar tiempo con la familia de tu pareja, pero te preocupa que tus propios padres se sientan decepcionados de no estar con ellos. ","Cuando piensas en decirles a tus padres que te gustaría pasar los días festivos con tu pareja, no esperas que se molesten y crees que tomarán bien la noticia. ",¿Tus padres se molestarán si pasas los días festivos con la familia de tu pareja?,No,Sí,https://drive.google.com/file/d/1KbeTT5hK7TLxBUVg38Kcs6Sq1jNtXzD5/view?usp=sharing,147.jpg,1,
Vida Familiar y Doméstica,,,Positive,Haciendo una buena impresión,"Nunca has conocido a los colegas de tu pareja. Tu pareja te acaba de decir que te han invitado a cenar esta noche, y menciona que pueden ser críticos. Cuando piensas en conocer a sus colegas, tu ansiedad es tolerable.",N/A,¿Eres capaz de tolerar tu ansiedad?,Sí,,https://drive.google.com/file/d/1vJoHo-PAZH_4RraK8mdfEZStKeJTXdp3/view?usp=sharing,154.jpg,1,
Vida Familiar y Doméstica,Situaciones Sociales,,Positive,Presentando a tus amigos,Invitaste a tu cónyuge a encontrarse con tus amigos del trabajo esta noche. Sabes que a menudo puede contar historias vergonzosas sobre ti a otras personas. Piensas en lo que va a hacer esta noche y te sientes tranquilo.,N/A,¿Estás preocupado por lo que dirá tu cónyuge esta noche?,No,,https://drive.google.com/file/d/1jGKwLrtXqcIGGrJzcL9eRsCy8D-KQGvl/view?usp=sharing,150.jpg,1,
Vida Familiar y Doméstica,,,Positive ,Pasando tiempo con familia,"Estás yendo a ver a tu familia para unas vacaciones. Disfrutas de ver a tu familia, pero recientemente ha sido más difícil salir a verlos. Cuando imaginas la cantidad de tiempo que pasarás con tus familiares en los próximos años, no estás preocupado de que tu relación se deteriore, y crees que tu familia se mantendrá conectada.",N/A,"A medida que tu familia pasa menos tiempo juntos, piensas que...",Encontrarás formas de mantenerte en contacto y permanecer conectado.,Tu relación con ellos se volverá tensa.,https://drive.google.com/file/d/1KbeTT5hK7TLxBUVg38Kcs6Sq1jNtXzD5/view?usp=sharing,147.jpg,1,
Vida Familiar y Doméstica,Salud Mental,,Positive,Tu primer hijo,"Acabas de tener tu primer hijo. Quieres tener una buena relación durante toda la vida de tu hijo, pero te preocupa cometer errores como padre. Cuando tu hijo sea adulto, crees que esa relación será cercana.",N/A,Esperas que la relación con tu hijo adulto sea...,Cariñosa y cercana,Distanciada,https://drive.google.com/file/d/1jHnVJt6AMYU6KRQP6IKFjUXh3Cp1J9b0/view?usp=sharing,137.jpg,1,
Vida Familiar y Doméstica,,,Negative ,Pasando tiempo con familia,"Estás yendo a ver a tu familia para unas vacaciones. Disfrutas de ver a tu familia, pero recientemente ha sido más difícil salir a verlos. Cuando imaginas la cantidad de tiempo que pasarás con tus familiares en los próximos años, crees que tu relación se deteriore.",N/A,Cuando piensas en pasar menos tiempo con tu familia...,Te preocupa perderlos de tu vida.,Piensas en lo mucho que disfrutas verlos y crees que siempre tendrás relación cercana con ellos.,https://drive.google.com/file/d/1KbeTT5hK7TLxBUVg38Kcs6Sq1jNtXzD5/view?usp=sharing,147.jpg,1,
Vida Familiar y Doméstica,,,Positive,Nueva receta,"Tienes una idea para una nueva receta que involucra ingredientes que nunca has usado antes. La preparas para tu familia. Mientras todos empiezan a comer, te sientes orgulloso.",N/A,¿Te preocupa lo que pensará tu familia de tu comida?,No,,https://drive.google.com/file/d/1vTuw-1aglVPbYE4oaEYbIP6LLuikDSFt/view?usp=sharing,144.jpg,1,
Vida Familiar y Doméstica,Académicos/Trabajo/Desarrollo Profesional,,Resilience/Negation,Expectativas,"El año acaba de terminar y tu jefe quiere reunirse contigo para hablar sobre tu rendimiento. Tiene expectativas altas para ti, pero tu rendimiento fue peor que en años anteriores. Tu jefe está enojado.","Piensas en por qué quiere que te desempeñes bien. Sabes que es porque quiere que te vaya bien, eso te asegura.",¿Te quedas molesto al pensar en hablar con tu jefe sobre tu desempeño este año?,No,,https://drive.google.com/file/d/1wCwgto6cdEuwAN3zGRHJfTtYQnaB_Rh4/view?usp=sharing,123.jpg,1,
Vida Familiar y Doméstica,Salud Mental,,Positive,Opiniones opuestas,"Tu familia tiene opiniones firmes con las que no siempre estás de acuerdo. Al escuchar a tu familia hablar, sientes que eres muy diferente a ellos. Sientes que tener tus propios puntos de vista únicos está bien. ",N/A,¿Está bien tener puntos de vista diferentes a los de tu familia?,Sí,,https://drive.google.com/file/d/1z-OZ5Wr0EatO5q1bpsB0G3Xv11wj5Z46/view?usp=sharing,155.jpg,1,
Vida Familiar y Doméstica,Situaciones Sociales,,Positive,Casa bilingüe,"Estás cenando con un compañero de trabajo. Mientras comen juntos, recibes una llamada telefónica de un miembro de tu familia y cambias entre español y otro idioma. Nunca le dijiste a tu compañero de trabajo que tus familiares son bilingües. Piensas en la reacción de tu compañero y crees que le parecerá interesante.",N/A,¿Tu compañero de trabajo juzga a tu familia bilingüe?,No,,https://drive.google.com/file/d/1vTuw-1aglVPbYE4oaEYbIP6LLuikDSFt/view?usp=sharing,144.jpg,1,
Vida Familiar y Doméstica,Académicos/Trabajo/Desarrollo Profesional,,Positive,Nueva oportunidad,"Aplicaste a un nuevo trabajo en un país extranjero, pero nadie en tu familia ha estado en el extranjero. Piensas en cómo reaccionará tu familia cuando les cuentes tu decisión y es posible que no les guste la idea de que vivas en otro país. Mientras te imaginas contándoles, sientes entusiasmo.",N/A,¿Te preocupa decirle a tu familia que quieres trabajar y vivir en otro país?,No,,https://drive.google.com/file/d/1mfPOr__w6g_DX68Qv4rp11wDL15AzfTN/view?usp=sharing,115.jpg,1,
Vida Familiar y Doméstica,Finanzas,,Negative,Costos inesperados,"Has estado alquilando tu casa. Sientes que ya es hora de comprar una casa y que ahora tienes un trabajo estable, pero te preocupan los costos inesperados. Considerando la posibilidad de comprar, crees que estos costos serán inmanejables.",N/A,"Pensando en los próximos años, te ves a ti mismo...",Continuando alquilar una casa.,Siendo propietario de una casa.,https://drive.google.com/file/d/1lpvvvV6h9M0GBc8a-at-2ovha4XXdfLE/view?usp=sharing,159.jpg,1,
Vida Familiar y Doméstica,,,Positive,Sonidos por la noche,"Estás solo en casa y es de noche. Escuchas un ruido fuerte afuera. Piensas en qué podría ser, y crees que son tus vecinos.",N/A,¿Deberías preocuparte por el ruido fuerte?,No,,https://drive.google.com/file/d/1bKVpQyIiNjcuRjuOIeMS22QHrXDyOtVu/view?usp=sharing,171.jpg,1,
Vida Familiar y Doméstica,Académicos/Trabajo/Desarrollo Profesional,,Resilience/Negation,La música ruidosa,Tu pareja está escuchando música animada muy fuerte y necesitas prepararte para una tarea importante. No quieres que piense que eres grosero si le pides que baje el volumen de la música para que puedas prepararte. Te acercas a él/ella y te sientes nervioso.,N/A,¿Tu pareja se molestará cuando le pides que baje el volumen de la música.,No,,https://drive.google.com/file/d/1AZk7owEM2J5V91afv56x1rxdom3zjESu/view?usp=sharing,112.jpg,1,
Vida Familiar y Doméstica,,,Positive,Creencias diferentes,"Tú y tu familia extendida tienen creencias políticas y religiosas muy diferentes. Haces un esfuerzo considerable para tener una buena relación con tu familia, pero desacuerdos en una reunión reciente causaron tensión. Con el tiempo, piensas que tu familia se volverá más unida.",N/A,Piensas que probablemente tu familia...,Trabajará unida para establecer mejores relaciones entre ustedes.,Hablará cada vez menos entre ustedes a medida que aumenten las tensiones ideológicas.,https://drive.google.com/file/d/1V9enBLw4iWozyu0nY4pNLSUJ4-RiRp_s/view?usp=sharing,138.jpg,1,
Vida Familiar y Doméstica,Situaciones Sociales,,Positive,Publicar sobre la familia,Miras a través de tus redes sociales. Te diste cuenta de que tus hijos en edad de secundaria solo publican fotografías con sus amigos. Publicaste una foto familiar y etiquetaste a tus hijos. Tus hijos deben pensar que eres genuino.,N/A,¿Están tus hijos molestos porque los etiquetaste en una foto familiar?,No,,https://drive.google.com/file/d/1CZ3q4YAXdB5vZOsWDR7bPvWclLmbpBgm/view?usp=sharing,163.jpg,1,
Vida Familiar y Doméstica,Situaciones Sociales,,Resilience/Negation,Cambio de planes,Tu familia espera que te asciendan en tu trabajo. Todavía no les has dicho que en realidad quieres tomarte unos años sabáticos para viajar. Piensas en decírselo y te sientes ansioso.,"Decides decírselo de todos modos. Cuando les cuentas tus planes, te sientes aliviado. ",¿Te sientes mejor después de hablar con tu familia sobre tus planes?,Sí,,https://drive.google.com/file/d/1Z0nzrIQHVjl7UmtuA4nngOFyGYVvmBB-/view?usp=sharing,54.jpg,1,
Vida Familiar y Doméstica,,,Positive,Padres molestos,"Cuando llamas a uno de tus padres, parecen enojados pero no sabes qué es el asunto. Te dan una respuesta corta cuando intentas hablar con ellos al respecto. Consideras por qué están enojados y te das cuenta de que no eres la causa.",N/A,¿Están enojados contigo?,No,,https://drive.google.com/file/d/1LZnhgjX_Ooy4zJ7r99Iydqi6bvIOcszd/view?usp=sharing,127.jpg,1,
Vida Familiar y Doméstica,,,Positive,Compartir las tradiciones familiares,"Tu familia tiene tradiciones que tus compañeros de trabajo no comparten. Hoy en día en el trabajo, todos están hablando sobre las tradiciones importantes de sus familias. Mientras te preparas para contribuir a la conversación, te sientes entusiasmado. ",N/A,¿Tienes miedo de hablar de las tradiciones de tu familia en el trabajo?,No,,https://drive.google.com/file/d/1m14h0vaiWVri5HTTpzwzg2ZP1PlKXyLD/view?usp=sharing,170.jpg,1,
Vida Familiar y Doméstica,,,Positive ,Desacuerdos con tu hermana,"Tú y tu hermana recientemente tuvieron una discusión, y no se han hablado en semanas. Quieres mucho a tu hermana, pero ambos aún están molestos por lo que el otro dijo la última vez que hablaron. Al pensar en volver a hablar con tu hermana, crees que seguirán siendo cercanos.",N/A,"Piensas que la próxima vez que hables con tu hermana, ambos...",Dejarán de lado sus diferencias y restaurarán su relación.,Mantendrán sus posturas y seguirán peleando.,https://drive.google.com/file/d/1MrPuOeWOe6yhwEGqHCJmj3SG5bnQbQww/view?usp=sharing,139.jpg,1,
Vida Familiar y Doméstica,Situaciones Sociales,,Positive,Celebraciones culturales familiares,"Tus colegas te piden que vayas a una conferencia, pero es en la noche de una celebración cultural importante para tu familia. Estás deseando ir a la celebración con tu familia, pero no quieres que tus colegas piensen que eres diferente. Al pensar en contárselo a tus colegas, te das cuenta de que tu cultura es importante. ",N/A,¿Te da vergüenza decirles a tus colegas que no puedes ir a la conferencia?,No,,https://drive.google.com/file/d/1mnjPZpYIVahZEm1gr4Zu9gKZfMCjl2Tk/view?usp=sharing,45.jpg,1,
Vida Familiar y Doméstica,Finanzas,Situaciones Sociales,Positive,Inicio Presentaciones,"Notas que tu casa no es como la de tus compañeros. Tu mejor amigo nunca ha estado en tu casa, pero quiere venir a cenar una noche. Crees que su reacción hacia tu hogar será respetuosa.",N/A,¿Tu amigo juzgará tu casa?,No,,https://drive.google.com/file/d/1VCybtiOeMs0Sxk93nEyA51k4mVoIITAu/view?usp=sharing,165.jpg,1,
Vida Familiar y Doméstica,Finanzas,,Resilience/Negation,sintiéndote preocupado por las noticias,"Esta mañana, tu pareja está viendo las noticias y escuchas que muchas empresas están reduciendo personal. Piensas en qué sucederá si tu pareja pierde su trabajo. Te sientes asustado.",Notas que tu pareja no parece molesto al escuchar las noticias. Piensas que todo estará bien.,¿Deberías empezar a preocuparte por el trabajo de tu pareja?,No,,https://drive.google.com/file/d/16KZJVDZijOiPKkJwZWdRQfE4gNhwBtU-/view?usp=sharing,173.jpg,1,
Vida Familiar y Doméstica,Académicos/Trabajo/Desarrollo Profesional,,Positive,Fecha límite cercana,"Tú y tu pareja comparten una oficina en casa. Tienes una tarea del trabajo que entregar esta noche, pero están usando la oficina. Cuando piensas en completar el trabajo a tiempo, te sientes seguro.",N/A,¿Terminarás tu tarea a tiempo?,Sí,,https://drive.google.com/file/d/1q13omJofjfnPiBpNlEwv-3_ZALGQEk6h/view?usp=sharing,22.jpg,1,
Vida Familiar y Doméstica,Finanzas,,Negative,Mantener a la familia,"Quieres que tu familia tenga buenas oportunidades educativas. Tú quieres que tus hijos puedan asistir a buenas universidades, pero comprendes que esto tiene un precio alto. Cuando piensas en tus hijos, piensas que será imposible apoyar su educación universitaria.",N/A,"Cuando piensas en hablar con tus hijos sobre su educación, te imaginas diciéndoles:","""No creo que podamos enviarlos a esa escuela"".","""Los ayudaré a ir a una buena escuela"".",https://drive.google.com/file/d/1SLIlpEwAlYywGSOzmfcgtN7_OZG7Kwcb/view?usp=sharing,158.jpg,1,
Vida Familiar y Doméstica,Situaciones Sociales,,Positive,Conversación durante la cena,Estás en casa de tu amigo para cenar y te preguntan sobre tus padres. No estás seguro de cómo responder porque tus padres están divorciados y no has visto a tu madre durante mucho tiempo. Piensas en qué dirás y te sientes seguro.,N/A,¿Puedes hablar sobre tus padres divorciados?,Sí,,https://drive.google.com/file/d/18ON-daCCgtQApC9SVxzPUIsZEHK2kZJK/view?usp=sharing,149.jpg,1,
Vida Familiar y Doméstica,Salud Mental,,Resilience/Negation,Nerviosismo de cumpleaños,"Tus amigos están organizando una fiesta de cumpleaños para ti en su casa. Invitaron a mucha gente que estará ahí para ti. Cuando piensas en toda la gente que vendrá, te sientes nervioso. ",Recuerdas que todos vienen a celebrarte. Esto te hace sentir emocionado.,¿Estás emocionado por toda la atención que recibirás?,Sí,,https://drive.google.com/file/d/1UoBTJwOaRbMpWrYnOWNPOBzR-axREE4s/view?usp=sharing,148.jpg,1,
Vida Familiar y Doméstica,Relaciones Románticas,Situaciones Sociales,Positive,Planes de vacaciones,"Tus suegros te han invitado a unirte a ellos para los días festivos. Estás emocionado de pasar tiempo con la familia de tu pareja, pero te preocupa que tus propios padres se sientan decepcionados de no estar con ellos. Cuando piensas en decirles a tus padres que te gustaría pasar los días festivos con tu pareja, crees que tomarán bien la noticia.",N/A,"Cuando les cuentes a tus padres sobre la invitación, es probable que ...",Se alegren de que hayas conocido a una pareja que te hace feliz.,Se sientan muy decepcionados y heridos.,https://drive.google.com/file/d/1KbeTT5hK7TLxBUVg38Kcs6Sq1jNtXzD5/view?usp=sharing,147.jpg,1,
Vida Familiar y Doméstica,,,Positive,Padres molestos,"Cuando llamas a uno de tus padres, parecen enojados pero no sabes qué es el asunto. Te dan una respuesta corta cuando intentas hablar con ellos al respecto. Consideras por qué están enojados y te das cuenta de que no eres la causa.",N/A,¿Están enojados contigo?,No,,https://drive.google.com/file/d/1LZnhgjX_Ooy4zJ7r99Iydqi6bvIOcszd/view?usp=sharing,127.jpg,1,
Vida Familiar y Doméstica,Situaciones Sociales,,Positive,Invitar a alguien,"Invitas a un compañero de trabajo a cenar una noche y estás a cargo de la comida. No eres el mejor cocinero y podrías avergonzarte delante de tu compañero de trabajo. Cuando llega tu compañero de trabajo, estás tranquilo.",N/A,¿Estás ansioso cuando llega tu compañero de trabajo?,No,,https://drive.google.com/file/d/18ON-daCCgtQApC9SVxzPUIsZEHK2kZJK/view?usp=sharing,149.jpg,1,
Relaciones Románticas,,,Positive,Enviar mensajes de texto a alguien que te gusta,"Últimamente has estado saliendo mucho con alguien que te parece atractivo, pero no estás seguro de si siente lo mismo. Hoy te pide tu número. Probablemente usará tu número de teléfono para pedirte una cita.",N/A,,,,https://drive.google.com/file/d/1WuPmRt-VoQfR_ZkT1nzIhMKeljNVUJMz/view?usp=sharing,174.jpg,1,
Relaciones Románticas,,,Resilience/Negation,La cita,"Estás yendo a una cita y acabas de llegar al restaurante. Mientras te acercas a la entrada, de repente te sientes muy nervioso y das la vuelta para irte, pero cambias de opinión rápidamente. En ese momento, tu cita llega y parece muy ofendida.","Al final de la cita, te das cuenta de que es muy común sentirse un poco incómodo en situaciones como estas. Después de explicar y disculparte, crees que a tu cita le pareció gracioso y tierno tu titubeo.",La impresión de tu cita sobre ti probablemente fue...,Positiva,Negativa,https://drive.google.com/file/d/11_Qmki0qgGKl7UUkuuAVjbH9UzmfX-qA/view?usp=sharing,176.jpg,1,
Relaciones Románticas,,,Positive,Relaciones futuras,"Acabas de romper con tu pareja, con quien estuviste por más tiempo que cualquier otra persona importante que hayas tenido antes. Crees que fue lo mejor, pero también te preocupa si alguna vez conocerás a alguien más por quien sientes tanta pasión. Al pensar en tu futura vida amorosa, la idea de encontrar un buen compañero de vida parece alcanzable.",N/A,"Después de tu separación, piensas que...",Eventualmente conocerás a la persona adecuada para ti.,Probablemente nunca encuentres a alguien bueno para ti.,https://drive.google.com/file/d/1u8VK0lxAXcrHYFRBYUNiyNZ8oVI3AJUV/view?usp=sharing,177.jpg,1,
Relaciones Románticas,,,Positive,Invitando a alguien a salir,"Estás en un largo viaje en tren y realmente conectas con una persona atractiva que está sentada a tu lado. A medida que el viaje termina, piensas en lo mucho que te gustaría volver a ver a esta persona, pero te preocupa que puedas parecer demasiado directo. Cuando consideras invitar a la otra persona  a tomar un café, no te preocupa que te rechacen porque estás bastante seguro de que esta persona aceptará.",N/A,"Si le preguntas a la otra persona si quiere tomar un café, es probable que...","Acepte tu oferta, porque ustedes dos lo pasaron bien en el tren.","Rechace tu oferta, porque no está interesado en volver a verte.",https://drive.google.com/file/d/15srXsAeVJClkXGw605dER3-IGHMQBtlr/view?usp=sharing,178.jpg,1,
Relaciones Románticas,Situaciones Sociales,Vida Familiar y Doméstica,Positive ,Planes de vacaciones,"Tus suegros te han invitado a unirte a ellos para los días festivos. Estás emocionado de pasar tiempo con la familia de tu pareja, pero te preocupa que tus propios padres se sientan decepcionados de no estar con ellos. Cuando piensas en decirles a tus padres que te gustaría pasar los días festivos con tu pareja, crees que serán comprensivos. ",N/A,Es probable que tus padres piensen que...,Solo estás emocionado de pasar los días festivos con tu pareja y no lo tomarán como algo personal.,A ti no te importan o que no quieres verlos.,https://drive.google.com/file/d/1KbeTT5hK7TLxBUVg38Kcs6Sq1jNtXzD5/view?usp=sharing,147.jpg,1,
Relaciones Románticas,,,Positive,Cita con alguien nuevo,"Tienes una cita a las 8 p.m. en un bar local. Llegas a tiempo y te das cuenta de que tu cita aún no ha llegado. Reflexionando sobre su última conversación mientras esperas una mesa, recuerdas que a tu cita le pareciste interesante.",N/A,¿Tu cita encontró interesante lo que hablaron en la última conversación?,Sí,No,https://drive.google.com/file/d/1Mkolvpncrqbbodcp7p_QFyahwUrAabfA/view?usp=sharing,179.jpg,1,
Relaciones Románticas,,,Resilience/Negation,Priorización de responsabilidades,"Tus amigos te invitan a cenar y tienes muchas ganas de ir con ellos. Te das cuenta de que no puedes ir porque tienes que trabajar. Cuando se lo digas a tus amigos, se molestarán. ",Sabes que tienes un compromiso con tu trabajo. Estás feliz de ser responsable.,¿Te sientes contento con tu decisión?,Sí,No,https://drive.google.com/file/d/16Mn418BJmgaCo2BI0gZ-yjV4YknV-Me0/view?usp=sharing,180.jpg,1,
Relaciones Románticas,,,Negative,Casarse con tu pareja,"Tu pareja, con quien llevas cuatro años, te ha preguntado recientemente como te sientes acerca del matrimonio. Te sientes muy enamorado de tu pareja, pero te preocupas por las altas tasas de divorcio y si eso te podría pasar. Reflexionando sobre la idea de casarte con tu pareja, crees que tu matrimonio sería un error. ",N/A,Cuando imaginas un matrimonio con tu pareja ...,Ves que la relación finalmente se rompe.,Ves a los dos creciendo juntos por el resto de sus vidas.,https://drive.google.com/file/d/11jxogFxkqEeS7Kqe9yWTU0EV_JBtB-v4/view?usp=sharing,181.jpg,1,
Relaciones Románticas,,,Positive,Año ocupado,"Tu y tu pareja han tenido un año ocupado, y no han estado pasando mucho tiempo juntos. Cuando pasan tiempo juntos, tú y tu pareja parecen distraídos y tienden a pelear. Piensas que esto es solo una etapa difícil y que tu relación estará bien.",N/A,¿Terminará su relación?,No,Sí,https://drive.google.com/file/d/1MGv1O1rLHyY4xqhj3vny7PTUtYTtHIVb/view?usp=sharing,182.jpg,1,
Relaciones Románticas,Situaciones Sociales,,Positive,Expresar tus sentimientos,"Tu pareja te lleva a cenar y conversan mientras esperan la comida. Mencionan algo que te molesta, pero te preocupa que si los enfrentas al respecto, se enojen. Finalmente, decides decirles que lo que dijeron que te molestó y ellos se disculpan.",N/A,¿Tu pareja se enojará contigo por expresar tu preocupación?,No,Sí,https://drive.google.com/file/d/1_3R4q50xu1yCQG9gAsv0N7Y30gmNDBsG/view?usp=sharing,183.jpg,1,
Relaciones Románticas,,,Resilience/Negation,Tu vejez,Estás caminando por el parque y ves a una pareja de ancianos caminando tomados de la mano. Comienzas a pensar en tu propia vida y te preguntas si te sentirás cercano a alguien a esa edad.,"Cuando piensas en ti mismo como una persona mayor, no crees que estarás solo y te imaginas con alguien",¿Te imaginas a ti mismo solo cuando seas mayor?,No,Sí,https://drive.google.com/file/d/1rfdNbyue77FhReHqNOVYVUC1cUTvMa-9/view?usp=sharing,184.jpg,1,
Relaciones Románticas,Situaciones Sociales,,Positive,Decepción de aniversario,"Tu aniversario con tu pareja es este fin de semana, pero no te ha mencionado que tengan grandes planes. Que tus expectativas no se cumplan parece ser un evento recurrente, y crees que es hora de mencionarlo. Encuentras una manera de hacerlo con calma, sin comenzar una pelea. ",N/A,¿Esperas que tu conversación con tu pareja termine en una pelea?,No,,https://drive.google.com/file/d/11GmE49EkJmBran5B8nrftS6D5noNTjiR/view?usp=sharing,185.jpg,1,
Relaciones Románticas,,,Positive,Discute con tu pareja,Recientemente tuviste una pelea con tu pareja. Se trataba de un tema grave y te preocupas por qué tu pareja no estuvo de acuerdo contigo. Crees que tú y tu pareja eventualmente se reconciliarán.,N/A,¿Es esta pelea un factor decisivo?,No,Sí,https://drive.google.com/file/d/1g5l905rSslaK-uHj6vY5LZpSy42h1tjN/view?usp=sharing,151.jpg,1,
Relaciones Románticas,,,Negative,Preocupaciones por las relaciones,"Recibes una llamada de un amigo que te dice que que se va a divorciar. Reflexionas sobre tu propio matrimonio; y aunque amas a tu esposo/a ,tú y tu pareja se parecen a tu amigo y su esposa. Mientras te preguntas sobre tu futuro con tu pareja, sientes firmemente que ustedes dos se divorciarán.",N/A,"Cuando piensas en el futuro lejano, puedes verte a ti mismo",Lamentando que tu pareja y tú no hayan podido hacer que las cosas funcionen.,Disfrutando de tus años dorados con tu pareja.,https://drive.google.com/file/d/1-1RaTpi3BmK-Ce4IuLJGwNwnNA2Vfeoa/view?usp=share_link,186.jpg,1,
Relaciones Románticas,Salud Mental,,Positive,Salud Mental,"Recientemente, tu pareja ha estado luchando con su salud mental. Quieres ayudar, pero no sabes cómo. Decides investigar posibles recursos que puedas compartir para apoyarlos.",N/A,¿Puedes ayudadr a tu pareja?,Sí,No,https://drive.google.com/file/d/1mYChKyj4d1Uajhz-EYP_YMVD5Fr5s6MH/view?usp=sharing,187.jpg,1,
Relaciones Románticas,Salud Mental,,Positive,Comparándote con otros,"Recientemente, tu pareja mencionó que encuentran atractiva a cierta celebridad. Esta celebridad no se parece nada a ti, y te preguntas si tu pareja ha cambiado sus preferencias desde el comienzo de su relación. Piensas que aún se sienten atraída a ti.",N/A,¿Tu pareja se siente atraída a ti?,Sí,No,https://drive.google.com/file/d/1qYR_sw_sAKU_sUueHbH0iJ5hWVTrmZeX/view?usp=sharing,188.jpg,1,
Relaciones Románticas,,,Positive,Anticipando una cita,Tienes una cita en 30 minutos. Te sientes nervioso. Este sentimiento te emociona aún más.,N/A,¿Te asusta sentirte nervioso?,No,Sí,https://drive.google.com/file/d/1FccvJOxJ1IrfcxS0GzHIlNxNV5GiBH3P/view?usp=sharing,189.jpg,1,
Relaciones Románticas,,,Positive,Citas en línea,"Tu amigo te ha convencido a inscribirte en un sitio de citas en línea. Revisas tu perfil y aunque crees que refleja muy bien quién eres, te preocupa si muestra los tipos de cualidades que la gente busca en línea. Pensando en tus posibilidades de encontrar a alguien en línea, crees que tus posibilidades de conocer a alguien pronto son altas. ",N/A,Crees que las personas en el sitio probablemente ..,Responderán bien a tu perfil,Te ignorarán por completo.,https://drive.google.com/file/d/1WsJNbwRJFWHCFhcRml0G0WDuwYREb7eQ/view?usp=sharing,190.jpg,1,
Relaciones Románticas,,,Resilience/Negation,Relación a distancia,"Tu pareja ha decidido volver a estudiar en un programa prestigioso en otro estado. Amas mucho a tu pareja, pero sabes que las relaciones a larga distancia pueden ser difíciles. ","Cuando imaginas el futuro de tu relación con tu pareja, no crees que la distancia terminará tu relación, y crees que los dos permanecerán juntos. ",¿Crees que tú y tu pareja permanecerán juntos después de que ellos se muden?,Sí,No,https://drive.google.com/file/d/1SLIlpEwAlYywGSOzmfcgtN7_OZG7Kwcb/view?usp=sharing,158.jpg,1,
Relaciones Románticas,Salud Mental,,Positive,Día especial,"Tienes planeada una cena con alguien con quien querías pasar un tiempo. El día de la cena, te sientes un poco nervioso y te preguntas si les agradarás tanto como a ti. Sentirte nervioso es normal.",N/A,Probablemente te sientes nervioso porque ...,Nunca has salido con esta persona antes.,Eres desagradable.,https://drive.google.com/file/d/1Yyi1e6BqxjDWtVu76Gq09Tb21smvhClb/view?usp=sharing,191.jpg,1,
Relaciones Románticas,,,Positive,Invitando tu amigo a una cita,"Eres buen amigo de alguien desde hace algunos años y realmente valoras tu relación. Te sientes muy atraído por tu amigo, pero no estás seguro de cómo admitir tus sentimientos afectaría tu amistad. Si le invitaras a salir a tu amigo, crees que le resultaría halagador.",N/A,"Si le preguntas a tu amigo en una cita, probablemente...",Harás que tu amigo se sienta bien.,Pondrás a tu amigo en una posición incómoda.,https://drive.google.com/file/d/1BRLFwpA3ygIIqWQaQ2vFuOPHgelleAV_/view?usp=sharing,192.jpg,1,
Relaciones Románticas,Salud Mental,,Negative,Una nueva relación,"Llevas un tiempo con tu pareja y todavía te gustan mucho. Recientemente, tu pareja no ha expresado mucha adoración hacia ti y te preguntas si todavía te ama tanto como tú los amas. Crees que ya no les gustas.",N/A,¿Tu pareja todavía te ama?,No,Sí,https://drive.google.com/file/d/1VIJYeImFMUm7Aaacnct7HyxaOYy72Mq6/view?usp=sharing,193.jpg,1,
Relaciones Románticas,,,Positive,Consejos para un amigo,"Pasas una tarde con un amigo y acabas hablando de sus problemas de relación. Mientras les das algunos consejos, notas que están callados. Una vez que llegas a casa, reflexionas sobre la noche y crees que tus consejos les resultaron útiles.",N/A,¿Tu amigo pensó que le diste buenos consejos sobre las relaciones?,Sí,No,https://drive.google.com/file/d/16B6D0IDuHuixxTYqmvYLjeLuAh-_nWS0/view?usp=sharing,194.jpg,1,
Relaciones Románticas,,,Resilience/Negation,Estrés en tu relación,"Estás planeando tu boda con tu prometido. A veces, planificarla ha generado estrés en tu relación, y tú y tu prometido han tenido algunas discusiones durante el proceso.","Una vez que la boda haya terminado, no prevés que este estrés continúe, y después de todo lo que ha sucedido, piensas que tú y tu pareja volverán a sentirse cercanos.",¿Crees que tú y tu pareja se sentirán más distanciados después del matrimonio?,No,Sí,https://drive.google.com/file/d/1aaEQPAORVlym-nLUOrrUE26Duoy9I84D/view?usp=sharing,195.jpg,1,
Relaciones Románticas,,,Positive,Yendo a una boda,"Estás muy emocionado de ir a la boda de tu amigo. Cuando llegas allí, notas que la mayoría de la gente tiene un acompañante y tú no. Recuerdas lo feliz que estás por tu amigo y lo pasas genial celebrando.",N/A,¿Te divertirás en la boda sin un acompañante?,Sí,No,https://drive.google.com/file/d/1FZDhwtssqO1rW3jcyk4NNlMV43KeQy4S/view?usp=sharing,196.jpg,1,
Relaciones Románticas,,,Positive,Relación a largo plazo,"Tu pareja, con quien has estado saliendo durante algunos años quiere hablar sobre hacia dónde va su relación. Esta es la primera vez que sales con alguien por tanto tiempo. Ves que tu relación se fortalece. ",N/A,"Cuando piensas en tu relación actual, piensas que probablemente:",Se convertirá en algo aún más significativo para ti.,Terminará como todos los demás.,https://drive.google.com/file/d/14E87lNQCbYQYaw2WEZUgqpLVllxzh0qo/view?usp=sharing,197.jpg,1,
Relaciones Románticas,Salud Mental,,Resilience/Negation,Vaso de agua,"Mientras estás en una cita, accidentalmente derramas un vaso de agua. Te sientes ligeramente avergonzado mientras tu cita te ayuda a limpiar el derrame. Cuando todo está seco, sientes que el resto de la cita probablemente será horrible.","Al final, piensas en cómo te sentirías si tu cita derramara un vaso de agua. Te das cuenta de que tú, al igual que la mayoría de las personas, probablemente no le importaría y que derramar un vaso de agua probablemente está bien",Tu cita probablemente piensa que tu derrame de agua...,No es gran cosa.,Significa que eres torpe y descuidado.,https://drive.google.com/file/d/1tZ9kuoAZ89zvrhnrRx_F7Er50cVZfWj7/view?usp=sharing,198.jpg,1,
Relaciones Románticas,,,Positive,Nuevo seguidor atractivo,Conoces a una persona atractiva de tu edad y te pregunta por tus redes sociales. Notas que te agregaron y ahora pueden ver que no tienes muchos seguidores. Pensarán que esto es típico.,N/A,¿Esta persona de tu edad piensa que eres raro por tener sólo unos pocos seguidores?,No,Sí,https://drive.google.com/file/d/1PzgfiFfMO18oSYFjyNqTvhmVruCUAL7O/view?usp=sharing,199.jpg,1,
Relaciones Románticas,,,Positive,Primera reunión,"Tu supervisor organiza una reunión para que conozcas un nuevo compañero de trabajo. Mientras te sientas en la habitación esperando conocer al compañero de trabajo por primera vez, te preguntas cómo irá. sientes que tu compañero de trabajo pensará que eres agradable. ",N/A,¿Crees que causarás una mala impresión a tu nuevo compañero de trabajo?,No,Sí,https://drive.google.com/file/d/1UHVGhPfVm-xSZWchGYLBl20hMhjK2jRV/view?usp=sharing,200.jpg,1,
Relaciones Románticas,,,Resilience/Negation,Citas en línea,"Tu amigo te ha convencido a inscribirte en un sitio de citas en línea. Revisas tu perfil y aunque crees que refleja muy bien quién eres, te preocupa si muestra el tipo de cualidades que la gente busca en línea. ","Pensando en tus posibilidades de encontrar a alguien en línea, no crees que tendrás un problema y crees que tus posibilidades de conocer a alguien pronto son altas. ",¿Crees que conocerás a alguien pronto?,Sí,No,https://drive.google.com/file/d/1WsJNbwRJFWHCFhcRml0G0WDuwYREb7eQ/view?usp=sharing,190.jpg,2,
Relaciones Románticas,,,Positive,Una respuesta tardía,"Le enviaste un mensaje de texto a tu pareja hace varias horas. Aún no han respondido, aunque normalmente responden de inmediato y sus confirmaciones de lectura están activadas. Crees que probablemente se olvidaron de responder.",N/A,¿Tu pareja está enojada contigo?,No,Sí,https://drive.google.com/file/d/11pwV6UojhJTbdka8zedEF5dtBsWI34nC/view?usp=sharing,201.jpg,2,
Relaciones Románticas,,,Positive,Encontrandote con alguien,"Estás alistándote para ir a una cita con alguien a quien nunca has conocido en persona. Crees que tienen mucho en común, pero te preocupa que a veces te vuelvas muy tímido cuando estás nervioso. Mientras piensas en ir a tu cita, no crees que darás una mala impresión, y crees que tu cita pensará que eres interesante.",N/A,Tu cita probablemente notará...,Cuánto disfrutan de los mismos pasatiempos.,Lo poquito que tienes que decir.,https://drive.google.com/file/d/1OqGmVImRpdqbNcBelAsODrEYrVb-M9l3/view?usp=sharing,202.jpg,2,
Relaciones Románticas,,,Resilience/Negation,Relación a largo plazo,"Tu pareja, con quien has estado saliendo durante algunos años quiere hablar sobre hacia dónde va tu relación. Esta es la primera vez que sales con alguien por tanto tiempo. ",No te preocupas por tu relación y ves que tu relación se fortalece.,¿Crees que tu relación con tu pareja actual se desvanecerá?,No,Sí,https://drive.google.com/file/d/14E87lNQCbYQYaw2WEZUgqpLVllxzh0qo/view?usp=sharing,197.jpg,2,
Relaciones Románticas,,,Positive,La familia no aprueba a su pareja,Recientemente empezaste a salir con alguien que realmente te gusta mucho. Se los presentas a tu familia y ellos no parecen aprobarlos. Te recuerdas a ti mismo que esta fue solo la primera reunión y que tu familia llegará a conocer mejor a tu pareja con el tiempo.,N/A,¿Tu familia será escéptica con respecto a tu pareja para siempre?,No,Sí,https://drive.google.com/file/d/1J40o_4X5NPKM8odRSC96oKfXBeV1uaVd/view?usp=sharing,203.jpg,2,
Relaciones Románticas,,,Positive,Preocupaciones por las relaciones,"Recibes una llamada de un amigo que te dice que que se va a divorciar. Reflexionas sobre tu propio matrimonio; y aunque amas a tu esposo/a ,tú y tu pareja se parecen a tu amigo y su esposa. Mientras te preguntas sobre tu futuro con tu pareja, sientes firmemente que ustedes dos se divorciarán.",N/A,"Cuando te imaginas a ti y a tu pareja en el futuro, ves",Los dos juntos y felices.,Tu matrimonio ha terminado.,https://drive.google.com/file/d/1-1RaTpi3BmK-Ce4IuLJGwNwnNA2Vfeoa/view?usp=share_link,186.jpg,2,
Relaciones Románticas,Salud Mental,,Positive,Inseguridades de la Mascarilla,"Tienes sentimientos por alguien con quien trabajas y realmente has disfrutado conocerlo. Ahora que ya no se necesitan mascarillas, te sientes cohibido y te preguntas si está juzgando cómo te ves sin una. Recuerdas que una máscara no cambia cuánto disfrutan de la compañía del otro.",N/A,Todavia eres divertido para hablar sin la mascarilla?,Sí,No,https://drive.google.com/file/d/1FpwpZj9Xw_TP08acK0l00uxh8YNZ0jf8/view?usp=sharing,204.jpg,2,
Relaciones Románticas,,,Negative,Invitando a alguien a salir,"Estás en un largo viaje en tren y realmente conectas con una persona atractiva que está sentada a tu lado. A medida que el viaje termina, piensas en lo mucho que te gustaría volver a ver a esta persona, pero te preocupa que puedas parecer demasiado directo. Cuando consideras invitar a la otra persona  a tomar un café, no te preocupa que te rechacen porque estás bastante seguro de que esta persona declinará.",N/A,Piensas que probablemente ustedes dos...,Nunca se volverán a ver.,Saldrán a tomar un café y lo pasarán bien.,https://drive.google.com/file/d/15srXsAeVJClkXGw605dER3-IGHMQBtlr/view?usp=sharing,178.jpg,2,
Relaciones Románticas,Situaciones Sociales,,Positive,Problemas con los amigos,"Tu pareja te dice que tienen problemas con algunos de tus amigos. También has estado notando esto, pero no quieres hacer que nadie se moleste. Cuando piensas en discutir los temas con tus amigos, crees que la conversación irá bien. ",N/A,¿Tus amigos lo entenderán?,Sí,No,https://drive.google.com/file/d/1v6yYWJQAuDLxkIh5lWYiOgs94jo9JQoA/view?usp=sharing,205.jpg,2,
Relaciones Románticas,,,Positive,Recientemente tuviste una pelea con tu pareja. Se trataba de un tema grave y te preocupas por qué tu pareja no estuvo de acuerdo con tigo. Crees que ustedes eventualmente se reconciliarán.,Recientemente tuviste una pelea con tu pareja. Se trataba de un tema grave y te preocupas por qué tu pareja no estuvo de acuerdo contigo. Crees que tú y tu pareja eventualmente se reconciliarán.,N/A,¿Es esta pelea un factor decisivo?,No,Sí,https://drive.google.com/file/d/1g5l905rSslaK-uHj6vY5LZpSy42h1tjN/view?usp=sharing,151.jpg,2,
Relaciones Románticas,,,Positive,Ignorando,"Has estado hablando con alguien desde una aplicación de citas. Hace aproximadamente una semana, dejaron de enviarte mensajes de texto y no has oído nada desde entonces., Aunque disfrutaste de la conversación, estás avanzando y eso está bien. ",N/A,¿Te quedarás colgado de esta experiencia para siempre?,No,Sí,https://drive.google.com/file/d/1tYSQKNRz8tUaYoyT4_mSBzUtl5bkpYCT/view?usp=sharing,206.jpg,2,
Relaciones Románticas,Salud Mental,Situaciones Sociales,Resilience/Negation,Zambullirte,Estás en la piscina local. Está llena y te das cuenta de que mucha gente podrá verte en traje de baño. Piensas en esto y te sientes inseguro.,Recuerdas que estarán concentrados en nadar y que todos los demás también llevarán trajes de baño. Esto te reconforta.,¿Te sientes bien usando tu traje de baño frente a ellos?,Sí,No,https://drive.google.com/file/d/14PpW4hP6WC0D2w8vTG9u7dihy5qj4aKs/view?usp=sharing,207.jpg,2,
Relaciones Románticas,,,Negative,Relación a largo plazo,"Tu pareja, con quien has estado saliendo durante algunos años quiere hablar sobre hacia dónde va tu relación. Esta es la primera vez que sales con alguien por tanto tiempo. Ves que tu relación se desvanece. ",N/A,Crees que lo más probable es que tu conversación con tu pareja:,Se convierta en una discusión.,Sea un intercambio positivo sobre lo que sienten el uno por el otro.,https://drive.google.com/file/d/14E87lNQCbYQYaw2WEZUgqpLVllxzh0qo/view?usp=sharing,197.jpg,2,
Relaciones Románticas,,,Positive,Temas difíciles,"Tú y tu pareja han estado juntos por mucho tiempo y están lidiando con una discusión recurrente. Amas a tu pareja, pero cada vez que surge este tema, siempre están en desacuerdo, lo que te hace preguntar si realmente son compatibles. Recuerdas que es normal tener desacuerdos y que muchas parejas tienen conversaciones desafiantes.",N/A,¿Todas las conversaciones en una relación tienen que ser fáciles?,No,Sí,https://drive.google.com/file/d/1g-liY9kNWt9BMQ9drA6NwUGLBSjwk6Nn/view?usp=sharing,208.jpg,2,
Relaciones Románticas,,,Positive,Enviar mensajes de texto a otras personas,"Tu pareja es muy extrovertida y tiene muchos amigos. Realmente disfrutas el tiempo que pasas con tu pareja, pero a veces te preguntas si preferiría estar con sus otros amigos. Al reflexionar sobre tu relación con tu pareja hasta ahora, te sientes seguro. ",N/A,¿A tu pareja le gusta pasar tiempo contigo?,Sí,No,https://drive.google.com/file/d/1qoqBmOo1izc8JXQvt4BB4XBWTaXgtOXI/view?usp=sharing,209.jpg,2,
Relaciones Románticas,,,Positive,Presencia en redes sociales,"Empezaste a salir con una persona nueva y te preguntan sobre tus cuentas de redes sociales. No te gustan las redes sociales, y has decidido no tener cuentas. Ellos pensarán que eres genial. ",N/A,¿Ellos piensan que está bien que no tienes redes sociales?,Sí,,https://drive.google.com/file/d/1W8kolaUmWbp4Sn0k9fWYB8HTN_bJqvzZ/view?usp=sharing,210.jpg,2,
Relaciones Románticas,,,Resilience/Negation,Encontrandote con alguien,"Te estás alistando para ir en una cita con alguien a quien nunca has conocido en persona. Crees que tienen mucho en común, pero te preocupa que a veces te vuelvas muy tímido cuando estás nervioso.","Al pensar en ir a tu cita, no crees que vayas a dar una mala impresión, y crees que tu cita te encontrará interesante.",¿Tu primera cita será exitosa?,Sí,No,https://drive.google.com/file/d/1OqGmVImRpdqbNcBelAsODrEYrVb-M9l3/view?usp=sharing,202.jpg,2,
Relaciones Románticas,,,Positive,sintiéndote inferior por estar soltero,"Todos tus amigos han estado saliendo con otras personas por un tiempo o están empezando una relación nueva. No has tenido ni una sola cita y empiezas a preguntarte por qué. Aunque estés decepcionado, recuerdas que tu valor no está definido por tus relación.",N/A,¿Tienes problemas porque estás soltero?,No,Sí,https://drive.google.com/file/d/1Hm9HM6UZcXe9iykxGVnan5FJ9uDHPl1i/view?usp=sharing,211.jpg,2,
Relaciones Románticas,Vida Familiar y Doméstica,,Positive,Tiempo de calidad,"Con tus hijos en casa, tú y tu pareja no tienen la oportunidad de pasar mucho tiempo de calidad juntos. Sientes que tú y tu pareja se están distanciando. Decides planear una noche de cita solo para ustedes dos.",N/A,¿Puedes hacer tiempo para tu pareja?,Sí,No,https://drive.google.com/file/d/1SfvZyc9QQoMOspkN2ljTvvR-WLlG6Czh/view?usp=sharing,212.jpg,2,
Relaciones Románticas,,,Positive,Pajera silenciosa,"Tú y tu pareja tuvieron un desacuerdo que se convirtió en una gran pelea. No han hablado desde entonces, y han pasado algunas horas. Piensas que probablemente solo necesitan tiempo solos y que ustedes hablarán pronto.",N/A,¿Te preocupa que tu pareja te esté ignorando?,No,Sí,https://drive.google.com/file/d/1JAMeED7-u0koy2bJ6ZZhhu2cGCZc2VjH/view?usp=sharing,213.jpg,2,
Relaciones Románticas,Salud Física,,Positive,Preocupaciones por el COVID,"Tu pareja no toma las precauciones necesarias para luchar contra enfermedades, como el COVID-19. Esto te preocupa porque alguien que conoces es inmunocomprometido. Cuando piensas en hablar con tu pareja sobre sus acciones, crees que lo entenderá. ",N/A,¿Tu pareja escuchará tus inquietudes?,Sí,No,https://drive.google.com/file/d/1eS3xdgg3NdHjNuZm-PCj_U3BfXR0yy9S/view?usp=sharing,214.jpg,2,
Relaciones Románticas,Salud Mental,,Resilience/Negation,Ponerse ahí fuera,"Vas a almorzar con un amigo nuevo. Tú y tu amigo tuvieron una conversación muy buena y te hicieron algunas preguntas que te hacen sentir vulnerable. Si llegan a conocer tu ""verdadero yo"", crees que te van a juzgar.","Decides abrirte y compartir, y ellos hacen lo mismo. Mientras hablas, te sientes entendido. ",¿Tu amigo te juzgó negativamente?,No,Sí,https://drive.google.com/file/d/175t4xW0IN99gRfCfKY3yXEMDERREEH5-/view?usp=sharing,215.jpg,2,
Relaciones Románticas,,,Positive,Afecto desigual,Has estado saliendo con tu pareja durante un par de meses. Empiezas a sentir que es posible que no les gustes tanto como a ti. Sabes que probablemente este no sea el caso.,N/A,¿Seguirás ansioso por esto sabiendo que no es el caso?,No,Sí,https://drive.google.com/file/d/16s_pNkWCZTAR4qyc6LpVG01K8roTxBAf/view?usp=sharing,216.jpg,2,
Relaciones Románticas,Salud Mental,,Positive,Abrirse,"Recientemente te has sentido más ansioso de lo habitual, y esto está afectando tu capacidad para hacer cosas con tu pareja. Nunca le has contado a tu pareja sobre tu ansiedad, y te preguntas si te juzgará por ello. Cuando hablas con tu pareja sobre tu salud mental, esperas que sea comprensiva. ",N/A,¿Le contarás a tu pareja sobre tu ansiedad?,Sí,No,https://drive.google.com/file/d/1eMO9UApj4OCdb7IaK2GYOqq_Luhll7U6/view?usp=sharing,217.jpg,2,
Relaciones Románticas,,,Positive,sintiendote apurado,"Estás soltero y bastante contento con eso. Un día, tus padres comienzan a presionarte y te dicen que estás quedándote sin tiempo para conocer a alguien. Te dices a ti mismo que mientras estés contento, no hay necesidad de apresurarse.",N/A,¿Estás quedándote sin tiempo para conocer a alguien?,No,Sí,https://drive.google.com/file/d/14ZIwQ896HvOjHOGbQ8gdomNAa3eKx7B_/view?usp=share_link,218.jpg,2,
Relaciones Románticas,,,Negative,Estrés en tu relación,"Estás planeando tu boda con tu prometido. A veces, planear el matrimonio ha generado estrés en tu relación, y tú y tu prometido han tenido algunas discusiones durante el proceso. Una vez que la boda haya terminado, y después de todo lo que ha sucedido, piensas que tú y tu pareja se sentirán menos cercanos.",N/A,"Pensando en tu futuro con tu pareja, te imaginas...",Discutiendo más.,Principalmente cooperando.,https://drive.google.com/file/d/1aaEQPAORVlym-nLUOrrUE26Duoy9I84D/view?usp=sharing,195.jpg,2,
Relaciones Románticas,,,Resilience/Negation,Enviar mensajes de texto a alguien que te gusta,"Has estado saliendo mucho con una persona linda últimamente, pero no estás seguro de si siente lo mismo. Hoy te piden tu número.",No parecen preguntarte por razones mundanas y probablemente usarán tu número de teléfono para invitarte a salir.,¿Ellos quieren invitarte a salir?,Sí,No,https://drive.google.com/file/d/1WuPmRt-VoQfR_ZkT1nzIhMKeljNVUJMz/view?usp=sharing,174.jpg,2,
Relaciones Románticas,,,Positive ,Los celos,"Tu mejor amigo acaba de entrar en una nueva relación. Te sientes celoso de su nueva pareja porque no vas a pasar tanto tiempo con tu amigo como de costumbre. Reflexionando sobre la situación, te das cuenta de que pueden estar en una relación y seguir siendo un gran amigo. ",N/A,¿Tu amigo seguirá estando cerca para ti?,Sí,No,https://drive.google.com/file/d/1FFM4xwd8gWBonD31XzmGbV8AX8u5WUDA/view?usp=sharing,219.jpg,2,
Relaciones Románticas,Salud Mental,,Positive,Prepararse para una cita,"Tus amigos te han organizado una cita y te estás preparando. Cuanto más te acercas a irte, más te preguntas si te ves bien y si la persona que estás conociendo se sentirá atraída a ti. Recuerdas que una persona no dictará tu valor. ",N/A,¿Tienes que impresionar a esta persona?,No,Sí,https://drive.google.com/file/d/1n_bcpbFSXquY0KQS_zn-LiEMPHpcDK0w/view?usp=sharing,220.jpg,2,
Relaciones Románticas,Situaciones Sociales,,Positive,Personalidades diferentes,"Eres alguien a quien le gusta estar en casa, mientras que a tu pareja le gusta salir. Quieres quedarte en casa por la noche, pero tu pareja quiere ir a un bar. Piensas que pueden trabajar juntos para encontrar un compromiso.",N/A,¿Ustedes dos idearán un plan juntos?,Sí,No,https://drive.google.com/file/d/1fZBtxJPL0iDTkwj6g6_hL_APRoP9_VU5/view?usp=sharing,221.jpg,2,
Relaciones Románticas,,,Positive,Yendo a una cita,"Vas a salir en una cita esta noche. No conoces muy bien a la persona y sabes que habrá algunos silencios en la conversación. Aunque podría ser incómodo, sabes que te divertirás.",N/A,¿Puedes lidiar con los silencios incómodos?,Sí,No,https://drive.google.com/file/d/1_3R4q50xu1yCQG9gAsv0N7Y30gmNDBsG/view?usp=sharing,183.jpg,all,
Relaciones Románticas,,,Positive,sin notificaciones,"Ya es tarde en el día y no has hablado con tu pareja. No crees que hayas hecho nada para molestarlo, pero parece que te está ignorando. Te das cuenta de que probablemente está teniendo una semana ocupada.",N/A,¿Tu pareja te está ignorando?,No,Sí,https://drive.google.com/file/d/1YGFZKXlwiK85GK_PJxHaZa8d6ookeY2C/view?usp=sharing,222.jpg,all,
Relaciones Románticas,Situaciones Sociales,,Negative,Mensajes en redes sociales,Uno de tus amigos ha comenzado a enviarte imágenes chistosas por redes sociales. Hoy notas que abrió tu última imagen y no respondió. Seguramente se le olvidó.,N/A,¿Tu amigo se olvidó de responder a tu mensaje?,Sí,No,https://drive.google.com/file/d/1KHcNfS-rLgCp7he0M7v9PyUWv91bKKlq/view?usp=sharing,223.jpg,all,
Relaciones Románticas,Salud Mental,,Positive,Conversaciones incómodas,"Invitaste a tu marido a pasar el rato contigo y tus amigos para que todos pudieran conocerse. Más tarde, tu marido sacó a relucir un tema controvertido y tus amigos parecían no estar seguros de cómo responder. Sabes que tus amigos reconocen que muchas personas, incluidos tú y tu marido, tienen opiniones diferentes.",N/A,¿Tus amigos te juzgarán por tu marido?,No,Sí,https://drive.google.com/file/d/1pYBPEve_C1A0Zcgr6watuakBnO3MOszX/view?usp=sharing,224.jpg,all,
Relaciones Románticas,Vida Familiar y Doméstica,,Positive,Nueva pareja,"El mes que viene es el cumpleaños de una prima y vas a ir a una gran reunión familiar. Llevarás a tu pareja al evento y será su primera vez conociendo a tu familia. Cuando piensas en que todos se conocerán, sientes que todo saldrá bien.",N/A,¿Tu familia acceptará a tu pareja?,Sí,No,https://drive.google.com/file/d/1ZSl5NvUfmwQJ-P34KRwEzTUaFHRwnv_m/view?usp=sharing,225.jpg,all,
Relaciones Románticas,,,Resilience/Negation,Invitando a alguien a salir,"Estás en un largo viaje en tren y realmente conectas con una persona atractiva que está sentada a tu lado. A medida que el viaje termina, piensas en lo mucho que te gustaría volver a ver a esta persona, pero te preocupa que puedas parecer demasiado directo.","Cuando consideras invitar a la otra persona  a tomar un café, no te preocupa que te rechacen porque estás bastante seguro de que esta persona aceptará.",¿Esperas que la otra persona acepte tomar un café contigo?,Sí,No,https://drive.google.com/file/d/15srXsAeVJClkXGw605dER3-IGHMQBtlr/view?usp=sharing,178.jpg,all,
Relaciones Románticas,Salud Mental,,Positive,Comparándote con otros,"Recientemente, tu pareja mencionó que encuentran atractiva a cierta celebridad. Esta celebridad no se parece en nada a ti, y te preguntas si tu pareja ha cambiado sus preferencias desde el comienzo de su relación. Piensas que aún se siente atraída a ti.",N/A,¿Tu pareja se siente atraída a ti?,Sí,No,https://drive.google.com/file/d/1qYR_sw_sAKU_sUueHbH0iJ5hWVTrmZeX/view?usp=sharing,188.jpg,all,
Relaciones Románticas,,,Positive,Aplicaciones de citas,"Llevas un tiempo soltero y te gustaría mucho conocer a alguien. Tus amigos siguen sugiriendo aplicaciones de citas, pero no crees que esto funcione para ti. Piensas en las diferentes formas de conocer a alguien y te sientes esperanzado.",N/A,¿Necesitas aplicaciones de citas para encontrar a alguien?,No,Sí,https://drive.google.com/file/d/18A2zmySdmMzCpWgplKo0ChcGUG1_cmXE/view?usp=sharing,226.jpg,all,
Relaciones Románticas,Vida Familiar y Doméstica,,Positive,Superarlo,"Recientemente visitaste a un amigo al que no habías visto en mucho tiempo y, cuando regresas, descubres que tu pareja se ha despertado con dolor de garganta. Tu pareja se hará una prueba de COVID hoy, pero estás preocupado por los resultados y tienes miedo de haber expuesto accidentalmente a tu amigo. Piensas en lo que sucederá si tu pareja da positivo y sientes que tu amigo te entenderá y te perdonará.",N/A,¿Tu amiga se enojará contigo por exponerla?,No,,https://drive.google.com/file/d/1_e_EPXNDtdc2m6ukOLI0eBYTAX0iLbKc/view?usp=sharing,227.jpg,all,
Relaciones Románticas,Salud Mental,,Resilience/Negation,Amigos en las relaciones,Todos tus amigos están en relaciones. Actualmente no estás en una relación y te preguntas si hay algo malo en ti. Piensas que eres indeseable.,"Después de un tiempo, te das cuenta de que es muy normal no estar en una relación. Piensas que disfrutas estar soltero y que la persona adecuada aparecerá cuando estés listo. ",¿Eres capaz de estar en una relación?,Sí,No,https://drive.google.com/file/d/1u-_r0tB9RIGlIUC3K6ifS1cUbgd25kEk/view?usp=sharing,228.jpg,all,
Relaciones Románticas,,,Positive,Encontrar al indicado,"Actualmente estás soltero y has tenido citas para intentar encontrar a la persona indicada. A veces, resulta difícil conectarte realmente con las personas y conocerlas a un nivel más profundo. Cuando piensas en casarte en el futuro, te emocionas.",N/A,¿Tienes planes de casarte?,Sí,No,https://drive.google.com/file/d/1ugNtH1ppiOXsqiXMIot6I3Eusy8UvLV2/view?usp=sharing,229.jpg,all,
Relaciones Románticas,,,Resilience/Negation,Casarse con tu pareja,"Tu pareja de cuatro años ha preguntado recientemente cómo te sientes acerca del matrimonio. Te sientes muy enamorado de tu pareja, pero te preocupas por las altas tasas de divorcio y si eso te podría pasar. ","Reflexionando sobre la idea de casarte con tu pareja, no te sientes demasiado asustado y crees que tu matrimonio sería exitoso. ",¿Crees que casarte con tu pareja funcionaría?,Sí,No,https://drive.google.com/file/d/11jxogFxkqEeS7Kqe9yWTU0EV_JBtB-v4/view?usp=sharing,181.jpg,all,
Relaciones Románticas,Situaciones Sociales,Vida Familiar y Doméstica,Negative,Planes de vacaciones,"Tus suegros te han invitado a pasar los días festivos con ellos. Estás emocionado de pasar tiempo con la familia de tu pareja, pero te preocupa que tus propios padres se sientan decepcionados de no estar con ellos. Cuando piensas en decirles a tus padres que te gustaría pasar los días festivos con tu pareja, crees que se tomen mal la noticia.",N/A,"Cuando les cuentes a tus padres sobre la invitación, es probable que ...",Se sientan muy decepcionados y heridos.,Se alegren de que hayas conocido a una pareja que te hace feliz.,https://drive.google.com/file/d/1KbeTT5hK7TLxBUVg38Kcs6Sq1jNtXzD5/view?usp=sharing,147.jpg,all,
Relaciones Románticas,Salud Mental,,Positive,Consejería para parejas,"Tú y tu pareja han comenzado la terapia de parejas. Han asistido a algunas sesiones, pero aún tienen problemas. Piensas que el proceso simplemente tomará tiempo.",N/A,¿Confías en la terapia?,Sí,No,https://drive.google.com/file/d/16Ln-NI12jh9PpMOoJw9pEDizXTdER7NR/view?usp=sharing,230.jpg,all,
Relaciones Románticas,Vida Familiar y Doméstica,,Positive,Escuchando un desacuerdo,"Anoche, tu pareja y tú tuvieron una discusión. Aunque intentaron mantener la voz baja, tus hijos escucharon. Crees que tus hijos estarán bien.",N/A,¿Están bien tus hijos?,Sí,No,https://drive.google.com/file/d/1g5l905rSslaK-uHj6vY5LZpSy42h1tjN/view?usp=sharing,151.jpg,all,
Relaciones Románticas,,,Positive,Expresar tus sentimientos,Tú pareja ha estado pasando mucho tiempo con sus amigos últimamente. Sientes que ellos prefieren pasar el rato con sus amigos que contigo. Decides decirle a tu pareja cómo te sientes.,N/A,¿Mantienes tus emociones reprimidas?,No,Sí,https://drive.google.com/file/d/1u-_r0tB9RIGlIUC3K6ifS1cUbgd25kEk/view?usp=sharing,228.jpg,all,
Relaciones Románticas,,,Resilience/Negation,Relaciones futuras,"Acabas de romper con tu pareja, con quien estuviste más tiempo que cualquier otra persona importante que hayas tenido antes. Crees que fue lo mejor, pero también te preocupa si alguna vez conocerás a alguien más por quien sientas tanta pasión.","Cuando piensas en tu futura vida amorosa, no te preocupa estar solo y la idea de encontrar un buen compañero de vida parece plausible.",¿Crees que tus posibilidades de encontrar una pareja a largo plazo son buenas?,Sí,No,https://drive.google.com/file/d/1u8VK0lxAXcrHYFRBYUNiyNZ8oVI3AJUV/view?usp=sharing,177.jpg,all,
Relaciones Románticas,Salud Mental,,Positive,Experiencias pasadas,"Tu última relación no terminó muy bien. Estás entrando en una nueva relación, pero todavía estás lidiando con los sentimientos de tu relación pasada. Crees que puedes llegar a un compromiso juntos. ",N/A,¿Tu pareja lo entenderá?,Sí,No,https://drive.google.com/file/d/1c0jEVgNBC6T5owmfv46lOubTqZ53hCZE/view?usp=sharing,231.jpg,all,
Relaciones Románticas,,,Positive,Amgio del trabajo,"Tu pareja te deja saber que está cenando con un amigo del trabajo. Nunca has escuchado a tu pareja hablar de amigos del trabajo y te preocupa con quién está cenando tu pareja. Sin embargo, confías en tu pareja y le dices que disfrute de su cena. ",N/A,¿Confías en que tu pareja vaya a cenar con un amigo del trabajo?,Sí,No,https://drive.google.com/file/d/1opMUBz-Ry_RggxD_L961PswgYcUax0P0/view?usp=sharing,232.jpg,all,
Relaciones Románticas,Vida Familiar y Doméstica,,Positive,Familia grande,"Tu prometido tiene hijos, mientras que tú no. Estás tratando de adaptarte a vivir con niños más pequeños y a cómo tener relación con ellos. Piensas que serás capaz de desarrollar una rutina y adaptarte a esta nueva dinámica familiar. ",N/A,¿Serás capaz de adaptarte a tener una familia grande?,Sí,No,https://drive.google.com/file/d/1a_dFMhpbbpL2sucL2bxvmYYpEHxomTlq/view?usp=sharing,233.jpg,all,
Relaciones Románticas,,,Resilience/Negation,Invitando tu Amigo a una Cita,"Eres buen amigo de alguien desde hace algunos años y realmente valoras tu relación. Te sientes muy atraído por tu amigo, pero no estás seguro de cómo admitir tus sentimientos afectaría tu amistad.","Si invitaras a tu amigo a salir, no sería incómodo y crees que le resultaría halagador.",¿Tu amigo se sentirá halagado por tu invitación a una cita?,Sí,No,https://drive.google.com/file/d/1BRLFwpA3ygIIqWQaQ2vFuOPHgelleAV_/view?usp=sharing,192.jpg,all,
Relaciones Románticas,Salud Mental,,Positive,Terminando a large distancia,"Tú y tu pareja han tenido una relación a distancia por un tiempo y estarán viviendo en el mismo lugar en tan solo unos meses. Nunca han convivido antes y no estás completamente seguro de cómo este cambio podría afectar su relación. Aunque te sientes un poco nervioso, sabes que es normal.",N/A,¿Tus nervious son una señal de que tu relación no funcionará?,No,Sí,https://drive.google.com/file/d/1Ru0JGdcol-VHMMxsLk4QvR0ui9sqR1AV/view?usp=sharing,234.jpg,all,
Relaciones Románticas,,,Positive,sin notificaciones,"Ya es tarde en el día y no has hablado con tu pareja. No crees que hayas hecho nada para molestarlo, pero parece que te está ignorando. Te das cuenta de que probablemente está teniendo una semana ocupada.",N/A,¿Tu pareja te está ignorando?,No,Sí,https://drive.google.com/file/d/1YGFZKXlwiK85GK_PJxHaZa8d6ookeY2C/view?usp=sharing,222.jpg,all,
Relaciones Románticas,,,Positive,Conocer a los padres,"Tus suegros están de visita y vas a cenar con ellos. Nunca los has conocido antes, pero sabes que tienen creencias políticas muy diferentes a las tuyas. Mientras piensas en conocerlos, sabes que serás auténtico. ",N/A,¿Necesitas cambiar tus opiniones para que la cena salga bien?,No,Sí,https://drive.google.com/file/d/1VI_Qcv_yN9Y5Pv8Kc8hv-yo9x-EtTweT/view?usp=sharing,235.jpg,all,
Relaciones Románticas,,,Positive,Por primera vez,"¡Te han invitado a salir en una cita por primera vez en mucho tiempo! Te sientes nervioso por esta experiencia un tanto nueva y temes hacer algo embarazoso. Cuando piensas en la cita, te sientes emocionado.",N/A,¿Te sentirás miserable en la cita?,No,Sí,https://drive.google.com/file/d/1rTI7pULnX4kdfxjX5gVahEBtgScY64oT/view?usp=sharing,236.jpg,all,
Relaciones Románticas,,,Negative,Citas en línea,"Tu amigo te ha convencido a inscribirte en un sitio web de citas en línea. Revisas tu perfil y aunque crees que refleja muy bien quién eres, te preocupa si muestra los tipos de cualidades que la gente busca en línea. Pensando en tus posibilidades de encontrar a alguien en línea, crees que tus posibilidades de conocer a alguien pronto son bajas.",N/A,"Al revisar el sitio durante las próximas semanas, esperas recibir...",Muy pocos contactos.,Muchos mensajes de otros usuarios.,https://drive.google.com/file/d/1WsJNbwRJFWHCFhcRml0G0WDuwYREb7eQ/view?usp=sharing,190.jpg,all,
Relaciones Románticas,,,Positive,Solo amigo,"Has estado pasando mucho tiempo con tus amigos últimamente, y se hace evidente que todos están en una relación excepto tú. Has estado soltero durante mucho tiempo, y un amigo te lo señala. Te das cuenta de que está bien estar soltero y que no hay presión para que salgas con alguien en este momento. ",N/A,¿Te preocupa estar soltero?,No,Sí,https://drive.google.com/file/d/1AhFLx3VZavPXoR19YROYV6OSR11ayY3G/view?usp=share_link,237.jpg,all,
Relaciones Románticas,,,Positive,Tomando una decisión,Tú y tu pareja tienen que tomar una decisión importante. La conversación se intensifica y se convierte en una discusión que te hace preguntarte si podrán llegar a un compromiso. Te recuerdas a ti mismo que las conversaciones difíciles pueden ser una buena oportunidad para que ambos aprendan más sobre la comunicación efectiva.,N/A,¿Significa esta discusión que no pueden avanzar en su relación?,No,Sí,https://drive.google.com/file/d/1YwDMyzmTgXHa05VDtgeCgzOs2TMnZlPY/view?usp=sharing,238.jpg,all,
Relaciones Románticas,Vida Familiar y Doméstica,Salud Mental,Positive,Preguntas de la familia,"Fuiste a la fiesta de cumpleaños de una prima y toda tu familia estuvo ahí. En el evento, tu familia no dejaba de hacerte preguntas sobre por qué sigues soltero y no estabas seguro de cómo responderlas. Cuando piensas en tu vida amorosa, estás contento de pasarla con calma. ",N/A,¿Te molesta estar soltero?,No,Sí,https://drive.google.com/file/d/1ZSl5NvUfmwQJ-P34KRwEzTUaFHRwnv_m/view?usp=sharing,225.jpg,all,
Relaciones Románticas,,,Resilience/Negation,Preocupaciones por las relaciones,"Recibes una llamada de un amigo tuyo, diciéndote que se va a divorciar. Reflexionas sobre tu propio matrimonio; y aunque amas a tu marido, tu amigo y su esposa te dan la misma impresión.","Mientras te preguntas sobre tu futuro con tu marido, no crees que te vayas a divorciar y sientes firmemente que ustedes dos seguirán casados.",¿Sientes firmemente que tú y tu marido seguirán casados?,Sí,No,https://drive.google.com/file/d/1-1RaTpi3BmK-Ce4IuLJGwNwnNA2Vfeoa/view?usp=share_link,186.jpg,all,
Relaciones Románticas,,,Write Your Own,Write Your Own,,,,,,,,write your own,
Relaciones Románticas,,,Write Your Own,Write Your Own,,,,,,,,write your own,
Relaciones Románticas,,,Write Your Own,Write Your Own,,,,,,,,write your own,
Relaciones Románticas,Salud Mental,,Positive,Tu apariencia,Estás yendo a una cita con tu pareja. Te miras en el espejo antes de salir y te preguntas si le gustará tu apariencia. Te das cuenta de que la única opinión que importa sobre tu apariencia es la tuya.,N/A,¿Importa si a tu pareja le gusta tu apariencia?,No,Sí,https://drive.google.com/file/d/1FccvJOxJ1IrfcxS0GzHIlNxNV5GiBH3P/view?usp=sharing,189.jpg,1,
Relaciones Románticas,,,Positive,Equilibrar un significativo otro y amigos,"Recientemente empezaste una relación. Lo estás disfrutando, pero te resulta difícil equilibrar el tiempo con tus amigos y tu pareja. Te preocupa que tus amigos se molesten si no pasas suficiente tiempo con ellos, pero recuerdas que puedes dedicar tiempo a todos.",N/A,¿Tus amigos te odiarán por tratar de equilibrar?,No,Sí,https://drive.google.com/file/d/1dYhmsepl6YPtXr1DC4Wy-nWxozoK04Zc/view?usp=sharing,239.jpg,1,
Relaciones Románticas,,,Positive,Amigo de tu pareja,"Tu pareja te llevó a pasar el rato con uno de sus buenos amigos. Al verlos interactuar, sientes que el amigo está románticamente interesado en tu pareja. Te recuerdas que tu pareja ve a esta persona como un amigo. ",N/A,¿Puedes confiar en tu pareja?,Sí,No,https://drive.google.com/file/d/11yRXh39ucGycAOCvH1m322j9E160n_Ne/view?usp=sharing,240.jpg,1,
Relaciones Románticas,,,Resilience/Negation,La cita,"Estás yendo a una cita y acabas de llegar al restaurante. Mientras te acercas a la entrada, de repente te sientes muy nervioso y das la vuelta para irte, pero cambias de opinión rápidamente. En ese momento, tu cita llega y parece muy ofendida.","Al final de la cita, te das cuenta de que es muy común sentirse un poco incómodo en situaciones como estas. Después de explicar y disculparte, crees que a tu cita le pareció graciosa y tierna tu titubeo.",La impresión de tu cita sobre ti probablemente fue...,Positiva,Negativa,https://drive.google.com/file/d/11_Qmki0qgGKl7UUkuuAVjbH9UzmfX-qA/view?usp=sharing,176.jpg,1,
Relaciones Románticas,Vida Familiar y Doméstica,,Positive,Comunicación familiar,"Tu familia no ha aprobado a tu pareja desde el principio y estás empezando a ponerte nervioso. No quieres causar más conflicto, pero su comportamiento te resulta incómodo. Haces un plan para tener una conversación y crees que irá bien. ",N/A,¿Saldrá bien la conversación con tu familia?,Sí,No,https://drive.google.com/file/d/1Paipx3_eLSTXbSkH_Rn3iRLGcHZc9_PH/view?usp=sharing,241.jpg,1,
Relaciones Románticas,,,Positive,Estando soltero,"Estás soltero. La mayoría de las personas en tu vida tienen pareja. Cuando piensas en no tener pareja, te sientes bien.",N/A,¿Te molesta estar soltero?,No,Sí,https://drive.google.com/file/d/1ENdgUCXH1MKroqKuthjHiqwhKITlbvVt/view?usp=sharing,242.jpg,1,
Relaciones Románticas,Salud Mental,,Positive,Problemas de salud mental,"Últimamente no te sientes bien y quieres pedirle ayuda a tu pareja. Aunque confías en tu pareja, te cuesta encontrar las palabras adecuadas para comunicar lo que sientes. Decides sentarte con tu pareja y te sientes seguro.",N/A,¿Tu pareja será comprensiva?,Sí,No,https://drive.google.com/file/d/19tkKOjxJXXU6hQQdYTttU_SSuXpNfnkg/view?usp=sharing,243.jpg,1,
Relaciones Románticas,Situaciones Sociales,Vida Familiar y Doméstica,Resilience/Negation,Planes de vacaciones,"Tus suegros te han invitado a pasar los días festivos con ellos. Estás emocionado de compartir tiempo con la familia de tu pareja, pero te preocupa que tus propios padres se sientan decepcionados por no poder estar contigo.","Cuando piensas en decirles a tus padres que te gustaría pasar los días festivos con tu pareja, no esperas que se molesten y crees que se tomarán bien la noticia. ",¿Tus padres se molestarán si pasas los días festivos con la familia de tu pareja?,No,Sí,https://drive.google.com/file/d/1KbeTT5hK7TLxBUVg38Kcs6Sq1jNtXzD5/view?usp=sharing,147.jpg,1,
Relaciones Románticas,,,Negative,relación a distancia,"Tu pareja ha decidido volver a estudiar en un programa prestigioso en otro estado. Amas mucho a tu pareja, pero sabes que las relaciones a larga distancia pueden ser difíciles. Cuando imaginas el futuro de tu relación con tu pareja, crees que se divorciarán. ",N/A,Puedes ver a tu pareja diciendo:,"""No creo que esto esté funcionanado.""","""Estoy muy contento de que podamos hacer esto juntos.""",https://drive.google.com/file/d/1SLIlpEwAlYywGSOzmfcgtN7_OZG7Kwcb/view?usp=sharing,158.jpg,1,
Relaciones Románticas,Vida Familiar y Doméstica,,Positive,Viendo a tu ex,"Tú y tu pareja recientemente se divorciaron. Tu hijo tiene un evento en la escuela esta noche, y será la primera vez que ambos asistan como personas solteras. Piensas que se tratarán con respeto mutuo.",N/A,¿Te llevarás bien con tu ex pareja?,Sí,No,https://drive.google.com/file/d/1ZQt5JWW8C01c1XQC4OoVeC8SugNsBZsF/view?usp=sharing,244.jpg,1,
Finanzas,,,Positive,Gestión de facturas,"La factura de tu tarjeta de crédito del mes llegará pronto. Has gastado un poco más este mes de lo normal. Cuando piensas en tus finanzas futuras, sientes que estarás bien. ",N/A,Piensas que tus finanzas estarán...,manejables,fueras de control,https://drive.google.com/file/d/1ntIIxm81GLLVv4ADzPrrHkj2df_z9XrL/view?usp=sharing,245.jpg,1,
Finanzas,,,Positive,Factura por una reparación,"Tu techo tiene una fuga, y agua entra en la casa cada vez que llueve. Piensas que va a ser caro contratar a alguien para arreglarlo. Al pensar en pagar la factura para arreglar el techo, sientes que estarás bien. ",N/A,¿Te arruinarás después de pagar la factura de arreglar el techo?,No,,https://drive.google.com/file/d/1tCizqz0P97OBuOF2WPjjlFPS5gMg05EH/view?usp=sharing,246.jpg,1,
Finanzas,,,Positive,Decidiendo algo,"Estás en el concesionario local de automóviles buscando comprar un carro nuevo. Después de considerar todas las opciones, todavía estás indeciso entre dos carros. Cuando le dices al vendedor qué carro decidiste comprar, te sientes contento.",N/A,¿Estás ansioso por tu decisión?,No,,https://drive.google.com/file/d/1jrWuu3Yp7xogKvb7WPrQOL_uOCiGBcQt/view?usp=sharing,247.jpg,1,
Finanzas,Situaciones Sociales,,Resilience/Negation,Planes divertidos,"Tus amigos te piden que salgas a cenar a un restaurante de lujo con ellos este fin de semana. Es muy caro y sabes que no podrás pagarlo. Cuando te imaginas diciéndole a tus amigos que no puedes ir, te sientes nervioso. ",N/A,¿Tus amigos se molestarán porque no puedes salir a cenar?,No,,https://drive.google.com/file/d/18cLoBxquxdCG-Bu2BOxDQ5YPcrZOF1cn/view?usp=sharing,248.jpg,1,
Finanzas,,,Positive,Ir a la quiebra,"Has decidido volver a estudiar para obtener otra carrera. Aunque has estado ahorrando para esto durante los últimos años, te preocupa no tener ingresos mientras regresas a la escuela. La probabilidad de que te arruines mientras que estás en la escuela es mínima.",N/A,¿Te arruinarás una vez que regreses a la escuela?,No,,https://drive.google.com/file/d/1lJ3bn3nYvShNSWKpOPEpJm8Qq7R4fvQS/view?usp=sharing,249.jpg,1,
Finanzas,Vida Familiar y Doméstica,,Resilience/Negation,sintiéndote preocupado por las noticias,"Esta mañana, tu pareja está viendo las noticias y escuchas que muchas empresas están reduciendo personal. Piensas en qué sucederá si tu pareja pierde su trabajo. Te sientes asustado.",Notas que tu pareja no parece molesto al escuchar las noticias. Piensas que todo estará bien.,¿Deberías empezar a preocuparte por el trabajo de tu pareja?,No,,https://drive.google.com/file/d/16KZJVDZijOiPKkJwZWdRQfE4gNhwBtU-/view?usp=sharing,173.jpg,1,
Finanzas,Académicos/Trabajo/Desarrollo Profesional,Salud Mental,Negative,Solicitar una subvención,"Quieres iniciar un nuevo proyecto de investigación en tu laboratorio, por lo que solicitas una subvención de financiación. Sin esta financiación, no podrás realizar la investigación que esperas realizar, pero no sabes si tu propuesta es lo suficientemente buena. Crees que no obtendrás la financiación.",N/A,¿Eres capaz de hacer esta investigación?,No,,https://drive.google.com/file/d/1pcE3PZPJyiJCNCdBP0DGVbumVNri-Bev/view?usp=sharing,53.jpg,1,
Finanzas,,,Positive,Pago de reparaciones,"Tu coche necesita reparaciones costosas. Tienes ahorros, pero eres reacio a usarlos. Cuando pagues las reparaciones del coche, todo estará bien. ",N/A,¿Te declararás en bancarrota después de pagar las reparaciones del coche?,No,,https://drive.google.com/file/d/1iwnSvOtF3QT1_rhG81NkX6UqlQeVh0f4/view?usp=sharing,250.jpg,1,
Finanzas,Vida Familiar y Doméstica,Situaciones Sociales,Positive,Inicio Presentaciones,"Notas que tu casa no es como la de tus compañeros. Tu mejor amigo nunca ha estado en tu casa, pero quiere venir a cenar una noche. Crees que tu reacción hacia tu hogar será respetuosa.",N/A,¿Tus amigos juzgarán tu casa?,No,,https://drive.google.com/file/d/1VCybtiOeMs0Sxk93nEyA51k4mVoIITAu/view?usp=sharing,165.jpg,1,
Finanzas,,,Positive,Limitaciones financieras,"El mes pasado, saliste a cenar más a menudo de lo que sueles hacer y lo disfrutaste. Sin embargo, al mirar tu cuenta bancaria ahora, no estás seguro si puedes mantener ese estilo de vida y pagar por comestibles, facturas, etc. Decides limitarte a una comida fuera por semana y te sientes seguro con este presupuesto.",N/A,¿Todavía podrás disfrutar de una noche fuera?,Sí,,https://drive.google.com/file/d/1zr-ojLmvOUbAd2xJRvcq3QG2d7z_oRgu/view?usp=sharing,251.jpg,1,
Finanzas,Académicos/Trabajo/Desarrollo Profesional,,Positive,Ingresos adicionales,"Recientemente te has sentido abrumado con el trabajo, pero sabes que necesitas conseguir un segundo trabajo para estar en una situación financiera más estable. Mientras buscabas trabajo en línea, viste un solicitud para un trabajo que suena muy divertido. Piensas que trabajar este segundo trabajo será manejable. ",N/A,¿Crees que puedes manejar un segundo trabajo?,Sí,No ,https://drive.google.com/file/d/1UBORN__WOk3N5lP4X-qA_lwYYhlyyYqS/view?usp=sharing,11.jpg,1,
Finanzas,Situaciones Sociales,,Positive,Preocupándote por gastar,"Unos amigos van a salir a cenar y te invitan. Sabes que ustedes han salido a cenar mucho recientemente, y no sabes si puedes seguir así. Les dices a tus amigos que saldrás con ellos la próxima vez, y estás felíz quedándote en casa por la noche. ",N/A,¿Estás cómodo no ir a esta cena?,Sí,,https://drive.google.com/file/d/1eLJnrJZBFA0pUisiuLxNVgNJfC_xJB7I/view?usp=sharing,252.jpg,1,
Finanzas,,,Resilience/Negation,Preocuparse por los ahorros,"Saliste con algunos amigos que no habías visto en mucho tiempo y terminaste en el tema de las finanzas. Mientras pensabas que tu situación financiera era estable, tus amigos comienzan a hablar sobre el dinero que están ahorrando para la jubilación. Has estado usando tu dinero para pagar tus necesidades y no has pensado en comenzar a ahorrar.","Cuando lo piensas, sabes que todavía tienes mucho tiempo para ahorrar y que las finanzas no son iguales para todos.",¿Te preocupa no ahorrar en este momento?,No,,https://drive.google.com/file/d/14E87lNQCbYQYaw2WEZUgqpLVllxzh0qo/view?usp=sharing,197.jpg,1,
Finanzas,,,Positive,Gestión de crédito,"Tu banco se ha puesto en contacto contigo para ofrecerte una tarjeta de crédito con una tasa de interés muy baja. Eres un gastador responsable, pero te preocupa acumular deudas si te inscribes en una nueva tarjeta de crédito. Al pensar en lo que harías con la tarjeta de crédito, piensas que probablemente gastarías el dinero sabiamente. ",N/A,Obtener una nueva tarjeta de crédito probablemente,no cambiaría mucho la forma cuidadosa en que gastas,te perjudicaría financieramente al endeudarte,https://drive.google.com/file/d/1VkvXAEOBH6tuc4To3Q7QApJ-DzkT-ezH/view?usp=sharing,253.jpg,1,
Finanzas,,,Negative,Ahorrando dinero,"Estás repasando tus gastos mensuales y te das cuenta de que gastaste más de lo que habías planeado en un nuevo pasatiempo. Esto no te coloca en una situación financiera comprometida en este momento, pero estás intentando ahorrar dinero para ir en un viaje de esquí que has estado planeando por meses. Al pensar en reducir tus gastos, no te imaginas gastando demasiado otra vez, y crees que ahorrar lo suficiente para tu viaje es imposible.",N/A,"Cuando llegue el momento de reservar el viaje, probablemente...",Tendrás que cancelar debido a problemas de dinero.,Podrás elegir un hotel bastante bonito.,https://drive.google.com/file/d/1HZH-0nM2AWwMrt0gJttn0l5Qxiyelr24/view?usp=sharing,254.jpg,1,
Finanzas,,,Positive,Costear los gastos,"Tu alquiler se acerca pronto. Normalmente tienes tu alquiler presupuestado, pero algunos gastos inesperados te han dejado un poco corto y tienes que tomar algunos turnos extra en el trabajo. Pensando en tu capacidad para hacer el pago, tus fondos serán suficientes. ",N/A,Asumir los turnos adicionales...,significará que ahorrarás lo suficiente para pagar el alquiler.,Aún te dejará corto y te retrasarás en el pago del alquiler.,https://drive.google.com/file/d/1HZH-0nM2AWwMrt0gJttn0l5Qxiyelr24/view?usp=sharing,254.jpg,1,
Finanzas,,,Positive,Planificación de pagos,"Acabas de empezar un nuevo trabajo y necesitas seleccionar uno de los planes de jubilación que ofrece tu empresa. Has estado investigando un poco sobre los diferentes tipos de planes, pero te sientes un poco abrumado y tu fecha límite para elegir se acerca rápidamente. Crees que el plan que elijas te dejará en una posición financiera sólida.",N/A,"Cuando se trata de elegir un plan de jubilación, piensas que...",Tomarás una buena decisión porque has investigado.,"Es muy probable que cometas un error, dado lo poco que sabes sobre cómo funcionan.",https://drive.google.com/file/d/1KkME5KcZ5NgX_p332K2_-01OCdDxK5G3/view?usp=sharing,255.jpg,1,
Finanzas,,,Resilience/Negation,Gestión de crédito,"Tu banco se ha puesto en contacto contigo para ofrecerte una tarjeta de crédito con una tasa de interés muy baja. Eres un gastador responsable, pero te preocupa acumular deudas si te inscribes en una nueva tarjeta de crédito.","Al pensar en lo que harías con la tarjeta de crédito, no te imaginas que de repente gastarás imprudentemente, y piensas que probablemente gastarías el dinero sabiamente. ",¿Crees que seguirías gastando dinero de manera responsable si obtuvieras una nueva tarjeta de crédito?,Sí,No,https://drive.google.com/file/d/1VkvXAEOBH6tuc4To3Q7QApJ-DzkT-ezH/view?usp=sharing,253.jpg,1,
Finanzas,Vida Familiar y Doméstica,,Positive,Costos inesperados,"Has estado alquilando tu casa. Sientes que ya es hora de comprar una casa y que ahora tienes un trabajo estable, pero te preocupan los costos inesperados. Considerando la posibilidad de comprar, crees que estos costos serán manejables.",N/A,Comprar una casa va a...,Ser asequible y salir bien.,"Ser más allá de tus posibilidades, incluso con tu trabajo.",https://drive.google.com/file/d/1lpvvvV6h9M0GBc8a-at-2ovha4XXdfLE/view?usp=sharing,159.jpg,1,
Finanzas,Vida Familiar y Doméstica,,Positive,Mantener a la familia,"Quieres que tu familia tenga buenas oportunidades educativas. Quieres que tus hijos puedan asistir a buenas universidades, pero comprendas que esto tiene un precio alto. Cuando piensas en tus hijos, piensas que apoyar su educación universitaria será asequible.",N/A,¿Crees que enviar a tus hijos a una buena universidad,Será alcanzable.,Estará más allá de tus posibilidades.,https://drive.google.com/file/d/1SLIlpEwAlYywGSOzmfcgtN7_OZG7Kwcb/view?usp=sharing,158.jpg,1,
Finanzas,,,Positive,Permitirse la educación,"Tus hijos están pensando en ir a la universidad, pero piensas que tendrías que pedir un préstamo para ayudarlos a ir. Recuerdas historias que has escuchado de personas que todavía estaban pagando sus préstamos incluso después de jubilarse. Imaginándote a ti mismo en la jubilación, piensas que tus préstamos serán pagados. ",N/A,Pedir préstamos para ayudar a tus hijos...,no dañará tus finanzas a largo plazo,arruinará tus finanzas durante décadas,https://drive.google.com/file/d/1SLIlpEwAlYywGSOzmfcgtN7_OZG7Kwcb/view?usp=sharing,158.jpg,1,
Finanzas,,,Resilience/Negation,Ahorrando dinero,"Estás repasando tus gastos mensuales y te das cuenta de que gastaste más de lo que habías planeado en un nuevo pasatiempo. Esto no te coloca en una situación financiera comprometida en este momento, pero estás intentando ahorrar dinero para ir en un viaje de esquí que has estado planeando por meses.","Al pensar en reducir tus gastos, no te imaginas gastando demasiado otra vez, y crees que ahorrar lo suficiente para tu viaje es factible.",¿Crees que será demasiado difícil ahorrar lo suficiente para tu viaje de esquí?,No,Sí,https://drive.google.com/file/d/1HZH-0nM2AWwMrt0gJttn0l5Qxiyelr24/view?usp=sharing,254.jpg,1,
Finanzas,Académicos/Trabajo/Desarrollo Profesional,,Positive,Mercado de trabajo,"Recientemente viste en las noticias que la economía ha estado particularmente mal. Aunque tu jefe normalmente te da buenas críticas, te preguntas si tu trabajo es seguro. Crees que probablemente estarás bien.",N/A,¿Es probable que te despidan?,No,,https://drive.google.com/file/d/1_T7rY6ZMUGkrrUUDGpQvHEG53QIE1J_h/view?usp=sharing,52.jpg,1,
Finanzas,Situaciones Sociales,,Positive,Chistes de compras,Estás solo en el supermercado. Observas a otros dos miembros de la facultad juntos en la otra parte de la tienda riéndose. Probablemente se estén riendo de un chiste.,N/A,¿Tus compañeros se ríen de ti?,No,,https://drive.google.com/file/d/1JsdRFiM3aVAyDyf-2dZQW18DvuAcRaZN/view?usp=sharing,256.jpg,1,
Finanzas,Situaciones Sociales,,Positive,Ahorrar dinero,"Siempre necesitas almorzar comida de casa para ahorrar dinero. Cuando comes con tus amigos, notas que todos salen a comer cada día. Te das cuenta de que tu situación es diferente a la de ellos y que está bien.",N/A,¿Eres duro contigo mismo porque no compras el almuerzo como tus amigos?,No,,https://drive.google.com/file/d/1GlgWw9CNYkuvPqXiAgChQuDim1Uuife8/view?usp=sharing,257.jpg,1,
Finanzas,Situaciones Sociales,,Resilience/Negation,Devolución de chaqueta,"Estás en la tienda departamental para devolver una chaqueta. Cuando hablas con un asociado de ventas en el mostrador, no sonríen y te miran con molestia.","Al final, te das cuenta de que la persona en el mostrador estaba muy estresada debido a un cliente anterior, y cuando empezaron a ayudarte, fueron muy amables.",El asociado de ventas no sonreía mucho porque...,Estaba molesto con otra persona.,Estaba molesto contigo.,https://drive.google.com/file/d/18b-tqKcB1o6S6rl8tPxY7UqRfh43e5mH/view?usp=sharing,258.jpg,1,
Finanzas,,,Negative,Costear los gastos,"Tu alquiler se acerca pronto. Normalmente tienes tu alquiler presupuestado, pero algunos gastos inesperados te han dejado un poco corto y tienes que tomar algunos turnos extra en el trabajo. Pensando en tu capacidad para hacer el pago, tus fondos serán insuficientes. ",N/A,"En el próximo mes, te ves...",Atrasado en el pago de tu alquiler.,Pagando tu factura de alquiler en su totalidad.,https://drive.google.com/file/d/1HZH-0nM2AWwMrt0gJttn0l5Qxiyelr24/view?usp=sharing,254.jpg,1,
Finanzas,,,Positive ,Iniciando un negocio pequeño,"Estás considerando dejar tu trabajo para comenzar tu propio pequeño negocio y estás listo para trabajar duro. Estás emocionado, pero también sabes que muchos nuevos emprendimientos pueden fracasar. Pensando en el futuro de tu negocio, crees que será rentable.",N/A,Piensas que trabajar duro en tu negocio...,Tendrá un papel crucial en el eventual éxito de tu empresa.,Todavía no será suficiente para que tu empresa sobreviva.,https://drive.google.com/file/d/1OSRDlUvXTNnwLZlxsji3kxnfVjWLAKmD/view?usp=sharing,81.jpg,1,
Finanzas,,,Positive,Ahorrando dinero,"Estás repasando tus gastos mensuales y te das cuenta de que gastaste más de lo que habías planeado en un nuevo pasatiempo. Esto no te coloca en una situación financiera comprometida en este momento, pero estás intentando ahorrar dinero para ir en un viaje de esquí que has estado planeando por meses. Al pensar en reducir tus gastos, no te imaginas gastando demasiado otra vez, y crees que ahorrar lo suficiente para tu viaje es factible.",N/A,Las probabilidades de que vayas a tu viaje de esquí son...,"Altas, porque podrás ahorrar más dinero en los próximos meses.","Bajas, porque es poco probable que ahorres suficiente dinero.",https://drive.google.com/file/d/1HZH-0nM2AWwMrt0gJttn0l5Qxiyelr24/view?usp=sharing,254.jpg,1,
Finanzas,Situaciones Sociales,,Positive,Visitar a un nuevo amigo,"Te han invitado a pasar unas vacaciones en casa de un amigo y quieres llevarle un regalo, pero no puedes permitirte comprarlo. Decides escribir un poema y recitarlo para la familia de tu amigo. Cuando te imaginas leyéndolo, te emocionas.",N/A,¿Te preocupa recitar un poema para la familia de tu amigo?,No,,https://drive.google.com/file/d/1gqs34RS_CsCnUbNlLaEigxSxuKvzjTSX/view?usp=sharing,259.jpg,1,
Finanzas,Situaciones Sociales,,Resilience/Negation,Saludando gente en bibliotecas,Te estás quedando tarde para terminar unos trabajos y notas a dos compañeros. Se van juntos y te saludan mientras pasan. Te sientes avergonzado.,Te das cuenta de que podrían estar yendo a terminar algún trabajo juntos. Esto te hace sentir mejor.,¿Te sientes ansioso después de ver a tus amigos?,No,,https://drive.google.com/file/d/1Clctht43jDXF2QSySK6_NttDqJAW6LRW/view?usp=sharing,260.jpg,2,
Finanzas,,,Positive,Gestión de facturas,"La factura de tu tarjeta de crédito del mes llegará pronto. Has gastado un poco más este mes de lo normal. Cuando piensas en tus finanzas futuras, sientes que estarás bien. ",N/A,Piensas que tus finanzas estarán...,manejable,fuera de control,https://drive.google.com/file/d/1ntIIxm81GLLVv4ADzPrrHkj2df_z9XrL/view?usp=sharing,245.jpg,2,
Finanzas,Vida Familiar y Doméstica,,Positive,Mantener a la familia,"Quieres que tu familia tenga buenas oportunidades educativas. Quieres que tus hijos puedan asistir a buenas universidades, pero comprendas que esto tiene un precio alto. Cuando piensas en tus hijos, piensas que apoyar su educación universitaria será asequible.",N/A,¿Crees que enviar a tus hijos a una buena universidad,Será alcanzable.,Estará más allá de tus posibilidades.,https://drive.google.com/file/d/1SLIlpEwAlYywGSOzmfcgtN7_OZG7Kwcb/view?usp=sharing,158.jpg,2,
Finanzas,Vida Familiar y Doméstica,Situaciones Sociales,Positive,Inicio Presentaciones,"Notas que tu casa no es como la de tus compañeros. Tu mejor amigo nunca ha estado en tu casa, pero quiere venir a cenar una noche. Crees que su reacción hacia tu hogar será respetuosa.",N/A,¿Tus amigos juzgarán tu casa?,No,,https://drive.google.com/file/d/1VCybtiOeMs0Sxk93nEyA51k4mVoIITAu/view?usp=sharing,165.jpg,2,
Finanzas,Salud Mental,,Resilience/Negation,Cena cara,Tus amigos quieren salir a celebrar uno de sus cumpleaños. Eligen comer en un restaurante caro que está fuera de tu rango de precios. Te sientes como un mal amigo porque no puedes permitirte ir.,Decides hablar con tus amigos al respecto. Son muy comprensivos y eligen un lugar más asequible para comer. Te sientes orgulloso de defenderte.,¿Eres un buen amigo?,Sí,No,https://drive.google.com/file/d/1AaIWHmvou3Sgfp-66NqegxPqt6lA-9SY/view?usp=sharing,261.jpg,2,
Finanzas,,,Positive,Permitirse la educación,"Tus hijos están pensando en ir a la universidad, pero piensas que tendrías que pedir un préstamo para ayudarlos a ir. Recuerdas historias que has escuchado de personas que todavía estaban pagando sus préstamos incluso después de jubilarse. Imaginándote a ti mismo en la jubilación, piensas que tus préstamos serán pagados. ",N/A,Pedir préstamos para ayudar a tus hijos...,no dañará tus finanzas a largo plazo,arruinará tus finanzas durante décadas,https://drive.google.com/file/d/1SLIlpEwAlYywGSOzmfcgtN7_OZG7Kwcb/view?usp=sharing,158.jpg,2,
Finanzas,,,Negative,Planificación de pagos,"Acabas de empezar un nuevo trabajo y necesitas seleccionar uno de los planes de jubilación que ofrece tu empresa. Has estado investigando un poco sobre los diferentes tipos de planes, pero te sientes un poco abrumado y tu fecha límite para elegir se acerca rápidamente. Piensas que el plan que elijas te dejará en una posición financiera riesgosa.",N/A,Tu selección de plan de jubilación probablemente significa que...,Tendrás que preocuparte por el dinero más adelante en la vida.,Tendras un futuro financiero cómodo.,https://drive.google.com/file/d/1KkME5KcZ5NgX_p332K2_-01OCdDxK5G3/view?usp=sharing,255.jpg,2,
Finanzas,,,Positive,Factura por una reparación,"Tu techo tiene una fuga, y agua entra en la casa cada vez que llueve. Piensas que va a ser caro contratar a alguien para arreglarlo. Al pensar en pagar la factura para arreglar el techo, sientes que estarás bien. ",N/A,¿Te arruinarás después de pagar la factura de arreglar el techo?,No,,https://drive.google.com/file/d/1tCizqz0P97OBuOF2WPjjlFPS5gMg05EH/view?usp=sharing,246.jpg,2,
Finanzas,,,Positive,Limitaciones financieras,"El mes pasado, saliste a cenar más a menudo de lo que sueles hacer y lo disfrutaste. sin embargo, al mirar tu cuenta bancaria ahora, no estás seguro si puedes mantener ese estilo de vida y pagar por comestibles, facturas, etc. Decides limitarte a una comida fuera por semana y te sientes seguro con este presupuesto.",N/A,¿Todavía podrás disfrutar de una noche fuera?,Sí,,https://drive.google.com/file/d/1zr-ojLmvOUbAd2xJRvcq3QG2d7z_oRgu/view?usp=sharing,251.jpg,2,
Finanzas,,,Positive,Ahorrando dinero,"Estás repasando tus gastos mensuales y te das cuenta de que gastaste más de lo que habías planeado en un nuevo pasatiempo. Esto no te coloca en una situación financiera comprometida en este momento, pero estás intentando ahorrar dinero para ir en un viaje de esquí que has estado planeando por meses. Al pensar en reducir tus gastos, no te imaginas gastando demasiado otra vez, y crees que ahorrar lo suficiente para tu viaje es factible.",N/A,Las probabilidades de que vayas a tu viaje de esquí son...,"Altas, porque podrás ahorrar más dinero en los próximos meses.","Bajas, porque es poco probable que ahorres suficiente dinero.",https://drive.google.com/file/d/1HZH-0nM2AWwMrt0gJttn0l5Qxiyelr24/view?usp=sharing,254.jpg,2,
Finanzas,Vida Familiar y Doméstica,,Positive,Costos inesperados,"Has estado alquilando tu casa. Sientes que ya es hora de comprar una casa y que ahora tienes un trabajo estable, pero te preocupan los costos inesperados. Considerando la posibilidad de comprar, crees que estos costos serán manejables.",N/A,Comprar una casa va a...,Ser asequible y salir bien.,"Ser más allá de tus posibilidades, incluso con tu trabajo.",https://drive.google.com/file/d/1lpvvvV6h9M0GBc8a-at-2ovha4XXdfLE/view?usp=sharing,159.jpg,2,
Finanzas,,,Positive ,Iniciando un negocio pequeño,"Estás considerando dejar tu trabajo para comenzar tu propio pequeño negocio y estás listo para trabajar duro. Estás emocionado, pero también sabes que muchos nuevos emprendimientos pueden fracasar. Pensando en el futuro de tu negocio, crees que será rentable.",N/A,Piensas que trabajar duro en tu negocio...,Tendrá un papel crucial en el eventual éxito de tu empresa.,Todavía no será suficiente para que tu empresa sobreviva.,https://drive.google.com/file/d/1OSRDlUvXTNnwLZlxsji3kxnfVjWLAKmD/view?usp=sharing,81.jpg,2,
Finanzas,,,Resilience/Negation,Costear los gastos,"Tu alquiler se acerca pronto. Normalmente tienes tu alquiler presupuestado, pero algunos gastos inesperados te han dejado un poco corto y tienes que tomar algunos turnos extra en el trabajo. ","Pensando en tu capacidad para hacer el pago, no esperas atrasarte en el pago del alquiler y tus fondos serán suficientes. ",¿Crees que ahorrarás lo suficiente para hacer el pago de tu alquiler?,Sí,No,https://drive.google.com/file/d/1HZH-0nM2AWwMrt0gJttn0l5Qxiyelr24/view?usp=sharing,254.jpg,2,
Finanzas,Académicos/Trabajo/Desarrollo Profesional,,Positive,Ingresos adicionales,"Recientemente te has sentido abrumado con el trabajo, pero sabes que necesitas conseguir un segundo trabajo para estar en una situación financiera más estable. Mientras buscabas trabajo en línea, viste un solicitud para un trabajo que te suena muy divertido Piensas que trabajar este segundo trabajo será manejable. ",N/A,¿Crees que puedes manejar un segundo trabajo?,Sí,No ,https://drive.google.com/file/d/1UBORN__WOk3N5lP4X-qA_lwYYhlyyYqS/view?usp=sharing,11.jpg,2,
Finanzas,,,Positive,Pago de reparaciones,"Tu coche necesita reparaciones costosas. Tienes ahorros, pero eres reacio a usarlos. Cuando pagues las reparaciones del coche, todo estará bien. ",N/A,¿Te declararás en bancarrota después de pagar las reparaciones del coche?,No,,https://drive.google.com/file/d/1iwnSvOtF3QT1_rhG81NkX6UqlQeVh0f4/view?usp=sharing,250.jpg,2,
Finanzas,,,Negative,Gestión de crédito,"Tu banco se ha puesto en contacto contigo para ofrecerte una tarjeta de crédito con una tasa de interés muy baja. Eres un gastador responsable, pero te preocupa acumular deudas si te inscribes en una nueva tarjeta de crédito.",N/A,Con una nueva tarjeta de crédito probablemente...,tendrías que trabajar más duro de lo que esperabas para pagar la nueva deuda de la tarjeta de crédito,integrarías efectivamente la tarjeta de crédito en tu plan de presupuesto.,https://drive.google.com/file/d/1VkvXAEOBH6tuc4To3Q7QApJ-DzkT-ezH/view?usp=sharing,253.jpg,2,
Finanzas,,,Positive,Decidiendo algo,"Estás en el concesionario local de automóviles buscando comprar un carro nuevo. Después de considerar todas las opciones, todavía estás indeciso entre dos carros. Cuando le dices al vendedor qué carro decidiste comprar, te sientes contento.",N/A,¿Estás ansioso por tu decisión?,No,,https://drive.google.com/file/d/1jrWuu3Yp7xogKvb7WPrQOL_uOCiGBcQt/view?usp=sharing,247.jpg,2,
Finanzas,Académicos/Trabajo/Desarrollo Profesional,,Positive,Mercado de trabajo,"Recientemente viste en las noticias que la economía ha estado particularmente mal. Aunque tu jefe normalmente te da buenas críticas, te preguntas si tu trabajo es seguro. Crees que probablemente estarás bien.",N/A,¿Es probable que te despidan?,No,,https://drive.google.com/file/d/1_T7rY6ZMUGkrrUUDGpQvHEG53QIE1J_h/view?usp=sharing,52.jpg,2,
Finanzas,,,Resilience/Negation,Planificación de pagos,"Acabas de empezar un nuevo trabajo y necesitas seleccionar uno de los planes de jubilación que ofrece tu empresa. Has estado investigando un poco sobre los diferentes tipos de planes, pero te sientes un poco abrumado y tu fecha límite para elegir se acerca rápidamente.",No te ves cometiendo un gran error y piensas que el plan que elijas te dejará en una posición financiera sólida.,¿Crees que elegirás un plan demasiado arriesgado?,No,Sí,https://drive.google.com/file/d/1KkME5KcZ5NgX_p332K2_-01OCdDxK5G3/view?usp=sharing,255.jpg,2,
Finanzas,Situaciones Sociales,,Positive,Chistes de compras,"Estás solo en el supermercado. Observas a otros dos miembros de la facultad juntos en la otra parte de la tienda, riéndose. Probablemente se estén riendo de un chiste.",N/A,¿Tus compañeros se ríen de ti?,No,,https://drive.google.com/file/d/1JsdRFiM3aVAyDyf-2dZQW18DvuAcRaZN/view?usp=sharing,256.jpg,2,
Finanzas,Situaciones Sociales,,Positive,Preocupándote por gastar,"Unos amigos van a salir a cenar y te invitan. Sabes que ustedes han salido a cenar mucho recientemente, y no sabes si puedes seguir así. Les dices a tus amigos que saldrás con ellos la próxima vez, y estás felíz quedándote en casa por la noche. ",N/A,¿Estás cómodo no ir a esta cena?,Sí,,https://drive.google.com/file/d/1eLJnrJZBFA0pUisiuLxNVgNJfC_xJB7I/view?usp=sharing,252.jpg,2,
Finanzas,Vida Familiar y Doméstica,,Resilience/Negation,Costos inesperados,"Has estado alquilando tu casa. Sientes que ya es hora de comprar una casa y que ahora tienes un trabajo estable, pero te preocupan los costos inesperados.","Considerando la posibilidad de comprar, decides elaborar un presupuesto para comprar una casa y piensas que manejar la incertidumbre de tus estimaciones será factible.",¿Puedes tomar una decisión razonable a pesar de cierta incertidumbre en tus estimaciones?,Sí,No,https://drive.google.com/file/d/1lpvvvV6h9M0GBc8a-at-2ovha4XXdfLE/view?usp=sharing,159.jpg,2,
Finanzas,,,Positive,Ir a la quiebra,"Has decidido volver a estudiar para obtener otra carrera. Aunque has estado ahorrando para esto durante los últimos años, te preocupa no tener ingresos mientras regresas a la escuela. La probabilidad de que te arruines mientras que estás en la escuela es mínima.",N/A,¿Te arruinarás una vez que regreses a la escuela?,No,,https://drive.google.com/file/d/1lJ3bn3nYvShNSWKpOPEpJm8Qq7R4fvQS/view?usp=sharing,249.jpg,2,
Finanzas,Vida Familiar y Doméstica,,Negative,Mantener a la familia,"Quieres que tu familia tenga buenas oportunidades educativas. Tú quieres que tus hijos puedan asistir a buenas universidades, pero comprendas que esto tiene un precio alto. Cuando piensas en tus hijos, piensas que será imposible apoyar su educación universitaria.",N/A,"Cuando piensas en hablar con tus hijos sobre su educación, te imaginas diciéndoles:","""No creo que podamos permitirnos enviarte a esa escuela"".","""Te ayudaré a ir a una buena escuela"".",https://drive.google.com/file/d/1SLIlpEwAlYywGSOzmfcgtN7_OZG7Kwcb/view?usp=sharing,158.jpg,2,
Finanzas,,,Resilience/Negation,Iniciando un negocio pequeño,"Estás considerando dejar tu trabajo para comenzar tu propio pequeño negocio y estás listo para trabajar duro. Estás emocionado, pero también sabes que muchos nuevos emprendimientos pueden fracasar.","Pensando en el futuro de tu negocio, tu empresa no fracasará y será un éxito.",¿Crees que tu pequeña empresa será rentable?,Sí,No,https://drive.google.com/file/d/1OSRDlUvXTNnwLZlxsji3kxnfVjWLAKmD/view?usp=sharing,81.jpg,2,
Finanzas,,,Positive,Costear los gastos,"Tu alquiler se acerca pronto. Normalmente tienes tu alquiler presupuestado, pero algunos gastos inesperados te han dejado un poco corto y tienes que tomar algunos turnos extra en el trabajo. Pensando en tu capacidad para hacer el pago, tus fondos serán suficientes. ",N/A,Asumir los turnos adicionales...,significará que ahorrarás lo suficiente para pagar el alquiler.,Aún te dejará corto y te retrasarás en el pago del alquiler.,https://drive.google.com/file/d/1HZH-0nM2AWwMrt0gJttn0l5Qxiyelr24/view?usp=sharing,254.jpg,2,
Finanzas,Situaciones Sociales,,Positive,Ahorrar dinero,"Siempre necesitas almorzar comida de casa para ahorrar dinero. Cuando comes con tus amigos, notas que todos salen a comer cada día. Te das cuenta de que tu situación es diferente a la de ellos y que está bien.",N/A,¿Eres duro contigo mismo porque no compras el almuerzo como tus amigos?,No,,https://drive.google.com/file/d/1GlgWw9CNYkuvPqXiAgChQuDim1Uuife8/view?usp=sharing,257.jpg,2,
Finanzas,Situaciones Sociales,,Positive,Visitar a un nuevo amigo,"Has sido invitado a pasar unas vacaciones en casa de un amigo y quieres llevarle un regalo, pero no puedes permitirte comprarlo. Decides escribir un poema y recitarlo para la familia de tu amigo. Cuando te imaginas leyéndolo, te emocionas.",N/A,¿Te preocupa recitar un poema para la familia de tu amigo?,No,,https://drive.google.com/file/d/1gqs34RS_CsCnUbNlLaEigxSxuKvzjTSX/view?usp=sharing,259.jpg,2,
Finanzas,,,Positive,Pago de reparaciones,"Tu coche necesita reparaciones costosas. Tienes ahorros, pero eres reacio a usarlos. Cuando pagues las reparaciones del coche, estará bien. ",N/A,¿Te declararás en bancarrota después de pagar las reparaciones del coche?,No,,https://drive.google.com/file/d/1iwnSvOtF3QT1_rhG81NkX6UqlQeVh0f4/view?usp=sharing,250.jpg,2,
Finanzas,,,Positive,Limitaciones financieras,"El mes pasado, saliste a cenar más a menudo de lo que sueles hacer y lo disfrutaste. Sin embargo, al mirar tu cuenta bancaria ahora, no estás seguro si puedes mantener ese estilo de vida y pagar por comestibles, facturas, etc. Decides limitarte a una comida fuera por semana y te sientes seguro con este presupuesto.",N/A,¿Todavía podrás disfrutar de una noche fuera?,Sí,,https://drive.google.com/file/d/1zr-ojLmvOUbAd2xJRvcq3QG2d7z_oRgu/view?usp=sharing,251.jpg,2,
Finanzas,Académicos/Trabajo/Desarrollo Profesional,,Positive,Ingresos adicionales,"Recientemente te has sentido abrumado con el trabajo, pero sabes que necesitas conseguir un segundo trabajo para estar en una situación financiera más estable. Mientras buscabas trabajo en línea, viste un solicitud para un trabajo que suena muy divertido. Piensas que trabajar este segundo trabajo será manejable. ",N/A,¿Crees que puedes manejar un segundo trabajo?,Sí,No ,https://drive.google.com/file/d/1UBORN__WOk3N5lP4X-qA_lwYYhlyyYqS/view?usp=sharing,11.jpg,all,
Finanzas,Situaciones Sociales,,Positive,Preocupándote por gastar,"Unos amigos van a salir a cenar y te invitan. Sabes que ustedes han salido a cenar mucho recientemente, y no sabes si puedes seguir así. Les dices a tus amigos que saldrás con ellos la próxima vez y que estás feliz de quedarte en casa por la noche. ",N/A,¿Estás cómodo no ir a esta cena?,Sí,,https://drive.google.com/file/d/1eLJnrJZBFA0pUisiuLxNVgNJfC_xJB7I/view?usp=sharing,252.jpg,all,
Finanzas,,,Negative,Iniciando un negocio pequeño,"Estás considerando dejar tu trabajo para comenzar tu propio pequeño negocio y estás listo para trabajar duro. Estás emocionado, pero también sabes que muchos nuevos emprendimientos pueden fracasar. Pensando en el futuro de tu negocio, crees que fracasará.",N/A,"Al pensar en el futuro de tu empresa, te imaginas...",Declarando bancarrota.,Generando buenas ganancias.,https://drive.google.com/file/d/1OSRDlUvXTNnwLZlxsji3kxnfVjWLAKmD/view?usp=sharing,81.jpg,all,
Finanzas,,,Positive,Ahorrando dinero,"Estás repasando tus gastos mensuales y te das cuenta de que gastaste más de lo planeado en un nuevo pasatiempo. Esto no te coloca en una situación financiera comprometida en este momento, pero estás intentando ahorrar dinero para ir en un viaje de esquí que llevas meses planeando. Al pensar en reducir tus gastos, no te imaginas gastando demasiado otra vez, y crees que ahorrar lo suficiente para tu viaje es factible.",N/A,Las probabilidades de que vayas a tu viaje de esquí son...,"Altas, porque podrás ahorrar más dinero en los próximos meses.","Bajas, porque es poco probable que ahorres suficiente dinero.",https://drive.google.com/file/d/1HZH-0nM2AWwMrt0gJttn0l5Qxiyelr24/view?usp=sharing,254.jpg,all,
Finanzas,,,Resilience/Negation,Permitirse la educación,"Tus hijos están pensando en ir a la universidad, pero piensas que tendrías que pedir un préstamo para ayudarlos a ir. Recuerdas historias que has escuchado de personas que todavía estaban pagando sus préstamos incluso después de jubilarse.","Al imaginarte a ti mismo en la jubilación, no te imaginas atormentado por las deudas y crees que tus préstamos serán pagados. ",¿Crees que seguirás pagando los préstamos cuando te jubiles?,No,Sí,https://drive.google.com/file/d/1SLIlpEwAlYywGSOzmfcgtN7_OZG7Kwcb/view?usp=sharing,158.jpg,all,
Finanzas,,,Positive,Gestión de facturas,"La factura de tu tarjeta de crédito del mes llegará pronto. Has gastado un poco más este mes de lo normal. Cuando piensas en tus finanzas futuras, sientes que estarás bien. ",N/A,Piensas que tus finanzas estarán...,manejable,fuera de control,https://drive.google.com/file/d/1ntIIxm81GLLVv4ADzPrrHkj2df_z9XrL/view?usp=sharing,245.jpg,all,
Finanzas,,,Positive,Decidiendo algo,"Estás en el concesionario local de automóviles buscando comprar un carro nuevo. Después de considerar todas las opciones, todavía estás indeciso entre dos carros. Cuando le dices al vendedor qué carro decidiste comprar, te sientes contento.",N/A,¿Estás ansioso por tu decisión?,No,,https://drive.google.com/file/d/1jrWuu3Yp7xogKvb7WPrQOL_uOCiGBcQt/view?usp=sharing,247.jpg,all,
Finanzas,Vida Familiar y Doméstica,,Positive,Mantener a la familia,"Quieres que tu familia tenga buenas oportunidades educativas. Quieres que tus hijos puedan asistir a buenas universidades, pero comprendas que esto tiene un precio alto. Cuando piensas en tus hijos, piensas que apoyar su educación universitaria será asequible.",N/A,¿Crees que enviar a tus hijos a una buena universidad,Será alcanzable.,Estará más allá de tus posibilidades.,https://drive.google.com/file/d/1SLIlpEwAlYywGSOzmfcgtN7_OZG7Kwcb/view?usp=sharing,158.jpg,all,
Finanzas,Académicos/Trabajo/Desarrollo Profesional,,Positive,Mercado de trabajo,"Recientemente viste en las noticias que la economía ha estado particularmente mal. Aunque tu jefe normalmente te da buenas críticas, te preguntas si tu trabajo es seguro. Crees que probablemente estarás bien.",N/A,¿Es probable que te despidan?,No,,https://drive.google.com/file/d/1_T7rY6ZMUGkrrUUDGpQvHEG53QIE1J_h/view?usp=sharing,52.jpg,all,
Finanzas,,,Resilience/Negation,Gestión de crédito,"Tu banco se ha puesto en contacto contigo para ofrecerte una tarjeta de crédito con una tasa de interés muy baja. Eres un gastador responsable, pero te preocupa acumular deudas si te inscribes en una nueva tarjeta de crédito.","Al pensar en lo que harías con la tarjeta de crédito, no te imaginas que de repente gastarás imprudentemente, y piensas que probablemente gastarías el dinero sabiamente. ",¿Crees que seguirías gastando dinero de manera responsable si obtuvieras una nueva tarjeta de crédito?,Sí,No,https://drive.google.com/file/d/1VkvXAEOBH6tuc4To3Q7QApJ-DzkT-ezH/view?usp=sharing,253.jpg,all,
Finanzas,,,Positive,Factura por una reparación,"Tu techo tiene una fuga, y agua entra en la casa cada vez que llueve. Piensas que va a ser caro contratar a alguien para arreglarlo. Al pensar en pagar la factura para arreglar el techo, sientes que estarás bien. ",N/A,¿Te arruinarás después de pagar la factura de arreglar el techo?,No,,https://drive.google.com/file/d/1tCizqz0P97OBuOF2WPjjlFPS5gMg05EH/view?usp=sharing,246.jpg,all,
Finanzas,,,Positive,Planificación de pagos,"Acabas de empezar un nuevo trabajo y necesitas seleccionar uno de los planes de jubilación que ofrece tu empresa. Has estado investigando un poco sobre los diferentes tipos de planes, pero te sientes un poco abrumado y tu fecha límite para elegir se acerca rápidamente. Crees que el plan que elijas te dejará en una posición financiera sólida.",N/A,"Cuando se trata de elegir un plan de jubilación, piensas que...",Tomarás una buena decisión porque has investigado.,"Es muy probable que cometas un error, dado lo poco que sabes sobre cómo funcionan.",https://drive.google.com/file/d/1KkME5KcZ5NgX_p332K2_-01OCdDxK5G3/view?usp=sharing,255.jpg,all,
Finanzas,Vida Familiar y Doméstica,,Negative,Costos inesperados,"Has estado alquilando tu casa. sientes que ya es hora de comprar una casa y que ahora tienes un trabajo estable, pero te preocupan los costos inesperados. Considerando la posibilidad de comprar, crees que estos costos serán inmanejables.",N/A,"Pensando en los próximos años, te ves a ti mismo...",Continuando alquilar una casa.,siendo propietario de una casa.,https://drive.google.com/file/d/1lpvvvV6h9M0GBc8a-at-2ovha4XXdfLE/view?usp=sharing,159.jpg,all,
Finanzas,,,Positive,Gestión de crédito,"Tu banco se ha puesto en contacto contigo para ofrecerte una tarjeta de crédito con una tasa de interés muy baja. Eres un gastador responsable, pero te preocupa acumular deudas si te inscribes en una nueva tarjeta de crédito. Al pensar en lo que harías con la tarjeta de crédito, piensas que probablemente gastarías el dinero sabiamente. ",N/A,Obtener una nueva tarjeta de crédito probablemente,no cambiaría mucho la forma cuidadosa en que gastas,lo perjudicaría financieramente al endeudarse,https://drive.google.com/file/d/1VkvXAEOBH6tuc4To3Q7QApJ-DzkT-ezH/view?usp=sharing,253.jpg,all,
Finanzas,,,Positive ,Iniciando un negocio pequeño,"Estás considerando dejar tu trabajo para comenzar tu propio pequeño negocio y estás listo para trabajar duro. Estás emocionado, pero también sabes que muchos nuevos emprendimientos pueden fracasar. Pensando en el futuro de tu negocio, será rentable.",N/A,Piensas que trabajar duro en tu negocio...,Tendrá un papel crucial en el éxito eventual de tu empresa.,Todavía no será suficiente para que tu empresa sobreviva.,https://drive.google.com/file/d/1OSRDlUvXTNnwLZlxsji3kxnfVjWLAKmD/view?usp=sharing,81.jpg,all,
Finanzas,Vida Familiar y Doméstica,,Resilience/Negation,Mantener a la familia,"Quieres que tu familia tenga buenas oportunidades educativas. Quieres que tus hijos puedan asistir a buenas universidades, pero comprendas que esto tiene un precio alto.","Cuando piensas en tus hijos, no crees que perderán oportunidades educativas por falta de dinero y crees que apoyar su educación universitaria será asequible.",¿Crees que tendrás suficiente dinero para pagar los gastos universitarios de tus hijos?,Sí,No,https://drive.google.com/file/d/1SLIlpEwAlYywGSOzmfcgtN7_OZG7Kwcb/view?usp=sharing,158.jpg,all,
Finanzas,Situaciones Sociales,,Positive,Chistes de compras,"Estás solo en el supermercado. Observas a otros dos miembros de la facultad juntos en la otra parte de la tienda, riéndose. Probablemente se estén riendo de un chiste.",N/A,¿Tus compañeros se ríen de ti?,No,,https://drive.google.com/file/d/1JsdRFiM3aVAyDyf-2dZQW18DvuAcRaZN/view?usp=sharing,256.jpg,all,
Finanzas,Situaciones Sociales,,Positive,Ahorrar dinero,"Siempre necesitas almorzar comida de casa para ahorrar dinero. Cuando comes con tus amigos, notas que todos salen a comer cada día. Te das cuenta de que tu situación es diferente a la de ellos y que está bien.",N/A,¿Eres duro contigo mismo porque no compras el almuerzo como tus amigos?,No,,https://drive.google.com/file/d/1GlgWw9CNYkuvPqXiAgChQuDim1Uuife8/view?usp=sharing,257.jpg,all,
Finanzas,,,Resilience/Negation,Costear los gastos,"Tu alquiler se acerca pronto. Normalmente tienes tu alquiler presupuestado, pero algunos gastos inesperados te han dejado un poco corto y tienes que tomar algunos turnos extra en el trabajo. ","Pensando en tu capacidad para hacer el pago, no esperas atrasarte en el pago del alquiler y tus fondos serán suficientes. ",¿Crees que ahorrarás lo suficiente para hacer el pago de tu alquiler?,Sí,No,https://drive.google.com/file/d/1HZH-0nM2AWwMrt0gJttn0l5Qxiyelr24/view?usp=sharing,254.jpg,all,
Finanzas,Situaciones Sociales,,Positive,Visitar a un nuevo amigo,"Has sido invitado a pasar unas vacaciones en casa de un amigo y quieres llevarle un regalo, pero no puedes permitirte comprarlo. Decides escribir un poema y recitarlo para la familia de tu amigo. Cuando te imaginas leyéndolo, te emocionas.",N/A,¿Te preocupa recitar un poema para la familia de tu amigo?,No,,https://drive.google.com/file/d/1gqs34RS_CsCnUbNlLaEigxSxuKvzjTSX/view?usp=sharing,259.jpg,all,
Finanzas,,,Positive,Ir a la quiebra,"Has decidido volver a estudiar para obtener otra carrera. Aunque has estado ahorrando para esto durante los últimos años, te preocupa no tener ingresos mientras regresas a la escuela. La probabilidad de que te arruines mientras estás en la escuela es mínima.",N/A,¿Te arruinarás una vez que regreses a la escuela?,No,,https://drive.google.com/file/d/1lJ3bn3nYvShNSWKpOPEpJm8Qq7R4fvQS/view?usp=sharing,249.jpg,all,
Finanzas,,,Positive,Gestión de crédito,"Tu banco se ha puesto en contacto contigo para ofrecerte una tarjeta de crédito con una tasa de interés muy baja. Eres un gastador responsable, pero te preocupa acumular deudas si te inscribes en una nueva tarjeta de crédito. Al pensar en lo que harías con la tarjeta de crédito, piensas que probablemente gastarías el dinero sabiamente.",N/A,Obtener una nueva tarjeta de crédito probablemente,no cambiaría mucho la forma cuidadosa en que gastas,lo perjudicaría financieramente al endeudarse,https://drive.google.com/file/d/1VkvXAEOBH6tuc4To3Q7QApJ-DzkT-ezH/view?usp=sharing,253.jpg,all,
Finanzas,,,Negative,Permitirse la educación,"Tus hijos están pensando en ir a la universidad, pero piensas que tendrías que pedir un préstamo para ayudarlos a ir. Recuerdas historias que has escuchado de personas que todavía estaban pagando sus préstamos incluso después de jubilarse. Imaginándote a ti mismo en la jubilación, piensas que tus préstamos estarán pendientes.",N/A,"Te imaginas que cuando te jubiles, probablemente ...",seguirás agobiado por tus préstamos,estarás financieramente estable con tus préstamos pagados.,https://drive.google.com/file/d/1SLIlpEwAlYywGSOzmfcgtN7_OZG7Kwcb/view?usp=sharing,158.jpg,all,
Finanzas,Vida Familiar y Doméstica,Situaciones Sociales,Positive,Inicio Presentaciones,"Notas que tu casa no es como la de tus compañeros. Tu mejor amigo nunca ha estado en tu casa, pero quiere venir a cenar una noche. Crees que su reacción hacia tu hogar será respetuosa.",N/A,¿Tus amigos juzgarán tu casa?,No,,https://drive.google.com/file/d/1VCybtiOeMs0Sxk93nEyA51k4mVoIITAu/view?usp=sharing,165.jpg,all,
Finanzas,Vida Familiar y Doméstica,,Resilience/Negation,sintiéndote preocupado por las noticias,"Esta mañana, tu pareja está viendo las noticias y escuchas que muchas empresas están reduciendo personal. Piensas en qué sucederá si tu pareja pierde su trabajo. Te sientes asustado.",Notas que tu pareja no parece molesto al escuchar las noticias. Piensas que todo estará bien.,¿Deberías empezar a preocuparte por el trabajo de tu pareja?,No,,https://drive.google.com/file/d/16KZJVDZijOiPKkJwZWdRQfE4gNhwBtU-/view?usp=sharing,173.jpg,all,
Finanzas,,,Positive,Costear los gastos,"Tu alquiler se acerca pronto. Normalmente tienes tu alquiler presupuestado, pero algunos gastos inesperados te han dejado un poco corto y tienes que tomar algunos turnos extra en el trabajo. Pensando en tu capacidad para hacer el pago, tus fondos serán suficientes. ",N/A,Asumir los turnos adicionales...,significará que ahorrarás lo suficiente para pagar el alquiler.,Aún te dejará corto y te retrasarás en el pago del alquiler.,https://drive.google.com/file/d/1HZH-0nM2AWwMrt0gJttn0l5Qxiyelr24/view?usp=sharing,254.jpg,all,
Finanzas,Vida Familiar y Doméstica,,Positive,Costos inesperados,"Has estado alquilando tu casa. Sientes que ya es hora de comprar una casa ahora que tienes un trabajo estable, pero te preocupan los costos inesperados. Considerando la posibilidad de comprar, crees que estos costos serán manejables.",N/A,Comprar una casa va a...,Ser asequible y salir bien.,"Ser más allá de tus posibilidades, incluso con tu trabajo.",https://drive.google.com/file/d/1lpvvvV6h9M0GBc8a-at-2ovha4XXdfLE/view?usp=sharing,159.jpg,all,
Finanzas,,,Resilience/Negation,Ahorrando dinero,"Estás repasando tus gastos mensuales y te das cuenta de que gastaste más de lo planeado en un nuevo pasatiempo. Esto no te coloca en una situación financiera comprometida en este momento, pero estás intentando ahorrar dinero para ir en un viaje de esquí que llevas meses planeando. ","Al pensar en reducir tus gastos, no te imaginas gastando demasiado otra vez, y crees que ahorrar lo suficiente para tu viaje es factible.",¿Crees que será demasiado difícil ahorrar lo suficiente para tu viaje de esquí?,No,Sí,https://drive.google.com/file/d/1HZH-0nM2AWwMrt0gJttn0l5Qxiyelr24/view?usp=sharing,254.jpg,all,
Finanzas,,,Positive,Planificación de pagos,"Acabas de empezar un nuevo trabajo y necesitas seleccionar uno de los planes de jubilación que ofrece tu empresa. Has estado investigando los diferentes tipos de planes, pero te sientes un poco abrumado y tu fecha límite para elegir se acerca rápidamente. Crees que el plan que elijas te dejará en una posición financiera sólida.",N/A,"Cuando se trata de elegir un plan de jubilación, piensas que...",Tomarás una buena decisión porque has investigado.,"Es muy probable que cometas un error, dado lo poco que sabes sobre cómo funcionan.",https://drive.google.com/file/d/1KkME5KcZ5NgX_p332K2_-01OCdDxK5G3/view?usp=sharing,255.jpg,all,
Finanzas,Vida Familiar y Doméstica,,Positive,Regalos de días festivos,"Se acerca un día festivo que tu familia celebra. Quieres comprar regalos para todos, pero no está al tu alcance. Decides comprar un regalo para que tu familia comparta, y piensas que será apreciado.",N/A,¿A tu familia le gustará tu regalo?,Sí,,https://drive.google.com/file/d/1jWzJuwkqvTss1X1vO90z40f-28aw_x4n/view?usp=sharing,262.jpg,all,
Finanzas,,,Write Your Own,Write Your Own,,,,,,,,write your own,
Finanzas,,,Write Your Own,Write Your Own,,,,,,,,write your own,
Finanzas,,,Write Your Own,Write Your Own,,,,,,,,write your own,
Finanzas,,,Positive,Trip After COVID,"A medida que se quitan las restricciones de COVID, quieres hacer un viaje para quitarte el estrés. Debido a la pandemia, tus fondos están más bajos de lo normal. Piensas que un viaje que funcione para tu presupuesto y tu salud mental será posible.",N/A,¿Podrás hacer un viaje?,Sí,,https://drive.google.com/file/d/1e3zraVEUn7RmjLowvgvogw0xfvCDX3Ua/view?usp=sharing,263.jpg,1,
Finanzas,Académicos/Trabajo/Desarrollo Profesional,,Positive,Equilibrio entre trabajo y estudios,"El mes pasado, aceptaste una oferta para asumir responsabilidades adicionales en el trabajo por un aumento de salario. Sin embargo, este cambio te ha dejado con mucho menos tiempo para dedicar a otras áreas importantes de tu vida, como la familia y los amigos. Hablas con tu supervisor y haces un plan para reducir tus responsabilidades un poco, lo que te hace sentirte aliviado.",N/A,¿Tu trabajo seguirá requiriendo todo tu tiempo?,Sí,,https://drive.google.com/file/d/11q5pKXoPWPhEb3Jj9q5NvtB1VcTrqt3e/view?usp=sharing,264.jpg,1,
Finanzas,Vida Familiar y Doméstica,,Negative,Costos inesperados,"Has estado alquilando tu casa. Sientes que ya es hora de comprar una casa ahora que tienes un trabajo estable, pero te preocupan los costos inesperados. Considerando la posibilidad de comprar, crees que estos costos serán inmanejables.",N/A,"Pensando en los próximos años, te ves a ti mismo...",Continuando alquilar una casa.,siendo propietario de una casa.,https://drive.google.com/file/d/1lpvvvV6h9M0GBc8a-at-2ovha4XXdfLE/view?usp=sharing,159.jpg,1,
Finanzas,,,Positive,Permitirse la educación,"Tus hijos están pensando en ir a la universidad, pero piensas que tendrías que pedir un préstamo para ayudarlos a ir. Recuerdas historias que has escuchado de personas que todavía estaban pagando sus préstamos incluso después de jubilarse.  Imaginándote a ti mismo en la jubilación, piensas que tus préstamos estarán pagados. ",N/A,Pedir préstamos para ayudar a tus hijos...,no dañará tus finanzas a largo plazo,arruinará tus finanzas durante décadas,https://drive.google.com/file/d/1SLIlpEwAlYywGSOzmfcgtN7_OZG7Kwcb/view?usp=sharing,158.jpg,1,
Finanzas,,,Positive,Asistiendo a un espectáculo,"Una de tus celebridades favoritas está presentándose cerca de ti, y has estado mirando entradas. Las entradas son más caras de lo que esperabas, y tus cheques de pago no han sido tan altos como esperabas. Decides que es válido consentirte con algo que te haga feliz y compras las entradas.",N/A,¿Está bien gastar plata en las entradas?,Sí,No,https://drive.google.com/file/d/1eIU_nKJ0QOc8XPy4BK5sTlOzdsWp62uQ/view?usp=sharing,265.jpg,1,
Finanzas,,,Positive,Oportunidad de espectáculo,"Una de tus celebridades favoritas está presentándose cerca de ti, y has estado mirando entradas. Las entradas son más caras de lo que esperabas, y tus cheques de pago no han sido tan altos como esperabas. Decides que ahorrar es más importante y sabes que habrá otro espectáculo en tu área más adelante al que podrás asistir.",N/A,¿Te sientes mal por no poder ir al espectáculo?,No,Sí,https://drive.google.com/file/d/1eIU_nKJ0QOc8XPy4BK5sTlOzdsWp62uQ/view?usp=sharing,265.jpg,1,
Finanzas,Vida Familiar y Doméstica,,Resilience/Negation,Costos inesperados,"Has estado alquilando tu casa. Sientes que ya es hora de comprar una casa ahora que tienes un trabajo estable, pero te preocupan los costos inesperados.","Considerando la posibilidad de comprar, decides elaborar un presupuesto para comprar una casa y piensas que manejar la incertidumbre de tus estimaciones será factible.",¿Puedes tomar una decisión razonable a pesar de cierta incertidumbre en tus estimaciones?,Sí,No,https://drive.google.com/file/d/1lpvvvV6h9M0GBc8a-at-2ovha4XXdfLE/view?usp=sharing,159.jpg,1,
Finanzas,,,Resilience/Negation,Iniciando un negocio pequeño,"Estás considerando dejar tu trabajo para comenzar tu propio pequeño negocio y estás listo para trabajar duro. Estás emocionado, pero también sabes que muchos nuevos emprendimientos pueden fracasar.","Pensando en el futuro de tu negocio, tu empresa no fracasará y será un éxito.",¿Crees que tu pequeña empresa será rentable?,Sí,No,https://drive.google.com/file/d/1OSRDlUvXTNnwLZlxsji3kxnfVjWLAKmD/view?usp=sharing,81.jpg,1,
Finanzas,,,Positive,Estabilidad laboral,"Recientemente, la economía no ha estado bien. Te encanta tu trabajo, pero te preguntas si podrás mantenerlo. Te das cuenta de que si te quedarás empleado en tu trabajo actual está fuera de tu control.",N/A,¿Puedes controlar si mantienes tu trabajo?,No,Sí,https://drive.google.com/file/d/1FHxUxqljF1SCzboPqQ4jJ5Iv2YLogdbi/view?usp=sharing,266.jpg,1,
Finanzas,Salud Mental,,Positive,Costos de alimentos,"Recientemente, solo has querido pasar tiempo a solas y no tienes mucha motivación para levantarte de la cama. Ordenaste comida a domicilio varias noches seguidas y gastaste mucho más dinero en comida para llevar de lo que sueles hacer. Te das cuenta de que hay algunas comidas sencillas que puedes preparar la próxima semana y empiezas a planificar.",N/A,¿Vas a gastar todo tu dinero ordenando comida?,No,,https://drive.google.com/file/d/1EiUCRYYf5uaji37PRSH_mjjnF5O5RPgn/view?usp=sharing,267.jpg,1,
Finanzas,,,Positive,Planes de cena,Algunos amigos te han invitado a cenar para el cumpleaños de un amigo. Has tenido algunos gastos imprevistos este mes y te preocupa poder permitir la cena cara. Decides que está bien perder una cena y les dices que pasarás tiempo con ellos la próxima vez.,N/A,¿Perderte la cena te hace sentir mal?,No,Sí,https://drive.google.com/file/d/1jiM03nhxntGy1OgkpLVXqeBBwMsUgZ5T/view?usp=sharing,268.jpg,1,
Finanzas,,,Positive,Cumpleaños de un amigo,Algunos amigos te han invitado a cenar para el cumpleaños de un amigo. Has tenido algunos gastos imprevistos este mes y te preocupa poder permitir la cena cara. Hablas con tus amigos y te aseguran que el restaurante no será caro.,N/A,¿Puedes ir a cenar con tus amigos?,Sí,No,https://drive.google.com/file/d/1jiM03nhxntGy1OgkpLVXqeBBwMsUgZ5T/view?usp=sharing,268.jpg,1,
Finanzas,,,Resilience/Negation,Iniciando un negocio pequeño,"Estás considerando dejar tu trabajo para comenzar tu propio pequeño negocio y estás listo para trabajar duro. Estás emocionado, pero también sabes que muchos nuevos emprendimientos pueden fracasar.","Pensando en el futuro de tu negocio, tu empresa no fracasará y será un éxito.",¿Crees que tu pequeña empresa será rentable?,Sí,No,https://drive.google.com/file/d/1OSRDlUvXTNnwLZlxsji3kxnfVjWLAKmD/view?usp=sharing,81.jpg,1,
Finanzas,Situaciones Sociales,,Positive,Evento social,"Hay un evento comunitario próximo para celebrar el final del semestre, y realmente quieres ir. Después de pensar que el evento será gratuito, te sorprende descubrir que en realidad será muy caro asistir. Decides ponerte en contacto con los organizadores del evento y llegar a un acuerdo.",N/A,¿El coordinador del evento será comprensivo?,Sí,,https://drive.google.com/file/d/1vlJU-VMiYEl9wnZHcIoXPgxfa49YTcF4/view?usp=sharing,269.jpg,1,
Finanzas,,,Positive,Pagando la tarjeta de crédito,"Este mes gastaste más dinero en comestibles de lo normal, y pagaste con una tarjeta de crédito. Al pensar en tus gastos, te preocupa no poder cubrir la factura de la tarjeta de crédito y endeudarte. Cuando llega la factura, ves que tienes suficiente dinero.",N/A,¿Puedes pagar la factura de tu tarjeta de crédito?,Sí,No,https://drive.google.com/file/d/1uD0PKEQVl_PpiCqphN1YKTg3CpIQgty0/view?usp=sharing,270.jpg,1,
Finanzas,,,Positive,Camiseta nueva,"Mientras haces mandados, ves una nueva camiseta que te gusta. Tienes un presupuesto ajustado y no crees que te quede suficiente dinero para comprar la camiseta. No la compras y esa decisión te hace sentir bien.",N/A,¿Te arrepentiste de tu decisión?,No,Sí,https://drive.google.com/file/d/1QynCaur9NoeWUwDPTa7x50EZprKjxHzf/view?usp=sharing,271.jpg,1,
Finanzas,,,Negative,Ahorrando dinero,"Estás repasando tus gastos mensuales y te das cuenta de que gastaste más de lo planeado en un nuevo pasatiempo. Esto no te coloca en una situación financiera comprometida en este momento, pero estás intentando ahorrar dinero para ir en un viaje de esquí que llevas meses planeando. Al pensar en reducir tus gastos, no te imaginas gastando demasiado otra vez, pero crees que ahorrar lo suficiente para tu viaje es imposible.",N/A,"Cuando llegue el momento de reservar el viaje, probablemente...",Tendrás que cancelar debido a problemas de dinero.,Podrás elegir un hotel bastante bonito.,https://drive.google.com/file/d/1HZH-0nM2AWwMrt0gJttn0l5Qxiyelr24/view?usp=sharing,254.jpg,1,
Finanzas,,,Positive,Realizando cambios,"¡Estás a punto de retirarte! Te preocupa el futuro, especialmente en términos financieros. Cuando piensas en tus planes futuros, sabes que estarás financieramente estable.",N/A,¿Estarás financieramente estable en el futuro?,Sí,,https://drive.google.com/file/d/1RXVzLHaNJ_AOkvNUbvjBR3l-JvSllmby/view?usp=sharing,272.jpg,1,
Finanzas,,,Resilience/Negation,Ahorrando dinero,"Estás repasando tus gastos mensuales y te das cuenta de que gastaste más de lo planeado en un nuevo pasatiempo. Esto no te coloca en una situación financiera comprometida en este momento, pero estás intentando ahorrar dinero para ir en un viaje de esquí que llevas meses planeando.","Al pensar en reducir tus gastos, no te imaginas gastando demasiado otra vez, y crees que ahorrar lo suficiente para tu viaje es factible.",¿Crees que será demasiado difícil ahorrar lo suficiente para tu viaje de esquí?,No,Sí,https://drive.google.com/file/d/1HZH-0nM2AWwMrt0gJttn0l5Qxiyelr24/view?usp=sharing,254.jpg,1,
Finanzas,Vida Familiar y Doméstica,,Positive,Miedo de la decepción,"Estás decidiendo entre dos trabajos, uno de ellos que paga más. Prefieres el que paga menos, pero tu pareja ha dejado claro que quieren que consigas un trabajo con un salario alto. Cuando piensas en decirles tu decisión, te sientes seguro.",N/A,¿Está bien tomar una decisión diferente a la que tomaría tu pareja?,Sí,No,https://drive.google.com/file/d/1HZv-8lFYkd2Ea9iPDd8pHn91of9Yv6oS/view?usp=sharing,273.jpg,1,
Finanzas,,,Positive,Presentación de impuestos,Estás presentando tus impuestos del año anterior. Tienes varios formularios que incluir y encuentras el proceso confuso. Crees que estás haciendo tu mejor esfuerzo.,N/A,¿Presentar tus impuestos es confuso?,Sí,No,https://drive.google.com/file/d/1HZH-0nM2AWwMrt0gJttn0l5Qxiyelr24/view?usp=sharing,254.jpg,1,
Finanzas,,,Positive,Trabajos bien pagados,"Estás cenando con tus amigos universitarios y todos terminan hablando de sus carreras. Te das cuenta de que muchos de ellos tienen salarios más altos que tú, mientras que elegiste un trabajo con un salario más bajo que se alinea con tus pasiones. Cuando piensas en tu carrera a futuro, te sientes emocionado.",N/A,¿Es malo que ganas menos dinero que tus amigos?,No,Sí,https://drive.google.com/file/d/1vQDFA1q2B7-kGBTjDa6pcmQeERhzuoO9/view?usp=sharing,274.jpg,1,
Finanzas,Vida Familiar y Doméstica,,Positive,Presiones laborales,"Estás en medio de una gran decisión sobre el siguiente paso en tu carrera profesional. Tienes la opción de quedarte en un trabajo familiar pero con un salario más bajo o mudarte a una industria diferente con el potencial de un salario más alto. Cuando piensas en tomar esta decisión, te sientes seguro.",N/A,¿Tomarás la decisión correcta para ti?,Sí,No,https://drive.google.com/file/d/1aqgYAVCSNClDaQQ-yYZHYGFaFyjOuRZu/view?usp=sharing,275.jpg,1,
Finanzas,Vida Familiar y Doméstica,,Negative,Mantener a la familia,"Quieres que tu familia tenga buenas oportunidades educativas. Quieres que tus hijos puedan asistir a buenas universidades, pero comprendes que esto tiene un precio alto. Cuando piensas en tus hijos, crees que será imposible apoyar su educación universitaria.",N/A,"Cuando piensas en hablar con tus hijos sobre su educación, te imaginas diciéndoles:","""No creo que podamos permitirnos enviarte a esa escuela"".","""Te ayudaré a ir a una buena escuela"".",https://drive.google.com/file/d/1SLIlpEwAlYywGSOzmfcgtN7_OZG7Kwcb/view?usp=sharing,158.jpg,1,
Finanzas,,,Positive,Buscando una casa,Estás buscando lugares para vivir el próximo año y tu pareja encontró un lugar genial para ambos. Verificas el precio y ves que está muy por encima de tu presupuesto. Piensas que podrás encontrar un lugar diferente que te funcione mejor.,N/A,¿Está bien que no puedas pagar la casa?,Sí,No,https://drive.google.com/file/d/1kUoE9ke0lMNRDE1GMJIouPzHh63zOCXy/view?usp=sharing,276.jpg,1,
Finanzas,,,Resilience/Negation,Preocuparse por los ahorros,"Saliste con algunos amigos que no habías visto en mucho tiempo y terminaste hablando del tema de las finanzas. Mientras pensabas que tu situación financiera era estable, tus amigos comienzan a hablar sobre el dinero que están ahorrando para la jubilación. Has estado usando tu dinero para pagar tus necesidades y no has pensado en comenzar a ahorrar.","Cuando lo piensas, sabes que todavía tienes mucho tiempo para ahorrar y que las finanzas no son iguales para todos.",¿Te preocupa no ahorrar en este momento?,No,,https://drive.google.com/file/d/14E87lNQCbYQYaw2WEZUgqpLVllxzh0qo/view?usp=sharing,197.jpg,1,
Finanzas,Relaciones Románticas,,Positive,Pagando la cena,"Estás en una cita con tu pareja. Siempre pagan la cuenta, a pesar de que quieres pagarla tú. Cuando piensas en hablar con ella sobre pagar de forma equitativa, piensas que entenderán.",N/A,¿Tu pareja entenderá tus preocupaciones?,Sí,,https://drive.google.com/file/d/1LG39HuEE3BQFn4VXhyvMjd5EDazRCXml/view?usp=sharing,277.jpg,1,
Finanzas,,,Positive,Comprando productos de oficina,"Estás intentando comprar productos necesarios para realizar tu trabajo, y generalmente tu empleador los reembolsa. Sin embargo, has notado que el precio de un artículo que compras regularmente ha aumentado considerablemente, y te preocupa tener que pagarlo parcialmente. Te comunicas con tu supervisor para discutir el cambio, y ellos confirman que seguirás siendo reembolsado completamente.",N/A,¿Puedes comunicarte con tu supervisor para obtener ayuda con las finanzas relacionadas con el trabajo?,Sí,No,https://drive.google.com/file/d/1DD2p9qy0BJjE5dYmszJgnBZVNzNdAbsq/view?usp=sharing,278.jpg,1,
Finanzas,Vida Familiar y Doméstica,,Resilience/Negation,Costos inesperados,"Has estado alquilando tu casa. Sientes que ya es hora de comprar una casa ahora que tienes un trabajo estable, pero te preocupan los costos inesperados.","Considerando la posibilidad de comprar, decides elaborar un presupuesto para comprar una casa y piensas que manejar la incertidumbre de tus estimaciones será factible.",¿Puedes tomar una decisión razonable a pesar de cierta incertidumbre en tus estimaciones?,Sí,No,https://drive.google.com/file/d/1lpvvvV6h9M0GBc8a-at-2ovha4XXdfLE/view?usp=sharing,159.jpg,1,
Finanzas,,,Positive,Manejando tu tarjeta de crédito,"Estás sentado viendo la televisión y te das cuenta de que olvidaste pagar tu tarjeta de crédito. Nunca has pagado tu tarjeta de crédito tarde, y comienzas a preocuparte de que tengas que pagar una tarifa grande. Piensas que las consecuencias de hacer el pago unos días tarde serán mínimas.",N/A,¿Seguirás sintiendo ansiedad por pagar tu tarjeta de crédito?,No,Sí,https://drive.google.com/file/d/1uRGDET4-zqSsG6BOcCCWUfiXM7AOEbHs/view?usp=sharing,279.jpg,1,
Finanzas,,,Positive,Comparando situaciones financieras,"Estás hablando con tus amigos sobre viajar juntos. Escuchas que sus parejas les están ayudando a pagar, y empiezas a preocuparte por seguir el ritmo, ya que estás pagando por ti mismo. Piensas que tendrás lo suficiente para participar en el viaje.",N/A,¿Podrás costear el viaje?,Sí,No,https://drive.google.com/file/d/1XewrWobDt4QNlF4VMy20nqSlrn6hWQPM/view?usp=sharing,280.jpg,2,
Finanzas,Situaciones Sociales,,Positive,Comparando salarios,"Estás hablando con amigos sobre el trabajo y comienzas a discutir cuánto dinero gana cada uno. Te das cuenta de que algunos de tus amigos tienen salarios significativamente más altos que el tuyo. Al reflexionar sobre lo que esto significa para tu amistad, piensas que no importa.",N/A,¿Tus amigos te juzgarán por ganar menos dinero?,No,Sí,https://drive.google.com/file/d/1-8mfOKWW6hIhcAK2YEznM3cBKsm_9-QN/view?usp=sharing,281.jpg,2,
Finanzas,,,Positive,Encontrando un compañero de cuarto,"Estás planeando mudarte y has comenzado a mirar casas en el mercado. Tu pareja encuentra una casa que le encanta, pero piensas que realmente estiraría tu presupuesto. Te sientes seguro de que podrás encontrar una solución que funcione para todos.",N/A,¿Tu pareja se quedará devastado si no compran la casa que le gusta?,No,Sí,https://drive.google.com/file/d/1Ql4qGft_rwLr7f7TuPEedDulnMblzh_e/view?usp=sharing,282.jpg,2,
Finanzas,Situaciones Sociales,,Positive,Sentir presión al salir,"Uno de tus amigos te invita a un evento, pero tienes que pagar una gran tarifa para entrar. No quieres herir los sentimientos de tu amigo, pero sabes que no tienes dinero para ir al evento en este momento. Decides ser honesto con tu amigo y rechazar la invitación para mantenerte al dia con tu presupuesto.",N/A,¿Repasarás tu presupuesto este mes?,No,Sí,https://drive.google.com/file/d/10IGnyYUM6HhVHrjyLQWr8FqH_2riVqrW/view?usp=sharing,283.jpg,2,
Finanzas,Vida Familiar y Doméstica,,Resilience/Negation,Mantener a la familia,"Quieres que tu familia tenga buenas oportunidades educativas. Tú quieres que tus hijos puedan asistir a buenas universidades, pero comprendes que esto tiene un precio alto.","Cuando piensas en tus hijos, no crees que perderán oportunidades educativas por falta de dinero y crees que apoyar su educación universitaria será asequible.",¿Crees que tendrás suficiente dinero para pagar los gastos universitarios de tus hijos?,Sí,No,https://drive.google.com/file/d/1SLIlpEwAlYywGSOzmfcgtN7_OZG7Kwcb/view?usp=sharing,158.jpg,2,
Finanzas,,,Positive,Ir al dentista,Vas a tu cita dental de rutina y descubres que tienes una caries. Te dicen que habrá que pagar una tarifa adicional y empiezas a preocuparte por el costo. Te aseguras de que vale la pena tratar la caries ahora antes de que se empeore y crees que el costo será manejable.,N/A,¿Puedes pagar para arreglar tu caries?,Sí,No,https://drive.google.com/file/d/1ek3zj6JKFYL4SuxAIiXNxMXhXy8vY2A4/view?usp=sharing,284.jpg,2,
Finanzas,Salud Física,,Positive,Recuperarse de COVID,"Tuviste que tomar tiempo afuera del trabajo porque contrajiste COVID. Aunque la pausa fue importante para su salud, también puso a prueba tus finanzas. Cuando piensas en tu situación financiera, sabes que podrás recuperar el tiempo perdido.",N/A,¿Te recuperarás de tu tiempo libre?,Sí,,https://drive.google.com/file/d/1cbv_QPZogeJ9EgBhzDHZF1sxXJYifyBG/view?usp=sharing,285.jpg,2,
Finanzas,,,Resilience/Negation,Preocuparse por los ahorros,"Saliste con algunos amigos que no habías visto en mucho tiempo y terminaste hablando del tema de las finanzas. Mientras pensabas que tu situación financiera era estable, tus amigos comienzan a hablar sobre el dinero que están ahorrando para la jubilación. Has estado usando tu dinero para pagar tus necesidades y no has pensado en comenzar a ahorrar.","Cuando lo piensas, sabes que todavía tienes mucho tiempo para ahorrar y que las finanzas no son iguales para todos.",¿Te preocupa no ahorrar en este momento?,No,,https://drive.google.com/file/d/14E87lNQCbYQYaw2WEZUgqpLVllxzh0qo/view?usp=sharing,197.jpg,2,
Finanzas,,,Negative,Iniciando un negocio pequeño,"Estás considerando dejar tu trabajo para comenzar tu propio pequeño negocio y estás listo para trabajar duro. Estás emocionado, pero también sabes que muchos nuevos emprendimientos pueden fracasar. Pensando en el futuro de tu negocio, crees que fracasará.",N/A,"Al pensar en el futuro de tu empresa, te imaginas...",Declarando bancarrota.,Generando buenas ganancias.,https://drive.google.com/file/d/1OSRDlUvXTNnwLZlxsji3kxnfVjWLAKmD/view?usp=sharing,81.jpg,2,
Finanzas,,,Positive,Traje de fiesta,Tienes una fiesta de cumpleaños y tus amigos están discutiendo cuándo quieren ir a comprar ropa. El dinero esta escaso en este momento y te preocupa poder comprar un atuendo para un evento. Decides ponerte algo que ya tienes en tu armario y te sientes satisfecha.,N/A,¿Necesitabas gastar dinero en ropa nueva?,No,Sí,https://drive.google.com/file/d/18egshSZOxNQd_tYNAeaDqytaOWFm2FuV/view?usp=sharing,286.jpg,2,
Finanzas,Salud Mental,,Positive,Permitirse un viaje,"Recientemente te has sentido muy abrumado y agotado y quieres ir de viaje para tomar un descanso. Cuando buscas vuelos, te das cuenta de que el costo de un viaje puede estar totalmente fuera de tu presupuesto. Te recuerdas que puedes hacer un viaje corto a algún lugar cercano y aún así divertirte.",N/A,¿Aún puedes tomarte tiempo para ti con un presupuesto limitado?,Sí,No,https://drive.google.com/file/d/1ITdnDbj3DvjZZDphPp_I5FrO9KSr9X3j/view?usp=sharing,287.jpg,2,
Finanzas,,,Positive,Elegir entre oportunidades,"Tienes la oportunidad de recibir formación especializada en un tema de tu interés. Sabes que esta capacitación será útil para tu carrera, pero te preocupa cómo aprovechar esta oportunidad podría afectar tu trabajo actual. Cuando piensas en equilibrar tu trabajo y la formación, crees que será manejable.",N/A,¿Deberías asumir que no podrás manejar tanto el trabajo como la capacitación?,No,Sí,https://drive.google.com/file/d/1BNwyUsnjyyvIu0JRXSPbg3JeJasFAJg3/view?usp=sharing,288.jpg,2,
Finanzas,,,Positive,Compromisos equilibrados,"Has estado muy ocupado con el trabajo y los compromisos sociales últimamente, pero han surgido algunos gastos nuevos y sabes que necesitas conseguir un trabajo adicional. La idea de tener que incluir un nuevo trabajo en tu agenda parece imposible. Crees que tu nueva situación será factible con alguna reprogramación.",N/A,¿Podrás adaptar tu nuevo trabajo a tu agenda?,Sí,No,https://drive.google.com/file/d/1WckQKhhUkYlNOg_zjpDYEBm8uXGP4s5F/view?usp=sharing,289.jpg,2,
Finanzas,Vida Familiar y Doméstica,,Resilience/Negation,Mantener a la familia,"Quieres que tu familia tenga buenas oportunidades educativas. Tú quieres que tus hijos puedan asistir a buenas universidades, pero comprendes que esto tiene un precio alto.","Cuando piensas en tus hijos, no crees que perderán oportunidades educativas por falta de dinero y crees que apoyar su educación universitaria será asequible.",¿Crees que tendrás suficiente dinero para pagar los gastos universitarios de tus hijos?,Sí,No,https://drive.google.com/file/d/1SLIlpEwAlYywGSOzmfcgtN7_OZG7Kwcb/view?usp=sharing,158.jpg,2,
Finanzas,Vida Familiar y Doméstica,,Positive,Dependencia financiera,"Tus hijos han estado confiando en ti financieramente, y quieres que comiencen a ser más independientes. Sabes que este es un paso importante, pero la idea de brindarles menos apoyo es abrumadora. Al pensar en el futuro, confías en que su independencia financiera será posible. ",N/A,¿Podrán tus hijos ser financieramente independientes?,Sí,,https://drive.google.com/file/d/1i838ss7Y0rXlm4xW7ZUDdWYkvXkoMR9f/view?usp=sharing,290.jpg,2,
Finanzas,,,Negative,Planificación de pagos,"Acabas de empezar un nuevo trabajo y necesitas seleccionar uno de los planes de jubilación que ofrece tu empresa. Has estado investigando los diferentes tipos de planes, pero te sientes un poco abrumado y tu fecha límite para elegir se acerca rápidamente. Piensas que el plan que elijas te dejará en una posición financiera riesgosa.",N/A,Tu selección de plan de jubilación probablemente significa que...,Tendrás que preocuparte por el dinero más adelante en la vida.,Tendras un futuro financiero cómodo.,https://drive.google.com/file/d/1KkME5KcZ5NgX_p332K2_-01OCdDxK5G3/view?usp=sharing,255.jpg,2,
Finanzas,Salud Mental,,Positive,Tomando un descanso,"Has estado trabajando muy duro durante el último año y estás empezando a sentirte agotado. Sientes que necesitas tomar un descanso, pero te preocupan las repercusiones financieras de tomarte un tiempo libre. Crees que es importante tomar un tiempo libre para centrarte en tu salud mental.",NA,¿Es importante hacer pausas a veces?,Sí,,https://drive.google.com/file/d/1u7Iy0Y0w6P-NRSA3lptYET22xPZF2zLx/view?usp=sharing,291.jpg,2,
Finanzas,,,Positive,Comprando ropa nueva,"Mirando a tu alrededor, parece que todos tus conocidos tienen ropa nueva. Has estado usando la misma ropa por años y comienzas a preguntarte si la gente te está juzgando. Te das cuenta de que te gusta la ropa que tienes y te hace sentir bien.",N/A,¿La gente te juzgará si no compras ropa nueva?,No,Sí,https://drive.google.com/file/d/1KQCuxX95_1QzsNqkKcSAiu6i65pzXcEX/view?usp=sharing,292.jpg,2,
Finanzas,,,Resilience/Negation,Preocuparse por los ahorros,"Saliste con algunos amigos que no habías visto en mucho tiempo y terminaste hablando del tema de las finanzas. Mientras pensabas que tu situación financiera era estable, tus amigos comienzan a hablar sobre el dinero que están ahorrando para la jubilación. Has estado usando tu dinero para pagar tus necesidades y no has pensado en comenzar a ahorrar.","Cuando lo piensas, sabes que todavía tienes mucho tiempo para ahorrar y que las finanzas no son iguales para todos.",¿Te preocupa no ahorrar en este momento?,No,,https://drive.google.com/file/d/14E87lNQCbYQYaw2WEZUgqpLVllxzh0qo/view?usp=sharing,197.jpg,2,
Finanzas,,,Positive,Pagando hacia adelante,"Tienes una cantidad de dinero que te gustaría intentar invertir. A medida que lees más sobre inversiones, te das cuenta de que no estás completamente seguro de lo que haces. Crees que es probable que tus habilidades de inversión sigan mejorando con la práctica.",N/A,¿Invertir ahora dará tus frutos en el futuro?,Sí,,https://drive.google.com/file/d/1C0kDj03JLblHeq3LGfC68ItjDzUAILid/view?usp=sharing,293.jpg,2,
Finanzas,Vida Familiar y Doméstica,,Negative,Presupuestar su asignación,"Te das cuenta de que acabas de recibir tu sueldo hace una semana. Observas que tu cuenta bancaria es más baja de lo esperado. Estás preocupado por tus gastos, pero sabes que puedes elaborar un presupuesto eficaz.",N/A,¿Podrás hacer un presupuesto?,Sí,No,https://drive.google.com/file/d/1st59uAHp21ZsWE6_bcU-Ed2spXBKr23o/view?usp=sharing,294.jpg,2,
Finanzas,,,Positive,Reclamación del seguro,"Recibes un reclamo de seguro por una cita médica reciente que no tiene sentido. Llamas a tu compañía de seguros para obtener más información y estás ansioso por lo que le van a decir. Después de la llamada telefónica, te sientes aliviado.",N/A,¿Te sientes mejor después de hablar con la compañía de seguros?,Sí,No,https://drive.google.com/file/d/1LZnhgjX_Ooy4zJ7r99Iydqi6bvIOcszd/view?usp=sharing,127.jpg,2,
Finanzas,,,Resilience/Negation,Preocuparse por los ahorros,"Saliste con algunos amigos que no habías visto en mucho tiempo y terminaste hablando del tema de las finanzas. Mientras pensabas que tu situación financiera era estable, tus amigos comienzan a hablar sobre el dinero que están ahorrando para la jubilación. Has estado usando tu dinero para pagar tus necesidades y no has pensado en comenzar a ahorrar.","Cuando lo piensas, sabes que todavía tienes mucho tiempo para ahorrar y que las finanzas no son iguales para todos.",¿Te preocupa no ahorrar en este momento?,No,,https://drive.google.com/file/d/14E87lNQCbYQYaw2WEZUgqpLVllxzh0qo/view?usp=sharing,197.jpg,2,
Finanzas,Vida Familiar y Doméstica,,Positive,Visita médica inesperada,"Recientemente tuviste una visita médica inesperada. Tú y tu pareja comparten un plan de seguro y te preocupas de que tu pareja se preocupe por las finanzas si lo ve en tu declaración de seguro. Si te pregunta al respecto, crees que será comprensiva.",N/A,¿Se enojará tu pareja?,No,Sí,https://drive.google.com/file/d/1yu9h9aas60Qlgw4LN5PXrYPCRmTlEye4/view?usp=sharing,295.jpg,2,
Finanzas,Salud Mental,,Positive,Costos de la sesión,Recientemente tuviste que pagar una gran suma de dinero para reparar tu automóvil. Este gasto inesperado reduce el dinero que utilizas para pagar los copagos de tu terapia y te preocupas por lo que pasará si faltas a sesiones para ahorrar dinero. Llamas a la oficina de terapia y ellos te ayudan a encontrar una solución.,N/A,¿Las finanzas interfieren con la terapia?,No,,https://drive.google.com/file/d/1yu9h9aas60Qlgw4LN5PXrYPCRmTlEye4/view?usp=sharing,295.jpg,2,
Finanzas,Vida Familiar y Doméstica,,Positive,Confiar en los padres,Recientemente te redujeron el salario y tendrás que pedirle a tu familia ayuda para pagar los gastos este mes. Te sientes terrible preguntando ya que ya te han apoyado mucho financieramente en el pasado. Recuerdas que necesitar un poco de ayuda adicional de vez en cuando está bien.,N/A,¿Está bien no poder mantenerte a tí mismo por ahora?,Sí,No,https://drive.google.com/file/d/1GxWt8UCfASp4YikTPMz8gDUotNRwXNlt/view?usp=sharing,296.jpg,2,
Finanzas,,,Positive,Límite de tarjeta de crédito,Recientemente realizaste una compra con tu tarjeta de crédito. Fue un gasto grande y te preguntas si maximizarás tu límite de crédito este mes. Piensas que el resto de tus gastos serán manejables.,N/A,¿Maximizarás tu tarjeta de crédito?,No,,https://drive.google.com/file/d/1VkvXAEOBH6tuc4To3Q7QApJ-DzkT-ezH/view?usp=sharing,253.jpg,2,
Finanzas,,,Resilience/Negation,Gestión de crédito,"Tu banco se ha puesto en contacto contigo para ofrecerte una tarjeta de crédito con una tasa de interés muy baja. Eres un gastador responsable, pero te preocupa acumular deudas si te inscribes en una nueva tarjeta de crédito.","Al pensar en lo que harías con la tarjeta de crédito, no te imaginas que de repente gastarás imprudentemente, y piensas que probablemente gastarías el dinero sabiamente. ",¿Crees que seguirías gastando dinero de manera responsable si obtuvieras una nueva tarjeta de crédito?,Sí,No,https://drive.google.com/file/d/1VkvXAEOBH6tuc4To3Q7QApJ-DzkT-ezH/view?usp=sharing,253.jpg,2,
Finanzas,,,Positive,Financiar buenos hábitos,"Recientemente, adquiriste un nuevo pasatiempo en un esfuerzo por mejorar el equilibrio entre el trabajo y la vida personal y, hasta ahora, lo disfrutas mucho. Sin embargo, este nuevo pasatiempo requiere que compres materiales en la tienda y los gastos pueden acumularse rápidamente. Decides investigar un poco en línea y te das cuenta de que muchos lugares venden los materiales que necesitas con descuento.",N/A,¿Necesitas renunciar a tu nuevo hobby?,No,,https://drive.google.com/file/d/1VZdM3sfiSthlhRfkQ7DJvdxeR-YOLjzd/view?usp=sharing,297.jpg,2,
Finanzas,,,Positive,Obtener una tarjeta de crédito,"Quieres mejorar tu puntaje crediticio y decides obtener una tarjeta de crédito. Empiezas a investigar diferentes cartas y te sientes abrumado con las opciones, preocupándote de elegir una que sólo empeorará tu puntuación. Respiras hondo y recuerdas que encontrarás algo que funcione para ti.",N/A,¿Encontrarás una buena tarjeta de crédito?,Sí,No,https://drive.google.com/file/d/1BCeABeJlKWfM8LEMZppb0NgZqzaRXTfd/view?usp=sharing,298.jpg,2,
Finanzas,Salud Física,,Positive,Saludable pero caro,"Quieres empezar a comer de forma más saludable, por eso empiezas a buscar consejos y recetas en línea. Rápidamente te das cuenta de que muchos alimentos recomendados por expertos en salud cuestan mucho dinero. Cuando piensas en comer más sano con un presupuesto limitado, crees que puedes tener éxito.",N/A,¿Las recetas saludables son inalcanzables para ti?,No,,https://drive.google.com/file/d/1zL5N7y6DsslcbeJ8JgxBMyvWGx1zYBHS/view?usp=sharing,299.jpg,all,
Finanzas,,,Positive,Medicina asequible,Te despiertas sintiéndote un poco mal y decides ir al médico. Te escriben una receta pero cuando llegas a la farmacia el precio es un poco más alto de lo que esperabas. Crees que puede ser manejable.,N/A,¿Estarás bien si paga la medicina?,Sí,No,https://drive.google.com/file/d/1GVXdWpDkaqKAI25Z1ieX7CdQnJ438jxn/view?usp=sharing,300.jpg,all,
Finanzas,,,Resilience/Negation,Planificación de pagos,"Acabas de empezar un nuevo trabajo y necesitas seleccionar uno de los planes de jubilación que ofrece tu empresa. Has estado investigando los diferentes tipos de planes, pero te sientes un poco abrumado y tu fecha límite para elegir se acerca rápidamente.",No te ves cometiendo un gran error y piensas que el plan que elijas te dejará en una posición financiera sólida.,¿Crees que elegirás un plan demasiado arriesgado?,No,Sí,https://drive.google.com/file/d/1KkME5KcZ5NgX_p332K2_-01OCdDxK5G3/view?usp=sharing,255.jpg,all,
Finanzas,Salud Mental,,Positive,Costear la terapia,"Has querido ir a terapia por un tiempo. Sin embargo, no estás seguro de si tienes el presupuesto para pagarlo. Piensas que es probable que encuentres un proveedor cuyos servicios sean asequibles. ",N/A,¿Quieres ir a terapia?,Sí,No,https://drive.google.com/file/d/1oOjp17AzniUmJnuYe-gQ8IiWi4W8RJ71/view?usp=sharing,167.jpg,all,
Finanzas,Salud Mental,,Positive,Tratarse a sí mismo,"Has tenido mucho que hacer recientemente, y no te has sentido tú mismo. Quieres darte un capricho con algo que disfrutes, pero no estás seguro de que tengas espacio en tu presupuesto. Decides comprarte algo pequeño que definitivamente puedes permitirte. ",N/A,¿Eres capaz de darte un capricho?,Sí,No,https://drive.google.com/file/d/1zr-ojLmvOUbAd2xJRvcq3QG2d7z_oRgu/view?usp=sharing,251.jpg,all,
Finanzas,,,Resilience/Negation,Permitirse la educación,"Tus hijos están pensando en ir a la universidad, pero piensas que tendrías que pedir un préstamo para ayudarlos a ir. Recuerdas historias que has escuchado de personas que todavía estaban pagando sus préstamos incluso después de jubilarse. ","Al imaginarte a ti mismo en la jubilación, no te imaginas atormentado por las deudas y crees que tus préstamos serán pagados. ",¿Crees que seguirás pagando los préstamos cuando te jubiles?,No,Sí,https://drive.google.com/file/d/1SLIlpEwAlYywGSOzmfcgtN7_OZG7Kwcb/view?usp=sharing,158.jpg,all,
Finanzas,,,Negative,Permitirse la educación,"Tus hijos están pensando en ir a la universidad, pero piensas que tendrías que pedir un préstamo para ayudarlos a ir. Recuerdas historias que has escuchado de personas que todavía estaban pagando sus préstamos incluso después de jubilarse. Imagínate a ti mismo en la jubilación, piensas que tus préstamos estarán pendientes. ",N/A,"Te imaginas que cuando te jubiles, probablemente ...",seguirás agobiado por tus préstamos,estarás financieramente estable con tus préstamos pagados.,https://drive.google.com/file/d/1SLIlpEwAlYywGSOzmfcgtN7_OZG7Kwcb/view?usp=sharing,158.jpg,all,
Finanzas,,,Positive,Pidiendo dinero,"Has tenido algunos problemas financieros recientemente. Para llegar a fin de mes, necesitas pedir un préstamo a un familiar. Piensas que esto es razonable. ",N/A,¿Está bien pedir ayuda financiera?,Sí,No,https://drive.google.com/file/d/1HZH-0nM2AWwMrt0gJttn0l5Qxiyelr24/view?usp=sharing,254.jpg,all,
Finanzas,,,Positive,Escándalo de ahorro,"Recientemente has estado poniendo dinero en ahorros, para tener en caso de emergencias. La factura de tu tarjeta de crédito era más cara de lo que esperabas este mes, y tuviste que tomar una gran cantidad de dinero de tus ahorros para pagarla. Decides que esto está bien, y que hay mucho tiempo para aumentar tus ahorros. ",N/A,¿Te preocupa perder tus ahorros?,No,Sí,https://drive.google.com/file/d/1LOVHgBGwowSVNCfh3uuvVEKol4FVWlLG/view?usp=sharing,301.jpg,all,
Finanzas,,,Positive,Gestión de puestos de trabajo,"Recientemente has asumido responsabilidades adicionales en el trabajo para ayudar a mantener económicamente a tu familia. A medida que la carga de trabajo se vuelve más pesada, te preocupas por administrar tus responsabilidades laborales y familiares, pero sabes que realmente podrías usar el dinero extra. Decides explicarle la situación a tu supervisor y te das cuenta de que está bien pedir ayuda cuando sea necesario. ",N/A,¿Va a ser imposible el trabajo extra en tu trabajo?,No,Sí,https://drive.google.com/file/d/1GUeW4GffQB953R9gzA4NwFtSZk-7zD1l/view?usp=sharing,302.jpg,all,
Finanzas,Situaciones Sociales,,Positive,Gastar dinero con amigos,"Tu presupuesto ha sido más ajustado este mes. Tus amigos quieren salir a comer este fin de semana, y eligen un lugar muy caro. Si les pides que elijan un restaurante diferente, crees que serán comprensivos. ",N/A,¿Tus amigos te juzgarán por tu sugerencia?,No,Sí,https://drive.google.com/file/d/1FjRIzN2fbHlHJAh8QVlQDb21ZAiK9pZf/view?usp=sharing,303.jpg,all,
Finanzas,Situaciones Sociales,,Resilience/Negation,Planes divertidos,"Tus amigos te piden que salgas a cenar a un restaurante de lujo con ellos este fin de semana. Es muy caro y sabes que no podrás pagarlo. Cuando te imaginas diciéndole a tus amigos que no puedes ir, te sientes nervioso. ",N/A,¿Tus amigos se molestarán porque no puedes salir a cenar?,No,,https://drive.google.com/file/d/18cLoBxquxdCG-Bu2BOxDQ5YPcrZOF1cn/view?usp=sharing,248.jpg,all,
Finanzas,,,Positive,Ahorro para reparaciones,"Tu coche necesita reparaciones importantes. Tus amigos te invitan a salir con ellos este fin de semana, pero necesitas ahorrar tu dinero para pagar las reparaciones. Niegas la invitación de tus amigos y te sientes bien. ",N/A,¿Tomaste la decisión correcta?,Sí,No,https://drive.google.com/file/d/1ho3hNNuBsi2_uM04efw2daW5FzUWG_Qk/view?usp=sharing,304.jpg,all,
Finanzas,,,Negative,Gestión de crédito,"Tu banco se ha puesto en contacto contigo para ofrecerte una tarjeta de crédito con una tasa de interés muy baja. Eres un gastador responsable, pero te preocupa acumular deudas si te inscribes en una nueva tarjeta de crédito. Al pensar en lo que harías con la tarjeta de crédito, piensas que probablemente gastarías dinero imprudentemente. ",N/A,Con una nueva tarjeta de crédito probablemente...,tendrías que trabajar más duro de lo que esperabas para pagar la nueva deuda de la tarjeta de crédito,integrarías efectivamente la tarjeta de crédito en tu plan de presupuesto.,https://drive.google.com/file/d/1VkvXAEOBH6tuc4To3Q7QApJ-DzkT-ezH/view?usp=sharing,253.jpg,all,
Finanzas,,,Positive,Tratar a un amigo,"Tu amigo te ha estado apoyando en un momento difícil y estás realmente agradecido por su apoyo. Quieres darle las gracias tratándolo a cenar, pero no tienes suficiente dinero para llevarlos a un restaurante. Decides hacerles una cena casera y piensas que estará agradecido. ",N/A,¿Tu amigo se enojará porque no salisteis a comer?,No,,https://drive.google.com/file/d/1wh84Ac1eQLzl6Wmv88Z5aCDs0bnaco7B/view?usp=sharing,305.jpg,all,
Finanzas,Situaciones Sociales,,Positive,Salir a almorzar,"Tu amigo te invitó a almorzar mañana. Quieres ir y desarrollar tu relación con ese amigo, pero no quieres gastar más de tu presupuesto semanal. Decides pedirle a tu amigo que pasen otro tiempo juntos sin gastar dinero, y crees que lo entenderá.",N/A,¿Tu amigo te juzgará por no venir a almorzar?,No,Sí,https://drive.google.com/file/d/1QkCq3sqWgPCuwk-M5L8aZFiZBlDUguh7/view?usp=sharing,306.jpg,all,
Finanzas,,,Positive,Planes de descanso,"Tus amigos están planeando un viaje a la playa durante las vacaciones y han ofrecido a ayudarte con el costo. Te sientes agradecido, pero también avergonzado de no poder pagar el viaje ti mismo. Sabes que tus amigos están felices de ayudar. ",N/A,¿Estás agobiando a tus amigos?,No,,https://drive.google.com/file/d/1jjfvM58iyLIIgV9YT_iTmezJo_ZUcvF-/view?usp=sharing,307.jpg,all,
Finanzas,Situaciones Sociales,,Positive,Cena con amigos,Tus amigos te invitan a cenar con ellos. Te das cuenta de que salir a cenar podría hacer que sobrepases tu presupuesto para la cena. Declinas la invitación y piensas que tus amigos lo entenderán.,N/A,¿Tus amigos te juzgarán por decir que no?,No,Sí,https://drive.google.com/file/d/1WRdSe-A7DF7qtHDLgV4kxPeUKhubKnG1/view?usp=sharing,308.jpg,all,
Finanzas,,,Resilience/Negation,Planificación de pagos,"Acabas de empezar un nuevo trabajo y necesitas seleccionar uno de los planes de jubilación que ofrece tu empresa. Has estado investigando los diferentes tipos de planes, pero te sientes un poco abrumado y tu fecha límite para elegir se acerca rápidamente.",No te ves cometiendo un gran error y piensas que el plan que elijas te dejará en una posición financiera sólida.,¿Crees que elegirás un plan demasiado arriesgado?,No,Sí,https://drive.google.com/file/d/1KkME5KcZ5NgX_p332K2_-01OCdDxK5G3/view?usp=sharing,255.jpg,all,
Finanzas,Vida Familiar y Doméstica,,Positive,Permitirse un viaje,"Tu hijo realmente quiere ir a un parque temático de vacaciones este año. Has estado investigando el costo del viaje, y no crees que puedas pagarlo. Piensas que puedes encontrar un viaje alternativo que tu hijo todavía disfrutará. ",N/A,¿Puedes ir a un parque temático este año?,No,Sí,https://drive.google.com/file/d/1q8sO62hGbN93fy1nk9WJtstZAaWHbrTh/view?usp=sharing,309.jpg,all,
Finanzas,,,Positive,Desayuno con amigos,"Tus amigos quieren desayunar juntos. No quieres perder la oportunidad de pasar tiempo con ellos, pero estás tratando de no comer fuera tanto. Cuando les dices que comerás la comida que tienes en casa, crees que lo entenderán. ",N/A,¿Tus amigos se molestarán contigo por decir que no?,No,Sí,https://drive.google.com/file/d/1KufUq6DjiYSOP6yTIhzGWXyizrbFcF-m/view?usp=sharing,310.jpg,all,
Finanzas,,,Resilience/Negation,Gestión de crédito,"Tu banco se ha puesto en contacto contigo para ofrecerte una tarjeta de crédito con una tasa de interés muy baja. Eres un gastador responsable, pero te preocupa acumular deudas si te inscribes en una nueva tarjeta de crédito. ","Al pensar en lo que harías con la tarjeta de crédito, no te imaginas que de repente gastarás imprudentemente, y piensas que probablemente gastarías el dinero sabiamente. ",¿Crees que seguirías gastando dinero de manera responsable si obtuvieras una nueva tarjeta de crédito?,Sí,No,https://drive.google.com/file/d/1VkvXAEOBH6tuc4To3Q7QApJ-DzkT-ezH/view?usp=sharing,253.jpg,all,
Finanzas,Vida Familiar y Doméstica,,Positive,Dar regalos,"Los cumpleaños de tus hijos se acercan, y quieres mostrarles cuánto los aprecias a través de regalos. Sin embargo, te preocupa si podrás pagar los regalos que crees que merecen. Cuando piensas en sus cumpleaños, crees que estarán felices con algo pequeño.  ",N/A,¿Tus hijos necesitan un gran regalo para sentirse apreciados?,No,,https://drive.google.com/file/d/1jWzJuwkqvTss1X1vO90z40f-28aw_x4n/view?usp=sharing,262.jpg,all,
Finanzas,Vida Familiar y Doméstica,,Positive,Dinero de la familia,"Tu hermano está en una situación financiera difícil y está pidiendo dinero. Quieres a tu hermano y realmente deseas ayudarlo, pero estás lidiando con tus propios desafíos financieros y necesitas pagar tu alquiler. Pensando en los otros tipos de apoyo que puedes ofrecer a tu hermano, crees que lo agradecerá. ",N/A,¿Puedes ayudar a tu hermano incluso si no puedes ofrecerle dinero en este momento?,Sí,,https://drive.google.com/file/d/1BaqlVcTK2O-FtfxSaXT72uRBaI6ouJcm/view?usp=sharing,311.jpg,all,
Finanzas,,,Positive,Pagando facturas,Tienes que pagar el alquiler del próximo mes pronto. Has estado bajo estrés financiero últimamente y no estás seguro de si tienes suficiente dinero para hacer el pago del alquiler. Piensas que hacer un plan para pagar tu alquiler a tiempo será posible.,N/A,¿Pagarás tu alquiler a tiempo?,Sí,,https://drive.google.com/file/d/1DD2p9qy0BJjE5dYmszJgnBZVNzNdAbsq/view?usp=sharing,278.jpg,all,
Finanzas,,,Negative,Costear los gastos,"Tu alquiler se acerca pronto. Normalmente tienes tu alquiler presupuestado, pero algunos gastos inesperados te han dejado un poco corto y tienes que tomar algunos turnos extra en el trabajo. Pensando en tu capacidad para hacer el pago, tus fondos serán insuficientes. ",N/A,"En el próximo mes, te ves...",Atrasado en el pago de tu alquiler.,Pagando tu factura de alquiler en su totalidad.,https://drive.google.com/file/d/1HZH-0nM2AWwMrt0gJttn0l5Qxiyelr24/view?usp=sharing,254.jpg,all,
Finanzas,,,Positive,Viaje despues de COVID,"A medida que se quitan las restricciones de COVID, quieres hacer un viaje para quitarte el estrés. Debido a la pandemia, tus fondos están más bajos de lo normal. Piensas que un viaje que funcione para tu presupuesto y tu salud mental será posible.",N/A,¿Podrás hacer un viaje?,Sí,,https://drive.google.com/file/d/1e3zraVEUn7RmjLowvgvogw0xfvCDX3Ua/view?usp=sharing,263.jpg,all,
Finanzas,,,Positive,Estabilidad laboral,"Recientemente, la economía no ha estado bien. Te encanta tu trabajo, pero te preguntas si podrás mantenerlo. Te das cuenta de que si te quedarás empleado en tu trabajo actual está fuera de tu control.",N/A,¿Puedes controlar si mantienes tu trabajo?,No,Sí,https://drive.google.com/file/d/1HB11ENOMC5KEbqBotAIJpTPFSlUD1s-o/view?usp=sharing,312.jpg,all,
Finanzas,Situaciones Sociales,,Resilience/Negation,Planes divertidos,"Tus amigos te piden que salgas a cenar a un restaurante de lujo con ellos este fin de semana. Es muy caro y sabes que no podrás pagarlo. Cuando te imaginas diciéndole a tus amigos que no puedes ir, te sientes nervioso. ",N/A,¿Tus amigos se molestarán porque no puedes salir a cenar?,No,,https://drive.google.com/file/d/18cLoBxquxdCG-Bu2BOxDQ5YPcrZOF1cn/view?usp=sharing,248.jpg,all,
Finanzas,,,Positive,Oportunidad de espectáculo,"Una de tus celebridades favoritas está presentándose cerca de ti, y has estado mirando entradas. Las entradas son más caras de lo que esperabas, y tus cheques de pago no han sido tan altos como esperabas. Decides que ahorrar es más importante y sabes que habrá otro espectáculo en tu área más adelante al que podrás asistir.",N/A,¿Te sientes mal por no poder ir al espectáculo?,No,Sí,https://drive.google.com/file/d/1eIU_nKJ0QOc8XPy4BK5sTlOzdsWp62uQ/view?usp=sharing,265.jpg,all,
Finanzas,,,Write Your Own,Write Your Own,,,,,,,,write your own,
Finanzas,,,Write Your Own,Write Your Own,,,,,,,,write your own,
Finanzas,,,Write Your Own,Write Your Own,,,,,,,,write your own,
Finanzas,Situaciones Sociales,,Resilience/Negation,Planes divertidos,"Tus amigos te piden que salgas a cenar a un restaurante de lujo con ellos este fin de semana. Es muy caro y sabes que no podrás pagarlo. Cuando te imaginas diciéndole a tus amigos que no puedes ir, te sientes nervioso. ",N/A,¿Tus amigos se molestarán porque no puedes salir a cenar?,No,,https://drive.google.com/file/d/18cLoBxquxdCG-Bu2BOxDQ5YPcrZOF1cn/view?usp=sharing,248.jpg,1,
Finanzas,Situaciones Sociales,,Positive,Evento social,"Hay un evento comunitario próximo para celebrar el final del semestre, y realmente quieres ir. Después de pensar que el evento será gratuito, te sorprende descubrir que en realidad será muy caro asistir. Decides ponerte en contacto con los organizadores del evento y llegar a un acuerdo.",N/A,¿El coordinador del evento será comprensivo?,Sí,,https://drive.google.com/file/d/1vlJU-VMiYEl9wnZHcIoXPgxfa49YTcF4/view?usp=sharing,269.jpg,1,
Finanzas,,,Resilience/Negation,Planificación de pagos,"Acabas de empezar un nuevo trabajo y necesitas seleccionar uno de los planes de jubilación que ofrece tu empresa. Has estado investigando los diferentes tipos de planes, pero te sientes un poco abrumado y tu fecha límite para elegir se acerca rápidamente.",No te ves cometiendo un gran error y piensas que el plan que elijas te dejará en una posición financiera sólida.,¿Crees que elegirás un plan demasiado arriesgado?,No,Sí,https://drive.google.com/file/d/1KkME5KcZ5NgX_p332K2_-01OCdDxK5G3/view?usp=sharing,255.jpg,1,
Finanzas,Vida Familiar y Doméstica,,Positive,Miedo a la decepción,"Tu jefe te ofreció un trabajo nuevo que te entusiasma mucho. El trabajo ofrece menos dinero que tu trabajo actual y tu pareja le dejó en claro que quiere que conserves tu trabajo actual. Cuando piensas en decirle tu decisión, te sientes seguro.",N/A,¿Está bien tomar una decisión diferente a la que tomaría tu pareja?,Sí,No,https://drive.google.com/file/d/1HZv-8lFYkd2Ea9iPDd8pHn91of9Yv6oS/view?usp=sharing,273.jpg,1,
Finanzas,Vida Familiar y Doméstica,,Positive,Dependencia financiera,"Tus hijos han estado confiando en ti financieramente, y quieres que comiencen a ser más independientes. Sabes que este es un paso importante, pero la idea de brindarles menos apoyo es abrumadora. Al pensar en el futuro, confías en que su independencia financiera será posible.",N/A,¿Podrán tus hijos ser financieramente independientes?,Sí,,https://drive.google.com/file/d/1i838ss7Y0rXlm4xW7ZUDdWYkvXkoMR9f/view?usp=sharing,290.jpg,1,
Finanzas,,,Positive,Trabajos bien pagados,"Estás cenando con tus amigos universitarios y todos terminan hablando de sus carreras. Te das cuenta de que muchos de ellos tienen salarios más altos que tú, mientras que elegiste un trabajo con un salario más bajo que se alinea con tus pasiones. Cuando piensas en tu carrera futura, te sientes emocionado.",N/A,¿Es malo que ganas menos dinero que tus amigos?,No,Sí,https://drive.google.com/file/d/1vQDFA1q2B7-kGBTjDa6pcmQeERhzuoO9/view?usp=sharing,274.jpg,1,
Finanzas,,,Negative,Permitirse la educación,"Tus hijos están pensando en ir a la universidad, pero piensas que tendrías que pedir un préstamo para ayudarlos a ir. Recuerdas historias que has escuchado de personas que todavía estaban pagando sus préstamos incluso después de jubilarse. Imaginándote a ti mismo en la jubilación, piensas que tus préstamos estarán pendientes. ",N/A,"Te imaginas que cuando te jubiles, probablemente ...",seguirás agobiado por tus préstamos,estarás financieramente estable con tus préstamos pagados.,https://drive.google.com/file/d/1SLIlpEwAlYywGSOzmfcgtN7_OZG7Kwcb/view?usp=sharing,158.jpg,1,
Finanzas,,,Positive,Ahorro para reparaciones,"Tu coche necesita reparaciones importantes. Tus amigos te invitan a salir con ellos este fin de semana, pero necesitas ahorrar tu dinero para pagar los reparaciones. Niegas la invitación de tus amigos y te sientes bien. ",N/A,¿Tomaste la decisión correcta?,Sí,No,https://drive.google.com/file/d/1ho3hNNuBsi2_uM04efw2daW5FzUWG_Qk/view?usp=sharing,304.jpg,1,
Finanzas,Vida Familiar y Doméstica,,Positive,Visita médica inesperada,"Recientemente tuviste una visita médica inesperada. Tú y tu pareja comparten un plan de seguro y te preocupas que tu pareja se preocupe por las finanzas si lo ve en tu declaración de seguro. Si te pregunta al respecto, crees que lo entenderá.",N/A,¿Se enojará tu cónyuge?,No,Sí,https://drive.google.com/file/d/1yu9h9aas60Qlgw4LN5PXrYPCRmTlEye4/view?usp=sharing,295.jpg,1,
Finanzas,Vida Familiar y Doméstica,,Positive,Regalos de días festivos,"Se acerca un día festivo que tu familia celebra. Quieres comprar regalos para todos, pero no está a tu alcance. Decides comprar un regalo para que tu familia comparta, y piensas que será apreciado.",N/A,¿A tu familia le gustará tu regalo?,Sí,,https://drive.google.com/file/d/1jWzJuwkqvTss1X1vO90z40f-28aw_x4n/view?usp=sharing,262.jpg,1,
Salud Mental,,,Positive,Planes de viajar,"Estás viajando en el extranjero con tu mejor amigo. Tienes una idea general de lo que harán cada día, pero no planeaste todos los detalles con anticipación. Esta incertidumbre causa algo de ansiedad que es tolerable.",N/A,¿La espontaneidad de tu viaje será tolerable?,Sí,,https://drive.google.com/file/d/1f5qTWC8jtwMEUJ0MUHDmDO68LGO10fFt/view?usp=sharing,313.jpg,1,
Salud Mental,Vida Familiar y Doméstica,,Positive ,Puerta con seguro,"Una mañana sales de tu casa y comienzas a dirigirte al trabajo. Unos 10 minutos después de salir, te preguntas si recordaste cerrar la puerta de tu casa. A medida que continúas con tu viaje, confías en ti mismo y te sientes relajado.",N/A,Durante el resto del camino te sientes...,Tranquilo y relajado cuando llegas al trabajo.,Preocupado de que hayas dejado la puerta de tu casa sin seguro.,https://drive.google.com/file/d/1L06ap5ra_s6MnwpMX2bIkWHmxWYaUpYT/view?usp=sharing,157.jpg,1,
Salud Mental,Salud Física,,Resilience/Negation,Lunes por la mañana,"Es lunes por la mañana y estás apurado para llegar al trabajo. Sientes que tu corazón se acelera cuando abres la puerta del carro y te sientas. Temiendo que puedas sufrir un ataque de pánico, sientes una necesidad de salir del carro, pero decides observar estas sensaciones sin reaccionar y quedarte sentado.",N/A,¿Es necesario salir del carro porque sientes que tu corazón este latiendo rápidamente?,No,,https://drive.google.com/file/d/1ho3hNNuBsi2_uM04efw2daW5FzUWG_Qk/view?usp=sharing,304.jpg,1,
Salud Mental,,,Positive ,Pensamientos acelerados,"Estás planeando un evento del cual estás extremadamente emocionado. Mientras piensas en lo que necesitas hacer para que el evento sea un éxito, tus pensamientos parecen acelerarse. Esto es útil.",N/A,¿Lo encuentras útil cuando tus pensamientos parecen acelerarse?,Sí,,https://drive.google.com/file/d/1SaSOZb7CwqBWSZLgiDR8Hhold_NOYHAx/view?usp=sharing,314.jpg,1,
Salud Mental,,,Negative ,Corte de pelo,"Hoy te van a tomar fotos de personal y te cortaste el pelo para la ocasión. No salió como querías. Cuando piensas en que otros verán tu nuevo corte de pelo en las fotos, te sientes avergonzado.",N/A,¿Los demás te va a juzgar cuando ven tu corte de pelo en la foto?,Sí,,https://drive.google.com/file/d/1hJ5jSFgD9p0YWah_M35D5-XX1eWGMlRm/view?usp=sharing,315.jpg,1,
Salud Mental,,,Positive ,Una oportunidad perdida,"Estás manejando de regreso a casa después de un partido de fútbol que tu equipo ganó. Mientras tu mente se distrae, piensas en el único gol que fallaste. En general, consideras que tu desempeño fue un éxito.",N/A,"Reflexionando sobre el partido de fútbol, piensas que...",Intentaste lo mejor posible y jugaste bien.,Jugaste mal.,https://drive.google.com/file/d/1uGdlhPOjINPPVlp8zxh4007O9D8Ns_E9/view?usp=sharing,316.jpg,1,
Salud Mental,Situaciones Sociales,,Positive ,Charla de oficina,"Estás teniendo una discusión con tu jefe en tu oficina, lo cual te provoca un poco de ansiedad. Piensas en terminar la discusión temprano. Después de una breve pausa, decides quedarte.",N/A,¿Puedes continuar la discusión con tu jefe?,Sí,,https://drive.google.com/file/d/1EVK1YWntA3eHXiFL5ok7Rw3ZBpkKE_D7/view?usp=sharing,317.jpg,1,
Salud Mental,,,Resilience/Negation,Sensación de noche,"Es medianoche y te despiertas abruptamente. Cuando te sientas, te sientes raro, como si tu mente no estuviera funcionando correctamente y empiezas a pensar que podrías estar volviéndote loco. Este pensamiento te asusta y, mientras te reacuestas, decides que simplemente lo observarás.",N/A,¿Necesitas luchar contra tus sentimientos extraños para que tu ansiedad desaparezca?,No,,https://drive.google.com/file/d/1xOEaZdmjhMa1dZKtjfWM5xagfKuFXOER/view?usp=sharing,318.jpg,1,
Salud Mental,,,Positive ,Pensando en volar,Estás viendo un programa de televisión sobre personas que viajan a otros países. La idea de volar en avión te hace sentir ansioso. Crees que podrás lidiar con tu ansiedad con éxito.,N/A,¿Eres capaz de tolerar tus sentimientos de ansiedad por los aviones?,Sí,No,https://drive.google.com/file/d/1wnxiRUTD_wAP7gp1JGI-BwXD0_dNvvjq/view?usp=sharing,319.jpg,1,
Salud Mental,,,Positive ,Reloj favorito,"Estás cenando y te das cuenta de que no tienes puesto tu reloj favorito. No recuerdas haberlo quitado antes, pero piensas que probablemente esté donde siempre lo guardas. Te pones un poco ansioso pensando en dónde está el reloj, pero el resto de tu cena sigue siendo agradable.",N/A,¿Es la cena miserable mientras te preocupas por el reloj?,No,,https://drive.google.com/file/d/1rZmwzVLqwav8NQcIfkgyiLKeBOdqSS-y/view?usp=sharing,320.jpg,1,
Salud Mental,,,Positive ,Confiar en ti mismo,"Estás trabajando en un proyecto con algunos compañeros de trabajo. Le das una idea al grupo, y alguien se ríe y dice que no es buena. Mientras trabajas en el proyecto, piensas que eres inteligente. ",N/A,¿Crees que eres tonto porque cometiste un error?,No,,https://drive.google.com/file/d/1luHbcPLj4BFquei2XFd_e4PgL9z8fBaB/view?usp=sharing,321.jpg,1,
Salud Mental,,,Negative ,Tus habilidades con los bolos,"Llevas varios años jugando a los bolos en una liga recreativa con algunos amigos. Has mejorado desde que empezaste, pero aún no eres tan hábil como te gustaría ser. Cuando piensas en ti mismo en los años que vienen, ves que tus habilidades con los bolos podrían ser mejores.",N/A,"Dentro de unos años, cuando juegues a los bolos con tus amigos, probablemente notarás...",Lo poco que han seguido mejorando tus habilidades.,Cuánto has mejorado desde que empezaste.,https://drive.google.com/file/d/1oSLgkDZVNtoSTo-1lqoKPGD_AvvZLCdO/view?usp=sharing,322.jpg,1,
Salud Mental,,,Positive ,Cambio de planes,"Decides aceptar una oferta de trabajo en una oficina diferente. Muchos de tus compañeros de trabajo aún no saben acerca de esta decisión, y te preocupa que se sientan decepcionados al respecto. Piensas que estarán felices de que finalmente estás siguiendo tus pasiones.",N/A,¿Tus compañeros de trabajo estarán decepcionados debido a tu nuevo trabajo?,No,,https://drive.google.com/file/d/15JLTnj5zhDkQ3CWNpfiDS51ykFhKEhI1/view?usp=sharing,323.jpg,1,
Salud Mental,,,Positive ,Obteniendo ayuda,"Estos últimos meses, te has sentido muy deprimido y no has estado disfrutando de tus actividades normales. Te preguntas si tratamiento funcionaría para ti, pero te sientes desanimado. A medida que piensas más en buscar ayuda, crees que te ayudaría a sentirte mejor.",N/A,¿Buscar ayuda te ayudará sentir mejor?,Sí,,https://drive.google.com/file/d/1UBORN__WOk3N5lP4X-qA_lwYYhlyyYqS/view?usp=sharing,11.jpg,1,
Salud Mental,Situaciones Sociales,,Resilience/Negation,Recuerdo conduciendo,"Estás manejando a la casa de un amigo en el pueblo donde vivías antes. Cuando llegas a la entrada, tienes un fuerte recuerdo de cuando solías visitar esta casa hace muchos años. Empiezas a sentir ansiedad por sentirte desorientado, y decides que lo que harás con estos sentimientos es simplemente dejarlos pasar.",N/A,"Cuando te sientes desorientado, es útil...",simplemente observar y aceptar los sentimientos.,Ponerte ansioso por sentirte desorientado.,https://drive.google.com/file/d/111tmTqhti30waD2ToHBnhDXMWZr6Fiv3/view?usp=sharing,324.jpg,1,
Salud Mental,Académicos/Trabajo/Desarrollo Profesional,,Positive ,Puerta cerrada,"Llegas a casa del trabajo un viernes por la noche y te preguntas si has cerrado la puerta de la oficina. Normalmente cierras la puerta con llave, pero todavía te sientes ansioso sin saberlo con seguridad. Tu fin de semana fuera de la oficina será agradable.",N/A,Durante el fin de semana vas a...,Descansar y pasar tiempo con amigos o familiares.,Preocúpate por si cerraste la puerta con llave.,https://drive.google.com/file/d/1qii6Tw7lK46f_BUds8kymQOtUEDhZqjV/view?usp=sharing,6.jpg,1,
Salud Mental,,,Positive ,siendo padre,"Estás pasando tiempo con tu hija pequeña durante el fin de semana. Tu hija es muy dulce, pero a veces te frustras con ella y te preguntas cómo se llevarán ustedes dos en el futuro. Cuando piensas en tu relación con ella a medida que crece, te visualizas siendo paciente.",N/A,"Cuando piensas en tu hija creciendo, piensas que...",La apoyarás.,Perderás tu paciencia con ella frequentamente.,https://drive.google.com/file/d/1l-0RqRBinZMdVZ2IJnJYWMKbDwph54bS/view?usp=sharing,325.jpg,1,
Salud Mental,,,Positive ,Probando comidas diferentes,"Tú y tus colegas están en un restaurante. Mientras todos tus colegas ordenan el mismo plato, tú quieres pedir algo diferente y aventurero, pero te preocupa que piensen que es raro o desagradable. Decides pedir el plato de todos modos y disfrutar de los nuevos sabores.",N/A,¿Deberías evitar probar nuevas comidas porque tus colegas no lo están ordenando?,No,,https://drive.google.com/file/d/1y5rIUOKbw_O6CJD6RvJdikYe1Uav-Ba2/view?usp=sharing,326.jpg,1,
Salud Mental,,,Resilience/Negation,Pensamientos intrusivos,"Recientemente, has notado que estás teniendo pensamientos intrusivos. Estos pensamientos te están molestando, y no puedes creer que estás pensando en cosas tan horribles. Sientes que te estás volviendo loco.","Después de un tiempo, te das cuenta de que son solo pensamientos y que no significan nada acerca de ti como persona. Piensas que no estás volviéndote loco y que eres una buena persona.",¿Eres una mala persona?,No,,https://drive.google.com/file/d/1lb5unRFMzlCZwR4qVYPDwPXdw7evicTa/view?usp=sharing,327.jpg,1,
Salud Mental,Salud Física,,Positive,Resultados de análisis de sangre,"En tu última cita con el médico, tu doctor te hizo unos análisis de sangre. Tu doctor te dijo que te darán los resultados en unos días y te sientes nervioso mientras los esperas. Crees que tus nervios son manejables. ",N/A,¿Tus nervios son insoportables mientras esperas tus resultados?,No,,https://drive.google.com/file/d/1op21VnIDCX_kpphMiw4zXhVcpVx_Znwn/view?usp=sharing,328.jpg,1,
Salud Mental,Académicos/Trabajo/Desarrollo Profesional,,Positive,Tomar un descanso,"Has estado muy ocupado los últimos meses, y no has tenido mucho tiempo libre. Finalmente tienes la oportunidad de descansar, pero te sientes culpable de tomar un descanso en lugar de completar el trabajo. Crees que mereces relajarte. ",N/A,¿Deberías hacer tu trabajo ahora mismo?,No,,https://drive.google.com/file/d/1OSRDlUvXTNnwLZlxsji3kxnfVjWLAKmD/view?usp=sharing,81.jpg,1,
Salud Mental,Salud Física,,Resilience/Negation,Probando comidas nuevas,"En la hora de almuerzo, tu compañero de trabajo trae una comida muy picante. Despues de probar un poquito, empiezas a sudar y sientes el latido de tu corazón. Estas sensaciones causan pensamientos ansiosos. Decides enfocarte en la conversación, y el resto del almuerzo es agradable. ",N/A,Respondes a la comida picante...,Tolerando tu corazón acelerado y enfocandote en la conversación.,Continuando a preocuparte que tienes un problema médico.,https://drive.google.com/file/d/1fy6cbZwgERtFvVwovTW5yKZIRNqVSJzB/view?usp=sharing,329.jpg,1,
Salud Mental,Situaciones Sociales,,Positive ,Foto con amigos,"Tú y tu amigo tomaron algunas fotos juntos. Ves que te etiquetaron en una publicación y realmente no te gusta cómo te ves, pero sabes que a largo plazo no importará.",N/A,¿Te preocupa tu apariencia en la foto publicada?,No,,https://drive.google.com/file/d/1NvTM1g3vx1Kut8y_4vvBJo79qKHzUztk/view?usp=sharing,330.jpg,1,
Salud Mental,,,Resilience/Negation,Un momento de olvido,"Recordaste que necesitas leche de la tienda, así que de camino a casa te detienes a buscarla. Cuando entras a la tienda, de repente olvidas por qué estás allí, lo que te resulta un poco preocupante. Revisas tu lista de tareas pendientes y decides que aún puedes continuar con tu día con confianza.",N/A,¿Los pensamientos preocupantes le impidieron continuar con tu día?,No,,https://drive.google.com/file/d/1gGksBJBqx0NVoZuQlinZ_8PhY9nCshrZ/view?usp=sharing,331.jpg,1,
Salud Mental,Vida Familiar y Doméstica,,Positive,Puntos de vista hacia la terapia,Has estado yendo a terapia últimamente. No te lo has contado a tu familia porque han expresado opiniones negativas sobre la terapia en el pasado. Crees que esta vez te apoyarán.,N/A,¿Aceptará tu familia que vayas a terapia?,Sí,,https://drive.google.com/file/d/1oOjp17AzniUmJnuYe-gQ8IiWi4W8RJ71/view?usp=sharing,167.jpg,1,
Salud Mental,,,Positive ,Clima lluvioso,"Te despiertas, miras por la ventana y ves que afuera está lluvioso y sombrío. Te quedas dentro todo el día y, al recordarlo después, te das cuenta de que la mayor parte del tiempo te sentiste triste por ello. Decides que probablemente fue porque no pudiste salir.",N/A,¿La tristeza de hoy va a durar para siempre?,No,,https://drive.google.com/file/d/1UejoAZIzw5j2-fZDO54rqRL0ITIi4iOf/view?usp=sharing,332.jpg,1,
Salud Mental,Vida Familiar y Doméstica,,Negative,Tu primer hijo,"Acabas de tener tu primer hijo. Quieres tener una buena relación durante toda la vida de tu hijo, pero te preocupa cometer errores como padre. Cuando tu hijo sea adulto, piensas que la relación será tensa.",N/A,Crees que hay muchas posibilidades de que cuando su hijo sea adulto...,Ustedes dos casi nunca se verán,Ustedes dos hablarán regularmente.,https://drive.google.com/file/d/1jHnVJt6AMYU6KRQP6IKFjUXh3Cp1J9b0/view?usp=sharing,137.jpg,1,
Salud Mental,Académicos/Trabajo/Desarrollo Profesional,,Positive,Gestión de responsabilidades,"Has empezado a hacer voluntariado en una organización local y te ha costado manejarlo junto con el trabajo. Uno de los líderes voluntarios te pregunta si estarías dispuesto a ayudarla con un proyecto fuera de tus responsabilidades habituales y te preocupa que se decepcione si dices que no. Después de pensarlo, le dices que no puedes ayudar con este proyecto debido al trabajo, pero que estás dispuesto a ayudar en el siguiente.",N/A,¿Está bien rechazar responsabilidad adicional?,Sí,,https://drive.google.com/file/d/1mnjPZpYIVahZEm1gr4Zu9gKZfMCjl2Tk/view?usp=sharing,45.jpg,1,
Salud Mental,Vida Familiar y Doméstica,,Positive,Mensajes de texto honestos,"Obtuviste el número de alguien de una aplicación de citas y le has estado enviando mensajes de texto durante algunos días. No te sientes muy interesado en esa persona, pero hoy te envían un mensaje diciendo que está muy interesado en ti y que quiere encontrarse para una cita, y te preocupa que se enojen si rechazas su oferta. Decides ser sincero acerca de no sentir lo mismo y le dices que no ves que tu relación se desarolle mucho. ",N/A,¿Estás contento con tu respuesta?,Sí,No,https://drive.google.com/file/d/1XmEF3Y_EVn1lonn_hWKIbtSjgRFn_dbg/view?usp=sharing,333.jpg,1,
Salud Mental,,,Positive ,Expresar tu opinión,"Tus colegas están hablando de un tema actual y te das cuenta de que tienes una opinión diferente a la de ellos. Quieres expresarlo, pero te preocupa si te juzgarán. Decides que es mejor ser honesto. ",N/A,¿Deberías evitar añadir a la conversación?,No,,https://drive.google.com/file/d/14E87lNQCbYQYaw2WEZUgqpLVllxzh0qo/view?usp=sharing,197.jpg,1,
Salud Mental,Vida Familiar y Doméstica,,Positive ,Ir a terapia,Has estado yendo a terapia últimamente. No te lo has contado a tu familia porque han expresado opiniones negativas sobre la terapia en el pasado. Crees que esta vez te apoyarán.,N/A,¿Aceptará tu familia que vayas a terapia?,Sí,,https://drive.google.com/file/d/1oOjp17AzniUmJnuYe-gQ8IiWi4W8RJ71/view?usp=sharing,167.jpg,2,
Salud Mental,,,Positive ,Cambio de planes,"Decides aceptar una oferta de trabajo en una oficina diferente. Muchos de tus compañeros de trabajo aún no saben acerca de esta decisión, y te preocupa que se sientan decepcionados al respecto. Piensas que estarán felices de que finalmente estás siguiendo tus pasiones.",N/A,¿Tus compañeros de trabajo estarán decepcionados debido a tu nuevo trabajo?,No,,https://drive.google.com/file/d/15JLTnj5zhDkQ3CWNpfiDS51ykFhKEhI1/view?usp=sharing,323.jpg,2,
Salud Mental,Académicos/Trabajo/Desarrollo Profesional,,Resilience/Negation,Sentirse llamado,"Tu jefe te sorprende enviando mensajes de texto durante una reunión y te llama la atención por no prestar atención. No te gusta cuando la gente está enojada contigo, pero sabes que tu jefe te dirá algo al final de la reunión. Durante el resto de la reunión, te sientes ansioso.","Cuando termina la reunión, tu jefe entiende que puede haber otros asuntos importantes, pero la reunión semanal es una pequeña parte de tu tiempo. Piensas que tu jefe es simpático. ",¿Tu jefe fue grosero al señalar tu distracción?,No,Sí,https://drive.google.com/file/d/1fZ5gwS6hpP38y6RtFHzIC7gnpeeFtrLF/view?usp=sharing,106.jpg,2,
Salud Mental,Académicos/Trabajo/Desarrollo Profesional,,Positive ,Revisando tus cualificaciones,"Estás en una nueva ciudad y necesitas empezar a solicitar trabajos. Comienzas a revisar los requisitos para los puestos y, aunque has trabajado duro para preparar tu currículum, te preguntas si será suficiente. Piensas en tus logros y sabes que has hecho más que suficiente.",N/A,¿Estás calificado para estos nuevos trabajos?,Sí,,https://drive.google.com/file/d/1pcE3PZPJyiJCNCdBP0DGVbumVNri-Bev/view?usp=sharing,53.jpg,2,
Salud Mental,,,Positive ,Tus habilidades con los bolos,"Llevas varios años jugando a los bolos en una liga recreativa con algunos amigos. Has mejorado desde que empezaste, pero aún no eres tan hábil como te gustaría ser. Cuando piensas en ti mismo en los años que vienen, ves que tus habilidades con los bolos podrían ser mejores.",N/A,Crees que a medida que sigas jugando a los bolos...,Eventualmente te convertirás en un jugador de bolos fuerte.,Nunca te convertirás en un buen jugador de bolos.,https://drive.google.com/file/d/1oSLgkDZVNtoSTo-1lqoKPGD_AvvZLCdO/view?usp=sharing,322.jpg,2,
Salud Mental,Académicos/Trabajo/Desarrollo Profesional,,Negative,Trabajando para salir adelante,"Acabas de recibir un trabajo en una oficina que realmente admiras. Para finalmente recibir el ascenso que deseas, sabes que tendrás que trabajar muy duro durante varios años y el resultado es incierto. Cuando imaginas tu probable puesto en la empresa en el futuro, esperas que te otorguen el trabajo que deseas.",N/A,El future que te ves para ti mismo es...,Estar en el puesto por debajo de la que siempre has soñado.,Tener el puesto que siempre has querido en la oficina que admiras.,https://drive.google.com/file/d/1iFL-df-zgCCAJLsGw8Thh-FkkGSlVrbM/view?usp=sharing,23.jpg,2,
Salud Mental,Situaciones Sociales,,Positive,Un comentario grosero,Publicas una foto con mucha confianza. Ves un comentario realmente grosero cuando regresas para revisar tus comentarios. Respiras profundamente y decides no sentirte molesto.,N/A,¿Te molesta mucho el comentario grosero en tu publicación?,No,,https://drive.google.com/file/d/1RkgHCc_BENHGzRjkp5-Y-7TvU7m58if8/view?usp=sharing,334.jpg,2,
Salud Mental,Situaciones Sociales,,Positive ,Aceptando elogios,"Durante el fin de semana, pasaste tiempo con algunos viejos amigos. Les contaste sobre el trabajo que estás haciendo y hicieron comentarios sobre lo inteligente que debes ser, pero tú no consideras que el trabajo sea tan especial. De todos modos, te permites sentirte orgulloso de lo que estás haciendo.",N/A,¿Te sientes orgulloso del trabajo que estás haciendo?,Sí,,https://drive.google.com/file/d/1RZKgj6SgXHvcTwD5hi3tDnL24akXydT0/view?usp=sharing,335.jpg,2,
Salud Mental,,,Resilience/Negation,Tus habilidades con los bolos,"Llevas varios años jugando a los bolos en una liga recreativa con algunos amigos. Has mejorado desde que empezaste, pero aún no eres tan hábil como te gustaría ser.","Cuando piensas en ti mismo en los años que vienen, no crees que tus habilidades para jugar a los bolos se hayan estancado y las consideras fuertes.",¿Crees que acabarás jugando a los bolos a un alto nivel?,Sí,No,https://drive.google.com/file/d/1oSLgkDZVNtoSTo-1lqoKPGD_AvvZLCdO/view?usp=sharing,322.jpg,2,
Salud Mental,,,Positive ,Pensamientos acelerados,"Estás planeando un evento del cual estás extremadamente emocionado. Mientras piensas en lo que necesitas hacer para que el evento sea un éxito, tus pensamientos parecen acelerarse. Esto es útil.",N/A,¿Lo encuentras útil cuando tus pensamientos parecen acelerarse?,Sí,,https://drive.google.com/file/d/1SaSOZb7CwqBWSZLgiDR8Hhold_NOYHAx/view?usp=sharing,314.jpg,2,
Salud Mental,Vida Familiar y Doméstica,,Positive ,Conducción segura,"Tu amigo es un buen conductor, pero hoy está lloviendo fuertemente. Está conduciendo muy rápido, así que le pides que reduzca la velocidad. Respiras profundamente, porque las posibilidades de sufrir un accidente son pequeñas. ",N/A,¿Es probable que tengan un accidente?,No,,https://drive.google.com/file/d/1siRWDkC3QgQSt2td67hTE3dcGn8ujdRo/view?usp=sharing,164.jpg,2,
Salud Mental,Académicos/Trabajo/Desarrollo Profesional,,Positive ,Sentirse ansioso,"Tienes una gran presentación pendiente. Cuando piensas en pararte frente de gente y hablar, te sientes ansioso. Crees que esto probablemente sea temporal.",N/A,¿siempre sentirás ansiedad?,No,,https://drive.google.com/file/d/1FcB5CvXNaJdV8qJE0nz1NN6MVKPtk2zJ/view?usp=sharing,76.jpg,2,
Salud Mental,Académicos/Trabajo/Desarrollo Profesional,,Negative,Revisando tu trabajo,"Te han llamado para una evaluación de desempeño con tu jefe. En general, haces un buen trabajo, pero sabes que tu jefe ha notado algunos errores recientemente. Mientras te preparas para la revisión, piensas que tu reunión probablemente se centrará en tus defectos.",N/A,"Crees que durante tu evaluación de desempeño, es probable que su jefe diga...","""¡Estos errores son simplemente inaceptables en este momento!""","""Todavía estoy muy contento con el trabajo que has estado haciendo"".",https://drive.google.com/file/d/1EAYPVHFKPfUOp3vNgYgsrQGqdKFYW-a8/view?usp=sharing,49.jpg,2,
Salud Mental,,,Positive,Planes de viajar,"Estás viajando en el extranjero con tu mejor amigo. Tienes una idea general de lo que harán cada día, pero no planeaste todos los detalles con anticipación. Esta incertidumbre causa algo de ansiedad, aunque es tolerable.",N/A,¿La espontaneidad de tu viaje será tolerable?,Sí,,https://drive.google.com/file/d/1f5qTWC8jtwMEUJ0MUHDmDO68LGO10fFt/view?usp=sharing,313.jpg,2,
Salud Mental,Salud Física,,Resilience/Negation,Día caluroso,"Regresando a casa en un día muy caluroso, te tomas un vaso grande de agua rápidamente. Pronto te sientes anormalmente lleno y un poco enfermo del estómago.",N/A,Respondes a la sensación en tu estómago...,Observando las sensaciones sin hacer nada.,Entrando en pánico por las sensaciones y llamando a una ambulancia.,https://drive.google.com/file/d/1zIU7R9B0aDdb2iU_AHp4YbObnLDAts0M/view?usp=sharing,336.jpg,2,
Salud Mental,,,Positive ,No ,"Recientemente te has sentido agotado y cancelaste los planes que hiciste con tus amigos. Tus amigos expresan frustración, diciendo que planearon esto hace mucho tiempo y querían verte. Piensas que has tomado la mejor decisión para ti mismo. ",N/A,¿Te alegras de haber cancelado tus planes de descansar?,Sí,,https://drive.google.com/file/d/1WuPmRt-VoQfR_ZkT1nzIhMKeljNVUJMz/view?usp=sharing,174.jpg,2,
Salud Mental,Salud Física,,Positive,Boca seca,Has sentido boca seca durante unos días. Esto es algo que no has sentido antes. La probabilidad de que la boca seca signifique un problema de salud grave es baja.,N/A,¿Tu boca seca indica que estás enfermo?,No,,https://drive.google.com/file/d/1eG4x0HMf4jIlTARyW3hf9EE8Q_PSqHPE/view?usp=sharing,337.jpg,2,
Salud Mental,,,Positive ,Expresándote,"En el trabajo, tu jefe te da la responsabilidad de resolver un problema complicado. Tienes una idea que crees que podría funcionar, pero te preguntas si es demasiado simplista. Mientras consideras compartir tu idea, decides intentarlo.",N/A,¿Compartarás tu idea?,Sí,,https://drive.google.com/file/d/1ZodO1F5ZuiDVjiFxjsv5k2GCuLpQwIRf/view?usp=sharing,75.jpg,2,
Salud Mental,Relaciones Románticas,,Resilience/Negation,Ponerse ahí fuera,"Vas a almorzar con un amigo nuevo. Tú y tu amigo tuvieron una conversación muy buena y te hizo algunas preguntas que te hacen sentir vulnerable. Si llega a conocer tu ""verdadero yo"", crees que te va a juzgar.","Decides abrirte y compartir, y ellos hacen lo mismo. Mientras hablas, te sientes entendido. ",¿Tu amigo te juzgó negativamente?,No,Sí,https://drive.google.com/file/d/175t4xW0IN99gRfCfKY3yXEMDERREEH5-/view?usp=sharing,215.jpg,2,
Salud Mental,,,Positive ,Comentarios de publicaciones de Instagram,Acabas de recibir un reconocimiento por un proyecto en el que trabajaste. Solo has recibido felicitaciones de unas pocas personas y esperabas recibir más reacciones. Te preguntas si la gente no te felicita porque está ocupada.,N/A,¿La gente no te felicita porque cree que no lo mereces?,No,,https://drive.google.com/file/d/1L1p8TyeiPTeDnfjsltL5yYI2aKvNNO9w/view?usp=sharing,338.jpg,2,
Salud Mental,Vida Familiar y Doméstica,,Positive ,Puerta con seguro,"Una mañana sales de tu casa y comienzas a dirigirte al trabajo. Unos 10 minutos después de salir, te preguntas si recordaste haber cerrado la puerta de tu casa. A medida que continúas con tu viaje, confías en ti mismo y te sientes relajado.",N/A,Durante el resto del camino te sientes...,Tranquilo y relajado cuando llegas al trabajo.,Preocupado de que hayas dejado la puerta de tu casa sin seguro.,https://drive.google.com/file/d/1L06ap5ra_s6MnwpMX2bIkWHmxWYaUpYT/view?usp=sharing,157.jpg,2,
Salud Mental,Académicos/Trabajo/Desarrollo Profesional,,Negative,Lograr tus objetivos,"Te gustaría postularte para un puesto más alto en tu trabajo y mejorar tus habilidades. Sabes que el proceso de selección es riguroso, pero sientes mucha pasión por lograr este objetivo y has trabajado duro para convertirte en un buen empleado. Sientes que tus posibilidades de conseguir este nuevo trabajo son escasas.",N/A,Crees que probablemente tu...,No terminaras cumpliendo tus sueños y sentirte decepcionado de dónde terminas.,Consigas el trabajo y avanza aún más en tu carrera.,https://drive.google.com/file/d/1igxjPun_TKPF2PxPdmtEwR3nqhrDFVFZ/view?usp=sharing,71.jpg,2,
Salud Mental,Académicos/Trabajo/Desarrollo Profesional,,Positive,Usando tecnología diferente,"Recientemente reemplazaste tu computadora portátil y tuviste que optar por una opción más económica. Tu jefe te pide que completes un proyecto que requerirá una aplicación que tu nueva computadora no tiene. Cuando piensas en completar tu trabajo para este proyecto, te sientes capaz.",N/A,¿Te sientes capaz de completar el trabajo de este proyecto?,Sí,,https://drive.google.com/file/d/1GCrKOzwl1UC_Ekj6ZbzSSgZLWAASM60G/view?usp=sharing,69.jpg,2,
Salud Mental,Salud Física,,Resilience/Negation,Ejercicio con un amigo,"Es miércoles por la noche y tu amigo te convence ir a una clase de ejercicio cardiovascular de alta intensidad. En medio de la clase, dejas de hacer ejercicio porque sientes que no puedes recuperar el aliento. Cuando comienzas a tener pensamientos ansiosos de desmayarte, decides simplemente notarlos.",N/A,"Cuando sientes que no puedes recuperar el aliento, es mejor...",simplemente observe sus pensamientos y sensaciones de ansiedad sin juzgarlos.,Juzgar tu dificultad para respirar como algo malo o dañino.,https://drive.google.com/file/d/1Vlsi9LlwAnuIBOVvXzcOaRgcOTFzDdfO/view?usp=sharing,339.jpg,2,
Salud Mental,Situaciones Sociales,,Positive ,Temprano en la mañana,"Acabas de empezar en un nuevo trabajo y unos amigos del trabajo quieren llevarte a una fiesta esta noche. Les haces saber que tienes que levantarte temprano mañana por la mañana para un evento importante y que no puedes ir con ellos, y ellos parecen decepcionados. Crees que tus nuevos amigos respetarán tu decisión de anteponer tus necesidades.",N/A,¿Tus amigos te juzgan por no salir con ellos?,No,,https://drive.google.com/file/d/1Zc-4xffN0v0XdDSXW-x1NAACedZAqgXQ/view?usp=sharing,340.jpg,2,
Salud Mental,,,Positive ,Reloj favorito,"Estás cenando y te das cuenta de que no tienes puesto tu reloj favorito. No recuerdas haberlo quitado antes, pero piensas que probablemente esté donde siempre lo guardas. Te pones un poco ansioso pensando en dónde está el reloj, pero el resto de tu cena sigue siendo agradable.",N/A,¿Es la cena miserable mientras te preocupas por el reloj?,No,,https://drive.google.com/file/d/1rZmwzVLqwav8NQcIfkgyiLKeBOdqSS-y/view?usp=sharing,320.jpg,2,
Salud Mental,Situaciones Sociales,,Positive,Una invitación,"Invitas a tu supervisor a un evento este fin de semana. Eres el único de tus amigos que es cercano a tu supervisor y no estás seguro de cómo te percibirán los demás. Mientras te preparas para el evento, te sientes feliz.",N/A,¿Estás contento de que tu supervisor asista al evento de tu escuela?,Sí,,https://drive.google.com/file/d/1b0lHedBVO7x_rukR1faGc_vfaGCmTSgj/view?usp=sharing,341.jpg,2,
Salud Mental,Situaciones Sociales,,Positive,Tiempo para ti mismo,"Tu parte favorita del día es relajarte antes de cenar. Cuando empiezas a preparar la cena, te das cuenta de que has estado comiendo solo últimamente, y te sientes triste. Decides que estás bien con este hecho, ya que te da tiempo para reflexionar sobre tu día. ",N/A,¿Estás bién con comer solo?,Sí,,https://drive.google.com/file/d/18ON-daCCgtQApC9SVxzPUIsZEHK2kZJK/view?usp=sharing,149.jpg,2,
Salud Mental,Situaciones Sociales,Relaciones Románticas,Resilience/Negation,Zambullirte,Estás en la piscina local. Está lleno y te das cuenta de que mucha gente podrá verte en traje de baño. Piensas en esto y te sientes inseguro.,Recuerdas que estarán concentrados en nadar y que todos los demás también estarán usando trajes de baño. Esto te reconforta.,¿Te sientes bien usando tu traje de baño frente a ellos?,Sí,,https://drive.google.com/file/d/14PpW4hP6WC0D2w8vTG9u7dihy5qj4aKs/view?usp=sharing,207.jpg,2,
Salud Mental,Situaciones Sociales,,Positive ,Broma interna,Publicas un video corto. Tu mejor amigo comenta algo realmente vergonzoso. Tus seguidores pensarán que tú y tu amigo sois cercanos.,N/A,¿Otros te juzgan por el comentario de tu amigo en tu publicación?,No,,https://drive.google.com/file/d/1828HR7oyHuDJpNFSn5JmLlYAZ24vA7x7/view?usp=sharing,342.jpg,2,
Salud Mental,Vida Familiar y Doméstica,,Positive,Tu primer hijo,"Acabas de tener tu primer hijo. Quieres tener una buena relación durante toda la vida de tu hijo, pero te preocupa cometer errores como padre. Cuando tu hijo sea adulto, piensas que esa relación será cercana.",N/A,Esperas que la relación con tu hijo adulto sea...,Cariñoso y cercano,Distanciado,https://drive.google.com/file/d/1jHnVJt6AMYU6KRQP6IKFjUXh3Cp1J9b0/view?usp=sharing,137.jpg,all,
Salud Mental,,,Positive ,Una oportunidad perdida,"Estás manejando de regreso a casa después de un partido de fútbol que tu equipo ganó. Mientras tu mente divaga, piensas en el único gol que fallaste. En general, consideras que tu desempeño fue un éxito.",N/A,"Reflexionando sobre el partido de fútbol, piensas que...",Intentaste lo mejor posible y jugaste bien.,Jugaste mal.,https://drive.google.com/file/d/1uGdlhPOjINPPVlp8zxh4007O9D8Ns_E9/view?usp=sharing,316.jpg,all,
Salud Mental,Vida Familiar y Doméstica,,Resilience/Negation,Tu primer hijo,"Acabas de tener tu primer hijo. Quieres tener una buena relación durante toda la vida de tu hijo, pero te preocupa cometer errores como padre.","Cuando su hijo sea adulto, no crees que se resentirá con tigo y crees que la relación será sólida.",¿Crees que tu relación con tu hijo será distante cuando tu hijo sea adulto?,No,Sí,https://drive.google.com/file/d/1jHnVJt6AMYU6KRQP6IKFjUXh3Cp1J9b0/view?usp=sharing,137.jpg,all,
Salud Mental,Académicos/Trabajo/Desarrollo Profesional,,Positive,Gestión de responsabilidades,"Has empezado a hacer voluntariado en una organización local y te ha costado manejarlo junto con el trabajo. Uno de los líderes voluntarios te pregunta si estarías dispuesto a ayudarla con un proyecto fuera de tus responsabilidades habituales y te preocupa que se decepcione si dices que no. Después de pensarlo, le dices que no puedes ayudar con este proyecto debido al trabajo, pero que estás dispuesto a ayudar en el siguiente.",N/A,¿Está bien rechazar responsabilidad adicional?,Sí,,https://drive.google.com/file/d/1mnjPZpYIVahZEm1gr4Zu9gKZfMCjl2Tk/view?usp=sharing,45.jpg,all,
Salud Mental,Académicos/Trabajo/Desarrollo Profesional,,Resilience/Negation,Revisando tu trabajo,"Te han llamado para una evaluación de desempeño con tu jefe. En general, haces un buen trabajo, pero sabes que tu jefe ha notado algunos errores últimamente.","Mientras te preparas para la revisión, no crees que tu jefe olvide tu buen trabajo y crees que su reunión probablemente se centrará en tus logros.",¿Crees que tu jefe se centrará principalmente en tus puntos fuertes durante tu evaluación de desempeño?,Sí,No,https://drive.google.com/file/d/1EAYPVHFKPfUOp3vNgYgsrQGqdKFYW-a8/view?usp=sharing,49.jpg,all,
Salud Mental,Situaciones Sociales,Salud Física,Positive,Amigo en el hospital,"Recibes un mensaje de texto de un amigo diciendo que está en el hospital, pero no te dice por qué. Comienzas a preocuparte por si va a estar bien. Mientras piensas en tu amigo, te sientes tranquilo.",N/A,¿Es probable que tu amigo esté bien?,Sí,,https://drive.google.com/file/d/1ZSpeFIL5uWXLKjxoqf96tykotj5G5J-Q/view?usp=sharing,343.jpg,all,
Salud Mental,Académicos/Trabajo/Desarrollo Profesional,,Positive ,Aplicando a trabajos,"Solicitaste a un trabajo hace algunas semanas y acabas de recibir una respuesta. Te dicen que ya llenaron el puesto y sientes que no eres lo suficientemente inteligente. Aun así, crees que en el futuro conseguirás un trabajo.",N/A,¿Te ofrecerán otro trabajo en el futuro?,Sí,,https://drive.google.com/file/d/12wCJ5Ffbo2FQWJoyCCjGdJUCGOFpqs8y/view?usp=sharing,114.jpg,all,
Salud Mental,,,Negative ,siendo padre,"Estás pasando tiempo con tu hija pequeña durante el fin de semana. Tu hija es muy dulce, pero a veces te frustras con ella y te preguntas cómo se llevarán ustedes dos en el futuro. Cuando piensas en tu relación con ella a medida que crece, te visualizas sintiéndote frustrado.",N/A,"Pensando en tu futura relación con tu hija, te visualizas...",sintiéndote estresado por ella.,Teniendo una relación amorosa con ella.,https://drive.google.com/file/d/1l-0RqRBinZMdVZ2IJnJYWMKbDwph54bS/view?usp=sharing,325.jpg,all,
Salud Mental,Situaciones Sociales,,Positive ,Charla de oficina,"Estás teniendo una discusión con tu jefe en su oficina, lo cual te provoca un poco de ansiedad. Piensas en terminar la discusión temprano. Después de una breve pausa, decides quedarte.",N/A,¿Puedes continuar la discusión con tu jefe?,Sí,,https://drive.google.com/file/d/1EVK1YWntA3eHXiFL5ok7Rw3ZBpkKE_D7/view?usp=sharing,317.jpg,all,
Salud Mental,Académicos/Trabajo/Desarrollo Profesional,,Positive,Lograr tus objetivos,"Te gustaría postularte para un puesto más alto en tu trabajo y mejorar tus habilidades. Sabes que el proceso de selección es riguroso, pero sientes mucha pasión por lograr este objetivo y has trabajado duro para convertirte en un buen empleado. Sientes que tus posibilidades de conseguir este nuevo trabajo son razonables.",N/A,¿Crees que tu solicitud?,Lo coloca en una buena posición para conseguir este nuevo trabajo.,No será lo suficientemente bueno para conseguirte el trabajo.,https://drive.google.com/file/d/1igxjPun_TKPF2PxPdmtEwR3nqhrDFVFZ/view?usp=sharing,71.jpg,all,
Salud Mental,Académicos/Trabajo/Desarrollo Profesional,,Positive,Revisando tu trabajo,"Te han llamado para una evaluación de desempeño con tu jefe. En general, haces un buen trabajo, pero sabes que tu jefe ha notado algunos errores últimamente. Mientras te preparas para la revisión, piensas que tu reunión probablemente se centrará en tus defectos.",N/A,Es probable que su jefe sienta que...,La mayor parte de tu trabajo ha sido de muy alta calidad.,Tus errores han sido graves e inaceptables.,https://drive.google.com/file/d/1EAYPVHFKPfUOp3vNgYgsrQGqdKFYW-a8/view?usp=sharing,49.jpg,all,
Salud Mental,Académicos/Trabajo/Desarrollo Profesional,,Resilience/Negation,Lograr tus objetivos,"Te gustaría postularte para un puesto más alto en tu trabajo y mejorar tus habilidades. Sabes que el proceso de selección es riguroso, pero sientes mucha pasión por lograr este objetivo y has trabajado duro para convertirte en un buen empleado.",sientes que no eres un mal candidato y que tus posibilidades de conseguir este nuevo trabajo son buenas.,¿Tienes buenas posibilidades de conseguir un puesto más alto en tu trabajo?,Sí,No,https://drive.google.com/file/d/1igxjPun_TKPF2PxPdmtEwR3nqhrDFVFZ/view?usp=sharing,71.jpg,all,
Salud Mental,Situaciones Sociales,,Positive,Invitar gente,"Notas que tu casa es más pequeña y no tan espaciosa como las casas de otras personas que conoces. Tus compañeros de trabajo nunca han estado en tu casa, pero quieren venir. Crees que su reacción hacia tu hogar será respetuosa.",N/A,¿Tus compañeros de trabajo juzgarán tu casa?,No,,https://drive.google.com/file/d/1cta4lpPhoahfL1nlRrl3fYCs86bhsNjd/view?usp=sharing,344.jpg,all,
Salud Mental,Académicos/Trabajo/Desarrollo Profesional,,Positive ,Respondiendo a preguntas inesperadas,"Estás presentando tu trabajo a un grupo de tus compañeros. Después de tu presentación, alguien te hace una pregunta muy específica a la que no sabes responder y sientes que no estás calificado. Recuerdas que hiciste mucha investigación y que esta pregunta puede que simplemente no sea relevante.",N/A,¿Estás calificado para dar tu presentación?,Sí,,https://drive.google.com/file/d/12gcbXlswsM0sW5_Z7DcSBJGr1Bq-2t8t/view?usp=sharing,36.jpg,all,
Salud Mental,Situaciones Sociales,,Positive ,sintiéndote ansioso,"Estos últimos meses, te has sentido muy ansioso y no has podido disfrutar de tu vida sin preocuparte. Te preguntas qué pensarían las personas en tu vida si buscas ayuda. Piensas que te considerarían valiente.",N/A,¿Las personas en tu vida te apoyarían si buscas ayuda?,Sí,,https://drive.google.com/file/d/1UBORN__WOk3N5lP4X-qA_lwYYhlyyYqS/view?usp=sharing,11.jpg,all,
Salud Mental,Salud Física,,Resilience/Negation,Probando comidas nuevas,"En la hora de almuerzo, tu compañero de trabajo trae una comida muy picante. Después de probar un poquito, empiezas a sudar y sientes el latido de tu corazón. Estas sensaciones causan pensamientos ansiosos. Decides enfocarte en la conversación, y el resto del almuerzo es agradable. ",N/A,Respondes a la comida picante...,Tolerando tu corazón acelerado y enfocandote en la conversación.,Continuando a preocuparte que tienes un problema médico.,https://drive.google.com/file/d/1fy6cbZwgERtFvVwovTW5yKZIRNqVSJzB/view?usp=sharing,329.jpg,all,
Salud Mental,Académicos/Trabajo/Desarrollo Profesional,,Positive ,Trabajo inacabado,"Tuviste un día muy ocupado y no pudiste realizar todas tus tareas. En la cena, tu pareja habla orgullosamente de cómo terminó todo lo que tenía en la lista de tareas pendientes. Al pensar en si podrás completar tu trabajo mañana, te sientes seguro.",N/A,¿Podrás hacer todo?,Sí,,https://drive.google.com/file/d/1XUJUmJyqOQBx5b6nraIfLuK3CHwUNri0/view?usp=sharing,68.jpg,all,
Salud Mental,Académicos/Trabajo/Desarrollo Profesional,,Positive,Una nueva oportunidad,Recientemente recibiste un ascenso increíble en tu trabajo. De repente sientes que no trabajaste lo suficiente para ganarte la oportunidad. Crees que mereces el ascenso.,N/A,¿Deberías dejar pasar la promoción?,No,,https://drive.google.com/file/d/1azOE2eRIrdOPl9AdAR61tTkqUFdsq0zB/view?usp=sharing,109.jpg,all,
Salud Mental,Situaciones Sociales,,Negative,Comentarios de redes sociales,Decides enviar un correo electrónico a tu departamento promocionando algo importante para ti. Alguien responde de manera grosera porque malinterpretó lo que escribiste. Te preguntas qué piensa esta persona sobre ti y te sientes preocupado.,N/A,¿Te preocupa lo que esa persona piensa de ti?,Sí,,https://drive.google.com/file/d/1azOE2eRIrdOPl9AdAR61tTkqUFdsq0zB/view?usp=sharing,109.jpg,all,
Salud Mental,,,Positive ,Tu propio estilo,"Hiciste planes con un grupo de amigos para salir a cenar un viernes por la noche. Cuando vienen a recogerte, ves que están vestidos de manera informal, pero tú decidiste disfrazarte un poco y crees que podrían juzgarte. Decides que te gusta lo que llevas puesto y vas a cenar feliz.",N/A,¿Te cambias de ropa por lo que visten tus amigos?,No,,https://drive.google.com/file/d/12vpSXXIvh5O51Xf7jc-cr6cnonOEz7zw/view?usp=sharing,345.jpg,all,
Salud Mental,,,Positive ,Expresándote,"En el trabajo, tu jefe te da la responsabilidad de resolver un problema complicado. Tienes una idea que crees que podría funcionar, pero te preguntas si es demasiado simplista. Mientras consideras compartir tu idea, decides intentarlo.",N/A,¿Compartarás tu idea?,Sí,,https://drive.google.com/file/d/1ZodO1F5ZuiDVjiFxjsv5k2GCuLpQwIRf/view?usp=sharing,75.jpg,all,
Salud Mental,Académicos/Trabajo/Desarrollo Profesional,,Resilience/Negation,Sentado en una reunión,Estás en una reunión importante y necesitas prestar atención. En medio de la reunión te das cuenta de que te has desconectado y no sabes qué está pasando. Piensas que algo debe estar mal contigo.,"Tomas un poco de agua y comienzas a sentirte más despierto, recordando que anoche no dormiste tanto como de costumbre. Decides que simplemente estás cansado.",¿Tu distracción es una señal de que hay algún problema en tu cerebro?,No,,https://drive.google.com/file/d/10fLWhto09ulpTOoQ_oICa06UK6vWzttW/view?usp=sharing,46.jpg,all,
Salud Mental,,,Positive ,siendo padre,"Estás pasando tiempo con tu hija pequeña durante el fin de semana. Tu hija es muy dulce, pero a veces te frustras con ella y te preguntas cómo se llevarán ustedes dos en el futuro. Cuando piensas en tu relación con ella a medida que crece, te visualizas siendo paciente.",N/A,"Cuando piensas en tu hija creciendo, piensas que...",La apoyarás.,Perderás tu paciencia con ella frequentamente.,https://drive.google.com/file/d/1l-0RqRBinZMdVZ2IJnJYWMKbDwph54bS/view?usp=sharing,325.jpg,all,
Salud Mental,Académicos/Trabajo/Desarrollo Profesional,,Positive ,Estar a cargo,"Recientemente fuiste elegido para estar a cargo de un grupo de personas nuevas en tu trabajo. Cuando conoces a otras personas a cargo de grupos, sientes que no trabajaste tan duro como ellos y que no mereces este puesto. Te tomas un minuto para pensar en lo que das a tu trabajo y te das cuenta de que has estado dando todo lo que has podido, y que la gente definitivamente se dio cuenta de esto.",N/A,¿sientes que mereces tu puesto en tu trabajo?,Sí,,https://drive.google.com/file/d/1cCdFnGwW1dNBLOO7cPWVry3DULHFtlcc/view?usp=sharing,92.jpg,all,
Salud Mental,Situaciones Sociales,,Negative,Compartiendo programas favoritos,"Estás hablando con un grupo de compañeros de trabajo sobre programas de televisión. Cuando dices lo que te gusta de un viejo programa que acabas de descubrir, nadie responde. Probablemente piensan que eres raro.",N/A,¿Tus compañeros de trabajo te juzgan por lo que dijiste sobre el programa de televisión?,Sí,,https://drive.google.com/file/d/1opDxSogFwDYpEb5PGw4jTADE96Y2WtG7/view?usp=sharing,346.jpg,all,
Salud Mental,Vida Familiar y Doméstica,,Positive,Atascado en el medio,"Estás en casa leyendo un libro cuando escuchas a miembros de tu hogar peleando. Te preguntas por qué se están gritando el uno al otro, y luego uno de ellos dice tu nombre. Te das cuenta de que la razón por la que están discutiendo probablemente no sea tu culpa. ",N/A,¿Es tu culpa que estén peleando?,No,,https://drive.google.com/file/d/1ftgcSnzMhpFI41H8c5OD_1qoWZWEzBP2/view?usp=sharing,135.jpg,all,
Salud Mental,Situaciones Sociales,,Resilience/Negation,Recuerdo conduciendo,"Estás manejando a la casa de un amigo en el pueblo donde vivías antes. Cuando llegas a la entrada, tienes un fuerte recuerdo de cuando solías visitar esta casa hace muchos años. Empiezas a sentir ansiedad por sentirte desorientado, y decides que lo que harás con estos sentimientos es simplemente dejarlos pasar.",N/A,"Cuando te sientes desorientado, es útil...",simplemente observar y aceptar los sentimientos.,Ponerte ansioso por sentirte desorientado.,https://drive.google.com/file/d/111tmTqhti30waD2ToHBnhDXMWZr6Fiv3/view?usp=sharing,324.jpg,all,
Salud Mental,Académicos/Trabajo/Desarrollo Profesional,,Positive ,Enseñando a otros,"Has sido seleccionado para dirigir una clase de capacitación para nuevos empleados. El líder anterior era muy querido y te preocupa no poder estar a la altura de las expectativas de los demás sobre el curso. Recuerdas que conoces bien el material y cuando piensas en liderar el curso, tienes esperanzas.",N/A,¿Dirigirás bien el curso?,Sí,,https://drive.google.com/file/d/1C5L6fKZvsuJRuh2QnDj4U7_d1_Djs1Rr/view?usp=sharing,39.jpg,all,
Salud Mental,Situaciones Sociales,,Positive,Fiesta con amigos,Estás en una fiesta con algunos amigos y algunos de ellos están haciendo cosas con las que no te sientes cómodo. Decides no participar. Tus amigos piensan que eres normal.,N/A,¿Tus amigos piensan que no eres genial por no participar?,No,,https://drive.google.com/file/d/1ooVd4XP2M8uvAgD3jqy3SN9TjXcZXBCO/view?usp=sharing,347.jpg,all,
Salud Mental,,,Positive ,Confiar en ti mismo,"Estás trabajando en un proyecto con algunos compañeros de trabajo. Le das una idea al grupo, y alguien se ríe y dice que no es buena. Mientras trabajas en el proyecto, piensas que eres inteligente. ",N/A,¿Crees que eres tonto porque cometiste un error?,No,,https://drive.google.com/file/d/1luHbcPLj4BFquei2XFd_e4PgL9z8fBaB/view?usp=sharing,321.jpg,all,
Salud Mental,,,Write Your Own,Write Your Own,,,,,,,,write your own,
Salud Mental,,,Write Your Own,Write Your Own,,,,,,,,write your own,
Salud Mental,,,Write Your Own,Write Your Own,,,,,,,,write your own,
Salud Mental,,,Positive ,Nuevo atuendo,"Te pones un traje nuevo por la mañana antes de partir por el día. A mitad del día, notas que te sientes un poco diferente con este nuevo conjunto. Te encanta este sentimiento y estás feliz de haber elegido usar el atuendo.",,¿Estás contento con el nuevo atuendo que elegiste?,Sí,,https://drive.google.com/file/d/1Tj_Fffv-Mc7x6_jQoPut_j9SUCcoydah/view?usp=sharing,348.jpg,1,
Salud Mental,Académicos/Trabajo/Desarrollo Profesional,,Positive,Despertándote listo,"Cuando estás terminando un proyecto a medianoche, te das cuenta de que todavía te quedan un par de tareas. Planeas levantarte un poco temprano para terminarlas antes de la fecha límite importante a las 9 a.m. Mientras pones la alarma y piensas en tu plan, tienes confianza.",,¿Estás ancioso sobre tu plan de terminar tus tareas en la mañana?,No,,https://drive.google.com/file/d/1C9qzCVMZ7rrXL8Njc7rKFEyQWGercs6i/view?usp=sharing,100.jpg,1,
Salud Mental,Académicos/Trabajo/Desarrollo Profesional,,Negative,No sentirte preparado,"En el trabajo, tu jefe les pide a todos que levanten la mano si han oído hablar de una técnica de trabajo. Cuando miras a tu alrededor, notas que la mayoría de tus compañeros de trabajo tienen la mano levantada, pero tú no. Esto te hace sentir como si no estuvieses preparado para hacer el trabajo.",N/A,¿Tus compañeros están más prepaados que ti?,Sí,,https://drive.google.com/file/d/143F_jObaBvG1l77hgZir8HruiOBT9qcV/view?usp=sharing,124.jpg,1,
Salud Mental,Situaciones Sociales,,Positive,Probando un dicho divertido,Estás intentando pensar en un cierre para un correo que enviarás a tus compañeros de trabajo. Se te ocurre un chiste que a tus amigos más cercanos les encantará. Tus compañeros de trabajo lo encontrarán gracioso.,N/A,¿Te preocupa lo que pensarán tus compañeros acerca de tu chiste?,No,,https://drive.google.com/file/d/1828HR7oyHuDJpNFSn5JmLlYAZ24vA7x7/view?usp=sharing,342.jpg,1,
Salud Mental,,,Positive ,Práctica de presentación,"Tienes una gran presentación. Temes no poder presentarla con precisión, así que dedicas unas horas del fin de semana para practicar. Le pides a tu amigo que venga a tu casa a ver tu presentación para recibir comentarios. Cuando terminas, tu amigo te dice que hiciste un muy buen trabajo y que te va a ir bien frente a otro grupo. ",N/A,¿Crees que estás bien preparado?,Sí,,https://drive.google.com/file/d/1VHq_c_pitRRiOT_VNDOFpOt_UvMiKJgv/view?usp=sharing,349.jpg,1,
Salud Mental,Salud Física,,Resilience/Negation,Nadando vueltas,Es domingo por la mañana y estás nadando en la piscina. Después de un par de vueltas te quedas sin aliento y decides descansar un minuto al final del carril. Respirar con dificultad te hace sentir ansioso y quieres parar de nadar.,"Decides que puedes tolerar estas sensaciones, y sigues nadando.",¿Seguiste haciendo ejercicio a pesar de sentirte ansioso?,Sí,,https://drive.google.com/file/d/1VALnSYTdN8clzOrVZO4oEh1vWMUO7WgK/view?usp=sharing,350.jpg,1,
Salud Mental,Relaciones Románticas,,Positive,Comparándote con otros,"Recientemente, tu pareja mencionó que encuentra atractiva a cierta celebridad. Esta celebridad no se parece en nada a ti, y te preguntas si tu pareja ha cambiado sus preferencias desde el comienzo de su relación. Piensas que aún se siente atraída a ti.",N/A,¿Tu pareja se siente atraída a ti?,Sí,No,https://drive.google.com/file/d/1qYR_sw_sAKU_sUueHbH0iJ5hWVTrmZeX/view?usp=sharing,188.jpg,1,
Salud Mental,Académicos/Trabajo/Desarrollo Profesional,,Positive ,Resultados de la evaluación,El tiempo para las evaluaciones del trabajo acaba de cerrar y no estás seguro de si saliste bien o no. Te sientes nervioso al pensar en cómo te calificaron otras personas. Piensas que estar nervioso es manejable.,N/A,¿Puedes tolerar tus nervios mientras esperas saber tus resultados?,Sí,,https://drive.google.com/file/d/1wsTsWXkjfok0Sn3yNthn2D51nUUgPfAo/view?usp=sharing,72.jpg,1,
Salud Mental,,,Resilience/Negation,Sensación de noche,"Es medianoche y te despiertas abruptamente. Cuando te sientas, te sientes raro, como si tu mente no estuviera funcionando correctamente y empiezas a pensar que podrías estar volviéndote loco. Este pensamiento te asusta y, mientras te reacuestas, decides que simplemente lo observarás.",N/A,¿Necesitas luchar contra tus sentimientos extraños para que tu ansiedad desaparezca?,No,,https://drive.google.com/file/d/1xOEaZdmjhMa1dZKtjfWM5xagfKuFXOER/view?usp=sharing,318.jpg,1,
Salud Mental,,,Positive ,Saliendo de noche,Estás alistándote para salir por la noche. Te das cuenta de que tienes una espinilla en la mejilla. Te sientes guapo.,N/A,¿Crees que te ves bien?,Sí,,https://drive.google.com/file/d/1iG9en_nfEYbr4NEkFMt3-xoAIldZBgYQ/view?usp=sharing,351.jpg,1,
Salud Mental,,,Positive ,Cancelar con amigos,"Recientemente te has sentido agotado y cancelaste los planes que hiciste con tus amigos. Tus amigos expresan frustración, diciendo que planearon esto hace mucho tiempo y querían verte. Piensas que has tomado la mejor decisión para ti mismo. ",N/A,¿Te alegras de haber cancelado tus planes de descansar?,Sí,,https://drive.google.com/file/d/1WuPmRt-VoQfR_ZkT1nzIhMKeljNVUJMz/view?usp=sharing,174.jpg,1,
Salud Mental,Vida Familiar y Doméstica,,Positive ,Puerta con seguro,"Una mañana sales de tu casa y comienzas a dirigirte al trabajo. Unos 10 minutos después de salir, te preguntas si recordaste cerrar la puerta de tu casa. A medida que continúas con tu viaje, confías en ti mismo y te sientes relajado.",N/A,Durante el resto del camino te sientes...,Tranquilo y relajado cuando llegas al trabajo.,Preocupado de que hayas dejado la puerta de tu casa sin seguro.,https://drive.google.com/file/d/1L06ap5ra_s6MnwpMX2bIkWHmxWYaUpYT/view?usp=sharing,157.jpg,1,
Salud Mental,,,Positive ,Sentirse entumecido,"Has estado lidiando con algunas situaciones estresantes recientemente. Estás reflexionando sobre las últimas semanas y te das cuenta de que no has estado muy emocional, lo que te hace pensar que te has vuelto insensible. Recuerdas que lo has sobrellevado bien y probablemente simplemente has mantenido tus emociones estables.",N/A,¿Estás deprimido?,No,,https://drive.google.com/file/d/1lb5unRFMzlCZwR4qVYPDwPXdw7evicTa/view?usp=sharing,327.jpg,1,
Salud Mental,Salud Física,,Negative,Dolor de estómago,Has estado nervioso por una próxima evaluación en el trabajo. El día de la evaluación notas que te duele el estómago. Piensas que el dolor de estómago probablemente se deba a la ansiedad.,N/A,¿El dolor de estómago se debe a la ansiedad?,Sí,No,https://drive.google.com/file/d/1rbCs8iZS6b3LtSyDCOMcEXH8GAlOt4qZ/view?usp=sharing,352.jpg,1,
Salud Mental,Académicos/Trabajo/Desarrollo Profesional,,Positive ,Trabajo inacabado,"Tuviste un día muy ocupado y no pudiste realizar todas tus tareas. En la cena, tu pareja habla orgullosamente de cómo terminó todo lo que tenía en la lista de tareas pendientes. Al pensar en si podrás completar tu trabajo mañana, te sientes seguro.",N/A,¿Podrás hacer todo?,Sí,,https://drive.google.com/file/d/1XUJUmJyqOQBx5b6nraIfLuK3CHwUNri0/view?usp=sharing,68.jpg,1,
Salud Mental,Académicos/Trabajo/Desarrollo Profesional,Salud Física,Resilience/Negation,Fuera de tu control,"Estás a punto de hacer tu primera entrevista en línea para una importante promoción. Haces clic en el enlace cuando es hora de unirte a la reunión, pero tu conexión a internet se corta. Piensas que los entrevistadores podrían asumir que llegaste tarde y sientes náusea.","Después de un minuto, tu conexión a internet vuelve. Inicias sesión de nuevo y te das cuenta de que te sientes más seguro.",¿Te sientes enfermo durante el resto de tu entrevista?,No,,https://drive.google.com/file/d/1XSzs9MSKzUi9VEjvSXdG4wuW6OFlE60F/view?usp=sharing,117.jpg,1,
Salud Mental,Académicos/Trabajo/Desarrollo Profesional,,Positive ,Reunión uno a uno,"Hoy tienes una reunión individual con tu intimidante jefe, lo que te pone nervioso. Durante la reunión, pierdes momentáneamente el hilo de tus pensamientos. Después de eso, tu ansiedad es tolerable.",N/A,¿Eres capaz de tolerar tu ansiedad mientras te reúnes con tu jefe?,Sí,,https://drive.google.com/file/d/1XdpsyI2ipYQdebyRJI6icWGBOLJlNXCD/view?usp=sharing,16.jpg,1,
Salud Mental,Vida Familiar y Doméstica,,Resilience/Negation,Nerviosismo de cumpleaños,"Tus amigos están organizando una fiesta de cumpleaños para ti en tu casa. Invitaron a mucha gente que estarán ahí para ti. Cuando piensas en toda la gente que vendrá, te sientes nervioso. ",Recuerdas que todos vienen a celebrarte. Esto te hace sentir emocionado.,¿Estás emocionado por toda la atención que recibirás?,Sí,,https://drive.google.com/file/d/1UoBTJwOaRbMpWrYnOWNPOBzR-axREE4s/view?usp=sharing,148.jpg,1,
Salud Mental,,,Positive ,Expresándote,"En el trabajo, tu jefe te da la responsabilidad de resolver un problema complicado. Tienes una idea que crees que podría funcionar, pero te preguntas si es demasiado simplista. Mientras consideras compartir tu idea, decides intentarlo.",N/A,¿Compartarás tu idea?,Sí,,https://drive.google.com/file/d/1ZodO1F5ZuiDVjiFxjsv5k2GCuLpQwIRf/view?usp=sharing,75.jpg,1,
Salud Mental,,,Positive ,Correo electrónico perspicaz,"Durante una reunión hoy, tienes un pensamiento que consideras realmente acertado. No tuviste la oportunidad de compartirlo en la reunión, pero quieres enviar un correo electrónico al jefe de tu departamento al respecto. Al enviar el correo electrónico, te sientes orgulloso de ti mismo por compartir tus ideas.",N/A,¿Valía la pena compartir tu pensamiento?,Sí,,https://drive.google.com/file/d/1azOE2eRIrdOPl9AdAR61tTkqUFdsq0zB/view?usp=sharing,109.jpg,1,
Salud Mental,Situaciones Sociales,,Positive,Una invitación,"Invitas a tu supervisor a un evento este fin de semana. Eres el único de tus amigos que es cercano a tu supervisor y no estás seguro de cómo te percibirán los demás. Mientras te preparas para el evento, te sientes feliz.",N/A,¿Estás contento de que tu supervisor asista al evento de tu escuela?,Sí,,https://drive.google.com/file/d/1b0lHedBVO7x_rukR1faGc_vfaGCmTSgj/view?usp=sharing,341.jpg,1,
Salud Mental,Académicos/Trabajo/Desarrollo Profesional,,Positive ,Recibir reconocimiento,Recientemente recibiste un ascenso increíble en tu trabajo. De repente sientes que no trabajaste lo suficiente para ganarte la oportunidad. Crees que mereces el ascenso.,N/A,¿Deberías dejar pasar la promoción?,No,,https://drive.google.com/file/d/1azOE2eRIrdOPl9AdAR61tTkqUFdsq0zB/view?usp=sharing,109.jpg,1,
Salud Mental,Situaciones Sociales,,Resilience/Negation,sin aliento,"Corres a una reunión en el trabajo porque crees que podrías llegar tarde. Llegas a tiempo a la sala de reuniones, pero respiras con dificultad y te sientes avergonzado porque la gente te está mirando.",Te recuerdas a ti mismo que es normal necesitar recuperar el aliento después de correr y que la gente sólo te mirará durante unos segundos. Encuentras tu asiento y empiezas a relajarte.,¿Es vergonzoso tener que recuperar el aliento?,No,,https://drive.google.com/file/d/1fK5cnosN9juhwT1bAWSq2FvsfWWj1gyO/view?usp=sharing,353.jpg,1,
Salud Mental,,,Positive ,Expresar tu opinión,"Tus colegas están hablando de un tema actual y te das cuenta de que tienes una opinión diferente a la de ellos. Quieres expresarlo, pero te preocupa que te juzguen. Decides que es mejor ser honesto. ",N/A,¿Deberías evitar añadir a la conversación?,No,,https://drive.google.com/file/d/14E87lNQCbYQYaw2WEZUgqpLVllxzh0qo/view?usp=sharing,197.jpg,1,
Salud Mental,Vida Familiar y Doméstica,,Positive,Tu primer hijo,"Acabas de tener tu primer hijo. Quieres tener una buena relación durante toda la vida de tu hijo, pero te preocupa cometer errores como padre. Cuando tu hijo sea adulto, crees que esa relación será cercana.",N/A,Esperas que la relación con tu hijo adulto sea...,Cariñoso y cercano,Distanciado,https://drive.google.com/file/d/1jHnVJt6AMYU6KRQP6IKFjUXh3Cp1J9b0/view?usp=sharing,137.jpg,1,
Salud Mental,,,Positive ,Clima lluvioso,"Te despiertas, miras por la ventana y ves que afuera está lluvioso y sombrío. Te quedas dentro todo el día y, al recordarlo después, te das cuenta de que la mayor parte del tiempo te sentiste triste por ello. Decides que probablemente fue porque no pudiste salir.",N/A,¿La tristeza de hoy va a durar para siempre?,No,,https://drive.google.com/file/d/1UejoAZIzw5j2-fZDO54rqRL0ITIi4iOf/view?usp=sharing,332.jpg,1,
Salud Mental,Académicos/Trabajo/Desarrollo Profesional,,Resilience/Negation,Sentado en una reunión,Estás en una reunión importante y necesitas prestar atención. En medio de la reunión te das cuenta de que te has desconectado y no sabes qué está pasando. Piensas que algo debe estar mal contigo.,"Tomas un poco de agua y comienzas a sentirte más despierto, recordando que anoche no dormiste tanto como de costumbre. Decides que simplemente estás cansado.",¿Tu distracción es una señal de que hay algún problema en tu cerebro?,No,,https://drive.google.com/file/d/10fLWhto09ulpTOoQ_oICa06UK6vWzttW/view?usp=sharing,46.jpg,1,
Salud Mental,,,Positive ,Enfrentando a un amigo,"En una conversación con un amigo, te dice algo un poco ofensivo y no parece darse cuenta de que te hizo sentir incómodo. Lo confrontas sobre su comentario y por qué fue ofensivo, y en ese momento te preocupas de que estará enojado contigo. Cuando responde, te agradece por tu comunicación y te pide disculpas. ",N/A,¿Estás orgulloso de haberte comunicado con tu amigo?,Sí,,https://drive.google.com/file/d/1Vg9pDOIb4D_9uk_FU-PN67RDhh3URJqT/view?usp=sharing,354.jpg,1,
Salud Mental,Académicos/Trabajo/Desarrollo Profesional,,Negative,Revisando tu trabajo,"Te han llamado para una evaluación de desempeño con tu jefe. En general, haces un buen trabajo, pero sabes que tu jefe ha notado algunos errores recientemente. Mientras te preparas para la revisión, piensas que tu reunión probablemente se centrará en tus defectos.",N/A,"Crees que durante tu evaluación de desempeño, es probable que su jefe diga...","""¡Estos errores son simplemente inaceptables en este momento!""","""Todavía estoy muy contento con el trabajo que has estado haciendo"".",https://drive.google.com/file/d/1EAYPVHFKPfUOp3vNgYgsrQGqdKFYW-a8/view?usp=sharing,49.jpg,1,
Salud Mental,Salud Física,,Positive ,Revisión física anual,"Estás recibiendo tu revisión médica anual. Después de un examen inicial, tu médico indica que algo parece inusual y dice que necesitarán obtener una segunda opinión. Cuando se trata de manejar tu ansiedad mientras esperas en la sala de examen, eres capaz.",N/A,¿Eres capaz de manejar tu ansiedad mientras esperas al doctor?,Sí,,https://drive.google.com/file/d/1gfUANnECP3LDzTjUtm_9lBpdAe3s4Xyw/view?usp=sharing,355.jpg,1,
Salud Mental,Situaciones Sociales,,Positive,Redes sociales,"Mientras te desplazas por tus redes sociales, ves una foto de todos tus amigos pasándolo bien en una llamada de video. No te invitaron a pasar el rato con ellos en línea. Lo piensas y decides que puedes sobrellevar tus sentimientos.",N/A,¿Puedes manejar que a veces tus amigos pasan tiempo sin ti?,Sí,,https://drive.google.com/file/d/1C2a62EXZZgDQ05jLqV6S9eO4NUs2R1SU/view?usp=sharing,356.jpg,2,
Salud Mental,Relaciones Románticas,,Resilience/Negation,Amigos en las relaciones,Todos tus amigos están en relaciones. Actualmente no estás en una relación y te preguntas si hay algo malo en ti. Piensas que eres indeseable.,"Después de un tiempo, te das cuenta de que es muy normal no estar en una relación. Piensas que disfrutas estar soltero y que la persona adecuada aparecerá cuando estés listo. ",¿Eres capaz de estar en una relación?,Sí,No,https://drive.google.com/file/d/1u-_r0tB9RIGlIUC3K6ifS1cUbgd25kEk/view?usp=sharing,228.jpg,2,
Salud Mental,Académicos/Trabajo/Desarrollo Profesional,,Positive ,Estar a cargo,"Recientemente fuiste elegido para estar a cargo de un grupo de personas nuevas en tu trabajo. Cuando conoces a otras personas a cargo de grupos, sientes que no trabajaste tan duro como ellos y que no mereces este puesto. Te tomas un minuto para pensar en lo que das a tu trabajo y te das cuenta de que has estado dando todo lo que has podido, y la gente definitivamente se dio cuenta de esto.",N/A,¿sientes que mereces tu puesto en tu trabajo?,Sí,,https://drive.google.com/file/d/1cCdFnGwW1dNBLOO7cPWVry3DULHFtlcc/view?usp=sharing,92.jpg,2,
Salud Mental,Relaciones Románticas,,Negative,Una nueva relación,"Llevas un tiempo con tu pareja y todavía te gusta mucho. Recientemente, tu pareja no ha expresado mucha adoración hacia ti y te preguntas si todavía te ama tanto como tú la amas. Crees que ya no te ama.",N/A,¿Tu pareja todavía te ama?,No,Sí,https://drive.google.com/file/d/1VIJYeImFMUm7Aaacnct7HyxaOYy72Mq6/view?usp=sharing,193.jpg,2,
Salud Mental,Académicos/Trabajo/Desarrollo Profesional,,Positive,Tomar un descanso,"Has estado muy ocupado los últimos meses, y no has tenido mucho tiempo libre. Finalmente tienes la oportunidad de descansar, pero te sientes culpable de tomar un descanso en lugar de completar el trabajo. Crees que mereces relajarte. ",N/A,¿Deberías hacer tu trabajo ahora mismo?,No,,https://drive.google.com/file/d/1OSRDlUvXTNnwLZlxsji3kxnfVjWLAKmD/view?usp=sharing,81.jpg,2,
Salud Mental,,,Positive ,Obteniendo ayuda,"Estos últimos meses, te has sentido muy deprimido y no has estado disfrutando de tus actividades normales. Te preguntas si tratamiento funcionaría para ti, pero te sientes desanimado. A medida que piensas más en buscar ayuda, crees que te ayudaría a sentirte mejor.",N/A,¿Buscar ayuda te ayudará sentir mejor?,Sí,,https://drive.google.com/file/d/1UBORN__WOk3N5lP4X-qA_lwYYhlyyYqS/view?usp=sharing,11.jpg,2,
Salud Mental,Salud Física,,Resilience/Negation,Día caluroso,"Regresando a casa en un día muy caluroso, te tomas un vaso grande de agua rápidamente. Pronto te sientes anormalmente lleno y un poco enfermo del estómago.",N/A,Respondes a la sensación en tu estómago...,Observando las sensaciones sin hacer nada.,Entrando en pánico por las sensaciones y llamando a una ambulancia.,https://drive.google.com/file/d/1zIU7R9B0aDdb2iU_AHp4YbObnLDAts0M/view?usp=sharing,336.jpg,2,
Salud Mental,,,Positive ,Participación en las redes sociales,"Publicas una foto tuya en las redes sociales en la que sientes que te ves muy bien. Después de un par de días, ves que has recibido muy pocas gustas y comentarios. Todavía te sientes seguro en la foto a pesar de tu participación en las redes sociales.",N/A,¿Te ves bien en la foto que publicaste?,Sí,,https://drive.google.com/file/d/1x6YtYEy6hdyz4-M5McGewICI16YWjtav/view?usp=sharing,357.jpg,2,
Salud Mental,Académicos/Trabajo/Desarrollo Profesional,,Positive ,Sentirse ansioso,"Tienes una gran presentación pendiente. Cuando piensas en pararte frente de gente y hablar, te sientes ansioso. Crees que esto probablemente sea temporal.",N/A,¿siempre sentirás ansiedad?,No,,https://drive.google.com/file/d/1FcB5CvXNaJdV8qJE0nz1NN6MVKPtk2zJ/view?usp=sharing,76.jpg,2,
Salud Mental,Situaciones Sociales,,Positive,Tiempo para ti mismo,"Tu parte favorita del día es relajarte antes de cenar. Cuando empiezas a preparar la cena, te das cuenta de que has estado comiendo solo últimamente, y te sientes triste. Decides que estás bien con este hecho, ya que te da tiempo para reflexionar sobre tu día.",N/A,¿Estás bién con comer solo?,Sí,,https://drive.google.com/file/d/18ON-daCCgtQApC9SVxzPUIsZEHK2kZJK/view?usp=sharing,149.jpg,2,
Salud Mental,Académicos/Trabajo/Desarrollo Profesional,,Positive ,Quedando atrás,"Recientemente comenzaste un nuevo trabajo. Mientras trabajas, parece que todos los que te rodean saben lo que están haciendo, pero tú aún estás confundido. Crees que esto se debe a que todavía estás aprendiendo y pronto te darás cuenta.",N/A,¿Mejorarás en tu trabajo?,Sí,,https://drive.google.com/file/d/1V3qcOIHvtf7LmQss0ruGtHPfIMlyIauX/view?usp=sharing,21.jpg,2,
Salud Mental,,,Positive ,Tu propio estilo,"Hiciste planes con un grupo de amigos para salir a cenar un viernes por la noche. Cuando vienen a recogerte, ves que están vestidos de manera informal, pero tú decidiste disfrazarte un poco y crees que podrían juzgarte. Decides que te gusta lo que llevas puesto y vas a cenar feliz.",N/A,¿Te cambias de ropa por lo que visten tus amigos?,No,,https://drive.google.com/file/d/12vpSXXIvh5O51Xf7jc-cr6cnonOEz7zw/view?usp=sharing,345.jpg,2,
Salud Mental,Académicos/Trabajo/Desarrollo Profesional,,Positive,Trabajo placentero,"Tú y algunos compañeros de trabajo recibieron tareas adicionales para completar antes de que termine la semana, y han estado trabajando mucho. Escuchaste a tus compañeros diciendo que sería ""una locura"" disfrutar del trabajo adicional. Piensas en lo productivo que te hace sentir trabajar tan duro y te sientes feliz.",N/A,¿Tienes ganas de completar las tareas adicionales?,Sí,,https://drive.google.com/file/d/18Nfhp9FuaS1pKc7jTO3hXT4vzg-FI7Db/view?usp=sharing,118.jpg,2,
Salud Mental,Académicos/Trabajo/Desarrollo Profesional,,Positive,Trabajando para salir adelante,"Te acaban de dar un trabajo en una oficina que realmente admiras. Para finalmente recibir el ascenso que deseas, sabes que tendrás que trabajar muy duro durante varios años y el resultado es incierto. Cuando imaginas tu probable puesto en la empresa en el futuro, esperas que te den el trabajo que deseas.",N/A,Piensas que eres...,Capable de hacer el trabajao neccesario para obtener el trabajor que quieres.,Incapable de obtener la posición que quieres.,https://drive.google.com/file/d/1iFL-df-zgCCAJLsGw8Thh-FkkGSlVrbM/view?usp=sharing,23.jpg,2,
Salud Mental,Académicos/Trabajo/Desarrollo Profesional,,Resilience/Negation,Trabajando para salir adelante,"Te acaban de dar un trabajo en una oficina que realmente admiras. Para finalmente recibir el ascenso que deseas, sabes que tendrás que trabajar muy duro durante varios años y el resultado es incierto.","Cuando imaginas tu probable puesto en la empresa en el futuro, no te ves siendo pasado por alto y esperas que te den el trabajo que deseas.",¿Esperas conseguir eventualmente el trabajo que deseas?,Sí,No,https://drive.google.com/file/d/1iFL-df-zgCCAJLsGw8Thh-FkkGSlVrbM/view?usp=sharing,23.jpg,2,
Salud Mental,Académicos/Trabajo/Desarrollo Profesional,,Positive ,Pensando en preguntas,"Estás en una charla sobre un tema complicado que te emociona mucho. Tienes muchas ideas sobre el tema, pero sientes que las preguntas que hacen los demás son más inteligentes que las tuyas. Piensas en cómo todos probablemente se ponen nerviosos al hablar también, y sabes que no están allí para juzgar.",N/A,¿Las preguntas de los demás son mejores que las tuyas?,No,,https://drive.google.com/file/d/1ZRX4djV0jNJx45cG7BKsaEWYgTgDJGha/view?usp=sharing,89.jpg,2,
Salud Mental,,,Negative ,siendo padre,"Estás pasando tiempo con tu hija pequeña durante el fin de semana. Tu hija es muy dulce, pero a veces te frustras con ella y te preguntas cómo se llevarán ustedes dos en el futuro. Cuando piensas en tu relación con ella a medida que crece, te visualizas sintiéndote frustrado.",N/A,"Pensando en tu futura relación con tu hija, te visualizas...",sintiéndote estresado por ella.,Teniendo una relación amorosa con ella.,https://drive.google.com/file/d/1l-0RqRBinZMdVZ2IJnJYWMKbDwph54bS/view?usp=sharing,325.jpg,2,
Salud Mental,Relaciones Románticas,,Positive,Comparándote con otros,"Recientemente, tu pareja mencionó que encuentra atractiva a cierta celebridad. Esta celebridad no se parece en nada a ti, y te preguntas si tu pareja ha cambiado sus preferencias desde el comienzo de su relación. Piensas que aún está atraída a ti.",N/A,¿Tu pareja se siente atraída a ti?,Sí,No,https://drive.google.com/file/d/1qYR_sw_sAKU_sUueHbH0iJ5hWVTrmZeX/view?usp=sharing,188.jpg,2,
Salud Mental,Situaciones Sociales,,Resilience/Negation,Compartir con alguien nuevo,"Estás hablando con un compañero de trabajo sobre una presentación en la que estás trabajando y parece que está muy interesado. El compañero pide verla, y  tú estás de acuerdo. Antes de mostrarle las diapositivas, lo miras y te sientes bien. ",N/A,¿Te preocupa lo que tu compañero de trabajo piensa de tu presentación?,No,,https://drive.google.com/file/d/1SmdvO4_afqmXobG3NQT5vu5VjsopwX8r/view?usp=sharing,358.jpg,2,
Salud Mental,,,Positive ,Pensando en volar,Estás viendo un programa de televisión sobre personas que viajan a otros países. La idea de volar en avión te hace sentir ansioso. Crees que podrás lidiar con tu ansiedad con éxito.,N/A,¿Eres capaz de tolerar tus sentimientos de ansiedad por los aviones?,Sí,,https://drive.google.com/file/d/1wnxiRUTD_wAP7gp1JGI-BwXD0_dNvvjq/view?usp=sharing,319.jpg,2,
Salud Mental,Situaciones Sociales,,Positive ,Planes para el fin de semana,"Es viernes y escuchas a unos compañeros de trabajo hablando sobre sus planes para el fin de semana. No tienes nada planeado, y sientes que no eres lo suficientemente sociable para estar al nivel de tus compañeros. Cuando imaginas relajarte después de una semana difícil de trabajo, te sientes satisfecho.",N/A,¿Tienes que ser más social?,No,,https://drive.google.com/file/d/13ZH_IEWc7TBZAJNIPDnJW3vs_q7opGcv/view?usp=sharing,359.jpg,2,
Salud Mental,Académicos/Trabajo/Desarrollo Profesional,,Negative,No sentirte preparado,"En el trabajo, tu jefe les pide a todos que levanten la mano si han oído hablar de una técnica de trabajo. Cuando miras a tu alrededor, notas que la mayoría de tus compañeros de trabajo tienen la mano levantada, pero tú no. Esto te hace sentir como si no estuvieras preparado para hacer el trabajo.",N/A,¿Tus compañeros están más prepaados que ti?,Sí,,https://drive.google.com/file/d/143F_jObaBvG1l77hgZir8HruiOBT9qcV/view?usp=sharing,124.jpg,2,
Salud Mental,Académicos/Trabajo/Desarrollo Profesional,,Positive,Expectativas diferentes,"Buscas en línea si te seleccionaron para un aumento y ves que no lo hicieron, a pesar de que esperabas que sí. Piensas en lo que esto significará para tu futuro y sabes que todo estará bien.",N/A,¿Habrán consecuencias terribles por no obtener este aumento?,No,,https://drive.google.com/file/d/1XSzs9MSKzUi9VEjvSXdG4wuW6OFlE60F/view?usp=sharing,117.jpg,2,
Salud Mental,Salud Física,,Resilience/Negation,Sentirse mareado,"Has estado trabajando duro todo el día y no has comido mucho. Al levantarte de tu escritorio, te sientes mareado y débil, y esto te preocupa un poco.",Decides prestar atención a las sensaciones sin juzgarlas como buenas o malas. Esto reduce tu preocupación y te hace sentir más tranquilo.,¿Disminuirá tu ansiedad si observas tus sensaciones sin juzgar?,Sí,,https://drive.google.com/file/d/1DivZOcoKB52Y-av9UMmPiIogDTLacT_W/view?usp=sharing,360.jpg,2,
Salud Mental,Académicos/Trabajo/Desarrollo Profesional,,Positive,Gestión de responsabilidades,"Has empezado a hacer voluntariado en una organización local y te ha costado manejarlo junto con el trabajo. Uno de los líderes voluntarios te pregunta si estarías dispuesto a ayudarla con un proyecto fuera de tus responsabilidades habituales y te preocupa que se decepcione si dices que no. Después de pensarlo, le dices que no puedes ayudar con este proyecto debido al trabajo, pero que estás dispuesto a ayudar en el siguiente.",N/A,¿Está bien rechazar responsabilidad adicional?,Sí,,https://drive.google.com/file/d/1mnjPZpYIVahZEm1gr4Zu9gKZfMCjl2Tk/view?usp=sharing,45.jpg,2,
Salud Mental,Académicos/Trabajo/Desarrollo Profesional,,Positive,Tomar un descanso,"Has estado muy ocupado los últimos meses, y no has tenido mucho tiempo libre. Finalmente tienes la oportunidad de descansar, pero te sientes culpable de tomar un descanso en lugar de completar el trabajo. Crees que mereces relajarte. ",N/A,¿Deberías hacer tu trabajo ahora mismo?,No,,https://drive.google.com/file/d/1OSRDlUvXTNnwLZlxsji3kxnfVjWLAKmD/view?usp=sharing,81.jpg,2,
Salud Mental,,,Positive ,Tus habilidades con los bolos,"Llevas varios años jugando a los bolos en una liga recreativa con algunos amigos. Has mejorado desde que empezaste, pero aún no eres tan hábil como te gustaría ser. Cuando piensas en ti mismo en los años que vienen, ves que tus habilidades con los bolos podrían ser mejores.",N/A,Crees que a medida que sigas jugando a los bolos...,Eventualmente te convertirás en un jugador de bolos fuerte.,Nunca te convertirás en un buen jugador de bolos.,https://drive.google.com/file/d/1oSLgkDZVNtoSTo-1lqoKPGD_AvvZLCdO/view?usp=sharing,322.jpg,2,
Salud Mental,Académicos/Trabajo/Desarrollo Profesional,,Resilience/Negation,Una presentación importante,"Tu jefe está viendo tu presentación en tu reunión de hoy. Durante la presentación, tropiezas mucho con tus palabras. Te sientes derrotado.  ","Mientras te sientes molesto, te das cuenta de que es natural cometer errores. Piensas que tu jefe no se acordará. ",¿Está bien que hayas cometido un error frente a tu jefe?,Sí,,https://drive.google.com/file/d/1pQHZTO39FaMtxe96k3wQ-bwUufBsPYvC/view?usp=sharing,64.jpg,2,
Salud Mental,,,Positive ,Obteniendo ayuda,"Estos últimos meses, te has sentido muy deprimido y no has estado disfrutando de tus actividades normales. Te preguntas si tratamiento funcionaría para ti, pero te sientes desanimado. A medida que piensas más en buscar ayuda, crees que te ayudaría a sentirte mejor.",N/A,¿Buscar ayuda te ayudará sentir mejor?,Sí,,https://drive.google.com/file/d/1UBORN__WOk3N5lP4X-qA_lwYYhlyyYqS/view?usp=sharing,11.jpg,2,
Salud Mental,,,Positive ,Deprimido,"Has tenido una semana ocupada y estresante. Generalmente estás feliz, pero te has sentido aburrido y triste durante los últimos días. Recuerdas que es normal tener algunos días difíciles.",N/A,Te sientes normal?,Sí,,https://drive.google.com/file/d/1Idh86DIZlODfTEChHpLTlFGu9oVwjF82/view?usp=sharing,48.jpg,2,
Salud Mental,Salud Física,,Positive,Boca seca,Has sentido la boca seca durante unos días. Esto es algo que no has sentido antes. La probabilidad de que la boca seca signifique un problema de salud grave es baja.,N/A,¿Tu boca seca indica que estás enfermo?,No,,https://drive.google.com/file/d/1eG4x0HMf4jIlTARyW3hf9EE8Q_PSqHPE/view?usp=sharing,337.jpg,all,
Salud Mental,Académicos/Trabajo/Desarrollo Profesional,,Resilience/Negation,Revisando tu trabajo,"Te han llamado para una evaluación de desempeño con tu jefe. En general, haces un buen trabajo, pero sabes que tu jefe ha notado algunos errores recientemente.",N/A,¿Crees que tu jefe se centrará principalmente en tus puntos fuertes durante tu evaluación de desempeño?,Sí,No,https://drive.google.com/file/d/1EAYPVHFKPfUOp3vNgYgsrQGqdKFYW-a8/view?usp=sharing,49.jpg,all,
Salud Mental,Académicos/Trabajo/Desarrollo Profesional,,Positive ,Estar a cargo,"Recientemente fuiste elegido para estar a cargo de un grupo de personas nuevas en tu trabajo. Cuando conoces a otras personas a cargo de grupos, sientes que no trabajaste tan duro como ellos y que no mereces este puesto. Te tomas un minuto para pensar en lo que das a tu trabajo y te das cuenta de que has estado dando todo lo que has podido, y la gente definitivamente se dio cuenta de esto.",N/A,¿sientes que mereces tu puesto en tu trabajo?,Sí,,https://drive.google.com/file/d/1cCdFnGwW1dNBLOO7cPWVry3DULHFtlcc/view?usp=sharing,92.jpg,all,
Salud Mental,Vida Familiar y Doméstica,,Positive ,Conducción segura,"Tu amigo es un buen conductor, pero hoy está lloviendo fuertemente. Está conduciendo muy rápido, así que le pides que reduzca la velocidad. Respiras profundamente, porque las posibilidades de sufrir un accidente son pequeñas. ",N/A,¿Es probable que tengan un accidente?,No,,https://drive.google.com/file/d/1siRWDkC3QgQSt2td67hTE3dcGn8ujdRo/view?usp=sharing,164.jpg,all,
Salud Mental,Vida Familiar y Doméstica,,Negative,Yendo de vacaciones,"Te vas de vacaciones por unos días. Decides verificar nuevamente que todos los electrodomésticos de tu casa estén apagados. Al cerrar la puerta de tu casa, te sientes nervioso.",N/A,¿Estás preocupado por si apagaste todo en la casa?,Sí,,https://drive.google.com/file/d/11L0gcPPltGMNDtkc_O6wRZAj_WWsbX7o/view?usp=sharing,142.jpg,all,
Salud Mental,Académicos/Trabajo/Desarrollo Profesional,,Positive ,Presentación de tu trabajo,"Has estado trabajando duro todo el año en un proyecto y tu jefe de departamento te ha invitado a hablar de ello en un evento. Muchos de tus amigos y compañeros de trabajo estarán allí, y no crees que tu trabajo sea suficiente para impresionarlos. Piensas que tu jefe de departamento te invitó por una razón y tu trabajo vale la pena ver. ",N/A,¿Impresionará tu trabajo a la gente en el evento?,Sí,,https://drive.google.com/file/d/16uno5Nefcm3awk1lVSEJ8eocgzjkR5B0/view?usp=sharing,88.jpg,all,
Salud Mental,,,Resilience/Negation,Tus habilidades con los bolos,"Llevas varios años jugando a los bolos en una liga recreativa con algunos amigos. Has mejorado desde que empezaste, pero aún no eres tan hábil como te gustaría ser.","Cuando piensas en ti mismo en los años que vienen, no crees que tus habilidades para jugar a los bolos se hayan estancado y las consideras fuertes.",¿Crees que acabarás jugando a los bolos a un alto nivel?,Sí,No,https://drive.google.com/file/d/1oSLgkDZVNtoSTo-1lqoKPGD_AvvZLCdO/view?usp=sharing,322.jpg,all,
Salud Mental,Situaciones Sociales,,Positive ,Foto con amigos,"Tú y tu amigo tomaron algunas fotos juntos. Ves que te etiquetaron en una publicación y realmente no te gusta cómo te ves, pero sabes que a largo plazo no importará.",N/A,¿Te preocupa tu apariencia en la foto publicada?,No,,https://drive.google.com/file/d/1NvTM1g3vx1Kut8y_4vvBJo79qKHzUztk/view?usp=sharing,330.jpg,all,
Salud Mental,Académicos/Trabajo/Desarrollo Profesional,,Positive,Trabajando para salir adelante,"Te acaban de dar un trabajo en una oficina que realmente admiras. Para finalmente recibir el ascenso que deseas, sabes que tendrás que trabajar muy duro durante varios años y el resultado es incierto. Cuando imaginas tu probable puesto en la empresa en el futuro, esperas que se te otorgue el trabajo que deseas.",N/A,Piensas que eres...,Capable de hacer el trabajo necesario para obtener el trabajo que quieres.,Incapaz de obtener la posición que quieres.,https://drive.google.com/file/d/1iFL-df-zgCCAJLsGw8Thh-FkkGSlVrbM/view?usp=sharing,23.jpg,all,
Salud Mental,,,Positive,Mensajes de texto honestos,"Obtuviste el número de alguien de una aplicación de citas y le has estado enviando mensajes de texto por algunos días. No te sientes muy interesado en ellos, pero hoy te envían un mensaje de texto diciendo que están muy interesados en ti y que quieren encontrarse para una cita y te preocupa que se enojen si rechazas su oferta. Decides ser sincero acerca de no sentir lo mismo y decirles que no ves que tu relación se desarrolle mucho. ",N/A,¿Estás contento con tu respuesta?,Sí,No ,https://drive.google.com/file/d/1XmEF3Y_EVn1lonn_hWKIbtSjgRFn_dbg/view?usp=sharing,333.jpg,all,
Salud Mental,Académicos/Trabajo/Desarrollo Profesional,,Positive ,Aplicando a trabajos,"Aplicaste a un trabajo hace algunas semanas y acabas de recibir una respuesta. Te dicen que ya llenaron el puesto y sientes que no eres lo suficientemente inteligente. Aun así, crees que en el futuro conseguirás un trabajo.",N/A,¿Te ofrecerán otro trabajo en el futuro?,Sí,,https://drive.google.com/file/d/12wCJ5Ffbo2FQWJoyCCjGdJUCGOFpqs8y/view?usp=sharing,114.jpg,all,
Salud Mental,,,Positive ,Tu propio estilo,"Hiciste planes con un grupo de amigos para salir a cenar un viernes por la noche. Cuando vienen a recogerte, ves que están vestidos de manera informal, pero tú decidiste disfrazarte un poco y crees que podrían juzgarte. Decides que te gusta lo que llevas puesto y vas a cenar feliz.",N/A,¿Te cambias de ropa solo porque tus amigos visten diferente?,No,,https://drive.google.com/file/d/12vpSXXIvh5O51Xf7jc-cr6cnonOEz7zw/view?usp=sharing,345.jpg,all,
Salud Mental,Académicos/Trabajo/Desarrollo Profesional,,Negative ,Manejando tareas,"Has estado muy ocupado estos últimos meses y no has tenido tiempo para trabajar en tu propio desarrollo profesional. Uno de tus colegas también está muy ocupado, y sin embargo, recibió un ascenso. Esto te hace sentir como un fracaso.",N/A,¿Deberías estar trabajando más duro?,Sí,,https://drive.google.com/file/d/1oLL_xLzI-U5_qMJYXQBLx1YoawU0rB1s/view?usp=sharing,122.jpg,all,
Salud Mental,Académicos/Trabajo/Desarrollo Profesional,,Positive,Usando tecnología diferente,"Recientemente reemplazaste tu computadora portátil y tuviste que elegir una opción más económica. Ahora, tu jefe te ha pedido que completes un proyecto que necesita una aplicación que tu nueva computadora no tiene. Aun así, cuando piensas en el trabajo, te sientes capaz de hacerlo.",N/A,¿Te sientes capaz de completar el trabajo de este proyecto?,Sí,,https://drive.google.com/file/d/1GCrKOzwl1UC_Ekj6ZbzSSgZLWAASM60G/view?usp=sharing,69.jpg,all,
Salud Mental,,,Resilience/Negation,Nuevo estilo,"Vas de compras a tu tienda de ropa favorita. Ves un conjunto que te encanta, pero no crees que sea adecuado para tu tipo de cuerpo. Después de conseguirlo y probártelo, decides comprarlo, aunque no sea algo que suelas usar.","Después de luchar contigo mismo en el vestidor, te sientes seguro y quieres ponertelo para salir, así que compras el nuevo conjunto.",¿Estás emocionado de usar tu conjunto nuevo para una fiesta?,Sí,,https://drive.google.com/file/d/1JigHUpLu2fn945h0hTvVgiO8e2TV0Uue/view?usp=sharing,361.jpg,all,
Salud Mental,,,Positive ,Sentirse entumecido,"Has estado lidiando con algunas situaciones estresantes recientemente. Estás reflexionando sobre las últimas semanas y te das cuenta de que no has estado muy emocional, lo que te hace pensar que te has vuelto insensible. Recuerdas que lo has sobrellevado bien y probablemente simplemente has mantenido sus emociones estables.",N/A,¿Estás deprimido?,No,,https://drive.google.com/file/d/1lb5unRFMzlCZwR4qVYPDwPXdw7evicTa/view?usp=sharing,327.jpg,all,
Salud Mental,Situaciones Sociales,,Positive,Un comentario grosero,"Publicas una foto en la que te sientes muy seguro de ti mismo. Al volver a revisar los comentarios, ves uno muy grosero. Respiras profundo y decides no dejar que te afecte.",N/A,¿Te molesta mucho el comentario grosero en tu publicación?,No,,https://drive.google.com/file/d/1RkgHCc_BENHGzRjkp5-Y-7TvU7m58if8/view?usp=sharing,334.jpg,all,
Salud Mental,Académicos/Trabajo/Desarrollo Profesional,,Resilience/Negation,Trabajando para salir adelante,"Te acaban de dar un trabajo en una oficina que realmente admiras. Para finalmente recibir el ascenso que deseas, sabes que tendrás que trabajar muy duro durante varios años y el resultado es incierto.","Cuando imaginas tu probable puesto en la empresa en el futuro, no te ves siendo pasado por alto y esperas que te den el trabajo que deseas.",¿Esperas conseguir eventualmente el trabajo que deseas?,Sí,No,https://drive.google.com/file/d/1iFL-df-zgCCAJLsGw8Thh-FkkGSlVrbM/view?usp=sharing,23.jpg,all,
Salud Mental,Académicos/Trabajo/Desarrollo Profesional,,Positive ,Puerta cerrada,"Llegas a casa del trabajo un viernes por la noche y te preguntas si has cerrado la puerta de la oficina. Normalmente cierras la puerta con llave, pero todavía te sientes ansioso sin saberlo con seguridad. Tu fin de semana fuera de la oficina será agradable.",N/A,Durante el fin de semana vas a...,Descansar y pasar tiempo con amigos o familiares.,Preocúparte por si cerraste la puerta con llave.,https://drive.google.com/file/d/1qii6Tw7lK46f_BUds8kymQOtUEDhZqjV/view?usp=sharing,6.jpg,all,
Salud Mental,Vida Familiar y Doméstica,,Positive,Opiniones opuestas,"Tu familia tiene opiniones firmes con las que no siempre estás de acuerdo. Al escucharlos hablar, sientes que eres muy diferente a ellos, pero también que está bien tener tus propios puntos de vista.",N/A,¿Está bien tener puntos de vista diferentes a los de tu familia?,Sí,,https://drive.google.com/file/d/1z-OZ5Wr0EatO5q1bpsB0G3Xv11wj5Z46/view?usp=sharing,155.jpg,all,
Salud Mental,Situaciones Sociales,,Positive,Invitar gente,"Notas que tu casa es más pequeña y no tan espaciosa como las casas de otras personas que conoces. Tus compañeros de trabajo nunca han estado en tu casa, pero quieren venir. Crees que si visitan tu hogar serán respetuosos.",N/A,¿Tus compañeros de trabajo juzgarán tu casa?,No,,https://drive.google.com/file/d/1cta4lpPhoahfL1nlRrl3fYCs86bhsNjd/view?usp=sharing,344.jpg,all,
Salud Mental,Académicos/Trabajo/Desarrollo Profesional,,Positive ,Trabajo inacabado,"Tuviste un día muy ocupado y no pudiste realizar todas sus tareas. En la cena, tu pareja habla orgullosamente de cómo terminó todo lo que tenía en la lista de tareas pendientes. Al pensar en si podrás completar tu trabajo mañana, te sientes seguro.",N/A,¿Podrás hacer todo?,Sí,,https://drive.google.com/file/d/1XUJUmJyqOQBx5b6nraIfLuK3CHwUNri0/view?usp=sharing,68.jpg,all,
Salud Mental,,,Resilience/Negation,Pensamientos intrusivos,Recientemente has notado que estás teniendo pensamientos intrusivos. Estos pensamientos te están molestando y no puedes creer que estés pensando en cosas tan horribles. Sientes que te estás volviendo loco.,"Después de un tiempo, te das cuenta de que son solo pensamientos y que no significan nada sobre ti como persona. Piensas que no te estás volviendo loco y que eres una buena persona.",¿Eres una mala persona?,No,,https://drive.google.com/file/d/1lb5unRFMzlCZwR4qVYPDwPXdw7evicTa/view?usp=sharing,327.jpg,all,
Salud Mental,Relaciones Románticas,,Positive ,Día especial,"Tienes planeada una cena con alguien con quien querías pasar un tiempo. El día de la cena, te sientes un poco nervioso y te preguntas si les agradarás tanto como a ti. Sentirse nervioso es normal.",N/A,Probablemente te sientes nervioso porque ...,Nunca has salido con esta persona antes.,Eres desagradable.,https://drive.google.com/file/d/1Yyi1e6BqxjDWtVu76Gq09Tb21smvhClb/view?usp=sharing,191.jpg,all,
Salud Mental,Relaciones Románticas,,Resilience/Negation,Darte a conocer,"Vas a almorzar con un amigo nuevo. Tú y tu amigo tuvieron una conversación muy buena y te hicieron algunas preguntas que te hacen sentir vulnerable. Si llegan a conocer tu ""verdadero yo"", crees que te van a juzgar.","Decides abrirte y compartir, y ellos hacen lo mismo. Mientras hablas, te sientes entendido. ",¿Tu amigo te juzgó negativamente?,No,Sí,https://drive.google.com/file/d/175t4xW0IN99gRfCfKY3yXEMDERREEH5-/view?usp=sharing,215.jpg,all,
Salud Mental,Vida Familiar y Doméstica,,Positive ,Hablando sobre vivienda,"Estás pasando tiempo con un nuevo grupo de personas y todos están hablando de sus situaciones de vivienda. Quieres participar, pero aún estás buscando un lugar para establecerte y sientes que vas atrasado en experiencias de vida. Piensas que todavía tienes mucho tiempo.",N/A,¿Resolverás lo de la vivienda?,Sí,,https://drive.google.com/file/d/13C46DCNwa01dfLqreKVRIq8Gnv03aKQI/view?usp=sharing,166.jpg,all,
Salud Mental,Vida Familiar y Doméstica,,Positive ,Opiniones sobre la terapia,Has estado yendo a terapia últimamente. No se lo has contado a tu familia porque han expresado opiniones negativas sobre la terapia en el pasado. Crees que esta vez te apoyarán.,N/A,¿Aceptará tu familia que vayas a terapia?,Sí,,https://drive.google.com/file/d/1oOjp17AzniUmJnuYe-gQ8IiWi4W8RJ71/view?usp=sharing,167.jpg,all,
Salud Mental,Finanzas,Académicos/Trabajo/Desarrollo Profesional,Negative,Solicitar una subvención,"Quieres iniciar un nuevo proyecto de investigación en tu laboratorio, por lo que has solicitado una subvención de financiación. Sin esta financiación, no podrás llevar a cabo la investigación que esperas realizar, pero no estás seguro de si tu propuesta es lo suficientemente buena. Crees que no obtendrás la financiación.",N/A,¿Eres capaz de hacer esta investigación?,No,,https://drive.google.com/file/d/1pcE3PZPJyiJCNCdBP0DGVbumVNri-Bev/view?usp=sharing,53.jpg,all,
Salud Mental,,,Positive ,Comentarios de publicaciones de Instagram,Acabas de recibir un reconocimiento por un proyecto en el que trabajaste. Solo has recibido felicitaciones de unas pocas personas y pensabas que habría más reacciones. Te preguntas si la gente no te felicita porque está ocupada.,N/A,¿La gente no te felicita porque cree que no lo mereces?,No,,https://drive.google.com/file/d/1L1p8TyeiPTeDnfjsltL5yYI2aKvNNO9w/view?usp=sharing,338.jpg,all,
Salud Mental,,,Positive ,Decidir compartir una imagen,Acabas de recibir un reconocimiento por un proyecto en el que trabajaste. Solo has recibido felicitaciones de unas pocas personas y pensabas que habría más reacciones. Te preguntas si la gente no te felicita porque está ocupada.,N/A,¿Tus compañeros de trabajo piensan que es extraño que envíes correos electrónicos dos días seguidos?,No,,https://drive.google.com/file/d/1Ev1HphDd6ARyBxl2_PUoyWxWlfAh9n7F/view?usp=sharing,362.jpg,all,
Salud Mental,,,Write Your Own,Write Your Own,,,,,,,,write your own,
Salud Mental,,,Write Your Own,Write Your Own,,,,,,,,write your own,
Salud Mental,,,Write Your Own,Write Your Own,,,,,,,,write your own,
Salud Mental,Académicos/Trabajo/Desarrollo Profesional,,Positive,Expectativas diferentes,"Buscas en línea si te seleccionaron para un aumento y ves que no lo hicieron, a pesar de que esperabas que así fuera. Piensas en lo que esto significará para tu futuro y sabes que todo estará bien.",N/A,¿Habrán consecuencias terribles por no obtener este aumento?,No,,https://drive.google.com/file/d/1XSzs9MSKzUi9VEjvSXdG4wuW6OFlE60F/view?usp=sharing,117.jpg,1,
Salud Mental,Salud Física,,Resilience/Negation,Preocupaciones por el ritmo cardíaco,"Estás en un evento y comienzas a hablar con algunos conocidos. A medida que la sala se llena, sientes que tu corazón late rápidamente. Piensas que esto podría significar que algo está mal y te sientes asustado.","Cuando el evento se vuelve más ruidoso a medida que llega más gente, consideras irte, pero decides que puedes manejar estos sentimientos y seguir socializando.",Cuando tu corazón comenzó a latir muy rápido...,Manejaste tu ansiedad y te quedaste.,Te fuiste debido a tu ansiedad.,https://drive.google.com/file/d/1cTKQhk1Gcvsa36S3yS-5EU4WtbW56xaQ/view?usp=sharing,363.jpg,1,
Salud Mental,,,Positive ,Participación en las redes sociales,"Publicas una foto tuya en las redes sociales en la que sientes que te ves muy bien. Después de un par de días, ves que has recibido muy pocos me gusta y comentarios. Todavía te sientes seguro con la foto, a pesar de la poca interacción en las redes sociales.",N/A,¿Te ves bien en la foto que publicaste?,Sí,,https://drive.google.com/file/d/1x6YtYEy6hdyz4-M5McGewICI16YWjtav/view?usp=sharing,357.jpg,1,
Salud Mental,Académicos/Trabajo/Desarrollo Profesional,,Positive ,Enseñando a otros,"Has sido seleccionado para dirigir una clase de capacitación para nuevos empleados. El líder anterior era muy querido y te preocupa no poder estar a la altura de las expectativas de los demás con respecto al curso. Recuerdas que conoces bien el material y, cuando piensas en liderar el curso, te sientes esperanzado.",N/A,¿Dirigirás bien el curso?,Sí,,https://drive.google.com/file/d/1C5L6fKZvsuJRuh2QnDj4U7_d1_Djs1Rr/view?usp=sharing,39.jpg,1,
Salud Mental,,,Positive ,Práctica de presentación,"Tienes una gran presentación. Temes no poder presentarla con precisión, así que dedicas unas horas del fin de semana a practicar. Le pides a tu amigo que venga a tu casa a ver tu presentación y darte comentarios. Cuando terminas, tu amigo te dice que hiciste un muy buen trabajo y que te irá bien frente a otro grupo.",N/A,¿Crees que estás bien preparado?,Sí,,https://drive.google.com/file/d/1VHq_c_pitRRiOT_VNDOFpOt_UvMiKJgv/view?usp=sharing,349.jpg,1,
Salud Mental,Situaciones Sociales,,Negative,Compartiendo programas favoritos,"Estás hablando con un grupo de compañeros de trabajo sobre programas de televisión. Cuando dices lo que te gusta de un viejo programa que acabas de descubrir, nadie responde. Probablemente piensan que eres raro.",N/A,¿Tus compañeros de trabajo te juzgan por lo que dijiste sobre el programa de televisión?,Sí,,https://drive.google.com/file/d/1opDxSogFwDYpEb5PGw4jTADE96Y2WtG7/view?usp=sharing,346.jpg,1,
Salud Mental,,,Positive ,Nuevo atuendo,"Te pones un traje nuevo por la mañana antes de salir de casa. A mitad del día, notas que te sientes un poco diferente con este nuevo conjunto. Te encanta esa sensación y estás feliz de haber elegido usar ese atuendo.",N/A,¿Estás contento con el nuevo atuendo que elegiste?,Sí,,https://drive.google.com/file/d/1Tj_Fffv-Mc7x6_jQoPut_j9SUCcoydah/view?usp=sharing,348.jpg,1,
Salud Mental,Académicos/Trabajo/Desarrollo Profesional,,Positive,Lograr tus objetivos,"Te gustaría postularte para un puesto más alto en tu trabajo y mejorar tus habilidades. Sabes que el proceso de selección es riguroso, pero sientes mucha pasión por lograr este objetivo y has trabajado duro para convertirte en un buen empleado. Sientes que tus posibilidades de conseguir este nuevo trabajo son razonables.",N/A,¿Crees que tu solicitud?,te coloca en una buena posición para conseguir este nuevo trabajo.,No será lo suficientemente bueno para conseguirte el trabajo.,https://drive.google.com/file/d/1igxjPun_TKPF2PxPdmtEwR3nqhrDFVFZ/view?usp=sharing,71.jpg,1,
Salud Mental,Finanzas,,Resilience/Negation,Cena cara,Tus amigos quieren salir a celebrar el cumpleaños de uno de ellos. Eligen comer en un restaurante caro que está fuera de tu rango de precios. Te sientes como un mal amigo porque no puedes permitirte ir.,Decides hablar con tus amigos al respecto. Son muy comprensivos y eligen un lugar más asequible para comer. Te sientes orgulloso de defenderte.,¿Eres un buen amigo?,Sí,,https://drive.google.com/file/d/1AaIWHmvou3Sgfp-66NqegxPqt6lA-9SY/view?usp=sharing,261.jpg,1,
Salud Mental,Situaciones Sociales,,Positive,Probando un dicho divertido,Estás intentando pensar en un cierre para un correo que enviarás a tus compañeros de trabajo. Se te ocurre un chiste que a tus amigos más cercanos les encantará. Crees que tus compañeros de trabajo también lo encontrarán gracioso.,N/A,¿Te preocupa lo que pensarán tus compañeros acerca de tu chiste?,No,,https://drive.google.com/file/d/1828HR7oyHuDJpNFSn5JmLlYAZ24vA7x7/view?usp=sharing,342.jpg,1,
Salud Mental,,,Positive ,Correo electrónico perspicaz,"Durante una reunión hoy, tienes un pensamiento que consideras realmente perspicaz. No tuviste la oportunidad de mencionarlo en la reunión, pero quieres enviar un correo electrónico al jefe de tu departamento al respecto. Al enviar el correo electrónico, te sientes orgulloso de ti mismo por compartir tus ideas.",N/A,¿Valía la pena compartir tu pensamiento?,Sí,,https://drive.google.com/file/d/1azOE2eRIrdOPl9AdAR61tTkqUFdsq0zB/view?usp=sharing,109.jpg,1,
Salud Mental,Salud Física,,Resilience/Negation,Larga caminata afuera,Hace frío afuera y sales a caminar para calmar tu mente. Tus manos empiezan a temblar y tu corazón late rápidamente mientras subes una cuesta. Sientes miedo.,Recuerdas que es la primera vez en unas semanas que caminas una distancia larga. Probablemente sientes que el latido de tu corazón se acelera debido a la cuesta.,¿Tu latido de corazón rápido significa que algo malo está pasando?,No,Sí,https://drive.google.com/file/d/1lcMOCr0PYGVo5UIUZXEXzXL0JU5_MIgg/view?usp=sharing,364.jpg,1,
Salud Mental,Salud Física,,Positive,Resultados de análisis de sangre,"En tu última cita con el médico, tu doctor te hizo unos análisis de sangre. Te dijo que te darán los resultados en unos días, y te sientes nervioso mientras los esperas. Crees que tus nervios son manejables.",N/A,¿Tus nervios son insoportables mientras esperas tus resultados?,No,,https://drive.google.com/file/d/1op21VnIDCX_kpphMiw4zXhVcpVx_Znwn/view?usp=sharing,328.jpg,1,
Salud Mental,Académicos/Trabajo/Desarrollo Profesional,,Positive ,Presentación de tu trabajo,"Has estado trabajando duro todo el año en un proyecto y tu jefe de departamento te ha invitado a hablar de él en un evento. Muchos de tus amigos y compañeros de trabajo estarán allí, y no crees que tu trabajo sea suficiente para impresionarlos. Piensas que tu jefe de departamento te invitó por una razón y que tu trabajo vale la pena ver.",,¿Impresionará tu trabajo a la gente en el evento?,Sí,,https://drive.google.com/file/d/16uno5Nefcm3awk1lVSEJ8eocgzjkR5B0/view?usp=sharing,88.jpg,1,
Salud Mental,Académicos/Trabajo/Desarrollo Profesional,,Negative,Correo electrónico importante,"Hoy recibirás un correo electrónico que te informará si recibiste un ascenso. Tienes que esperar unas horas hasta recibir el correo. Cuando piensas en esperar tanto tiempo, te sientes miserable.",N/A,¿Te sientes bien teniendo que esperar el correo electrónico?,No,,https://drive.google.com/file/d/1p8eW_KLXFYr5TmnLnDsSXpM0xUI6bJ61/view?usp=sharing,41.jpg,1,
Salud Mental,Situaciones Sociales,,Positive ,Temprano en la mañana,Acabas de empezar en un nuevo trabajo y unos amigos del trabajo quieren llevarte a una fiesta esta noche. Les haces saber que tienes que levantarte temprano mañana por la mañana para un evento importante y que no puedes ir con ellos y parecen decepcionados. Crees que tus nuevos amigos respetarán tu decisión de anteponer tus necesidades.,N/A,¿Tus amigos te juzgan por no salir con ellos?,No,,https://drive.google.com/file/d/1Zc-4xffN0v0XdDSXW-x1NAACedZAqgXQ/view?usp=sharing,340.jpg,1,
Salud Mental,,,Positive ,Participación en las redes sociales,"Publicas una foto tuya en las redes sociales en la que sientes que te ves muy bien. Después de un par de días, ves que has recibido muy pocos me gusta y comentarios. Todavía te sientes seguro con la foto, a pesar de la poca interacción en las redes sociales.",N/A,¿Te ves bien en la foto que publicaste?,Sí,,https://drive.google.com/file/d/1x6YtYEy6hdyz4-M5McGewICI16YWjtav/view?usp=sharing,357.jpg,1,
Salud Mental,,,Resilience/Negation,Nuevo estilo,"Vas de compras a tu tienda de ropa favorita. Ves un conjunto que te encanta, pero no crees que sea adecuado para tu tipo de cuerpo. Después de conseguirlo y probártelo, decides comprarlo, aunque no sea algo que uses normalmente.","Después de luchar contigo mismo en el vestidor, te sientes seguro y quieres ponertelo para salir, así que compras el nuevo conjunto.",¿Estás emocionado de usar tu conjunto nuevo para una fiesta?,Sí,,https://drive.google.com/file/d/1JigHUpLu2fn945h0hTvVgiO8e2TV0Uue/view?usp=sharing,361.jpg,1,
Salud Mental,Situaciones Sociales,,Positive,Tu nueva publicación,"Acabas de publicar una nueva foto hace una hora. Cuando compruebas cuántos me gusta ha recibido, ves que a nadie le ha gustado todavía. Es tarde en la noche, lo que significa que todos están durmiendo.",N/A,¿La gente ignoró tu publicación?,No,,https://drive.google.com/file/d/1TU-vDyoLAB5--Mx4gvO5P_0Cu9AVyDqC/view?usp=sharing,365.jpg,1,
Salud Mental,,,Positive ,Práctica de presentación,"Tienes una gran presentación. Temes no poder presentarla con precisión, así que dedicas unas horas del fin de semana a practicar. Le pides a tu amigo que venga a tu casa a ver tu presentación y darte comentarios. Cuando terminas, tu amigo te dice que hiciste un muy buen trabajo y que te irá bien frente a otro grupo.",N/A,¿Crees que estás bien preparado?,Sí,,https://drive.google.com/file/d/1VHq_c_pitRRiOT_VNDOFpOt_UvMiKJgv/view?usp=sharing,349.jpg,1,
Salud Mental,Académicos/Trabajo/Desarrollo Profesional,,Positive,Revisando tu trabajo,"Te han llamado para una evaluación de desempeño con tu jefe. En general, haces un buen trabajo, pero sabes que tu jefe ha notado algunos errores recientemente. Mientras te preparas para la revisión, piensas que tu reunión probablemente se centrará en tus defectos.",N/A,Es probable que su jefe sienta que...,La mayor parte de tu trabajo ha sido de muy alta calidad.,Tus errores han sido graves e inaceptables.,https://drive.google.com/file/d/1EAYPVHFKPfUOp3vNgYgsrQGqdKFYW-a8/view?usp=sharing,49.jpg,1,
Salud Mental,Situaciones Sociales,,Resilience/Negation,sin aliento,"Corres a una reunión en el trabajo porque crees que podrías llegar tarde. Llegas a tiempo a la sala de reuniones, pero respiras con dificultad y te sientes avergonzado porque la gente te está mirando.",Te recuerdas a ti mismo que es normal necesitar recuperar el aliento después de correr y que la gente sólo te mirará durante unos segundos. Encuentras tu asiento y empiezas a relajarte.,¿Es vergonzoso tener que recuperar el aliento?,No,,https://drive.google.com/file/d/1fK5cnosN9juhwT1bAWSq2FvsfWWj1gyO/view?usp=sharing,353.jpg,1,
Salud Mental,,,Positive ,Tus habilidades con los bolos,"Llevas varios años jugando a los bolos en una liga recreativa con algunos amigos. Has mejorado desde que empezaste, pero aún no eres tan hábil como te gustaría ser. Cuando piensas en ti mismo en los años venideros, imaginas que tus habilidades con los bolos seguirán siendo decepcionantes.",N/A,Crees que a medida que sigas jugando a los bolos...,Eventualmente te convertirás en un jugador de bolos fuerte.,Nunca te convertirás en un buen jugador de bolos.,https://drive.google.com/file/d/1oSLgkDZVNtoSTo-1lqoKPGD_AvvZLCdO/view?usp=sharing,322.jpg,1,
Salud Mental,Académicos/Trabajo/Desarrollo Profesional,,Negative,Trabajando para salir adelante,"Te acaban de dar un trabajo en una oficina que realmente admiras. Para finalmente recibir el ascenso que deseas, sabes que tendrás que trabajar muy duro durante varios años y el resultado es incierto. Cuando imaginas tu probable puesto en la empresa en el futuro, esperas que se te otorgue el trabajo que deseas.",N/A,El future que te ves para ti mismo es...,Estar en el puesto por debajo de la que siempre has soñado.,Tener el puesto que siempre has querido en la oficina que admiras.,https://drive.google.com/file/d/1iFL-df-zgCCAJLsGw8Thh-FkkGSlVrbM/view?usp=sharing,23.jpg,1,
Salud Mental,,,Positive ,Expresándote,"En el trabajo, tu jefe te da la responsabilidad de resolver un problema complicado. Tienes una idea que crees que podría funcionar, pero te preguntas si es demasiado simple. Mientras consideras compartir tu idea, decides intentarlo.",N/A,¿Compartarás tu idea?,Sí,,https://drive.google.com/file/d/1ZodO1F5ZuiDVjiFxjsv5k2GCuLpQwIRf/view?usp=sharing,75.jpg,1,
Salud Mental,Académicos/Trabajo/Desarrollo Profesional,,Resilience/Negation,Proyecto eliminado,"Tienes que entregar un proyecto importante hoy. Cuando abres tu computadora, no puedes encontrar el archivo en ninguna parte. El proyecto debe haber sido eliminado.",Respiras hondo y decides contarle a tu jefe lo sucedido. Tú te sientes bien.,¿Estás ansioso porque tu proyecto fue borrado?,No,,https://drive.google.com/file/d/1GCrKOzwl1UC_Ekj6ZbzSSgZLWAASM60G/view?usp=sharing,69.jpg,1,
Salud Mental,,,Positive ,Pensamientos acelerados,"Estás planeando un evento por el cual estás extremadamente emocionado. Mientras piensas en lo que necesitas hacer para que el evento sea un éxito, sientes que tus pensamientos se aceleran. Esto te resulta útil.",N/A,¿Lo encuentras útil cuando tus pensamientos parecen acelerarse?,Sí,,https://drive.google.com/file/d/1SaSOZb7CwqBWSZLgiDR8Hhold_NOYHAx/view?usp=sharing,314.jpg,1,
Salud Mental,,,Positive,Mensajes de texto honestos,"Obtuviste el número de alguien de una aplicación de citas y le has estado enviando mensajes de texto por algunos días. No te sientes muy interesado en ellos, pero hoy te envían un mensaje diciendo que están muy interesados en ti y que quieren encontrarse para una cita, y te preocupa que se enojen si rechazas su oferta. Decides ser sincero acerca de no sentir lo mismo y decirles que no ves que tu relación se desarrolle mucho.",N/A,¿Estás contento con tu respuesta?,Sí,,https://drive.google.com/file/d/1XmEF3Y_EVn1lonn_hWKIbtSjgRFn_dbg/view?usp=sharing,333.jpg,1,
Salud Mental,Académicos/Trabajo/Desarrollo Profesional,,Positive ,Sentirse ansioso,"Tienes una gran presentación pendiente. Cuando piensas en pararte frente a la gente y hablar, te sientes ansioso. Crees que esto probablemente sea temporal.",N/A,¿siempre sentirás ansiedad?,No,,https://drive.google.com/file/d/1FcB5CvXNaJdV8qJE0nz1NN6MVKPtk2zJ/view?usp=sharing,76.jpg,1,
Salud Mental,Académicos/Trabajo/Desarrollo Profesional,,Positive ,Comparar su trabajo con el de otros,"Recientemente recibiste comentarios negativos sobre una presentación. Tu colega, que hizo una presentación similar, recibió comentarios maravillosos. Crees que tu próxima presentación será mejor.",N/A,¿Puedes mejorar tu presentación?,Sí,,https://drive.google.com/file/d/1ODCFk2IwiLjhCOU7VfcGrDWg9KqnAbY8/view?usp=sharing,90.jpg,1,
Salud Mental,Académicos/Trabajo/Desarrollo Profesional,,Positive,Trabajando para salir adelante,"Te acaban de dar un trabajo en una oficina que realmente admiras. Para finalmente recibir el ascenso que deseas, sabes que tendrás que trabajar muy duro durante varios años y el resultado es incierto. Cuando imaginas tu probable puesto en la empresa en el futuro, esperas que se te otorgue el trabajo que deseas.",N/A,Piensas que eres...,Capable de hacer el trabajao neccesario para obtener el trabajor que quieres.,Incapable de obtener la posición que quieres.,https://drive.google.com/file/d/1iFL-df-zgCCAJLsGw8Thh-FkkGSlVrbM/view?usp=sharing,23.jpg,2,
Salud Mental,Situaciones Sociales,,Positive,Redes sociales,"Mientras te desplazas por tus redes sociales, ves una foto de todos tus amigos pasándola bien en una llamada de video. No te invitaron a pasar el rato con ellos en línea. Lo piensas y decides que puedes sobrellevar tus sentimientos.",N/A,¿Puedes manejar que a veces tus amigos pasan tiempo sin ti?,Sí,,https://drive.google.com/file/d/1C2a62EXZZgDQ05jLqV6S9eO4NUs2R1SU/view?usp=sharing,356.jpg,2,
Salud Mental,Situaciones Sociales,,Positive,Una invitación,"Invitas a tu supervisor a un evento este fin de semana. Eres el único de tus amigos que es cercano a tu supervisor y no estás seguro de cómo te percibirán los demás. Mientras te preparas para el evento, te sientes feliz.",N/A,¿Estás contento de que tu supervisor asista al evento de tu escuela?,Sí,,https://drive.google.com/file/d/1b0lHedBVO7x_rukR1faGc_vfaGCmTSgj/view?usp=sharing,341.jpg,2,
Salud Mental,Situaciones Sociales,Académicos/Trabajo/Desarrollo Profesional,Resilience/Negation,Opinión importante,"Terminas una tarea que tienes que entregar la próxima semana y le pides la opinión a tu jefe. Te dice que el trabajo está bien, excepto por una sección incompleta. Sientes que piensan que eres descuidado.","Al final, te das cuenta de que señalaron el error para que pudieras mejorarlo antes de enviarlo. Corriges la sección incompleta y crees que tu jefe piensa que estás aprendiendo.",¿Tu jefe quedó satisfecho con tu progreso?,Sí,,https://drive.google.com/file/d/1sS8e3ZmixCVH2YAFPuVlOAoIhpt-vfWE/view?usp=sharing,58.jpg,2,
Salud Mental,Académicos/Trabajo/Desarrollo Profesional,,Positive ,Recibir reconocimiento,"Recientemente recibiste un ascenso increíble en tu trabajo. De repente sientes que no trabajaste lo suficiente para ganarte la oportunidad. Aun así, crees que mereces el ascenso.",N/A,¿Deberías dejar pasar la promoción?,No,,https://drive.google.com/file/d/1azOE2eRIrdOPl9AdAR61tTkqUFdsq0zB/view?usp=sharing,109.jpg,2,
Salud Mental,Relaciones Románticas,,Resilience/Negation,Amigos en las relaciones,Todos tus amigos están en relaciones. Actualmente no estás en una relación y te preguntas si hay algo malo en ti. Piensas que eres indeseable.,"Después de un tiempo, te das cuenta de que es muy normal no estar en una relación. Piensas que disfrutas estar soltero y que la persona adecuada aparecerá cuando estés listo. ",¿Eres capaz de estar en una relación?,Sí,No,https://drive.google.com/file/d/1u-_r0tB9RIGlIUC3K6ifS1cUbgd25kEk/view?usp=sharing,228.jpg,2,
Salud Mental,Relaciones Románticas,,Positive,Comparándote con otros,"Recientemente, tu pareja mencionó que encuentra atractiva a cierta celebridad. Esta celebridad no se parece en nada a ti, y te preguntas si tu pareja ha cambiado sus preferencias desde el comienzo de su relación. Piensas que aún se siente atraída hacia ti.",N/A,¿Tu pareja se siente atraída a ti?,Sí,No,https://drive.google.com/file/d/1qYR_sw_sAKU_sUueHbH0iJ5hWVTrmZeX/view?usp=sharing,188.jpg,2,
Salud Mental,,,Positive ,Probando comidas diferentes,"Tú y tus colegas están en un restaurante. Mientras todos tus colegas ordenan el mismo plato, tú quieres pedir algo diferente y aventurero, pero te preocupa que piensen que es raro o desagradable. Decides pedir el plato de todos modos y disfrutar de los nuevos sabores.",N/A,¿Deberías evitar probar nuevas comidas porque tus colegas no lo están ordenando?,No,,https://drive.google.com/file/d/1y5rIUOKbw_O6CJD6RvJdikYe1Uav-Ba2/view?usp=sharing,326.jpg,2,
Salud Mental,Relaciones Románticas,,Negative,Una nueva relación,"Llevas un tiempo con tu pareja y todavía te gusta mucho. Recientemente, tu pareja no ha expresado mucha adoración hacia ti y te preguntas si todavía te ama tanto como tú la amas. Crees que ya no le gustas.",N/A,¿Tu pareja todavía te ama?,No,Sí,https://drive.google.com/file/d/1VIJYeImFMUm7Aaacnct7HyxaOYy72Mq6/view?usp=sharing,193.jpg,2,
Salud Mental,Académicos/Trabajo/Desarrollo Profesional,,Positive,Despertándote listo,"Cuando estás terminando un proyecto a medianoche, te das cuenta de que todavía te quedan un par de tareas. Planeas levantarte un poco temprano para terminarlas antes de la fecha límite importante a las 9 a.m. Mientras pones la alarma y piensas en tu plan, te sientes confiado.",N/A,¿Estás ancioso sobre tu plan de terminar tus tareas en la mañana?,No,,https://drive.google.com/file/d/1C9qzCVMZ7rrXL8Njc7rKFEyQWGercs6i/view?usp=sharing,100.jpg,2,
Salud Mental,,,Positive ,Enfrentando a un amigo,"En una conversación con un amigo, dice algo un poco ofensivo y no parece darse cuenta de que te hizo sentir incómodo. Lo confrontas sobre su comentario y por qué fue ofensivo, y en ese momento te preocupa que se enoje contigo. Cuando responde, te agradece por tu comunicación y te pide disculpas.",N/A,¿Estás orgulloso de haberte comunicado con tu amigo?,Sí,,https://drive.google.com/file/d/1Vg9pDOIb4D_9uk_FU-PN67RDhh3URJqT/view?usp=sharing,354.jpg,2,
Salud Mental,,,Positive ,Comentarios de publicaciones de Instagram,Acabas de recibir un reconocimiento por un proyecto en el que trabajaste. Solo has recibido felicitaciones de unas pocas personas y pensabas que habría más reacciones. Te preguntas si la gente no te felicita porque está ocupada.,N/A,¿La gente no te felicita porque cree que no lo mereces?,No,,https://drive.google.com/file/d/1L1p8TyeiPTeDnfjsltL5yYI2aKvNNO9w/view?usp=sharing,338.jpg,2,
Salud Mental,Finanzas,,Resilience/Negation,Cena cara,Tus amigos quieren salir a celebrar el cumpleaños de uno de ellos. Eligen comer en un restaurante caro que está fuera de tu rango de precios. Te sientes como un mal amigo porque no puedes permitirte ir.,Decides hablar con tus amigos al respecto. Son muy comprensivos y eligen un lugar más asequible para comer. Te sientes orgulloso de defenderte.,¿Eres un buen amigo?,Sí,,https://drive.google.com/file/d/1AaIWHmvou3Sgfp-66NqegxPqt6lA-9SY/view?usp=sharing,261.jpg,2,
Salud Mental,,,Positive ,Pensamientos acelerados,"Estás planeando un evento por el cual estás extremadamente emocionado. Mientras piensas en lo que necesitas hacer para que el evento sea un éxito, sientes que tus pensamientos se aceleran. Esto te resulta útil.",N/A,¿Lo encuentras útil cuando tus pensamientos parecen acelerarse?,Sí,,https://drive.google.com/file/d/1SaSOZb7CwqBWSZLgiDR8Hhold_NOYHAx/view?usp=sharing,314.jpg,2,
Salud Mental,Situaciones Sociales,,Positive,Redes sociales,"Mientras te desplazas por tus redes sociales, ves una foto de todos tus amigos pasándola bien en una llamada de video. No te invitaron a pasar el rato con ellos en línea. Lo piensas y decides que puedes sobrellevar tus sentimientos.",N/A,¿Puedes manejar que a veces tus amigos pasan tiempo sin ti?,Sí,,https://drive.google.com/file/d/1C2a62EXZZgDQ05jLqV6S9eO4NUs2R1SU/view?usp=sharing,356.jpg,2,
Salud Mental,Situaciones Sociales,,Resilience/Negation,Compartir con alguien nuevo,"Estás hablando con un compañero de trabajo sobre una presentación en la que estás trabajando y parece que está muy interesado. Te pregunta si puede verla, y tú estás de acuerdo. Antes de enviárselas las diapositivas, la revisas y te sientes bien.",N/A,¿Te preocupa lo que tu compañero de trabajo piensa de tu presentación?,No,,https://drive.google.com/file/d/1SmdvO4_afqmXobG3NQT5vu5VjsopwX8r/view?usp=sharing,358.jpg,2,
Salud Mental,Salud Física,,Positive,Resultados de análisis de sangre,"En tu última cita con el médico, tu doctor te hizo unos análisis de sangre. Te dijo que te darán los resultados en unos días y te sientes nervioso mientras los esperas. Crees que tus nervios son manejables.",N/A,¿Tus nervios son insoportables mientras esperas tus resultados?,No,,https://drive.google.com/file/d/1op21VnIDCX_kpphMiw4zXhVcpVx_Znwn/view?usp=sharing,328.jpg,2,
Salud Mental,Situaciones Sociales,,Positive,Planes para el fin de semana,"Es viernes y escuchas a unos compañeros de trabajo hablando sobre sus planes para el fin de semana. No tienes nada planeado y sientes que no eres lo suficientemente sociable para estar al nivel de tus compañeros. Cuando imaginas relajarte después de una semana difícil de trabajo, te sientes satisfecho.",N/A,¿Tienes que ser más social?,No,,https://drive.google.com/file/d/13ZH_IEWc7TBZAJNIPDnJW3vs_q7opGcv/view?usp=sharing,359.jpg,2,
Salud Mental,,,Negative ,Corte de pelo,"Hoy te van a tomar fotos de personal y te cortaste el pelo para la ocasión. No salió como querías. Cuando piensas en que otros verán tu nuevo corte de pelo en las fotos, te sientes avergonzado.",N/A,¿Los demás te va a juzgar cuando ven tu corte de pelo en la foto?,Sí,,https://drive.google.com/file/d/1hJ5jSFgD9p0YWah_M35D5-XX1eWGMlRm/view?usp=sharing,315.jpg,2,
Salud Mental,Situaciones Sociales,,Positive ,Aceptando elogios,"Durante el fin de semana, pasaste tiempo con algunos viejos amigos. Les contaste sobre el trabajo que estás haciendo y hacen comentarios sobre lo inteligente que debes ser, pero tú no consideras que el trabajo sea tan especial. De todos modos, te permites sentirte orgulloso de lo que estás haciendo.",N/A,¿Te sientes orgulloso del trabajo que estás haciendo?,Sí,,https://drive.google.com/file/d/1RZKgj6SgXHvcTwD5hi3tDnL24akXydT0/view?usp=sharing,335.jpg,2,
Salud Mental,Situaciones Sociales,,Positive ,Broma interna,Publicas un video corto. Tu mejor amigo comenta algo realmente vergonzoso. Tus seguidores pensarán que tú y tu amigo son muy cercanos.,N/A,¿Otros te juzgan por el comentario de tu amigo en tu publicación?,No,,https://drive.google.com/file/d/1828HR7oyHuDJpNFSn5JmLlYAZ24vA7x7/view?usp=sharing,342.jpg,2,
Salud Mental,Vida Familiar y Doméstica,,Negative,Tu primer hijo,"Acabas de tener tu primer hijo. Quieres tener una buena relación durante toda la vida de tu hijo, pero te preocupa cometer errores como padre. Cuando tu hijo sea adulto, crees que la relación será fuerte.",N/A,Crees que hay muchas posibilidades de que cuando su hijo sea adulto...,Ustedes dos casi nunca se verán,Ustedes dos hablarán regularmente.,https://drive.google.com/file/d/1jHnVJt6AMYU6KRQP6IKFjUXh3Cp1J9b0/view?usp=sharing,137.jpg,2,
Salud Mental,Académicos/Trabajo/Desarrollo Profesional,,Positive ,Revisando tus cualificaciones,"Estás en una nueva ciudad y necesitas empezar a solicitar trabajos. Comienzas a revisar los requisitos para los puestos y, aunque has trabajado duro para preparar tu currículum, te preguntas si será suficiente. Piensas en tus logros y sabes que has hecho más que suficiente.",N/A,¿Estás calificado para estos nuevos trabajos?,Sí,,https://drive.google.com/file/d/1pcE3PZPJyiJCNCdBP0DGVbumVNri-Bev/view?usp=sharing,53.jpg,2,
Salud Mental,Académicos/Trabajo/Desarrollo Profesional,,Positive ,Sentirse ansioso,"Tienes una gran presentación pendiente. Cuando piensas en pararte frente a la gente y hablar, te sientes ansioso. Crees que esto probablemente sea temporal.",N/A,¿siempre sentirás ansiedad?,No,,https://drive.google.com/file/d/1FcB5CvXNaJdV8qJE0nz1NN6MVKPtk2zJ/view?usp=sharing,76.jpg,2,
Salud Mental,Académicos/Trabajo/Desarrollo Profesional,,Resilience/Negation,Comprometerse con las actividades,Estabas muy emocionado de regresar a las clases presenciales y decidiste comprometerte con muchas actividades. Te ha resultado difícil cumplir con todas tus responsabilidades y te preocupa estar fallando en todo.,Te das cuenta de que volver a estar en persona es un ajuste y te llevará algún tiempo acostumbrarte al ajetreo de un semestre en persona. Piensas que con todo lo que estás pasando estás haciendo un gran trabajo.,¿Puedes manejar tus responsabilidades?,Sí,,https://drive.google.com/file/d/1XUJUmJyqOQBx5b6nraIfLuK3CHwUNri0/view?usp=sharing,68.jpg,2,
Salud Mental,Académicos/Trabajo/Desarrollo Profesional,,Positive ,Reunión uno a uno,"Hoy tienes una reunión individual con tu jefe, lo que te pone nervioso. Durante la reunión, pierdes momentáneamente el hilo de tus pensamientos. Después de eso, tu ansiedad es tolerable.",N/A,¿Eres capaz de tolerar tu ansiedad mientras te reúnes con tu jefe?,Sí,,https://drive.google.com/file/d/1XdpsyI2ipYQdebyRJI6icWGBOLJlNXCD/view?usp=sharing,16.jpg,2,
Salud Mental,,,Resilience/Negation,Un momento de olvido,"Recordaste que necesitas leche de la tienda, así que de camino a casa te detienes a comprarla. Cuando entras a la tienda, de repente olvidas por qué estás allí, lo que te resulta un poco preocupante. Revisas tu lista de tareas pendientes y decides que aún puedes continuar con tu día con confianza.",N/A,¿Los pensamientos preocupantes le impidieron continuar con tu día?,No,,https://drive.google.com/file/d/1gGksBJBqx0NVoZuQlinZ_8PhY9nCshrZ/view?usp=sharing,331.jpg,2,
Salud Mental,Vida Familiar y Doméstica,,Positive,Opiniones opuestas,"Tu familia tiene opiniones firmes con las que no siempre estás de acuerdo. Al escuchar a tu familia hablar, sientes que eres muy diferente a ellos. Sientes que tener tus propios puntos de vista únicos está bien.",N/A,¿Está bien tener puntos de vista diferentes a los de tu familia?,Sí,,https://drive.google.com/file/d/1z-OZ5Wr0EatO5q1bpsB0G3Xv11wj5Z46/view?usp=sharing,155.jpg,2,
Salud Mental,,,Positive ,Cambio de planes,"Decides aceptar una oferta de trabajo en una oficina diferente. Muchos de tus compañeros de trabajo aún no saben acerca de esta decisión, y te preocupa que se sientan decepcionados al respecto. Piensas que estarán felices de que finalmente estés siguiendo tus pasiones.",N/A,¿Tus compañeros de trabajo estarán decepcionados debido a tu nuevo trabajo?,No,,https://drive.google.com/file/d/15JLTnj5zhDkQ3CWNpfiDS51ykFhKEhI1/view?usp=sharing,323.jpg,2,
Salud Mental,Relaciones Románticas,,Positive ,Día especial,"Tienes planeada una cena con alguien con quien querías pasar un tiempo. El día de la cena, te sientes un poco nervioso y te preguntas si le agradarás tanto como te agrada a ti. Sentirte nervioso es normal.",N/A,Probablemente te sientes nervioso porque ...,Nunca has salido con esta persona antes.,Eres desagradable.,https://drive.google.com/file/d/1Yyi1e6BqxjDWtVu76Gq09Tb21smvhClb/view?usp=sharing,191.jpg,2,
Salud Mental,Académicos/Trabajo/Desarrollo Profesional,,Positive,Usando tecnología diferente,"Recientemente reemplazaste tu computadora portátil y tuviste que optar por una opción más económica. Tu jefe te pide que completes un proyecto que requerirá una aplicación que tu nueva computadora no tiene. Cuando piensas en completar tu trabajo para este proyecto, te sientes capaz.",N/A,¿Te sientes capaz de completar el trabajo de este proyecto?,Sí,,https://drive.google.com/file/d/1GCrKOzwl1UC_Ekj6ZbzSSgZLWAASM60G/view?usp=sharing,69.jpg,all,
Salud Mental,Vida Familiar y Doméstica,,Positive ,Hablando sobre vivienda,"Estás pasando tiempo con un nuevo grupo de personas y todos están hablando de sus situaciones de vivienda. Quieres participar, pero aún estás buscando un lugar para establecerte y sientes que vas atrasado en experiencias de vida. Piensas que todavía tienes mucho tiempo.",N/A,¿Resolverás lo de la vivienda?,Sí,,https://drive.google.com/file/d/13C46DCNwa01dfLqreKVRIq8Gnv03aKQI/view?usp=sharing,166.jpg,all,
Salud Mental,Situaciones Sociales,Relaciones Románticas,Resilience/Negation,Zambullirte,Estás en la piscina local. Está llena y te das cuenta de que mucha gente podrá verte en traje de baño. Piensas en esto y te sientes inseguro.,Recuerdas que estarán concentrados en nadar y que todos los demás también estarán usando trajes de baño. Esto te reconforta.,¿Te sientes bien usando tu traje de baño frente a ellos?,Sí,,https://drive.google.com/file/d/14PpW4hP6WC0D2w8vTG9u7dihy5qj4aKs/view?usp=sharing,207.jpg,all,
Salud Mental,,,Positive ,Reloj favorito,"Estás cenando y te das cuenta de que no tienes puesto tu reloj favorito. No recuerdas habértelo quitado antes, pero piensas que probablemente esté donde siempre lo guardas. Te pones un poco ansioso pensando en dónde está el reloj, pero el resto de tu cena sigue siendo agradable.",N/A,¿Es la cena miserable mientras te preocupas por el reloj?,No,,https://drive.google.com/file/d/1rZmwzVLqwav8NQcIfkgyiLKeBOdqSS-y/view?usp=sharing,320.jpg,all,
Salud Mental,Académicos/Trabajo/Desarrollo Profesional,,Negative,Lograr tus objetivos,"Te gustaría postularte para un puesto más alto en tu trabajo y mejorar tus habilidades. Sabes que el proceso de selección es riguroso, pero sientes mucha pasión por lograr este objetivo y has trabajado duro para convertirte en un buen empleado. Sientes que tus posibilidades de conseguir este nuevo trabajo son razonables.",N/A,Crees que probablemente tu...,No terminaras cumpliendo tus sueños y sentirte decepcionado de dónde terminas.,Consigas el trabajo y avanza aún más en tu carrera.,https://drive.google.com/file/d/1igxjPun_TKPF2PxPdmtEwR3nqhrDFVFZ/view?usp=sharing,71.jpg,all,
Salud Mental,Académicos/Trabajo/Desarrollo Profesional,,Positive ,Respondiendo a preguntas inesperadas,"Estás presentando tu trabajo a un grupo de tus compañeros. Después de tu presentación, alguien te hace una pregunta muy específica a la que no sabes responder y sientes que no estás calificado. Recuerdas que hiciste mucha investigación y que esta pregunta puede simplemente no ser relevante.",N/A,¿Estás calificado para dar tu presentación?,Sí,,https://drive.google.com/file/d/12gcbXlswsM0sW5_Z7DcSBJGr1Bq-2t8t/view?usp=sharing,36.jpg,all,
Salud Mental,Académicos/Trabajo/Desarrollo Profesional,,Positive ,Reunión uno a uno,"Hoy tienes una reunión individual con tu jefe, lo que te pone nervioso. Durante la reunión, pierdes momentáneamente el hilo de tus pensamientos. Después de eso, tu ansiedad es tolerable.",N/A,¿Eres capaz de tolerar tu ansiedad mientras te reúnes con tu jefe?,Sí,,https://drive.google.com/file/d/1XdpsyI2ipYQdebyRJI6icWGBOLJlNXCD/view?usp=sharing,16.jpg,all,
Salud Mental,Relaciones Románticas,,Resilience/Negation,Vaso de agua,"Mientras estás en una cita, accidentalmente derramas un vaso de agua. Te sientes ligeramente avergonzado mientras tu cita te ayuda a limpiar el agua. Cuando todo está seco, sientes que el resto de la cita probablemente saldrá bien.","Al final, piensas en cómo te sentirías si tu cita derramara un vaso de agua. Te das cuenta de que tú, al igual que la mayoría de las personas, probablemente no te importaría y que derramar un vaso de agua probablemente está bien",Tu cita probablemente piensa que tú derramando agua...,No es gran cosa.,significa que eres torpe y descuidado.,https://drive.google.com/file/d/1tZ9kuoAZ89zvrhnrRx_F7Er50cVZfWj7/view?usp=sharing,198.jpg,all,
Salud Mental,,,Positive ,siendo padre,"Estás pasando tiempo con tu hija pequeña durante el fin de semana. Tu hija es muy dulce, pero a veces te frustras con ella y te preguntas cómo se llevarán ustedes dos en el futuro. Cuando piensas en tu relación con ella a medida que crece, te visualizas siendo paciente y comprensivo.",N/A,"Cuando piensas en tu hija creciendo, piensas que...",La apoyarás.,Perderás tu paciencia con ella frequentamente.,https://drive.google.com/file/d/1l-0RqRBinZMdVZ2IJnJYWMKbDwph54bS/view?usp=sharing,325.jpg,all,
Salud Mental,Situaciones Sociales,,Positive ,Club de lectura,"Estás intentando conocer gente nueva y decides unirte a un club de lectura. El libro de la semana es realmente interesante, pero cuando llegas a la reunión, las personas hacen preguntas sobre el libro que parecen más profundas de lo que puedes responder. Recuerdas que también leíste el libro y tienes pensamientos valiosos, al igual que los demás.",N/A,¿Puedes participar en la discusión del club de lectura?,Sí,,https://drive.google.com/file/d/1A1f5i2QjKCaDwo5rm3VkBWBNRDlH60lC/view?usp=sharing,366.jpg,all,
Salud Mental,Vida Familiar y Doméstica,,Positive ,Going to Therapy,Has estado yendo a terapia últimamente. No se lo has contado a tu familia porque han expresado opiniones negativas sobre la terapia en el pasado. Crees que esta vez te apoyarán.,N/A,¿Aceptará tu familia que vayas a terapia?,Sí,,https://drive.google.com/file/d/1oOjp17AzniUmJnuYe-gQ8IiWi4W8RJ71/view?usp=sharing,167.jpg,all,
Salud Mental,Académicos/Trabajo/Desarrollo Profesional,,Resilience/Negation,Proyecto eliminado,"Tienes que entregar un proyecto importante hoy. Cuando abres tu computadora, no puedes encontrar el archivo en ninguna parte. El proyecto debe haberse eliminado.",Respiras hondo y decides contarle a tu jefe lo sucedido. Tú te sientes bien.,¿Estás ansioso porque tu proyecto fue borrado?,No,,https://drive.google.com/file/d/1GCrKOzwl1UC_Ekj6ZbzSSgZLWAASM60G/view?usp=sharing,69.jpg,all,
Salud Mental,Académicos/Trabajo/Desarrollo Profesional,,Positive,Despertándote listo,"Cuando estás terminando un proyecto a medianoche, te das cuenta de que todavía te quedan un par de tareas. Planeas levantarte un poco temprano para terminarlas antes de la fecha límite importante a las 9 a.m. Mientras pones la alarma y piensas en tu plan, te sientes confiado.",N/A,¿Estás ancioso sobre tu plan de terminar tus tareas en la mañana?,No,,https://drive.google.com/file/d/1C9qzCVMZ7rrXL8Njc7rKFEyQWGercs6i/view?usp=sharing,100.jpg,all,
Salud Mental,Salud Física,,Resilience/Negation,Preocupaciones por el ritmo cardíaco,"Estás en un evento y comienzas a hablar con algunos conocidos. A medida que la sala se llena, sientes que tu corazón late rápidamente. Piensas que esto podría significar que algo anda mal y te sientes asustado.","Cuando el evento se vuelve más ruidoso a medida que llega más gente, consideras irte, pero decides que puedes manejar estos sentimientos y seguir socializando.",Cuando tu corazón comenzó a latir muy rápido...,Manejaste tu ansiedad y te quedaste.,Te fuiste debido a tu ansiedad.,https://drive.google.com/file/d/1cTKQhk1Gcvsa36S3yS-5EU4WtbW56xaQ/view?usp=sharing,363.jpg,all,
Salud Mental,,,Positive,Mensajes de texto honestos,"Obtuviste el número de alguien de una aplicación de citas y le has estado enviando mensajes de texto por algunos días. No te sientes muy interesado en esa persona, pero hoy te envían un mensaje diciendo que están muy interesados en ti y que quieren encontrarse para una cita, y te preocupa que se enojen si rechazas su oferta. Decides ser sincero acerca de no sentir lo mismo y decirles que no ves que su relación se desarrolle mucho.",N/A,¿Estás contento con tu respuesta?,Sí,,https://drive.google.com/file/d/1XmEF3Y_EVn1lonn_hWKIbtSjgRFn_dbg/view?usp=sharing,333.jpg,all,
Salud Mental,Académicos/Trabajo/Desarrollo Profesional,,Positive ,Presentación de tu trabajo,"Has estado trabajando duro todo el año en un proyecto y tu jefe de departamento te ha invitado a hablar de él en un evento. Muchos de tus amigos y compañeros de trabajo estarán allí, y no crees que tu trabajo sea suficiente para impresionarlos. Piensas que tu jefe de departamento te invitó por una razón y que tu trabajo vale la pena ver.",N/A,¿Impresionará tu trabajo a la gente en el evento?,Sí,,https://drive.google.com/file/d/16uno5Nefcm3awk1lVSEJ8eocgzjkR5B0/view?usp=sharing,88.jpg,all,
Salud Mental,Académicos/Trabajo/Desarrollo Profesional,,Positive ,Revisando tus cualificaciones,"Estás en una nueva ciudad y necesitas empezar a solicitar trabajos. Comienzas a revisar los requisitos para los puestos y, aunque has trabajado duro para preparar tu currículum, te preguntas si será suficiente. Piensas en tus logros y sabes que has hecho más que suficiente.",N/A,¿Estás calificado para estos nuevos trabajos?,Sí,,https://drive.google.com/file/d/1pcE3PZPJyiJCNCdBP0DGVbumVNri-Bev/view?usp=sharing,53.jpg,all,
Salud Mental,,,Negative ,Tus habilidades con los bolos,"Llevas varios años jugando a los bolos en una liga recreativa con algunos amigos. Has mejorado desde que empezaste, pero aún no eres tan hábil como te gustaría ser. Cuando piensas en ti mismo en los años venideros, te imaginas con mejores habilidades en los bolos.",N/A,"Dentro de unos años, cuando juegues a los bolos con tus amigos, probablemente notarás...",Lo poco que han seguido mejorando tus habilidades.,Cuánto has mejorado desde que empezaste.,https://drive.google.com/file/d/1oSLgkDZVNtoSTo-1lqoKPGD_AvvZLCdO/view?usp=sharing,322.jpg,all,
Salud Mental,Académicos/Trabajo/Desarrollo Profesional,,Positive,Revisando tu trabajo,"Te han llamado para una evaluación de desempeño con tu jefe. En general, haces un buen trabajo, pero sabes que tu jefe ha notado algunos errores recientemente. Mientras te preparas para la revisión, piensas que tu reunión probablemente se centrará en tus fortalezas y áreas de mejora.",N/A,Es probable que su jefe sienta que...,La mayor parte de tu trabajo ha sido de muy alta calidad.,Tus errores han sido graves e inaceptables.,https://drive.google.com/file/d/1EAYPVHFKPfUOp3vNgYgsrQGqdKFYW-a8/view?usp=sharing,49.jpg,all,
Salud Mental,Situaciones Sociales,,Positive,Tiempo para ti mismo,"Tu parte favorita del día es relajarte para cenar. Cuando empiezas a preparar la cena, te das cuenta de que has estado comiendo solo con frecuencia últimamente y te sientes triste. Decides que estás bien con este hecho, ya que te da tiempo para reflexionar sobre tu día.",N/A,¿Estás bién con comer solo?,Sí,,https://drive.google.com/file/d/18ON-daCCgtQApC9SVxzPUIsZEHK2kZJK/view?usp=sharing,149.jpg,all,
Salud Mental,,,Write Your Own,Write Your Own,,,,,,,,write your own,
Salud Mental,,,Write Your Own,Write Your Own,,,,,,,,write your own,
Salud Mental,,,Write Your Own,Write Your Own,,,,,,,,write your own,
Salud Mental,Vida Familiar y Doméstica,,Positive,Puntos de vista hacia la terapia,Has estado yendo a terapia últimamente. No te lo has contado a tu familia porque han expresado opiniones negativas sobre la terapia en el pasado. Crees que esta vez te apoyarán.,N/A,¿Aceptará tu familia que vayas a terapia?,Sí,,https://drive.google.com/file/d/1oOjp17AzniUmJnuYe-gQ8IiWi4W8RJ71/view?usp=sharing,167.jpg,1,
Salud Mental,Situaciones Sociales,Académicos/Trabajo/Desarrollo Profesional,Resilience/Negation,Opinión importante,"Tu parte favorita del día es relajarte para cenar. Cuando empiezas a preparar la cena, te das cuenta de que has estado comiendo solo con frecuencia últimamente y te sientes triste. Decides que estás bien con este hecho, ya que te da tiempo para reflexionar sobre tu día.","Al final, te das cuenta de que señalaron el error para que pudieras mejorarlo antes de enviarlo. Corriges la sección incompleta y crees que tu jefe piensa que estás aprendiendo.",¿Tu jefe quedó satisfecho con tu progreso?,Sí,,https://drive.google.com/file/d/1sS8e3ZmixCVH2YAFPuVlOAoIhpt-vfWE/view?usp=sharing,58.jpg,1,
Salud Mental,Situaciones Sociales,,Positive,Invitar gente,"Notas que tu casa es más pequeña y no tan espaciosa como las casas de otras personas que conoces. Tus compañeros de trabajo nunca han estado en tu casa, pero quieren venir. Crees que su reacción hacia tu hogar será respetuosa.",N/A,¿Tus compañeros de trabajo juzgarán tu casa?,No,,https://drive.google.com/file/d/1cta4lpPhoahfL1nlRrl3fYCs86bhsNjd/view?usp=sharing,344.jpg,1,
Salud Mental,Finanzas,Académicos/Trabajo/Desarrollo Profesional,Negative,Solicitar una subvención,"Quieres iniciar un nuevo proyecto de investigación en tu laboratorio, por lo que solicitas una subvención de financiación. Sin esta financiación, no podrás realizar la investigación que esperas hacer, pero no sabes si tu propuesta es lo suficientemente buena. Crees que no obtendrás la financiación.",N/A,¿Eres capaz de hacer esta investigación?,No,,https://drive.google.com/file/d/1pcE3PZPJyiJCNCdBP0DGVbumVNri-Bev/view?usp=sharing,53.jpg,1,
Salud Mental,Académicos/Trabajo/Desarrollo Profesional,,Positive ,Comparar su trabajo con el de otros,"Recientemente recibiste comentarios negativos sobre una presentación. Tu colega, que hizo una presentación similar, recibió comentarios maravillosos. Crees que tu próxima presentación será mejor.",N/A,¿Puedes mejorar tu presentación?,Sí,,https://drive.google.com/file/d/1ODCFk2IwiLjhCOU7VfcGrDWg9KqnAbY8/view?usp=sharing,90.jpg,1,
Salud Mental,Académicos/Trabajo/Desarrollo Profesional,,Positive ,Resultados de la evaluación,El tiempo para las evaluaciones de desempeño acaba de cerrar y no estás seguro de si saliste bien o no. Te sientes nervioso al pensar en cómo te calificaron otras personas. Piensas que estar nervioso es manejable.,N/A,¿Puedes tolerar tus nervios mientras esperas saber tus resultados?,Sí,,https://drive.google.com/file/d/1wsTsWXkjfok0Sn3yNthn2D51nUUgPfAo/view?usp=sharing,72.jpg,1,
Salud Mental,Académicos/Trabajo/Desarrollo Profesional,,Resilience/Negation,Una presentación importante,"Tu jefe está viendo tu presentación en tu reunión de hoy. Durante la presentación, tropiezas un poco con tus palabras. Te sientes decepcionado, pero sabes que todos cometen errores.","Mientras te sientes molesto, te das cuenta de que es natural cometer errores. Piensas que tu jefe no se acordará. ",¿Está bien que hayas cometido un error frente a tu jefe?,Sí,,https://drive.google.com/file/d/1pQHZTO39FaMtxe96k3wQ-bwUufBsPYvC/view?usp=sharing,64.jpg,1,
Salud Mental,,,Positive ,Expresándote,"En el trabajo, tu jefe te da la responsabilidad de resolver un problema complicado. Tienes una idea que crees que podría funcionar, pero te preguntas si es demasiado simple. Mientras consideras compartir tu idea, decides intentarlo.",N/A,¿Compartarás tu idea?,Sí,,https://drive.google.com/file/d/1ZodO1F5ZuiDVjiFxjsv5k2GCuLpQwIRf/view?usp=sharing,75.jpg,1,
Salud Mental,,,Positive ,Clima lluvioso,"Te despiertas, miras por la ventana y ves que afuera está lluvioso y sombrío. Te quedas dentro todo el día y cuando recuerdas ese día te das cuenta de que te sentiste triste la mayor parte del tiempo. Decides que probablemente fue porque no pudiste salir.",N/A,¿La tristeza de hoy va a durar para siempre?,No,,https://drive.google.com/file/d/1UejoAZIzw5j2-fZDO54rqRL0ITIi4iOf/view?usp=sharing,332.jpg,1,
Salud Mental,Académicos/Trabajo/Desarrollo Profesional,,Positive ,Pensando en preguntas,"Estás en una charla sobre un tema complicado que te emociona mucho. Tienes muchas ideas sobre el tema, pero sientes que las preguntas que hacen los demás son más inteligentes que las tuyas. Piensas en cómo todos probablemente se ponen nerviosos al hablar también, y sabes que no están allí para juzgarte.",N/A,¿Las preguntas de los demás son mejores que las tuyas?,No,,https://drive.google.com/file/d/1ZRX4djV0jNJx45cG7BKsaEWYgTgDJGha/view?usp=sharing,89.jpg,1,
Salud Mental,Situaciones Sociales,,Positive ,Broma interna,Publicas un video corto. Tu mejor amigo comenta algo realmente vergonzoso. Tus seguidores pensarán que tú y tu amigo son cercanos.,N/A,¿Otros te juzgan por el comentario de tu amigo en tu publicación?,No,,https://drive.google.com/file/d/1828HR7oyHuDJpNFSn5JmLlYAZ24vA7x7/view?usp=sharing,342.jpg,1,
Salud Mental,Salud Física,,Resilience/Negation,Nadando vueltas,"Es domingo por la mañana y estás nadando en la piscina. Después de un par de vueltas te quedas sin aliento y decides descansar un minuto al final del carril. Respirar con dificultad te hace sentir ansioso, pero decides seguir nadando con calma.","Decides que puedes tolerar estas sensaciones, y sigues nadando.",¿Seguiste haciendo ejercicio a pesar de sentirte ansioso?,Sí,,https://drive.google.com/file/d/1VALnSYTdN8clzOrVZO4oEh1vWMUO7WgK/view?usp=sharing,350.jpg,1,
Salud Mental,Relaciones Románticas,,Positive,Comparándote con otros,"Recientemente, tu pareja mencionó que encuentra atractiva a cierta celebridad. Esta celebridad no se parece en nada a ti, y te preguntas si tu pareja ha cambiado sus preferencias desde el comienzo de su relación. Piensas que aún se siente atraída por ti.",N/A,¿Tu pareja se siente atraída a ti?,Sí,No,https://drive.google.com/file/d/1qYR_sw_sAKU_sUueHbH0iJ5hWVTrmZeX/view?usp=sharing,188.jpg,1,
Salud Mental,Salud Física,,Positive,Boca seca,Has sentido sequedad en la boca durante unos días. Esto es algo que no habías sentido antes. La probabilidad de que la sequedad de boca signifique un problema de salud grave es baja.,N/A,¿Tu boca seca indica que estás enfermo?,No,,https://drive.google.com/file/d/1eG4x0HMf4jIlTARyW3hf9EE8Q_PSqHPE/view?usp=sharing,337.jpg,1,
Salud Mental,Académicos/Trabajo/Desarrollo Profesional,,Positive,Trabajo placentero,"Tú y algunos compañeros de trabajo recibieron tareas adicionales para completar antes de que termine la semana, y han estado trabajando mucho. Escuchaste a tus compañeros decir que sería ""una locura"" disfrutar del trabajo adicional. Piensas en lo productivo que te hace sentir trabajar tan duro y te sientes feliz.",N/A,¿Tienes ganas de completar las tareas adicionales?,Sí,,https://drive.google.com/file/d/18Nfhp9FuaS1pKc7jTO3hXT4vzg-FI7Db/view?usp=sharing,118.jpg,1,
Salud Mental,Salud Física,,Resilience/Negation,Tomando transporte,"Estás en el aeropuerto corriendo para alcanzar un avión. Sientes que tu corazón late rápidamente mientras subes al avión y te sientas. Comienzas a sudar y a respirar rápido, temiendo que puedas tener un ataque de pánico.","sientes un impulso fuerte de bajarte del avión y volver a casa, pero te sientas en el asiento más cercano. En lugar de salir, decides observar estas sensaciones y quedarte sentado.",¿Es necesario bajarse del avión porque sientes que tu corazón late rápidamente?,No,,https://drive.google.com/file/d/1-ZaRhY6rkkEMRjIZb6GczmTpynme4Zhc/view?usp=sharing,153.jpg,1,
Salud Mental,Situaciones Sociales,,Positive,Tu nueva publicación,"Acabas de publicar una nueva foto hace una hora. Cuando revisas cuántos “me gusta” ha recibido, ves que a nadie le ha gustado todavía. Es tarde en la noche, lo que significa que todos están durmiendo.",N/A,¿La gente ignoró tu publicación?,No,,https://drive.google.com/file/d/1TU-vDyoLAB5--Mx4gvO5P_0Cu9AVyDqC/view?usp=sharing,365.jpg,1,
Salud Mental,,,Positive ,Enfrentando a un amigo,"En una conversación con un amigo, dice algo un poco ofensivo y no parece darse cuenta de que te hizo sentir incómodo. Lo confrontas sobre su comentario y por qué fue ofensivo, y en ese momento te preocupa que se enoje contigo. Cuando responde, te agradece por tu comunicación y te pide disculpas.",N/A,¿Estás orgulloso de haberte comunicado con tu amigo?,Sí,,https://drive.google.com/file/d/1Vg9pDOIb4D_9uk_FU-PN67RDhh3URJqT/view?usp=sharing,354.jpg,1,
Salud Mental,Salud Física,,Negative,Dolor de estómago,Has estado nervioso por una próxima evaluación en el trabajo. El día de la evaluación notas que te duele el estómago. Piensas que el dolor de estómago probablemente se deba a la ansiedad.,N/A,¿El dolor de estómago se debe a la ansiedad?,Sí,No,https://drive.google.com/file/d/1rbCs8iZS6b3LtSyDCOMcEXH8GAlOt4qZ/view?usp=sharing,352.jpg,1,
Salud Mental,,,Positive ,Decidir compartir una imagen,"Le tomas una foto a un compañero de trabajo en un evento que es realmente genial. Quieres mostrársela a tus otros compañeros de trabajo en un correo electrónico, pero recuerdas que acabas de enviar uno ayer. Si vuelves a enviar un correo, crees que la gente no se dará cuenta.",N/A,¿Tus compañeros de trabajo piensan que es extraño que envíes correos electrónicos dos días seguidos?,No,,https://drive.google.com/file/d/1Ev1HphDd6ARyBxl2_PUoyWxWlfAh9n7F/view?usp=sharing,362.jpg,1,
Salud Mental,Vida Familiar y Doméstica,,Positive,Atascado en el medio,"Estás en casa leyendo un libro cuando escuchas a miembros de tu hogar pelear. Te preguntas por qué se están gritando, y luego uno de ellos dice tu nombre. Te das cuenta de que la razón por la que están discutiendo probablemente no sea tu culpa.",N/A,¿Es tu culpa que estén peleando?,No,,https://drive.google.com/file/d/1ftgcSnzMhpFI41H8c5OD_1qoWZWEzBP2/view?usp=sharing,135.jpg,1,
Salud Mental,Relaciones Románticas,,Resilience/Negation,Vaso de agua,"Mientras estás en una cita, accidentalmente derramas un vaso de agua. Te sientes ligeramente avergonzado mientras tu cita te ayuda a limpiar el agua. Cuando todo está seco, sientes que el resto de la cita probablemente saldrá bien.","Al final, piensas en cómo te sentirías si tu cita derramara un vaso de agua. Te das cuenta de que tú, al igual que la mayoría de las personas, probablemente no te importaría y que derramar un vaso de agua probablemente está bien",Tu cita probablemente piensa que tú derramando agua...,No es gran cosa.,Significa que eres torpe y descuidado.,https://drive.google.com/file/d/1tZ9kuoAZ89zvrhnrRx_F7Er50cVZfWj7/view?usp=sharing,198.jpg,1,
Salud Mental,Situaciones Sociales,,Positive,Fiesta con amigos,"Estás en una fiesta con algunos amigos, y algunos de ellos están haciendo cosas con las que no te sientes cómodo. Decides no participar. Tus amigos piensan que eres normal.",N/A,¿Tus amigos piensan que no eres genial por no participar?,No,,https://drive.google.com/file/d/1ooVd4XP2M8uvAgD3jqy3SN9TjXcZXBCO/view?usp=sharing,347.jpg,1,
Salud Mental,Académicos/Trabajo/Desarrollo Profesional,,Resilience/Negation,Comprometerse con las actividades,Estabas muy emocionado de regresar a las clases presenciales y decidiste comprometerte con muchas actividades. Te ha resultado difícil cumplir con todas tus responsabilidades y te preocupa estar fallando en todo.,Te das cuenta de que volver a estar en persona es un ajuste y te llevará algún tiempo acostumbrarte al ajetreo de un semestre en persona. Piensas que con todo lo que estás pasando estás haciendo un gran trabajo.,¿Puedes manejar tus responsabilidades?,Sí,,https://drive.google.com/file/d/1XUJUmJyqOQBx5b6nraIfLuK3CHwUNri0/view?usp=sharing,68.jpg,1,
Salud Mental,Situaciones Sociales,,Positive ,sintiéndote ansioso,Estos últimos meses te has sentido muy ansioso y no has podido disfrutar de tu vida sin preocuparte. Te preguntas qué pensarían las personas en tu vida si buscaras ayuda. Piensas que te considerarían valiente.,N/A,¿Las personas en tu vida te apoyarían si buscas ayuda?,Sí,,https://drive.google.com/file/d/1UBORN__WOk3N5lP4X-qA_lwYYhlyyYqS/view?usp=sharing,11.jpg,1,
Salud Mental,Situaciones Sociales,,Positive,Un comentario grosero,Publicas una foto en la que te sientes realmente seguro. Ves un comentario grosero cuando vuelves a revisar tus comentarios. Respiras profundamente y decides no molestarte.,N/A,¿Te molesta mucho el comentario grosero en tu publicación?,No,,https://drive.google.com/file/d/1RkgHCc_BENHGzRjkp5-Y-7TvU7m58if8/view?usp=sharing,334.jpg,1,
Salud Mental,Situaciones Sociales,,Positive ,Club de lectura,"Estás intentando conocer gente nueva y decides unirte a un club de lectura. El libro de la semana es realmente interesante, pero cuando llegas a la reunión, las personas hacen preguntas sobre el libro que parecen más profundas de lo que puedes responder. Recuerdas que también leíste el libro y tienes pensamientos valiosos, al igual que los demás.",N/A,¿Puedes participar en la discusión del club de lectura?,Sí,,https://drive.google.com/file/d/1A1f5i2QjKCaDwo5rm3VkBWBNRDlH60lC/view?usp=sharing,366.jpg,1,
Salud Mental,Situaciones Sociales,,Positive,Tiempo para ti mismo,"Tu parte favorita del día es relajarte para cenar. Cuando empiezas a preparar la cena, te das cuenta de que has estado comiendo solo con frecuencia últimamente y te sientes triste. Decides que estás bien con este hecho, ya que te da tiempo para reflexionar sobre tu día.",N/A,¿Estás bién con comer solo?,Sí,,https://drive.google.com/file/d/18ON-daCCgtQApC9SVxzPUIsZEHK2kZJK/view?usp=sharing,149.jpg,1,
Salud Mental,Vida Familiar y Doméstica,,Negative,Yendo de vacaciones,"Te vas de vacaciones por unos días. Decides verificar nuevamente que todos los electrodomésticos de tu casa estén apagados. Al cerrar la puerta de tu casa, te sientes un poco nervioso, pero sabes que tomaste las precauciones necesarias.",N/A,¿Estás preocupado por si apagaste todo en la casa?,Sí,,https://drive.google.com/file/d/11L0gcPPltGMNDtkc_O6wRZAj_WWsbX7o/view?usp=sharing,142.jpg,1,
Salud Mental,,,Positive ,Reloj favorito,"Estás cenando y te das cuenta de que no tienes puesto tu reloj favorito. No recuerdas habértelo quitado antes, pero piensas que probablemente esté donde siempre lo guardas. Te pones un poco ansioso pensando en dónde está el reloj, pero el resto de tu cena sigue siendo agradable.",N/A,¿Es la cena miserable mientras te preocupas por el reloj?,No,,https://drive.google.com/file/d/1rZmwzVLqwav8NQcIfkgyiLKeBOdqSS-y/view?usp=sharing,320.jpg,1,
Salud Mental,Académicos/Trabajo/Desarrollo Profesional,,Positive ,Respondiendo a preguntas inesperadas,"Estás presentando tu trabajo a un grupo de tus compañeros. Después de tu presentación, alguien te hace una pregunta muy específica a la que no sabes responder y sientes que no estás calificado. Recuerdas que hiciste mucha investigación y que esta pregunta puede simplemente no ser relevante.",N/A,¿Estás calificado para dar tu presentación?,Sí,,https://drive.google.com/file/d/12gcbXlswsM0sW5_Z7DcSBJGr1Bq-2t8t/view?usp=sharing,36.jpg,2,
Salud Mental,Académicos/Trabajo/Desarrollo Profesional,,Negative ,Manejando tareas,"Has estado muy ocupado estos últimos meses y no has tenido tiempo para trabajar en tu propio desarrollo profesional. Uno de tus colegas también está muy ocupado, y sin embargo recibió un ascenso. Esto te hace sentir frustrado, pero sabes que tu momento llegará.",N/A,¿Deberías estar trabajando más duro?,Sí,,https://drive.google.com/file/d/1oLL_xLzI-U5_qMJYXQBLx1YoawU0rB1s/view?usp=sharing,122.jpg,2,
Salud Mental,Académicos/Trabajo/Desarrollo Profesional,,Positive ,Comparar su trabajo con el de otros,"Recientemente recibiste comentarios negativos sobre una presentación. Tu colega, que hizo una presentación similar, recibió comentarios maravillosos. Crees que tu próxima presentación será mejor.",N/A,¿Puedes mejorar tu presentación?,Sí,,https://drive.google.com/file/d/1ODCFk2IwiLjhCOU7VfcGrDWg9KqnAbY8/view?usp=sharing,90.jpg,2,
Salud Mental,Salud Física,,Resilience/Negation,Larga caminata afuera,Hace frío afuera y sales a caminar para calmar tu mente. Tus manos empiezan a temblar y tu corazón late rápidamente mientras subes una cuesta. Sientes miedo.,Recuerdas que es la primera vez en unas semanas que caminas una distancia larga. Probablemente sientes que el latido de tu corazón se acelera debido a la cuesta.,¿Tu latido de corazón rápido significa que algo malo está pasando?,No,Sí,https://drive.google.com/file/d/1lcMOCr0PYGVo5UIUZXEXzXL0JU5_MIgg/view?usp=sharing,364.jpg,2,
Salud Mental,Académicos/Trabajo/Desarrollo Profesional,,Positive,Usando tecnología diferente,"Recientemente reemplazaste tu computadora portátil y tuviste que optar por una opción más económica. Tu jefe te pide que completes un proyecto que requerirá una aplicación que tu nueva computadora no tiene. Cuando piensas en completar tu trabajo para este proyecto, te sientes capaz.",N/A,¿Te sientes capaz de completar el trabajo de este proyecto?,Sí,,https://drive.google.com/file/d/1GCrKOzwl1UC_Ekj6ZbzSSgZLWAASM60G/view?usp=sharing,69.jpg,2,
Salud Mental,Académicos/Trabajo/Desarrollo Profesional,,Positive,Expectativas diferentes,"Buscas en línea si te seleccionaron para un aumento y ves que no lo hicieron, a pesar de que esperabas que sí. Piensas en lo que esto significará para tu futuro y sabes que todo estará bien.",N/A,¿Habrán consecuencias terribles por no obtener este aumento?,No,,https://drive.google.com/file/d/1XSzs9MSKzUi9VEjvSXdG4wuW6OFlE60F/view?usp=sharing,117.jpg,2,
Salud Mental,Salud Física,,Resilience/Negation,Tomando transporte,"Estás en el aeropuerto corriendo para alcanzar un avión. Sientes que tu corazón late rápidamente mientras subes al avión y te sientas. Comienzas a sudar y a respirar rápido, temiendo que puedas tener un ataque de pánico.","sientes un impulso fuerte de bajarte del avión y volver a casa, pero te sientas en el asiento más cercano. En lugar de salir, decides observar estas sensaciones y quedarte sentado.",¿Es necesario bajarse del avión porque sientes que tu corazón late rápidamente?,No,,https://drive.google.com/file/d/1-ZaRhY6rkkEMRjIZb6GczmTpynme4Zhc/view?usp=sharing,153.jpg,2,
Salud Mental,Salud Física,,Positive,Boca seca,Has sentido sequedad en la boca durante unos días. Esto es algo que no habías sentido antes. La probabilidad de que la sequedad de boca signifique un problema de salud grave es baja.,N/A,¿Tu boca seca indica que estás enfermo?,No,,https://drive.google.com/file/d/1eG4x0HMf4jIlTARyW3hf9EE8Q_PSqHPE/view?usp=sharing,337.jpg,2,
Salud Mental,Situaciones Sociales,,Positive ,Charla de oficina,"Estás teniendo una discusión con tu jefe en su oficina, lo cual te provoca un poco de ansiedad. Piensas en terminar la discusión temprano. Después de una breve pausa, decides quedarte.",N/A,¿Puedes continuar la discusión con tu jefe?,Sí,,https://drive.google.com/file/d/1EVK1YWntA3eHXiFL5ok7Rw3ZBpkKE_D7/view?usp=sharing,317.jpg,2,
Salud Mental,,,Positive ,Pensamientos acelerados,"Estás planeando un evento del cual estás extremadamente emocionado. Mientras piensas en lo que necesitas hacer para que el evento sea un éxito, tus pensamientos parecen acelerarse. Esto te resulta útil.",N/A,¿Lo encuentras útil cuando tus pensamientos parecen acelerarse?,Sí,,https://drive.google.com/file/d/1SaSOZb7CwqBWSZLgiDR8Hhold_NOYHAx/view?usp=sharing,314.jpg,2,
Salud Mental,Situaciones Sociales,Salud Física,Positive,Amigo en el hospital,"Recibes un mensaje de texto de un amigo diciendo que está en el hospital, pero no te dice por qué. Comienzas a preocuparte por si va a estar bien. Mientras piensas en tu amigo, te sientes tranquilo, recordando que pronto sabrás más.",N/A,¿Es probable que tu amigo esté bien?,Sí,,https://drive.google.com/file/d/1ZSpeFIL5uWXLKjxoqf96tykotj5G5J-Q/view?usp=sharing,343.jpg,2,
Salud Mental,,,Positive ,Deprimido,"Has tenido una semana ocupada y estresante. Generalmente estás feliz, pero te has sentido aburrido y triste durante los últimos días. Recuerdas que es normal tener algunos días difíciles.",N/A,Te sientes normal?,Sí,,https://drive.google.com/file/d/1Idh86DIZlODfTEChHpLTlFGu9oVwjF82/view?usp=sharing,48.jpg,2,
Salud Mental,Salud Física,,Resilience/Negation,Lunes por la mañana,"Es lunes por la mañana y estás apurado para llegar al trabajo. Sientes que tu corazón se acelera cuando abres la puerta del carro y te sientas. Temiendo que puedas sufrir un ataque de pánico, sientes la necesidad de salir del carro, pero decides observar estas sensaciones sin reaccionar y quedarte sentado.",N/A,¿Es necesario salir del carro porque sientes que tu corazón este latiendo rápidamente?,No,,https://drive.google.com/file/d/1ho3hNNuBsi2_uM04efw2daW5FzUWG_Qk/view?usp=sharing,304.jpg,2,
Salud Mental,Vida Familiar y Doméstica,,Positive,Atascado en el medio,"Estás en casa leyendo un libro cuando escuchas a miembros de tu hogar pelear. Te preguntas por qué se están gritando entre sí, y luego uno de ellos dice tu nombre. Te das cuenta de que la razón por la que están discutiendo probablemente no sea tu culpa.",N/A,¿Es tu culpa que estén peleando?,No,,https://drive.google.com/file/d/1ftgcSnzMhpFI41H8c5OD_1qoWZWEzBP2/view?usp=sharing,135.jpg,2,
Salud Mental,Académicos/Trabajo/Desarrollo Profesional,,Negative,Correo electrónico importante,"Hoy recibirás un correo electrónico que te informará si recibiste un ascenso. Tienes algunas horas para esperar hasta recibir el correo. Cuando piensas en esperar tanto tiempo, te sientes miserable.",N/A,¿Te sientes bien teniendo que esperar el correo electrónico?,No,,https://drive.google.com/file/d/1N6vR25DLC0FZk7m0Kj9cqT3vnyjdyQOA/view?usp=sharing,367.jpg,2,
Salud Mental,Académicos/Trabajo/Desarrollo Profesional,,Positive ,Quedando atrás,"Recientemente comenzaste un nuevo trabajo. Mientras trabajas, parece que todos los que te rodean saben lo que están haciendo, pero aún estás confundido. Crees que esto se debe a que todavía estás aprendiendo y pronto lo entenderás mejor.",N/A,¿Mejorarás en tu trabajo?,Sí,,https://drive.google.com/file/d/1V3qcOIHvtf7LmQss0ruGtHPfIMlyIauX/view?usp=sharing,21.jpg,2,
Salud Mental,Situaciones Sociales,,Positive ,Foto con amigos,"Tú y tu amigo tomaron algunas fotos juntos. Ves que te etiquetaron en una publicación y realmente no te gusta cómo te ves, pero sabes que a la larga no importará.",N/A,¿Te preocupa tu apariencia en la foto publicada?,No,,https://drive.google.com/file/d/1NvTM1g3vx1Kut8y_4vvBJo79qKHzUztk/view?usp=sharing,330.jpg,2,
Salud Mental,Relaciones Románticas,,Positive ,Día especial,"Tienes planeada una cena con alguien con quien querías pasar un tiempo. El día de la cena, te sientes un poco nervioso y te preguntas si le agradarás tanto como te agrada a ti. Sentirte nervioso es normal.",N/A,Probablemente te sientes nervioso porque ...,Nunca has salido con esta persona antes.,Eres desagradable.,https://drive.google.com/file/d/1Yyi1e6BqxjDWtVu76Gq09Tb21smvhClb/view?usp=sharing,191.jpg,2,
Salud Mental,,,Resilience/Negation,siendo padre,"Estás pasando tiempo con tu hija pequeña durante el fin de semana. Tu hija es muy dulce, pero a veces te frustras con ella y te preguntas cómo se llevarán ustedes dos en el futuro. Cuando piensas en su relación, te imaginas siendo paciente.","Cuando piensas en tu relación con ella a medida que crece, no crees que será tensa, y te visualizas siendo paciente.",¿Te imaginas a ti mismo como un padre impaciente con tu hija cuando sea mayor?,No,Sí,https://drive.google.com/file/d/1l-0RqRBinZMdVZ2IJnJYWMKbDwph54bS/view?usp=sharing,325.jpg,2,
Salud Mental,Situaciones Sociales,,Positive,Planes para el fin de semana,"Es viernes y escuchas a unos compañeros de trabajo hablando sobre sus planes para el fin de semana. No tienes nada planeado y sientes que no eres lo suficientemente sociable para estar al nivel de tus compañeros. Cuando imaginas relajarte después de una semana difícil de trabajo, te sientes satisfecho.
",N/A,¿Tienes que ser más social?,No,,https://drive.google.com/file/d/13ZH_IEWc7TBZAJNIPDnJW3vs_q7opGcv/view?usp=sharing,359.jpg,2,
Salud Mental,Salud Física,,Positive ,Revisión física anual,"Estás recibiendo tu revisión médica anual. Después de un examen inicial, tu médico indica que algo parece inusual y dice que necesitarán obtener una segunda opinión. Cuando se trata de manejar tu ansiedad mientras esperas en la sala de examen, te mantienes calmado y confiado.",N/A,¿Eres capaz de manejar tu ansiedad mientras esperas al doctor?,Sí,,https://drive.google.com/file/d/1gfUANnECP3LDzTjUtm_9lBpdAe3s4Xyw/view?usp=sharing,355.jpg,2,
Salud Mental,Situaciones Sociales,,Negative,Comentarios de redes sociales,"Decides enviar un correo electrónico a tu departamento promocionando algo importante para ti. Alguien responde de manera grosera porque malinterpretó lo que escribiste. Te preguntas qué piensa esta persona sobre ti y te sientes preocupado, pero decidido a mantener la calma.",N/A,¿Te preocupa lo que esa persona piensa de ti?,Sí,,https://drive.google.com/file/d/1azOE2eRIrdOPl9AdAR61tTkqUFdsq0zB/view?usp=sharing,109.jpg,2,
Salud Mental,Académicos/Trabajo/Desarrollo Profesional,,Positive,Expectativas diferentes,"Buscas en línea si te seleccionaron para un aumento y ves que no lo hicieron, a pesar de que esperabas que sí. Piensas en lo que esto significará para tu futuro y sabes que todo estará bien.",N/A,¿Habrán consecuencias terribles por no obtener este aumento?,No,,https://drive.google.com/file/d/1XSzs9MSKzUi9VEjvSXdG4wuW6OFlE60F/view?usp=sharing,117.jpg,2,
Salud Mental,,,Positive ,Saliendo de noche,Estás alistándote para salir por la noche. Te das cuenta de que tienes una espinilla en la mejilla. Te sientes guapo.,N/A,¿Crees que te ves bien?,Sí,,https://drive.google.com/file/d/1iG9en_nfEYbr4NEkFMt3-xoAIldZBgYQ/view?usp=sharing,351.jpg,2,
Salud Mental,Académicos/Trabajo/Desarrollo Profesional,,Resilience/Negation,Sentirse llamado,"Tu jefe te sorprende enviando mensajes de texto durante una reunión y te llama la atención por no prestar atención. No te gusta cuando la gente está enojada contigo, pero sabes que tu jefe te dirá algo al final de la reunión. Durante el resto de la reunión, te sientes ansioso.","Cuando termina la reunión, tu jefe te confronta y te recuerda que no saques tu teléfono durante una reunión. Piensas que están siendo amables. ",¿Tu jefe fue malo al confrontarte?,No,,https://drive.google.com/file/d/1fZ5gwS6hpP38y6RtFHzIC7gnpeeFtrLF/view?usp=sharing,106.jpg,2,
Salud Mental,Situaciones Sociales,,Positive ,sintiéndote ansioso,Estos últimos meses te has sentido muy ansioso y no has podido disfrutar de tu vida sin preocuparte. Te preguntas qué pensarían las personas en tu vida si buscaras ayuda. Piensas que te considerarían valiente.,N/A,¿Las personas en tu vida te apoyarían si buscas ayuda?,Sí,,https://drive.google.com/file/d/1UBORN__WOk3N5lP4X-qA_lwYYhlyyYqS/view?usp=sharing,11.jpg,2,
Salud Mental,Académicos/Trabajo/Desarrollo Profesional,,Positive,Trabajo placentero,Tú y algunos compañeros de trabajo recibieron tareas adicionales para completar antes de que termine la semana y han estado trabajando mucho. Escuchaste a tus compañeros decir que sería “una locura” disfrutar del trabajo adicional. Piensas en lo productivo que te hace sentir trabajar tan duro y te sientes feliz.,N/A,¿Tienes ganas de completar las tareas adicionales?,Sí,,https://drive.google.com/file/d/18Nfhp9FuaS1pKc7jTO3hXT4vzg-FI7Db/view?usp=sharing,118.jpg,2,
Salud Mental,Situaciones Sociales,,Positive,Tu nueva publicación,"Acabas de publicar una nueva foto hace una hora. Cuando compruebas cuántos “me gusta” ha recibido, ves que nadie le ha dado todavía. Es tarde en la noche, lo que significa que todos están durmiendo.",N/A,¿La gente ignoró tu publicación?,No,,https://drive.google.com/file/d/1TU-vDyoLAB5--Mx4gvO5P_0Cu9AVyDqC/view?usp=sharing,365.jpg,2,
Salud Mental,Salud Física,,Resilience/Negation,Sentirse mareado,"Has estado trabajando duro todo el día y no has comido mucho. Al levantarte de tu escritorio, te sientes mareado y débil, y esto te preocupa un poco.",Decides prestar atención a las sensaciones sin juzgarlas como buenas o malas. Esto reduce tu preocupación y te hace sentir más tranquilo.,¿Disminuirá tu ansiedad si observas tus sensaciones sin juzgar?,Sí,,https://drive.google.com/file/d/1DivZOcoKB52Y-av9UMmPiIogDTLacT_W/view?usp=sharing,360.jpg,2,
Salud Mental,,,Positive ,Deprimido,"Has tenido una semana ocupada y estresante. Generalmente estás feliz, pero te has sentido aburrido y triste durante los últimos días. Recuerdas que es normal tener algunos días difíciles.",N/A,Te sientes normal?,Sí,,https://drive.google.com/file/d/1Idh86DIZlODfTEChHpLTlFGu9oVwjF82/view?usp=sharing,48.jpg,2,
Salud Física,,,Positive,Amigo tosiendo,Ayer te reuniste con un amigo que tosió algunas veces mientras estaban juntos. Estás nervioso de que podrías haber contraído algo de tu amigo. Decides que tu ansiedad es manejable.,N/A,¿Puedes manejar tu ansiedad sobre la posibilidad de enfermarte?,Sí,No,https://drive.google.com/file/d/14wxdQT03SW3H6H1dQsVqj2B6s1GhUSY7/view?usp=sharing,368.jpg,1,
Salud Física,,,Positive,Tajada de fruta,"Estás almorzando en una mesa de picnic con algunos compañeros de trabajo cuando te cortas el dedo accidentalmente al cortar fruta. No puedes lavarlo inmediatamente con agua y jabón porque estás afuera. En unos días, tu herida sanará.",N/A,Tu herida probablemente...,Sanará rápidamente.,Se infectará.,https://drive.google.com/file/d/1Mu4B99f_8N1nQxTYtHOfiGj2lIRhn65P/view?usp=sharing,369.jpg,1,
Salud Física,,,Positive,Carrera matutina del domingo,"Es domingo por la mañana y acabas de correr una milla afuera. Al quitarte los zapatos en el pasillo, estás sin aliento. Te sientes orgulloso.",N/A,Debes...,Tomarte una botella de ague y comerte un bocado despues del ejercicio.,Hacer una llamada de emergencia porque esto es señal de algo grave.,https://drive.google.com/file/d/1ivYW6KDjJ0KCp241kGMdYMgTi3vLVLa2/view?usp=sharing,370.jpg,1,
Salud Física,,,Positive,Vacacionando en avión,"Estás viajando hacia tu destino de vacaciones en avión. A medida que el avión acelera durante el despegue, sientes que tu pecho se tensa. A pesar de eso, te sientes relajado.",N/A,¿Tienes miedo de que no puedas respirar correctamente?,No,,https://drive.google.com/file/d/10RtFjWCJpEFr6Za1p4F3jIp8a2V2fEg5/view?usp=sharing,371.jpg,1,
Salud Física,,,Resilience/Negation,Cargando bolsas de compras,Estás coorganizando una cena en el apartamento de tu amigo y acabas de terminar todas las compras. Comienzas a sudar y sientes que tu corazón late con fuerza después de varios viajes cargando las bolsas hasta el tercer piso. Te sientes un poco asustado por estas sensaciones.,"Incierto sí son buenas o malas, decides simplemente aceptarlas.",¿Podrías aceptar tu corazón acelerado como algo ni bueno ni malo?,Sí,,https://drive.google.com/file/d/1QevesjiyIZoUiGS00ScGoNoxtScdTp8W/view?usp=sharing,372.jpg,1,
Salud Física,,,Negative,Sala de espera del hospital,"Vas al hospital a visitar a un amigo. En la sala de espera, alguien detrás de ti tose. Si te lavas las manos, la probabilidad de enfermarte es baja.",N/A,"si te lavas las manos, lo más probable es que...",Te enfermas de todos modos.,Te mantienes sano.,https://drive.google.com/file/d/1v4HCkO7m3y4tylqtqv5CzAn0rfRfST7m/view?usp=sharing,373.jpg,1,
Salud Física,,,Positive,Cita con el doctor,"Últimamente te has sentido un poco enfermo, por lo que haces una cita con el médico. Faltan unos días para la cita. Mientras esperas la cita con tu médico, crees que tu enfermedad probablemente no sea grave.",N/A,¿Crees que te sentirás mejor pronto?,No,,https://drive.google.com/file/d/1CQEIRtnYHCuBwFTBYxYsWkQ1QKjVjIIJ/view?usp=sharing,374.jpg,1,
Salud Física,Salud Mental,,Resilience/Negation,sintiéndote enfermo en un día caluroso,"Regresando a casa en un día muy caluroso, te tomas un vaso grande de agua rápidamente. Pronto te sientes anormalmente lleno y un poco enfermo del estómago.","Aunque no disfrutas de esta sensación, te das cuenta de que es algo que pasará naturalmente con tiempo.",Respondes a la sensación en tu estómago...,Observando las sensaciones sin hacer nada.,Entrando en pánico por las sensaciones y llamando a una ambulancia.,https://drive.google.com/file/d/1zIU7R9B0aDdb2iU_AHp4YbObnLDAts0M/view?usp=sharing,336.jpg,1,
Salud Física,,,Positive,Evaluación de salud,"En tu cita médica anual, tu doctor decide hacerte unas pruebas para evaluar tu salud en función del historial médico de tu familia. Tus resultados estarán listos en una semana. Mientras esperas los resultados, crees que probablemente estás sano.",N/A,Crees que tus resultados enseñarán que...,Tienes buena salud.,Tienes un problema muy grande con tu salud.,https://drive.google.com/file/d/1WUA_iuY9HxHRZBVvI8Hq39NskzbzC-0e/view?usp=sharing,375.jpg,1,
Salud Física,,,Positive,Un dolor de garganta,"Al levantarte esta mañana, notas que te pica la garganta más de lo normal. Piensas en por qué puede ser. Decides que probablemente es porque tienes sed.",N/A,¿Tomar agua mejorará tu picazón de garganta?,Sí,,https://drive.google.com/file/d/118UoiMp2MPYeDFHJgRZF-D2-TtLE53Ov/view?usp=sharing,376.jpg,1,
Salud Física,,,Positive,Sala de espera del hospital,"Vas al hospital a visitar a un amigo. En la sala de espera, alguien detrás de ti tose. Si te lavas las manos, la probabilidad de enfermarte es mínima.",N/A,"si te lavas las manos, lo más probable es que...",Te mantienes sano.,Te enfermas de todos modos.,https://drive.google.com/file/d/1v4HCkO7m3y4tylqtqv5CzAn0rfRfST7m/view?usp=sharing,373.jpg,1,
Salud Física,,,Negative,Cita con el doctor,"Últimamente te has sentido un poco enfermo, por lo que haces una cita con el médico. Faltan unos días para la próxima cita disponible. Mientras esperas la cita con tu médico, crees que tu enfermedad probablemente no sea grave.",N/A,¿Crees que te sentirás mejor pronto?,No,,https://drive.google.com/file/d/1kpVx-RP6RkIBeO0BP6bI-6pktQV171VI/view?usp=sharing,377.jpg,1,
Salud Física,,,Positive,Hora para dormir,"Estás acostado en tu cama, a punto de dormir. A medida que todo se calma, empiezas a respirar más lentamente de lo normal. Esto es relajante.",N/A,La reducción de tu ritmo cardíaco y respiración probablemente significa...,Tu cuerpo necesita descansar después de un largo día de trabajo.,No estás recibiendo suficiente oxígeno y te desmayarás.,https://drive.google.com/file/d/1GciXsHlPyobvmEXy0TGbJk0MTPGBdpWE/view?usp=sharing,378.jpg,1,
Salud Física,,,Positive,Paracaidismo por primera vez,"Estás tomando una clase de paracaidismo. Cuando piensas en saltar del avión, tu cuerpo comienza a temblar. Esto es emocionante.",N/A,¿Te sientes emocionado?,Sí,,https://drive.google.com/file/d/1jsDqBgpjjv3U7WRb6PJBRv1QYy5LFlHi/view?usp=sharing,379.jpg,1,
Salud Física,Salud Mental,,Positive,Resultados de análisis de sangre,"En tu última cita con el médico, tu doctor te hizo unos análisis de sangre. Te dijo que te darán los resultados en unos días, y te sientes nervioso mientras los esperas. Crees que tus nervios son manejables.",N/A,¿Tus nervios son insoportables mientras esperas tus resultados?,No,,https://drive.google.com/file/d/1op21VnIDCX_kpphMiw4zXhVcpVx_Znwn/view?usp=sharing,328.jpg,1,
Salud Física,,,Positive,Corte de dedo,"Te cortaste el dedo un poco por accidente mientras cocinabas. Limpiaste la herida rápidamente y te pusiste una curita. Más tarde esa noche, la herida te duele un poco, y piensas que probablemente se esté curando.",N/A,¿Está seriamente infectado tu dedo?,No,,https://drive.google.com/file/d/1nOyp1h4xXHZTxnQALqhJ08E4YeNJ6C6p/view?usp=sharing,380.jpg,1,
Salud Física,,,Positive,Montar a caballo durante el fin de semana,"Vas a montar a caballo durante el fin de semana. Cuando llegas, el instructor te da un caballo grande para montar. Pronto, el caballo comienza a correr rápidamente y te sientes emocionado.",N/A,¿Es divertido intentar montar al caballo?,Sí,,https://drive.google.com/file/d/1gp4EB_H5pnsJTvhJfzP4qEeoWkq9bVqP/view?usp=sharing,381.jpg,1,
Salud Física,Salud Mental,,Resilience/Negation,Clase de ejercicio con un amigo,"Es miércoles por la noche, y tu amigo te convence de ir a una clase de ejercicio cardiovascular de alta intensidad. En medio de la clase, dejas de hacer ejercicio porque sientes que no puedes recuperar el aliento. Te preocupa que te vayas a desmayar.","Cuando comienzas a tener pensamientos ansiosos de desmayarte, decides simplemente notarlos.","Cuando sientes que no puedes recuperar el aliento, es mejor...",simplemente observe sus pensamientos y sensaciones de ansiedad sin juzgarlos.,Juzgar tu dificultad para respirar como algo malo o dañino.,https://drive.google.com/file/d/1Vlsi9LlwAnuIBOVvXzcOaRgcOTFzDdfO/view?usp=sharing,339.jpg,1,
Salud Física,Salud Mental,,Resilience/Negation,Nadando vueltas,Es domingo por la mañana y estás nadando en la piscina. Después de un par de vueltas te quedas sin aliento y decides descansar un minuto al final del carril. Respirar con dificultad te hace sentir ansioso y quieres dejar de nadar.,"Decides que puedes tolerar estas sensaciones, y sigues nadando.",¿Seguiste haciendo ejercicio a pesar de sentirte ansioso?,Sí,,https://drive.google.com/file/d/1VALnSYTdN8clzOrVZO4oEh1vWMUO7WgK/view?usp=sharing,350.jpg,1,
Salud Física,,,Positive,Prueba de enfermedad,"En tu cita médica anual, te piden que te hagas una prueba para detectar una enfermedad. Después de la prueba, esperas los resultados en la sala de espera durante mucho tiempo. Crees que las posibilidades de tener la enfermedad son mínimas.",N/A,¿Crees que los resultados enseñarán que tienes la enfermedad?,No,,https://drive.google.com/file/d/1mtIOu31sfSD7VQLjrcgYMpLTPYt_4eFO/view?usp=sharing,382.jpg,1,
Salud Física,,,Positive,Explorando una cueva estrecha,"Has decidido hacer un recorrido por una cueva, a pesar de que te sientes nervioso por estar en un espacio tan cerrado. A medida que te adentras en la primera cueva, crees que las posibilidades de quedar atrapado son pequeñas.",N/A,"Mientras estés en la cueva, probablemente...",Aprenderás cosas interesantes.,No podrás encontrar la salida.,https://drive.google.com/file/d/15ni4MeSzSvzNK7ApghKU2XnMk019M6x1/view?usp=sharing,383.jpg,1,
Salud Física,Situaciones Sociales,,Positive,en un barco,"Pasas el día en un barco con tus amigos. Cuando bajas del barco, sientes las piernas raras y tienes problemas para caminar. Esta sensación es divertida.",La sensación en tus piernas probablemente es...,Temporal y nada de lo que debas preocuparte.,Algo que deberías preocuparte.,,https://drive.google.com/file/d/1NC-kP-pSY9wJdrgbZnKbNcCzbSV962qB/view?usp=sharing,384.jpg,1,
Salud Física,,,Resilience/Negation,Caminata con un amigo,"Estás en un viaje de caminata de fin de semana con un amigo. Cuando llegas a una cuesta grande, empiezas a respirar con dificultad. Estás asustado por lo que esto podría significar para tu salud, especialmente porque estás en la naturaleza.","Respiras profundamente unas veces. Prestar atención a cómo se siente respirar ayuda a enfocar tu mente, y decides continuar.",¿Puedes manejar tu ansiedad observando tu respiración?,Sí,,https://drive.google.com/file/d/1c6ET3nowvSsYvkQarueJoQxQeStMOq--/view?usp=sharing,385.jpg,1,
Salud Física,,,Resilience/Negation,Asustado en tu caminata,"Estás caminando hacia el trabajo cuando de repente escuchas un ruido detrás de ti. Cuando giras rápidamente la cabeza para ver qué es, te sientes mareado y empiezas a preocuparte de que perderás el control.","Al notar estos pensamientos, decides que podrás afrontar la situación, así que sigues caminando.",¿Permitiste que las preocupaciones afectaran tu llegada al trabajo?,No,,https://drive.google.com/file/d/1EYgCsAXuhxtIYuCSSWKugZP_JiM8jjqz/view?usp=sharing,386.jpg,1,
Salud Física,,,Positive,Quemadura,"Mientras preparas la cena, accidentalmente tocas un sartén muy caliente. Rápidamente pones tu dedo bajo agua fría y ves que tu piel se está poniendo roja. Después de unos minutos, piensas que la quemadura es leve.",N/A,"Después de correr agua sobre tu dedo, la quemadura probablemente...",Dolerá mucho menos.,"Permanecerá muy dolorosa.",https://drive.google.com/file/d/1G2YWXv0p1YZmB6Gsfe2dO0xdWf6LUeVB/view?usp=sharing,387.jpg,1,
Salud Física,,,Positive,Celebraciones en un juego deportivo,"Estás en un partido deportivo. La multitud está alentando ruidosamente a tu equipo, y sientes que tu cabeza late. Te sientes emocionado.",N/A,¿Te preocupa que el golpeo en tu cabeza signifique algo grave?,No,,https://drive.google.com/file/d/1BxmUUVgj2Iau_pHkovTQetlDHezR_Wkp/view?usp=sharing,388.jpg,1,
Salud Física,,,Positive,Controles en el dentista.,"Tienes una cita de rutina con el dentista y descubres que necesitas algunas pruebas para comprobar la salud de tus encías y dientes. Después de que el dentista realiza las pruebas, continúas recostado en el sillón mientras esperas los resultados. Crees que tus dientes y encías probablemente estén sanos.",N/A,¿Crees que tienes enfermedad de las encías?,Sí,No,https://drive.google.com/file/d/1PUQshZgNL6tX5cS4aP636BXA9VNXNVpq/view?usp=sharing,389.jpg,1,
Salud Física,,,Negative,Película intermitente,Estás viendo una película en el cine. Hay muchos planos de cámara rápidos que te hacen sentir mareado. Esta sensación te asusta.,N/A,¿Es angustiante cuando te sientes mareado?,Sí,No,https://drive.google.com/file/d/1OfA4w2yQ1uGy66zPDmyH7KN8PoG0ItOh/view?usp=sharing,390.jpg,1,
Salud Física,,,Positive,Un pastel de cumpleaños,"Tu amigo te compra un pastel para tu cumpleaños. Cuando lo traen por la noche, notas que recientemente han estado enfermos. Sosteniendo el pastel, piensas que tus posibilidades de enfermarte son mínimas.",N/A,"si te comes el pastel, probablemente...",No te enfermarás.,Te enfermarás.,https://drive.google.com/file/d/1HQHBTRpNUNY2kQ0B3sOzw3AIKiQ5XsJl/view?usp=sharing,391.jpg,1,
Salud Física,,,Positive,Dando vueltas,"Vas a dar una vuelta en una atracción de carnaval. Cuando bajas, te sientes mareado. Estás encantado.",N/A,¿Te divierte sentirte mareado después de las atracciones de feria que dan vuelta?,Sí,,https://drive.google.com/file/d/1G1sHiVYDnKlOh6uW2-ZdFkqpUQkZOV0x/view?usp=sharing,392.jpg,1,
Salud Física,,,Positive,Película intermitente,"Estás viendo una película en el cine. Hay muchos planos de cámara rápidos que te hacen sentir mareado. Esta sensación te parece curiosa.",N/A,¿Es angustiante cuando te sientes mareado?,No,,https://drive.google.com/file/d/1SjRDhO4HJ_WO82IWqrR9SG8vahCwKzNn/view?usp=sharing,393.jpg,2,
Salud Física,,,Positive,Dedos hormigueando,Estás ayudando a un amigo a pintar una casa y has tenido la mano levantada durante mucho tiempo. Tus dedos comienzan a hormiguear. Esta sensación es graciosa.,N/A,¿Te hacen sentir nervioso los hormigueos en los dedos?,No,,https://drive.google.com/file/d/1fj906rRvObqRqYlvQh_8sC4u8vkYHYJP/view?usp=sharing,394.jpg,2,
Salud Física,,,Positive,Boca seca,Has sentido sequedad en la boca durante unos días. Esto es algo que no has sentido antes. La probabilidad de que la sequedad bucal signifique un problema de salud grave es baja.,N/A,Tu boca seca probablemente se deba a...,Una medicacion nueva.,Una enfermedad seria.,https://drive.google.com/file/d/1IeejxodAEOPnBK-2VdYiVAvRH6sKjGMd/view?usp=sharing,395.jpg,2,
Salud Física,,,Positive,Corriendo tu primera carrera,"El fin de semana pasado corriste tu primera carrera. Desde entonces, has estado sintiendo un dolor leve en la cadera. Mientras caminas, crees que este dolor probablemente no es importante.",N/A,Piensas que el dolor en tu cadera es...,Temporario.,Una señal de lesión grave.,https://drive.google.com/file/d/1aiVn1lJHaTkvfQFGg2fqKpjSdp-hUxUC/view?usp=sharing,396.jpg,2,
Salud Física,Salud Mental,,Resilience/Negation,Sentirse mareado,"Has estado trabajando duro todo el día y no has comido mucho. Al levantarte de tu escritorio, te sientes mareado y débil, y esto te preocupa un poco.",Decides prestar atención a las sensaciones sin juzgarlas como buenas o malas. Esto reduce tu preocupación y te hace sentir más tranquilo.,¿Disminuirá tu ansiedad si observas tus sensaciones sin juzgar?,Sí,,https://drive.google.com/file/d/1DivZOcoKB52Y-av9UMmPiIogDTLacT_W/view?usp=sharing,360.jpg,2,
Salud Física,Salud Mental,,Resilience/Negation,Preocupaciones por el ritmo cardíaco,"Estás en un evento y comienzas a hablar con algunos conocidos. A medida que la sala se llena, sientes que tu corazón late rápidamente. Piensas que esto podría significar que hay algo malo y te sientes asustado.","Cuando el evento se vuelve más ruidoso a medida que llega más gente, consideras irte, pero decides que puedes manejar estos sentimientos y seguir socializando.",Cuando tu corazón comenzó a latir muy rápido...,Manejaste tu ansiedad y te quedaste.,Te fuiste debido a tu ansiedad.,https://drive.google.com/file/d/1cTKQhk1Gcvsa36S3yS-5EU4WtbW56xaQ/view?usp=sharing,363.jpg,2,
Salud Física,,,Positive,Cómodo sofá,"Has tenido un día muy ocupado y por la noche finalmente puedes relajarte. Mientras te sientas en tu sofá, te sientes desorientado, pero tranquilo.",N/A,Te sientes extraño porque ...,Sólo tomaste un vaso de agua hoy.,Te estás enfermando de gripe.,https://drive.google.com/file/d/18GluoIzVFP_yuVpBX8Em1bx0GIg1TuH2/view?usp=sharing,397.jpg,2,
Salud Física,,,Negative,Celebraciones en un juego deportivo,Estás en un partido deportivo. La multitud está alentando ruidosamente a tu equipo y sientes que tu cabeza late. Te sientes preocupado.,N/A,¿Te preocupa que el golpeo en tu cabeza signifique algo grave?,Sí,,https://drive.google.com/file/d/1BxmUUVgj2Iau_pHkovTQetlDHezR_Wkp/view?usp=sharing,388.jpg,2,
Salud Física,,,Positive,Un vuelo internacional,"Estás viajando a otro país. Durante el vuelo, miras por la ventana y te das cuenta de que nunca has estado tan alto sobre el océano. Te sientes emocionado.",N/A,¿Es emocionante estar tan alto?,Sí,,https://drive.google.com/file/d/1GYk2FDBdJrt2X79wPnOBoOZF2QH6AcbW/view?usp=sharing,398.jpg,2,
Salud Física,,,Positive,Pensamientos en la estación de tren,"Estás en una parada de metro esperando un tren. Parado en el borde, te das cuenta de que nunca habías pensado en la distancia de la caída hasta las vías de abajo. Te sientes fascinado.",N/A,"Mientras esperas el tren, piensas en cómo...",Estás seguro parado encima de las vías.,Estás en peligro de caerte.,https://drive.google.com/file/d/1ClAbuwZR2mkRJo44BvUWsBonRFgqp8o9/view?usp=sharing,399.jpg,2,
Salud Física,,,Positive,"Te extraen sangre para tu examen físico anual. Tu médico te dice que tendrás que esperar unos días para recibir los resultados y te preocupas por lo que dirán los resultados. Durante los próximos días, las preocupaciones son soportables.","Te extraen sangre para tu examen físico anual. Tu médico te dice que tendrás que esperar unos días para recibir los resultados, y te preocupas por lo que dirán. Durante los próximos días, las preocupaciones son manejables.",N/A,¿Son tolerables tus preocupaciones sobre los resultados?,Sí,,https://drive.google.com/file/d/1BVKNqBpLdgfT2kJpyOrEvhicjUJSFpHZ/view?usp=sharing,400.jpg,2,
Salud Física,,,Positive,Picadura de araña,"Mientras caminas, te pica una araña. Tu amigo te asegura que la araña no era venenosa y que estarás bien. Te preocupa que podría haber sido una araña mortal, pero continúas con la caminata de todos modos, y tus preocupaciones durante el resto del día son manejables.",N/A,¿Puedes manejar tus preocupaciones mientras terminas tu caminata?,Sí,,https://drive.google.com/file/d/1toIitkmj6xnqEM3CAiCHxzQrhXRD_p_Q/view?usp=sharing,401.jpg,2,
Salud Física,,,Negative,Controles en el dentista.,"Tienes una cita de rutina con el dentista y descubres que necesitas algunas pruebas para comprobar la salud de tus encías y dientes. Después de que el dentista realiza las pruebas, continúas recostado en el sillón mientras esperas los resultados. Crees que tus dientes y encías probablemente estén sanos.",N/A,¿Crees que tienes enfermedad de las encías?,Sí,No,https://drive.google.com/file/d/1PUQshZgNL6tX5cS4aP636BXA9VNXNVpq/view?usp=sharing,389.jpg,2,
Salud Física,,,Positive,Desconectandote,"Estás en una reunión escuchando a alguien hablar. Dejas de prestar atención y te desconectas por uno o dos minutos. Cuando empiezas a concentrarte de nuevo, te sientes relajado.",N/A,¿Te sientes tranquilo después de desconectarte durante la reunión?,Sí,,https://drive.google.com/file/d/1KAtEMGAr-LWfEzuwFy2roR4vCQ_ecl0O/view?usp=sharing,402.jpg,2,
Salud Física,Salud Mental,,Positive,Revisión física anual,"Estás recibiendo tu revisión médica anual. Después de un examen inicial, tu médico indica que algo parece inusual y dice que necesitarán obtener una segunda opinión. Mientras esperas en la sala de examen, logras controlar tu ansiedad.",N/A,¿Eres capaz de manejar tu ansiedad mientras esperas al doctor?,Sí,,https://drive.google.com/file/d/1gfUANnECP3LDzTjUtm_9lBpdAe3s4Xyw/view?usp=sharing,355.jpg,2,
Salud Física,Situaciones Sociales,,Positive,Una mesa sucia,"Te encuentras con un amigo para almorzar en un nuevo restaurante. Una vez que te sientas, te das cuenta de que tu mesa no fue limpiada después de los clientes anteriores, lo que te pone ansioso por los gérmenes. Decides quedarte a almorzar con tu amigo, y tu ansiedad es tolerable.",N/A,"Mientras almuerzas con tu amigo, tu ...",eres capaces de disfrutar la conversación.,Estás insoportablemente ansiosos.,https://drive.google.com/file/d/1d3Tz4L7BbfVIgBMIOeEAk7SC_ZshiTvk/view?usp=sharing,403.jpg,2,
Salud Física,,,Positive,Visión borrosa,"Estás muy cansado. Mientras te acuestas en tu cama, tu visión comienza a desenfocarse. Te sientes relajado.",N/A,Te das cuenta de que...,Estás especialmente cansado.,Podrías estar perdiendo tu visión permanentemente.,https://drive.google.com/file/d/1p3MZ2l74Zw8yLG7DGA22YUKqeK1K3i0n/view?usp=sharing,404.jpg,2,
Salud Física,,,Resilience/Negation,Asustado en tu caminata,"Estás caminando hacia el trabajo cuando de repente escuchas un ruido detrás de ti. Cuando giras rápidamente la cabeza para ver qué es, te sientes mareado y empiezas a preocuparte de que perderás el control.","Al notar estos pensamientos, decides que podrás afrontar la situación, así que sigues caminando.",¿Permitiste que las preocupaciones afectaran tu llegada al trabajo?,No,,https://drive.google.com/file/d/1EYgCsAXuhxtIYuCSSWKugZP_JiM8jjqz/view?usp=sharing,386.jpg,2,
Salud Física,Salud Mental,,Resilience/Negation,Sentirse mareado,"Has estado trabajando duro todo el día y no has comido mucho. Al levantarte de tu escritorio, te sientes mareado y débil, y esto te preocupa un poco.",Decides prestar atención a las sensaciones sin juzgarlas como buenas o malas. Esto reduce tu preocupación y te hace sentir más tranquilo.,¿Disminuirá tu ansiedad si observas tus sensaciones sin juzgar?,Sí,,https://drive.google.com/file/d/1DivZOcoKB52Y-av9UMmPiIogDTLacT_W/view?usp=sharing,360.jpg,2,
Salud Física,,,Positive,Un golpe accidental,"Una noche, estás subiendo las escaleras y accidentalmente golpeas tu cabeza contra un techo bajo. A la mañana siguiente, el dolor de cabeza sigue presente ligeramente, y te preguntas qué hiciste. Para la hora del almuerzo, el dolor ha disminuido.",N/A,Piensas que el dolor de cabeza es señal que...,Estás mejorando.,Estás seriamente lesionado.,https://drive.google.com/file/d/146ppWjMD-jv8MsLWh8oFtUXFi-waMntP/view?usp=sharing,405.jpg,2,
Salud Física,,,Positive,Aprendiendo a esquíar,Estás de vacaciones en un resort de montaña y estás aprendiendo a esquiar. Este es tu primer intento de esquiar cuesta abajo solo. Te acercas a la primera curva a una velocidad moderada y piensas que esquiar es divertido.,N/A,"Una vez que llegues a la curva, probablemente...",Vas a sobrepasarla y seguir esquiando cuesta abajo.,Vas a caerte.,https://drive.google.com/file/d/17uXb5H0kSMesHVAR7r1_6NraiAfQA0yi/view?usp=sharing,406.jpg,2,
Salud Física,,,Positive,Seguridad de la trampolina,"Tus hijos están rebotando en un trampolín. Se están divirtiendo, pero también consideras su seguridad, sabiendo que los trampolines pueden ser peligrosos. Mientras los ves saltar arriba y abajo, sientes que están bastante seguros.",N/A,A medida que continúes viendo a sus hijos en el trampolín probablemente...,disfrutarás viéndolos,te preocuparás de que se lastimen,https://drive.google.com/file/d/1CUsrIf1BGnnhCTX1GHmaVbo11NgeEMgr/view?usp=sharing,407.jpg,2,
Salud Física,Situaciones Sociales,,Positive,Visitando a los vecinos,"Te das cuenta de que no has visto a tu vecino mayor recientemente. Normalmente los visitas seguido, por lo que es extraño no haberlos visto últimamente. Probablemente tu vecino esté bien.",N/A,¿Tu vecino mayor probablemente ha estado enfermo?,No,,https://drive.google.com/file/d/14_16MBBgKRM9oZwTGSN9GJblFNuwndpf/view?usp=sharing,408.jpg,2,
Salud Física,,,Negative,Un pastel de cumpleaños,"Tu amigo te compra un pastel para tu cumpleaños. Cuando lo traen por la noche, notas que recientemente han estado enfermos. Sosteniendo el pastel, piensas que tus posibilidades de enfermarte son bastante altas.",N/A,"si te comes el pastel, probablemente...",Te enfermarás.,No te enfermarás.,https://drive.google.com/file/d/1HQHBTRpNUNY2kQ0B3sOzw3AIKiQ5XsJl/view?usp=sharing,391.jpg,2,
Salud Física,Situaciones Sociales,,Positive,Fiesta de cumpleaños,"Estás en una fiesta de cumpleaños para un amigo de un amigo. Te das cuenta de que estás ruborizado y un poco sudado. Parado allí, piensas que estas sensaciones son normales.",N/A,Las personas probablemente...,No te verán sudar ya que la habitación está poco iluminada.,Notarán que estás sudando.,https://drive.google.com/file/d/1cfjkxrnn1-Ws7c5KzE7-FN0aIqqXiOQF/view?usp=sharing,409.jpg,2,
Salud Física,,,Positive,Recuperando el aliento,Es una mañana fresca y estás subiendo unas escaleras para llegar a tu trabajo. Empiezas a sentirte realmente sin aliento cuando llegas al último escalón. Tomas un segundo para respirar y tranquilizarte.,N/A,¿Sentirte sin aliento te da miedo?,No,,https://drive.google.com/file/d/1xz59u0B6S3xO0AcB31N0mgdTPMRySk9a/view?usp=sharing,410.jpg,2,
Salud Física,Salud Mental,,Resilience/Negation,Preocupaciones por el ritmo cardíaco,"Es un día frío y has estado caminando afuera sin chaqueta. Después de unos minutos, tu cuerpo comienza a temblar y notas que tu corazón se acelera. Piensas en lo que esto podría significar para tu salud y sientes miedo.","Cuando el evento se vuelve más ruidoso a medida que llega más gente, consideras irte, pero decides que puedes manejar estos sentimientos y seguir socializando.",Cuando tu corazón comenzó a latir muy rápido...,Manejaste tu ansiedad y te quedaste.,Te fuiste debido a tu ansiedad.,https://drive.google.com/file/d/1cTKQhk1Gcvsa36S3yS-5EU4WtbW56xaQ/view?usp=sharing,363.jpg,2,
Salud Física,,,Resilience/Negation,Clima frío,"Es un día frío y has estado caminando afuera sin chaqueta. Después de unos minutos, tu cuerpo comienza a temblar y notas que tu corazón se acelera. Piensas en lo que esto podría significar para tu salud y sientes miedo.","sigues caminando, y te sientes un poco incómodo pero decides que la respuesta de tu cuerpo al frío es manejable.",Antes de volver adentro...,Toleraste la respuesta normal de tu cuerpo al frío.,Asumiste que algo malo te está pasando.,https://drive.google.com/file/d/1wf6c8LLSodZ_5OvMkPTLXeXSwKibzPvZ/view?usp=sharing,411.jpg,2,
Salud Física,,,Positive,Estar cerca de alguien enfermo,Vas al hospital a visitar a un amigo. Alguien detrás de ti tose un par de veces mientras estás en la sala de espera. La probabilidad de que te enfermes es baja.,N/A,¿Es probable que te enfermes?,No,,https://drive.google.com/file/d/14p-MA9AmO3Kf44iLqLgrc1KHWBpaRA8G/view?usp=sharing,412.jpg,2,
Salud Física,,,Positive,El dolor de muelas,"Tu diente ha estado doliendo recientemente, por lo que decides hacer una cita con el dentista. Piensas en el dolor y en lo que podría ser. Mientras esperas tu cita, te sientes tranquilo.",N/A,¿Puedes soportar ir al dentista?,Sí,,https://drive.google.com/file/d/1tx8o8w91aqw3k6CaxI1f-gxpAoV22yp6/view?usp=sharing,413.jpg,2,
Salud Física,,,Positive,Recuperando el aliento,Es una mañana fresca y estás subiendo unas escaleras para llegar a tu trabajo. Empiezas a sentirte realmente sin aliento cuando llegas al último escalón. Tomas un segundo para respirar y tranquilizarte.,N/A,¿Sentirte sin aliento te da miedo?,No,,https://drive.google.com/file/d/1xz59u0B6S3xO0AcB31N0mgdTPMRySk9a/view?usp=sharing,410.jpg,all,
Salud Física,,,Positive,Dando vueltas,"Vas a dar una vuelta en una atracción de carnaval. Cuando bajas, te sientes mareado. Estás encantado.",N/A,¿Te preocupa sentirte mareado?,No,,https://drive.google.com/file/d/1fYamTMa1ZB3CzDOyWxCfhKI3L2j1vR7J/view?usp=sharing,414.jpg,all,
Salud Física,,,Negative,Un golpe accidental,"Una noche, estás subiendo las escaleras y accidentalmente golpeas tu cabeza contra un techo bajo. A la mañana siguiente, el dolor de cabeza sigue presente ligeramente y te preguntas qué hiciste. Para la hora del almuerzo, el dolor ha disminuido.",N/A,Piensas que el dolor de cabeza es señal que...,"
Estás seriamente lesionado.",Estás mejorando.,https://drive.google.com/file/d/146ppWjMD-jv8MsLWh8oFtUXFi-waMntP/view?usp=sharing,405.jpg,all,
Salud Física,,,Positive,Primera vez pantinaje sobre hielo,"Tu amigo disfruta patinar sobre hielo y te convence de probarlo. En la pista te pones los patines y comienzas a deslizarte lentamente al principio, luego más rápido, y piensas que tus posibilidades de lastimarte son mínimas.",N/A,"A medida que continúes patinando sobre hielo, probablemente...",Patines con éxito alrededor de la pista varias veces.,Te caigas y te lastimes.,https://drive.google.com/file/d/1DDUPUz1PJYIlmUsQ4fi7k8l6xKAqzb0q/view?usp=sharing,415.jpg,all,
Salud Física,Situaciones Sociales,,Resilience/Negation,Corriendo con un amigo,Tienes planeado correr mañana con un amigo que corre todos los días. No has corrido en bastante tiempo y te preocupa si podrás mantener el ritmo.,"Crees que mañana no te quedarás atrás, y las posibilidades de que puedas seguir el ritmo de tu amigo son altas.",¿Podrás seguir el ritmo de tu amigo mañana?,Sí,No,https://drive.google.com/file/d/1eJ-08i7HtFvPYHdRnELsblgm6tY079fj/view?usp=sharing,416.jpg,all,
Salud Física,,,Resilience/Negation,Corriendo una maratón,"Has corrido unos 10 kilómetros y estás pensando en entrenar para correr una maratón. Disfrutas la sensación de logro cuando terminas una carrera de 10 km, pero te preocupa si tienes lo necesario para correr más de cuatro veces esa distancia.","Cuando consideras la idea de correr un maratón, no crees que sea demasiado para ti porque crees que probablemente serás lo suficientemente bueno.",¿Crees que serás incapaz de completar un maratón?,No,Sí,https://drive.google.com/file/d/1Xq6CIdmWrno41D0PJ3EsiJ_L_tH3iRmg/view?usp=sharing,417.jpg,all,
Salud Física,,,Positive,sintiéndote mareado,"Estás en una fiesta y comienzas a bailar con tus amigos. Empiezas a sentirte mareado cuando el ritmo se acelera. Piensas que esta sensación es una señal de emoción.",N/A,¿Te preocupa sentirte mareado?,No,,https://drive.google.com/file/d/11iBGMQfdQzKS4Wie-FoCiOstUhF1691I/view?usp=sharing,418.jpg,all,
Salud Física,,,Positive,Subiendo escaleras,"El ascensor de tu edificio está roto otra vez y tienes que subir varias plantas por las escaleras para llegar a donde necesitas ir. Sientes que tu pecho se aprieta y te quedas sin aliento al llegar al último escalón. Te sientes lleno de energía.",N/A,¿Te sientes ansioso/a en la cima de las escaleras?,No,,https://drive.google.com/file/d/1HzEJ1c_3jX-C44g32T1z0Bt1R84I3mJW/view?usp=sharing,419.jpg,all,
Salud Física,,,Positive,Corriendo una milla,"Estás corriendo una milla y quieres tener un buen tiempo. Notas que tu corazón se acelera más rápido de lo habitual después de detenerte. Crees que esto es normal.",,¿Es malo que tu corazón se acelere después de correr?,No,,https://drive.google.com/file/d/1Ba88gEkP7CKNLp4OYy0jKaTec5G1fIIh/view?usp=sharing,420.jpg,all,
Salud Física,,,Positive,Serpientes venenosas,"Tu amigo te convence de dar un paseo por un parque local. Has oído que hay serpientes venenosas en ese parque y comienzas a sentirte preocupado. Piensas que las posibilidades de ver una serpiente son pequeñas.",N/A,¿Es probable que te muerda una serpiente venenosa?,No,,https://drive.google.com/file/d/1U2_8uATTliNhBZDx61INANKTKxk7cpTi/view?usp=sharing,421.jpg,all,
Salud Física,,,Positive,Evaluación de salud,"En tu cita médica anual, tu doctor decide hacerte unas pruebas para evaluar tu salud en función del historial médico de tu familia. Tus resultados estarán listos en una semana. Mientras esperas los resultados, crees que probablemente estás sano.",N/A,¿Probablemente estás enfermo?,No,,https://drive.google.com/file/d/1skss2BI_-uGWDYIrkmbfefHHXDWYy7yn/view?usp=sharing,422.jpg,all,
Salud Física,,,Resilience/Negation,Problemas de visión,"Cuando te despiertas por la mañana, te sientas rápidamente. Tu visión se vuelve borrosa y luego todo se pone negro por un momento. Tu visión regresa después de ese momento y te convences de que no te estás quedando ciego.","Respiras y te das cuenta de que tu visión completamente. Luego, recuerdas que a veces esto pasa cuando te sientas demasiado rápido. ",¿Tu visión borrosa temporariamente significa que te estás quedando siego?,No,,https://drive.google.com/file/d/1zilnZ-Hg2NZiL6TR6YmDYtIdKcj2JFhH/view?usp=sharing,423.jpg,all,
Salud Física,Salud Mental,,Resilience/Negation,Tomando transporte,"Estás en el aeropuerto corriendo para alcanzar un avión. Sientes que tu corazón late rápidamente mientras te subes al avión y te sientas. Comienzas a sudar y a respirar rápido, temiendo que puedas tener un ataque de pánico.","sientes un impulso fuerte de bajarte del avión y volver a casa, pero te sientas en el asiento más cercano. En lugar de salir, decides observar estas sensaciones y quedarte sentado.",¿Es necesario bajarse del avión porque sientes que tu corazón late rápidamente?,No,,https://drive.google.com/file/d/1-ZaRhY6rkkEMRjIZb6GczmTpynme4Zhc/view?usp=sharing,153.jpg,all,
Salud Física,Salud Mental,,Negative,Dolor de estómago,Has estado nervioso por una próxima evaluación en el trabajo. El día de la evaluación notas que te duele el estómago. Piensas que el dolor de estómago probablemente se debe a la ansiedad.,N/A,¿El dolor de estómago se debe a la ansiedad?,Sí,No,https://drive.google.com/file/d/1rbCs8iZS6b3LtSyDCOMcEXH8GAlOt4qZ/view?usp=sharing,352.jpg,all,
Salud Física,,,Positive,Poniéndose al día con los amigos,Ves a tus amigos al otro lado de la calle y corres hacia ellos. Te sientes un poco desorientado y mareado al llegar a ellos. Consideras lo que esto significa y te das cuenta de que probablemente solo significa que corriste rápido.,N/A,¿Tienes miedo al sentirte un poco desorientado después de tu breve trote?,No,,https://drive.google.com/file/d/1pczJLTVnLyHDjo-fmzd5s_A2lnG8fHM7/view?usp=sharing,424.jpg,all,
Salud Física,Salud Mental,,Positive,Boca seca,Has sentido sequedad en la boca durante unos días. Esto es algo que no has sentido antes. La probabilidad de que la sequedad bucal signifique un problema de salud grave es baja.,N/A,¿Tu boca seca indica que estás enfermo?,No,,https://drive.google.com/file/d/1eG4x0HMf4jIlTARyW3hf9EE8Q_PSqHPE/view?usp=sharing,337.jpg,all,
Salud Física,,,Positive,Sensaciones desconocidas,Estás caminando con unos amigos después del almuerzo y de repente sientes un hormigueo en las yemas de los dedos. Esto es algo que realmente no has experimentado antes. Esto probablemente significa que estás bien.,N/A,¿El hormigueo en los dedos significa que estás enfermo?,No,,https://drive.google.com/file/d/1TaGhr-WWip-eRu9sYUy8KrsB9UlfG_Im/view?usp=sharing,425.jpg,all,
Salud Física,,,Positive,Yendo a dormir,"Estás acostado en tu cama, a punto de dormir. Comienzas a sentir una pesadez en el pecho mientras intentas dormir. Piensas en esta presión y te sientes cansado.",N/A,¿Te preocupa la pesadez en el pecho al quedarte dormido?,No,,https://drive.google.com/file/d/1izJIViWYKVGzESq3qfuHbCfkmMbXkVuc/view?usp=sharing,426.jpg,all,
Salud Física,,,Positive,Clase de baile,"Estás tomando una clase de baile y, durante un descanso, sientes que tus piernas se vuelven inestables. Te enfocas en estas sensaciones mientras tomas un trago de agua. Piensas que las piernas inestables probablemente significan que te estás esforzando.",N/A,¿Tus piernas inestables son una señal de que no te estás mal?,No,,https://drive.google.com/file/d/1xY_MqEc3uOEL5xvE9lYTGJ6OJPlAArWS/view?usp=sharing,427.jpg,all,
Salud Física,,,Positive,Sudando a través de tu camisa,"Usas una camisa para ir a la escuela que te queda ajustada alrededor de las axilas. A mitad del día notas que tienes marcas de sudor. Después de pensarlo, te das cuenta de que sudar a lo largo del día es normal.",N/A,¿La sudoración es una función corporal normal?,Sí,,https://drive.google.com/file/d/1Wch_kcxO-_MSrBd4tyGQsC_dXyOttIIF/view?usp=sharing,428.jpg,all,
Salud Física,,,Positive,Garganta seca,Estás hablando con un amigo sobre tu día y de repente sientes que tu garganta se seca. Toses un poco y buscas un vaso de agua. El agua ayuda un poco y te das cuenta de que la sequedad en la garganta probablemente no fue nada.,N/A,¿Tu garganta seca significa que estás enfermo?,No,,https://drive.google.com/file/d/1EYKumlSsrqKHNA6TbZfnrscg0F5KgSYg/view?usp=sharing,429.jpg,all,
Salud Física,,,Resilience/Negation,Subiendo una montaña,"Estás en una caminata con un grupo de amigos y todos quieren subir una montaña bastante alta. Mientras escalas la montaña, miras hacia abajo y sientes un vacío en el estómago. Piensas que esta caminata será aterradora.","Llegas a la cima de las montañas y tus amigos están tomando fotos. Aunque estás ansioso, miras alrededor y sonríes.",¿Pudiste superar tu ansiedad y disfrutar de la caminata?,Sí,,https://drive.google.com/file/d/1gYGD8SnyvMsNgSmeWgF1xZiAFm5Pllca/view?usp=sharing,430.jpg,all,
Salud Física,Salud Mental,,Resilience/Negation,Larga caminata afuera,Hace frío afuera y sales a caminar para calmar tu mente. Tus manos empiezan a temblar y tu corazón late rápidamente mientras subes una cuesta. Tienes miedo.,Recuerdas que es la primera vez en unas semanas que caminas una distancia larga. Probablemente sientes que el latido de tu corazón se acelera debido a la cuesta.,¿Tu latido de corazón rápido significa que algo malo está pasando?,No,Sí,https://drive.google.com/file/d/1lcMOCr0PYGVo5UIUZXEXzXL0JU5_MIgg/view?usp=sharing,364.jpg,all,
Salud Física,Situaciones Sociales,,Positive,Presentación de clase,"Tienes que hacer una presentación para tus compañeros de trabajo hoy. Cuando te pones de pie frente a ellos, sientes que te arden las mejillas y te tiemblan las manos. Crees que estas sensaciones serán manejables.",N/A,¿Puedes manejar tus síntomas de ansiedad mientras haces tu presentación?,Sí,,https://drive.google.com/file/d/1JLUIkzxiJ2P-eVOgnLmb1zyker17wj7l/view?usp=sharing,431.jpg,all,
Salud Física,,,Positive,Boca seca,Has sentido sequedad en la boca durante unos días. Esto es algo que no has sentido antes. La probabilidad de que la sequedad bucal signifique un problema de salud grave es baja.,N/A,¿Tu boca seca indica que estás enfermo?,No,,https://drive.google.com/file/d/1eG4x0HMf4jIlTARyW3hf9EE8Q_PSqHPE/view?usp=sharing,337.jpg,all,
Salud Física,Situaciones Sociales,,Positive,Viendo a un viejo amigo,Ves a un viejo amigo con el que no has hablado en años. Tu corazón da un vuelco. Te sientes emocionado.,N/A,¿Está bien que sientas que tu corazón da un vuelco?,Sí,,https://drive.google.com/file/d/1y8Ol0_urR_KdDlcWEw9hZ979KBQ_ozHp/view?usp=sharing,432.jpg,all,
Salud Física,,,Negative,Manejando con una amigo,Estás en el carro con un amigo y están manejando a la velocidad límite en la carretera. Sientes mariposas en el estómago al ver los coches pasar rápidamente. Esto te hace sentir nervioso.,N/A,¿Las mariposas en tu estómago te hacen sentir emocionado?,No,Sí,https://drive.google.com/file/d/1Qg3RtlzGStLsvGsgkLm9QEhINOWo8MDV/view?usp=sharing,433.jpg,all,
Salud Física,Situaciones Sociales,,Positive,Conociendo alguien nuevo,Estás en una fiesta de cumpleaños para un amigo. Comienzas a sentir un nudo en el estómago mientras hablas con un desconocido. Esto probablemente significa que estás emocionado.,N/A,¿Te preocupa hablar con una persona nueva?,No,,https://drive.google.com/file/d/1m8Y-P-lBw6IkILN6LVQ2sO9xx9D8qSBD/view?usp=sharing,434.jpg,all,
Salud Física,Situaciones Sociales,,Positive,Exposición reciente,"Has estado expuesto recientemente a alguien que dio positivo, pero te hiciste la prueba y no has experimentado ningún síntoma. Tus amigos te invitan a cenar con ellos y te preguntas si deberías ir. Das negativo y decides salir con tus amigos.",N/A,¿Prueba negativo?,Sí,,https://drive.google.com/file/d/1skPUUmw_frFjR4siPO4dIxk0mnDUH5UN/view?usp=sharing,435.jpg,all,
Salud Física,,,Positive,Distanciamiento social adentro,"Eres inmunocomprometido y has estado tomando precauciones para protegerte de enfermedades. Cuando llegas a una reunión un día, notas a un colega que está tosiendo sin cubrirse la boca. Le pides amablemente que se cubra la boca.",N/A,¿Estás tomando precauciones contra las enfermedades?,Sí,,https://drive.google.com/file/d/1ZaHC8JkZK3uAQbvp8hBPnP6YtIA2v7Kk/view?usp=sharing,436.jpg,all,
Salud Física,,,Write Your Own,Write Your Own,,,,,,,,write your own,
Salud Física,,,Write Your Own,Write Your Own,,,,,,,,write your own,
Salud Física,,,Write Your Own,Write Your Own,,,,,,,,write your own,
Salud Física,,,Positive,Tomar precauciones,Tus hijos están de vuelta en persona en la escuela. Te preocupa que un compañero de clase pueda darles COVID y que tus hijos puedan enfermarse gravemente. Decides asegurarte de que se mantengan enmascarados y aprendan a lavarse las manos para mantenerse seguros.,N/A,¿Crees que tus hijos se contagiarán de COVID?,No,,https://drive.google.com/file/d/12Ul_sg1zLz6b3_PvH5k7LI2mG4PlWWmE/view?usp=sharing,437.jpg,1,
Salud Física,,,Resilience/Negation,Terminando una carrera larga,Terminas de correr una larga distancia. Te das cuenta de que tu corazón late muy rápido y sientes presión en el pecho. Piensas que estás a punto de entrar en pánico.,Quieres ir a algún lugar privado para estar lejos de los demás. Decides quedarte donde estás y respirar lentamente.,¿Es necesario salir de un área pública debido a tu corazón acelerado?,No,,https://drive.google.com/file/d/1b6SHlzW0ox4gYWPHJ4V0XNGxwHqJO5rg/view?usp=sharing,438.jpg,1,
Salud Física,Situaciones Sociales,,Resilience/Negation,Dando una presentación,"Estás dando una presentación que te tenía realmente nervioso. Mientras hablas, sientes un nudo en la garganta y comienzas a toser. Estos sentimientos probablemente significan que estás ansioso.","Decides tomar un respiro lento y profundo. Al empezar a hablar de nuevo, te das cuenta de que lo que sentiste era normal.",¿Es normal toser durante una presentación?,Sí,,https://drive.google.com/file/d/10fLWhto09ulpTOoQ_oICa06UK6vWzttW/view?usp=sharing,46.jpg,1,
Salud Física,,,Negative,Corriendo en el frío,Hace frío afuera y estás corriendo. Tu corazón empieza a latir rápidamente después de unos minutos. Decides que este sentimiento te da miedo.,N/A,¿Te dan miedo los latidos rápidos de tu corazón?,Sí,No,https://drive.google.com/file/d/1FS-osT_v7dH6pF1URFaIMXwErnTMFWu-/view?usp=sharing,439.jpg,1,
Salud Física,,,Positive,Despertándote mareado,"Cuando te despiertas por la mañana, te sientas rápidamente. Tu visión se vuelve borrosa y luego todo se pone negro por un momento. Tu visión regresa después de ese momento y te convences de que no te estás quedando ciego.",N/A,¿Tu visión borrosa temporariamente significa que te estás quedando siego?,No,,https://drive.google.com/file/d/1zilnZ-Hg2NZiL6TR6YmDYtIdKcj2JFhH/view?usp=sharing,423.jpg,1,
Salud Física,,,Positive,sin aliento,"Durante una caminata este fin de semana, notaste que te quedabas sin aliento más rápido de lo normal. Recuerdas que el COVID afecta a los pulmones y comienzas a sentir pánico. Afortunadamente, sabes que has estado usando mascarilla y has hecho todo lo posible para prevenir el COVID.",N/A,¿Tu dificultad para respirar está relacionada con el COVID?,No,,https://drive.google.com/file/d/1Gq5CyYWiftqddMmYJBplTFqMqYY6Ao9r/view?usp=sharing,440.jpg,1,
Salud Física,,,Positive,Dando positivo en una prueba de enfermedad,"Unos días después de ir a un cumpleaños con mucha gente, notas que te duele la garganta. Te haces una prueba de una enfermedad grave y sale positiva. Has tenido mucho cuidado debido a tus condiciones de salud subyacentes. Piensas en cómo afectará tu salud y crees que podrás manejar los desafíos a medida que se presenten.",N/A,¿Podrás recuperarte de la enfermedad?,Sí,,https://drive.google.com/file/d/1swyXz0EX1z3WGXTnVs4rB7-lSbq05V5E/view?usp=sharing,441.jpg,1,
Salud Física,,,Positive,Dolor de cabeza en la oficina médica,"Estás en el consultorio médico y te preguntan si tienes algún síntoma de COVID. Mencionan los dolores de cabeza como un posible síntoma, algo que has estado sintiendo pero no reconociste como un problema, y eso te asusta porque recuerdas lo enfermos que se pusieron tus amigos con COVID. Recuerdas que puedes enfocarte en tu salud y descansar hasta que te sientas mejor.",N/A,¿Tu dolor de cabeza significa que te pondrás tan enfermo como tus amigos?,No,,https://drive.google.com/file/d/1E_zU43NdPQrQs_EbbgIeOVJr1IAQ1b_O/view?usp=sharing,442.jpg,1,
Salud Física,,,Positive,Problemas de computadora,"Mientras trabajas en tu computadora, empiezas a tener dolor de cabeza. El dolor persiste y comienzas a preocuparte de que sea algo más serio, como COVID. No has estado expuesto a nadie que haya dado positivo, así que concluyes que tu dolor de cabeza se debe a mirar la computadora durante demasiado tiempo.",N/A,¿Está relacionado tu dolor de cabeza con mirar la computadora por demasiado tiempo?,Sí,,https://drive.google.com/file/d/14SW8n5lb3oYoXJv_Rvnap-Aq51sdmBW9/view?usp=sharing,443.jpg,1,
Salud Física,,,Positive,Nadando en la playa,"Después de enterarte de que un amigo está enfermo, decides ir a la playa para un día relajante. Cuando intentas nadar en el mar, te cuesta aguantar la respiración bajo el agua. Probablemente es porque hace un tiempo que no nadas.",N/A/,¿Tu dificultad para nadar en una señal de que tienes la enfermedad?,No,,https://drive.google.com/file/d/1EDAskGZeJln12DePCekZITDjifvl8aXY/view?usp=sharing,444.jpg,1,
Salud Física,,,Positive,Mascarillas con piel sensible,"Tienes la piel sensible y usar una mascarilla te provoca brotes. Cuando ves personas sin mascarillas, su piel está completamente clara. Te sientes inseguro acerca de cuánto acné tienes.","Después de pensarlo, te das cuenta de que tiendes a notar aspectos de ti mismo que los demás no notan. Te sientes bien al proteger a las personas al usar tu máscara.",¿Es bueno que lleves mascarilla?,Sí,,https://drive.google.com/file/d/1kxwTqZLKkj_Ga1sxMdjcBk6LLutuz39T/view?usp=sharing,445.jpg,1,
Salud Física,,,Resilience/Negation,El malestar de estómago,Te has estado sintiendo mal del estómago durante unos días. Haces una cita con tu médico. Las náuseas probablemente significan que estás enfermo.,Te reúnes con el médico y te dice lo que probablemente está pasando. Lo piensas y te das cuenta de que enfermarse a veces es normal.,¿Es normal enfermarse a veces?,Sí,,https://drive.google.com/file/d/1prtRSSRBp4ryNBbiHEfOgJJIMpOsf_o3/view?usp=sharing,446.jpg,1,
Salud Física,,,Resilience/Negation,Alergias de primavera,"Es un día frío en primavera y estás caminando afuera en el parque, jugando fútbol. Al pasar por los árboles, te sientes cada vez más congestionado y adolorido. Empiezas a sentir miedo.","Mirando alrededor, ves todo el polen en el aire. Te das cuenta de que normalmente tienes la nariz congestionada debido a las alergias y probablemente estás cansado de jugar fútbol despues de una hora. Te sientes aliviado.",¿Tu congestión y dolor significan que algo malo está pasando?,No,,https://drive.google.com/file/d/1XwVIMD-qlNp532-AByRuhQltoTAlm_qS/view?usp=sharing,447.jpg,1,
Salud Física,,,Negative,Prueba positiva,Recientemente hiciste una prueba de COVID y esperas los resultados hoy. Estás en medio de una reunión cuando escuchas que suena tu teléfono y te preguntas si tu prueba fue positiva o negativa. Revisas tu teléfono y ves que diste positivo.,N/A,¿Pruebas positivo?,Sí,,https://drive.google.com/file/d/1Fq-NpWkRkGr7cLwbrV84SzufV_aWAasr/view?usp=sharing,448.jpg,1,
Salud Física,,,Positive,Vacaciones reprogramadas,"Has estado queriendo ir de vacaciones de verano a Europa durante algunos años. Reprogramaste tu viaje desde el verano pasado hasta el verano que viene, pero te preocupa que el COVID se propague de nuevo y te impida ir por fin. Decides esperar pacientemente, y sabes que siempre puedes reprogramar de nuevo si es necesario.",N/A,¿Te preocupa que el COVID vaya a cancelar tu viaje?,No,,https://drive.google.com/file/d/1_6GwYbw-AzOkHQkKGOeLLpvnQXbJojTw/view?usp=sharing,449.jpg,1,
Salud Física,,,Positive,Cancelación de concierto,"Compraste tiquetes para un concierto y finalmente se acerca la fecha. Sin embargo, los números de COVID están aumentando en tu estado y puede que se cancele el concierto en el último momento. Aceptas esto y sabes que la banda reprogramará si es necesario.",N/A,¿Te preocupa que cancelen el concierto?,No,,https://drive.google.com/file/d/1_B3CLNZYw6j6jB-EIfyI0zEH5EdNmetw/view?usp=sharing,450.jpg,1,
Salud Física,,,Positive,Tos después de salir,"Durante los últimos días, has empezado a tener una tos. Saliste el fin de semana pasado y te preguntas si podrías haber contraído COVID. Decides hacerte la prueba.",N/A,¿Es tu tos una señal definitiva de COVID?,No,,https://drive.google.com/file/d/14wxdQT03SW3H6H1dQsVqj2B6s1GhUSY7/view?usp=sharing,368.jpg,1,
Salud Física,Situaciones Sociales,,Positive,Exposure Guilt,"Después de sentir que tu garganta te duele, decides hacerte una prueba de COVID. Tu pareja casi no sale para protegerse y piensas que estará enojado por una posible transmisión. Esperas que te perdone porque contraer COVID no está completamente bajo tu control.",N/A,¿Piensas que tu pareja se quedará enojado con tigo?,No,,https://drive.google.com/file/d/1LkohJTxupt7GsSvfr-gaezvukKm-FVKj/view?usp=sharing,451.jpg,1,
Salud Física,,,Positive,Vecino sin mascarilla,Estás trabajando en la biblioteca cuando otra persona se sienta a tu lado. No lleva mascarilla y eso te hace sentir inseguro. Le dices al bibliotecario que esta persona está rompiendo las reglas.,N/A,¿Tomas la decisión correcta de contarle al bibliotecario sobre la persona desenmascarada?,Sí,,https://drive.google.com/file/d/1nUmCRu4wnqWaowKbc8AkUMsjxFN1g9BU/view?usp=sharing,452.jpg,1,
Salud Física,Situaciones Sociales,,Positive,Comunicación tardía,"Tu amigo te invita a una cena y después de salir, casualmente menciona que una de las personas allí estaba enferma. No puedes creer que tu amigo no te dijera esto antes de que te llevara a la cena. Decides hablar con tu amigo al respecto y ambos deciden aislarse por unos días por si acaso uno se enferma y comunicarse mejor sobre situaciones de riesgo.",N/A,¿Tu amigo te puso en una situación peligrosa a propósito?,No,,https://drive.google.com/file/d/1bUgYhh6J97bHW_fCGBklhFK19Hg6E412/view?usp=sharing,453.jpg,1,
Salud Física,Situaciones Sociales,,Positive,Corriendo con un amigo,Tienes planeado correr mañana con un amigo que corre todos los días. No has corrido en bastante tiempo y te preocupa si podrás mantener el ritmo o no. Crees que las posibilidades de que puedas seguir el ritmo de tu amigo son altas.,N/A,"Mañana, probablemente...",Podrás seguir el ritmo de tu amigo.,Te quedarás atras de tu amigo durante tu carrera.,https://drive.google.com/file/d/1eJ-08i7HtFvPYHdRnELsblgm6tY079fj/view?usp=sharing,416.jpg,1,
Salud Física,,,Resilience/Negation,sintiendo mareos,Decides girar rápidamente en una silla de oficina. Sientes mariposas en el estómago y te mareas cuando la silla se desacelera. Estas sensaciones probablemente significan que estás bien.,"En vez de entrar en pánico, decides respirar profundamente. Lentamente, tu mareo desaparece y tu estómago se siente mejor.",¿Te preocupa desmayarte?,No,,https://drive.google.com/file/d/1fYamTMa1ZB3CzDOyWxCfhKI3L2j1vR7J/view?usp=sharing,414.jpg,1,
Salud Física,,,Resilience/Negation,Caminata con amigos,"Tú y tus amigos han decidido ir a una caminata, aunque temes que te agotes demasiado. Un rato después de comenzar la caminata, empiezas a respirar con dificultad. Piensas que las posibilidades de que tengas que parar son altas.",Observas que tus amigos también están cansándose. Decides que probablemente estarás bien.,¿Es probable que estés seguro en la caminata?,Sí,,https://drive.google.com/file/d/1_h-ZuOeEI_atTR4dz223E24V5sWlPdAn/view?usp=sharing,454.jpg,1,
Salud Física,Situaciones Sociales,,Positive,Entrega Responsable,"Uno de tus amigos cercanos da positivo en la prueba de COVID y te pide que le lleves comida. No quieres exponerte estando cerca de su hogar, pero también quieres ayudar. Encuentras una manera de entregar la comida y mantener tu distancia.",N/A,¿Puedes ayudar a tu amigo?,Sí,,https://drive.google.com/file/d/1oXJuho3aF66WCQMZ_tTZRNA2Wc3QA5gx/view?usp=sharing,455.jpg,1,
Salud Física,,,Positive,Planes para visitar a la familia,"Es el día antes de que planees ir a visitar a tu familia, y tu amigo se da cuenta de que estuvo expuesto a alguien con COVID. Ambos se van a hacer la prueba, pero los resultados suelen llegar en 72 horas y tienes un vuelo mañana. Cuando piensas en cómo reaccionará tu familia, crees que lo entenderán.",N/A,¿siempre puedes reprogramar tu viaje para ver a tu familia?,Sí,,https://drive.google.com/file/d/1yuqh5SDNygg4LWsoT1Xy9YTyK0rxVKAg/view?usp=sharing,456.jpg,1,
Salud Física,Situaciones Sociales,,Negative,Corriendo con un amigo,Tienes planeado correr mañana con un amigo que corre todos los días. No has corrido en bastante tiempo y te preocupa si podrás mantener el ritmo o no. Crees que las posibilidades de que puedas seguir el ritmo de tu amigo son bajas.,N/A,Imaginas que la carrera será...,"Demasiado rápida para ti, sin importar cuánto te esfuerces.",A un ritmo que puedes lograr si te esfuerzas mucho.,https://drive.google.com/file/d/1eJ-08i7HtFvPYHdRnELsblgm6tY079fj/view?usp=sharing,416.jpg,1,
Salud Física,,,Positive,Corriendo una maratón,"Has corrido unos 10 kilómetros y estás pensando en entrenar para correr una maratón. Disfrutas la sensación de logro cuando terminas una carrera de 10 km, pero te preocupa si tienes lo necesario para correr más de cuatro veces esa distancia. Cuando consideras la idea de correr un maratón, crees que probablemente serás lo suficientemente bueno.",N/A,Crees que terminar un maratón será...,Un objetivo a tu alcance.,Más allá de tus capacidades.,https://drive.google.com/file/d/1Xq6CIdmWrno41D0PJ3EsiJ_L_tH3iRmg/view?usp=sharing,417.jpg,1,
Salud Física,Vida Familiar y Doméstica,,Positive,Salud y envejecimiento,Visitas a un amigo de la infancia durante las vacaciones y notas que está envejeciendo. Te preguntas cómo será su salud en el futuro. Crees que su salud probablemente será buena.,N/A,Tu amigo probablemente ...,,Enferme más en el futuro.,https://drive.google.com/file/d/1WQ98TKdbZ08AjbW2rG-0WPXkWDfK2eYl/view?usp=sharing,129.jpg,1,
Salud Física,Situaciones Sociales,,Positive,Demasiada atención,"Es tu cumpleaños y cuando llega la hora del pastel, la gente se reúne a tu alrededor y empiezan a cantar. Sientes que tu corazón empieza a latir más rápido y comienzas a sudar. Tus amigos y familiares no se darán cuenta.",N/A,¿Tus amigos y familiares notan lo ansioso que te sientes?,No,,https://drive.google.com/file/d/1m8Y-P-lBw6IkILN6LVQ2sO9xx9D8qSBD/view?usp=sharing,434.jpg,1,
Salud Física,Situaciones Sociales,,Positive,Manchas de sudor,Es un día caluroso y tú y tus amigos están caminando afuera. Notas que estás empezando a sudar y puedes ver algunas manchas en tu camiseta. Conoces bien a estos amigos y no les importará.,N/A,¿Tus amigos se burlarán de las manchas en tu camiseta?,No,,https://drive.google.com/file/d/1Wch_kcxO-_MSrBd4tyGQsC_dXyOttIIF/view?usp=sharing,428.jpg,1,
Salud Física,,,Positive,Amigo tosiendo,Ayer te reuniste con un amigo que tosió algunas veces mientras estaban juntos. Estás nervioso de que podrías haber contraído algo de tu amigo. Decides que tu ansiedad es manejable.,N/A,¿Puedes manejar tu ansiedad sobre la posibilidad de enfermarte?,Sí,No,https://drive.google.com/file/d/14wxdQT03SW3H6H1dQsVqj2B6s1GhUSY7/view?usp=sharing,368.jpg,2,
Salud Física,Situaciones Sociales,,Resilience/Negation,Miedo al COVID,"Tu amigo ha estado tosiendo durante unos días y cuando le pides que vaya al doctor, se niega, diciendo que no debería estar enfermo porque no estuvo expuesto a ninguna enfermedad. Quieres hablar con él al respecto y entender su perspectiva, pero te preocupa cómo reaccionará.",Decides hablar con tu amigo y aprender que estaba evitando ir al doctor porque le faltaba información sobre el proceso. Le dices lo que sabes y te alegras de haber sido capaz de proporcionar apoyo,¿Fuiste capaz de ayudar a tu amigo?,Sí,,https://drive.google.com/file/d/1uhh5L7klH8OgV65X8ksU7J-lH6GYnN4-/view?usp=sharing,457.jpg,2,
Salud Física,Salud Mental,,Resilience/Negation,Suministros para la cena,"Estás coorganizando una cena en el apartamento de tu amigo, y acabas de terminar todas las compras. Comienzas a sudar y sientes que tu corazón late con fuerza después de un par de viajes llevando las compras hasta el tercer piso. Te sientes un poco asustado por estas sensaciones. Inseguro de si son buenas o malas, decides simplemente aceptarlas.",N/A,¿Podrías aceptar tu corazón acelerado como algo ni bueno ni malo?,Sí,,https://drive.google.com/file/d/1QevesjiyIZoUiGS00ScGoNoxtScdTp8W/view?usp=sharing,372.jpg,2,
Salud Física,Académicos/Trabajo/Desarrollo Profesional,,Positive,Tajada de fruta,"Estás almorzando en una mesa de picnic con algunos compañeros del trabajo, cuando te cortas el dedo accidentalmente cortando fruta. No puedes lavarlo inmediatamente con agua y jabón porque estás afuera. En unos días, tu herida sanará.",N/A,Tu herida probablemente...,Sanará rápidamente.,Se infectará.,https://drive.google.com/file/d/1Mu4B99f_8N1nQxTYtHOfiGj2lIRhn65P/view?usp=sharing,369.jpg,2,
Salud Física,,,Negative,Corriendo una maratón,"Has corrido unos 10 kilómetros y estás pensando en entrenar para correr una maratón. Disfrutas la sensación de logro cuando terminas una carrera de 10 km, pero te preocupa si tienes lo necesario para correr más de cuatro veces esa distancia. Cuando consideras la idea de correr un maratón, crees que probablemente estarás demasiado débil.",N/A,"Piensas que si te apuntas a una maratón, el día de la carrera es probable que...",Colapsaras antes de cruzar la línea de meta.,Te sentirás orgulloso de haber logrado para lo que entrenaste.,https://drive.google.com/file/d/1Xq6CIdmWrno41D0PJ3EsiJ_L_tH3iRmg/view?usp=sharing,417.jpg,2,
Salud Física,Situaciones Sociales,,Positive,Demasiada atención,"Es tu cumpleaños y cuando llega la hora del pastel, la gente se reúne a tu alrededor y empiezan a cantar. Sientes que tu corazón empieza a latir más rápido y comienzas a sudar. Tus amigos y familiares no se darán cuenta.",N/A,¿Tus amigos y familiares notan lo ansioso que te sientes?,No,,https://drive.google.com/file/d/1m8Y-P-lBw6IkILN6LVQ2sO9xx9D8qSBD/view?usp=sharing,434.jpg,2,
Salud Física,Situaciones Sociales,,Positive,Manchas de sudor,"Es tu cumpleaños y cuando llega la hora del pastel, la gente se reúne a tu alrededor y empiezan a cantar. Sientes que tu corazón empieza a latir más rápido y comienzas a sudar. Tus amigos y familiares no se darán cuenta.",N/A,¿Tus amigos se burlarán de las manchas en tu camiseta?,No,,https://drive.google.com/file/d/1Wch_kcxO-_MSrBd4tyGQsC_dXyOttIIF/view?usp=sharing,428.jpg,2,
Salud Física,Vida Familiar y Doméstica,,Positive,Visitar a una familia anciana,Vuelves a casa de tus padres durante las vacaciones y notas que tu madre parece frágil. Te preguntas sobre su salud y si está enferma. Crees que su salud probablemente será buena.,N/A,¿La salud de tu madre va a empeorar rápidamente?,No,,https://drive.google.com/file/d/1Gq9Sn1-xMI1EWDLSKgwCVl-6URaJ2yiG/view?usp=sharing,152.jpg,2,
Salud Física,Situaciones Sociales,,Positive,Conocido sin mascarilla,Llegas a una reunión con tu mascarilla puesta. Te das cuenta de que uno de tus colegas no está usando una mascarilla. Piensas que probablemente se le olvidó.,N/A,¿Tu colega olvidó su mascarilla?,Sí,,https://drive.google.com/file/d/1FtHkL-AdkRCQvQ3tup-oLG_qljuCxq5w/view?usp=sharing,458.jpg,2,
Salud Física,Situaciones Sociales,,Positive,Confrontación de COVID,"Estás resfriado y, como saliste negativo a COVID, decidiste volver a trabajar. No puedes evitar toser un par de veces a lo largo del día y, cuando estás a punto de salir, un compañero de trabajo te confronta acusándote de venir a trabajar con COVID. Sientes que esa persona debe estar pasando por un momento estresante.",N/A,¿siempre puedes evitar preocupar a los demás?,No,,https://drive.google.com/file/d/1ZRX4djV0jNJx45cG7BKsaEWYgTgDJGha/view?usp=sharing,89.jpg,2,
Salud Física,Situaciones Sociales,,Positive,Clase de baile,"Estás tomando una clase de baile y, durante un descanso, te encuentras hablando con otro participante que llega preguntando sobre tu trabajo. Mientras hablan, te das cuenta de que estás sudando. Probablemente piensan que esto es resultado del baile.",N/A,¿La persona que conociste en la clase de baile pensó que estabas ansioso?,No,,https://drive.google.com/file/d/1yVXzFBXX6-Tsb9FVPimCrE8TubjyVWUU/view?usp=sharing,459.jpg,2,
Salud Física,Salud Mental,,Resilience/Negation,Probando comidas nuevas,"En la hora del almuerzo, tu compañero de trabajo trae una comida muy picante. Después de probar un poquito, empiezas a sudar y sientes el latido de tu corazón. Estas sensaciones causan pensamientos ansiosos. Decides enfocarte en la conversación, y el resto del almuerzo es agradable.",N/A,Respondes a la comida picante...,Tolerando tu corazón acelerado y enfocandote en la conversación.,Continuando a preocuparte que tienes un problema médico.,https://drive.google.com/file/d/1fy6cbZwgERtFvVwovTW5yKZIRNqVSJzB/view?usp=sharing,329.jpg,2,
Salud Física,Vida Familiar y Doméstica,,Negative,Salud y envejecimiento,Visitas a un amigo de la infancia durante las vacaciones y notas que está envejeciendo. Te preguntas cómo será su salud en el futuro. Crees que su salud probablemente estará bien.,N/A,Tu amigo probablemente ...,Enferme más en el futuro.,Manténgase saludable en el futuro.,https://drive.google.com/file/d/1WQ98TKdbZ08AjbW2rG-0WPXkWDfK2eYl/view?usp=sharing,129.jpg,2,
Salud Física,Salud Mental,,Resilience/Negation,De prisa,"Es lunes por la mañana y estás apurado para llegar al trabajo. Sientes que tu corazón se acelera cuando abres la puerta del carro y te sientas. Temiendo que puedas sufrir un ataque de pánico, sientes una necesidad de salir del carro, pero decides observar estas sensaciones sin reaccionar y quedarte sentado.",N/A,¿Es necesario salir del carro porque sientes que tu corazón este latiendo rápidamente?,No,,https://drive.google.com/file/d/1Y7spXd94W33NXmmL5txT15RrsKsKPdu7/view?usp=share_link,460.jpg,2,
Salud Física,,,Positive,Carrera matutina del domingo,"Es domingo por la mañana y acabas de correr una milla afuera. Al quitarte los zapatos en el pasillo, estás sin aliento. Te sientes orgulloso.",N/A,Debes...,Tomarte una botella de ague y comerte un bocado despues del ejecicio.,Hacer una llamada de emergencia porque esto es señal de algo grave.,https://drive.google.com/file/d/1ivYW6KDjJ0KCp241kGMdYMgTi3vLVLa2/view?usp=sharing,370.jpg,2,
Salud Física,,,Positive,Vacacionando en avión,"Estás viajando hacia tu destino de vacaciones en avión. A medida que el avión acelera durante el despegue, sientes que tu pecho se tensa. A pesar de eso, te sientes relajado.",N/A,¿Tienes miedo de que no puedas respirar correctamente?,No,,https://drive.google.com/file/d/10RtFjWCJpEFr6Za1p4F3jIp8a2V2fEg5/view?usp=sharing,371.jpg,2,
Salud Física,,,Positive,Sala de espera del hospital,"Vas al hospital a visitar a un amigo. En la sala de espera, alguien detrás de ti tose. Si te lavas las manos, la probabilidad de enfermarte es mínima.",N/A,"si te lavas las manos, lo más probable es que...",Te mantienes sano.,Te enfermas de todos modos.,https://drive.google.com/file/d/1v4HCkO7m3y4tylqtqv5CzAn0rfRfST7m/view?usp=sharing,373.jpg,2,
Salud Física,,,Positive,Cita con el doctor,"Últimamente te has sentido un poco enfermo, por lo que haces una cita con el médico. Faltan unos días para la cita más próxima que puedes conseguir. Mientras esperas la cita con tu médico, crees que tu enfermedad probablemente no es grave.",N/A,¿Crees que te sentirás mejor pronto?,No,,https://drive.google.com/file/d/1CQEIRtnYHCuBwFTBYxYsWkQ1QKjVjIIJ/view?usp=sharing,374.jpg,2,
Salud Física,,,Positive,Hora para dormir,"Estás acostado en tu cama, a punto de dormir. A medida que todo se calma, empiezas a respirar más lento de lo normal. Esto es relajante.",N/A,La reducción de tu ritmo cardíaco y respiración probablemente significa...,Tu cuerpo necesita descansar después de un largo día de trabajo.,No estás recibiendo suficiente oxígeno y te desmayarás.,https://drive.google.com/file/d/1GciXsHlPyobvmEXy0TGbJk0MTPGBdpWE/view?usp=sharing,378.jpg,2,
Salud Física,,,Positive,Paracaidismo por primera vez,"Estás tomando una clase de paracaidismo. Cuando piensas en saltar del avión, tu cuerpo comienza a temblar. Esto es divertido.",N/A,¿Te sientes emocionado?,Sí,,https://drive.google.com/file/d/1jsDqBgpjjv3U7WRb6PJBRv1QYy5LFlHi/view?usp=sharing,379.jpg,2,
Salud Física,,,Positive,Evaluación de salud,"En tu cita médica anual, tu doctor decide hacerte unas pruebas para evaluar tu salud en función del historial médico de tu familia. Tus resultados estarán listos en una semana. Mientras esperas los resultados, crees que probablemente estás sano.",N/A,Crees que tus resultados enseñarán que...,Tienes buena salud.,Tienes un problema muy grande con tu salud.,https://drive.google.com/file/d/1WUA_iuY9HxHRZBVvI8Hq39NskzbzC-0e/view?usp=sharing,375.jpg,2,
Salud Física,Salud Mental,,Resilience/Negation,Día caluroso,"Regresando a casa en un día muy caluroso, te tomas un vaso grande de agua rápidamente. Pronto te sientes anormalmente lleno y un poco enfermo del estómago.",N/A,Respondes a la sensación en tu estómago...,Observando las sensaciones sin hacer nada.,Entrando en pánico por las sensaciones y llamando a una ambulancia.,https://drive.google.com/file/d/1zIU7R9B0aDdb2iU_AHp4YbObnLDAts0M/view?usp=sharing,336.jpg,2,
Salud Física,Salud Mental,,Resilience/Negation,Ejercicio con un amigo,"Es miércoles por la noche y tu amigo te convence de ir a una clase de ejercicio cardiovascular de alta intensidad. En medio de la clase, dejas de hacer ejercicio porque sientes que no puedes recuperar el aliento. Cuando comienzas a tener pensamientos ansiosos de desmayarte, decides simplemente notarlos.",N/A,"Cuando sientes que no puedes recuperar el aliento, es mejor...",simplemente observe sus pensamientos y sensaciones de ansiedad sin juzgarlos.,Juzgar tu dificultad para respirar como algo malo o dañino.,https://drive.google.com/file/d/1Vlsi9LlwAnuIBOVvXzcOaRgcOTFzDdfO/view?usp=sharing,339.jpg,2,
Salud Física,,,Positive,Un dolor de garganta,"Al levantarte esta mañana, notas que te pica la garganta más de lo normal. Piensas en por qué puede ser. Decides que probablemente es porque tienes sed.",N/A,¿Tomar agua mejorará tu picazón de garganta?,Sí,,https://drive.google.com/file/d/118UoiMp2MPYeDFHJgRZF-D2-TtLE53Ov/view?usp=sharing,376.jpg,2,
Salud Física,Situaciones Sociales,,Negative,Comportamiento de riesgo,"Has estado limitando los tamaños de tus reuniones y usando mascarillas cuando estás en espacios públicos. Tu jefe, por otro lado, te ha estado contando sobre las fiestas a las que ha estado asistiendo. Quieres hablar con él al respecto, porque temes que pueda traer COVID a tus reuniones, pero crees que comenzará una pelea.",N/A,¿Te preocupa que decirle a tu jefe cómo te sientes te cause problemas?,Sí,,https://drive.google.com/file/d/1LEdLgbjZhIOXekPN_M_E_a06C-DcFmYs/view?usp=sharing,461.jpg,2,
Salud Física,Salud Mental,,Positive,Resultados de análisis de sangre,"En tu última cita con el médico, tu doctor te hizo unos análisis de sangre. Te dijo que te darán los resultados en unos días y te sientes nervioso mientras los esperas. Crees que tus nervios son manejables.",N/A,¿Tus nervios son insoportables mientras esperas tus resultados?,No,,https://drive.google.com/file/d/1op21VnIDCX_kpphMiw4zXhVcpVx_Znwn/view?usp=sharing,328.jpg,2,
Salud Física,,,Positive,Montar a caballo durante el fin de semana,"Estás yendo a montar a caballo durante el fin de semana. Cuando llegas allí, el instructor te da un caballo grande para montar. Pronto, el caballo comienza a correr rápidamente y te sientes emocionado.",N/A,¿Es divertido intentar montar al caballo?,Sí,,https://drive.google.com/file/d/1gp4EB_H5pnsJTvhJfzP4qEeoWkq9bVqP/view?usp=sharing,381.jpg,2,
Salud Física,,,Positive,Explorando una cueva estrecha,"Has decidido hacer un recorrido por una cueva, a pesar de que te sientes nervioso por estar en un espacio tan cerrado. A medida que te adentras en la primera cueva, crees que las posibilidades de quedar atrapado son pequeñas.",N/A,"Mientras estés en la cueva, probablemente...",Aprenderás cosas interesantes.,No podrás encontrar la salida.,https://drive.google.com/file/d/15ni4MeSzSvzNK7ApghKU2XnMk019M6x1/view?usp=sharing,383.jpg,2,
Salud Física,Situaciones Sociales,,Positive,en un barco,"Pasas el día en un barco con tus amigos. Cuando bajas del barco, sientes las piernas raras y tienes problemas para caminar. Esta sensación es divertida.",La sensación en tus piernas probablemente es...,Temporal y nada de lo que debas preocuparte.,Algo que deberías preocuparte.,,https://drive.google.com/file/d/1NC-kP-pSY9wJdrgbZnKbNcCzbSV962qB/view?usp=sharing,384.jpg,2,
Salud Física,,,Positive,Corriendo una maratón,"Has corrido unos 10 kilómetros y estás pensando en entrenar para correr una maratón. Disfrutas la sensación de logro cuando terminas una carrera de 10 km, pero te preocupa si tienes lo necesario para correr más de cuatro veces esa distancia. Cuando consideras la idea de correr un maratón, crees que probablemente serás lo suficientemente bueno.",N/A,Crees que terminar un maratón será...,Un objetivo a tu alcance.,Más allá de tus capacidades.,https://drive.google.com/file/d/1Xq6CIdmWrno41D0PJ3EsiJ_L_tH3iRmg/view?usp=sharing,417.jpg,2,
Salud Física,,,Positive,Corriendo con un amigo,Tienes planeado correr mañana con un amigo que corre todos los días. No has corrido en bastante tiempo y te preocupa si podrás mantener el ritmo o no. Crees que las posibilidades de que puedas seguir el ritmo de tu amigo son altas.,N/A,"Mañana, probablemente...",Podrás seguir el ritmo de tu amigo.,Te quedarás atras de tu amigo durante tu carrera.,https://drive.google.com/file/d/1eJ-08i7HtFvPYHdRnELsblgm6tY079fj/view?usp=sharing,416.jpg,all,
Salud Física,,,Resilience/Negation,Caminata con amigos,"Tú y tus amigos han decidido ir a una caminata, aunque temes que te agotes demasiado. Un rato después de comenzar la caminata, empiezas a respirar con dificultad. Piensas que las posibilidades de que tengas que parar son altas.",Observas que tus amigos también están cansándose. Decides que probablemente estarás bien.,¿Es probable que estés seguro en la caminata?,Sí,,https://drive.google.com/file/d/1_h-ZuOeEI_atTR4dz223E24V5sWlPdAn/view?usp=sharing,454.jpg,all,
Salud Física,,,Resilience/Negation,sintiendo mareos,Decides girar rápidamente en una silla de oficina. Sientes mariposas en el estómago y te mareas cuando la silla se desacelera. Estas sensaciones probablemente significan que estás bien.,"En vez de entrar en pánico, decides respirar profundamente. Lentamente, tu mareo desaparece y tu estómago se siente mejor.",¿Te preocupa desmayarte?,No,,https://drive.google.com/file/d/1fYamTMa1ZB3CzDOyWxCfhKI3L2j1vR7J/view?usp=sharing,414.jpg,all,
Salud Física,Situaciones Sociales,,Positive,Exposición reciente,"Estuviste expuesto recientemente a alguien que dio positivo, pero te hiciste la prueba y no has experimentado ningún síntoma. Tus amigos te invitan a cenar con ellos y te preguntas si deberías ir. Das negativo y sales con tus amigos.",N/A,¿Prueba negativo?,Sí,,https://drive.google.com/file/d/1skPUUmw_frFjR4siPO4dIxk0mnDUH5UN/view?usp=sharing,435.jpg,all,
Salud Física,Situaciones Sociales,,Negative,Mascarillas para invitados,"Tu pareja invita a algunos amigos a pasar la noche, y ambos estuvieron de acuerdo en que todos usarían mascarillas. Cuando sus amigos llegan, no las traen y tu pareja no les dice nada. Apartas a tu pareja a un lado y le pides que hable con ellos.",N/A,¿Te sientes cómodo hablando con tu pareja?,Sí,,https://drive.google.com/file/d/1VlSJxjX6YZt0epDm0HUx0I8HU-2SSjKk/view?usp=sharing,168.jpg,all,
Salud Física,,,Positive,Vacaciones reprogramadas,"Has estado queriendo ir de vacaciones de verano a Europa durante algunos años. Reprogramaste tu viaje desde el verano pasado hasta el verano que viene, pero te preocupa que el COVID se propague de nuevo y te impida ir por fin. Decides esperar pacientemente, y siempre puedes reprogramar de nuevo si es necesario.",N/A,¿Te preocupa que el COVID vaya a cancelar tu viaje?,No,,https://drive.google.com/file/d/1_6GwYbw-AzOkHQkKGOeLLpvnQXbJojTw/view?usp=sharing,449.jpg,all,
Salud Física,,,Positive,Cancelación de concierto,"Compraste tiquetes para un concierto y finalmente se acerca la fecha. Sin embargo, los números de COVID están aumentando en tu estado y puede que se cancele el concierto en el último momento. Aceptas esto y sabes que la banda reprogramará si es necesario.",N/A,¿Te preocupa que cancelen el concierto?,No,,https://drive.google.com/file/d/1_B3CLNZYw6j6jB-EIfyI0zEH5EdNmetw/view?usp=sharing,450.jpg,all,
Salud Física,,,Positive,Vacaciones reprogramadas,"Has estado queriendo ir de vacaciones de verano a Europa durante algunos años. Reprogramaste tu viaje desde el verano pasado hasta el verano que viene, pero te preocupa que el COVID se propague de nuevo y te impida ir por fin. Decides esperar pacientemente, y siempre puedes reprogramar de nuevo si es necesario",N/A,¿Te preocupa que el COVID vaya a cancelar tu viaje?,No,,https://drive.google.com/file/d/1_6GwYbw-AzOkHQkKGOeLLpvnQXbJojTw/view?usp=sharing,449.jpg,all,
Salud Física,,,Positive,Funciones normales,"Usas una camisa para ir a la escuela que te queda ajustada alrededor de las axilas. A mitad del día, notas que tienes marcas de sudor. Después de pensarlo, te das cuenta de que sudar a lo largo del día es normal.",N/A,¿La sudoración es una función corporal normal?,Sí,,https://drive.google.com/file/d/1Wch_kcxO-_MSrBd4tyGQsC_dXyOttIIF/view?usp=sharing,428.jpg,all,
Salud Física,,,Positive ,Sequedad,"Estás hablando con un amigo sobre tu día y, de repente, sientes que tu garganta se seca. Toses un poco y buscas un vaso de agua. El agua ayuda un poco y te das cuenta de que la sequedad en la garganta probablemente no fue nada.",N/A,¿Tu garganta seca significa que estás enfermo?,No,,https://drive.google.com/file/d/1EYKumlSsrqKHNA6TbZfnrscg0F5KgSYg/view?usp=sharing,429.jpg,all,
Salud Física,Situaciones Sociales,,Positive,Manejando el estrés,"Tienes que hacer una presentación para tus compañeros de trabajo hoy. Cuando te pones de pie frente a ellos, sientes que te arden las mejillas y te tiemblan las manos. Crees que estas sensaciones serán manejables.",N/A,¿Puedes manejar tus síntomas de ansiedad mientras haces tu presentación?,Sí,,https://drive.google.com/file/d/1JLUIkzxiJ2P-eVOgnLmb1zyker17wj7l/view?usp=sharing,431.jpg,all,
Salud Física,,,Resilience/Negation,Corriendo fuerte,Terminas de correr una larga distancia. Te das cuenta de que tu corazón late muy rápido y sientes presión en el pecho. Piensas que estás a punto de entrar en pánico.,Quieres ir a algún lugar privado para estar lejos de los demás. Decides quedarte donde estás y respirar lentamente.,¿Es necesario salir de un área pública debido a tu corazón acelerado?,No,,https://drive.google.com/file/d/1b6SHlzW0ox4gYWPHJ4V0XNGxwHqJO5rg/view?usp=sharing,438.jpg,all,
Salud Física,Salud Mental,,Resilience/Negation,Larga caminata afuera,Hace frío afuera y sales a caminar para calmar tu mente. Tus manos empiezan a temblar y tu corazón late rápidamente mientras subes una cuesta. Tienes miedo.,Recuerdas que es la primera vez en unas semanas que caminas una distancia larga. Probablemente sientes que el latido de tu corazón se acelera debido a la cuesta.,¿Tu latido de corazón rápido significa que algo malo está pasando?,No,Sí,https://drive.google.com/file/d/1lcMOCr0PYGVo5UIUZXEXzXL0JU5_MIgg/view?usp=sharing,364.jpg,all,
Salud Física,,,Positive,Poniéndose al día con los amigos,Ves a tus amigos al otro lado de la calle y corres hacia ellos. Te sientes un poco desorientado y mareado al llegar a ellos. Consideras lo que esto significa y te das cuenta de que probablemente signifique que corriste rápido.,N/A,¿Tienes miedo al sentirte un poco desorientado después de tu breve trote?,No,,https://drive.google.com/file/d/1pczJLTVnLyHDjo-fmzd5s_A2lnG8fHM7/view?usp=sharing,424.jpg,all,
Salud Física,,,Negative,Un golpe accidental,"Una noche, estás subiendo las escaleras y accidentalmente golpeas tu cabeza contra un techo bajo. A la mañana siguiente, el dolor de cabeza todavía está presente ligeramente y te preguntas qué has hecho. Ya a la hora del almuerzo, el dolor ha disminuido.",N/A,Piensas que el dolor de cabeza es señal que...,"
Estás seriamente lesionado.",Estás mejorando.,https://drive.google.com/file/d/146ppWjMD-jv8MsLWh8oFtUXFi-waMntP/view?usp=sharing,405.jpg,all,
Salud Física,,,Positive,Primera vez pantinaje sobre hielo,"Tu amigo disfruta patinando sobre hielo y te convence de probarlo. En la pista te pones los patines y empiezas a patinar. Te deslizas hacia adelante lentamente al principio, luego más rápido, y piensas que tus posibilidades de lesionarte son mínimas.",N/A,"A medida que continúes patinando sobre hielo, probablemente...",Patines con éxito alrededor de la pista varias veces.,Te caigas y te lastimes.,https://drive.google.com/file/d/1DDUPUz1PJYIlmUsQ4fi7k8l6xKAqzb0q/view?usp=sharing,415.jpg,all,
Salud Física,Situaciones Sociales,,Positive,Vecino amigable,"Te das cuenta de que no has visto a tu vecino mayor recientemente. Normalmente lo visitas habitualmente, por lo que es extraño que no lo hayas visto últimamente. Probablemente tu vecino haya estado bien.",N/A,¿Tu vecino mayor probablemente ha estado enfermo?,No,,https://drive.google.com/file/d/14_16MBBgKRM9oZwTGSN9GJblFNuwndpf/view?usp=sharing,408.jpg,all,
Salud Física,,,Positive ,Seguridad de la trampolina,"Tus hijos están rebotando en un trampolín. Se están divirtiendo, pero también consideras su seguridad, sabiendo que los trampolines pueden ser peligrosos. Mientras los ves rebotar arriba y abajo en el trampolín, sientes que son bastante seguros.",N/A,A medida que continúes viendo a sus hijos en el trampolín probablemente...,disfrutarás viéndolos,te preocuparás de que se lastimen,https://drive.google.com/file/d/1CUsrIf1BGnnhCTX1GHmaVbo11NgeEMgr/view?usp=sharing,407.jpg,all,
Salud Física,Situaciones Sociales,,Positive ,Vecino amigable,"Te das cuenta de que no has visto a tu vecino mayor recientemente. Normalmente lo visitas habitualmente, por lo que es extraño que no lo hayas visto últimamente. Probablemente tu vecino haya estado bien.",N/A,¿Tu vecino mayor probablemente ha estado enfermo?,No,,https://drive.google.com/file/d/14_16MBBgKRM9oZwTGSN9GJblFNuwndpf/view?usp=sharing,408.jpg,all,
Salud Física,Situaciones Sociales,,Positive ,Fiesta sensacional,"Estás en una fiesta de cumpleaños para un amigo de un amigo. Te das cuenta de que estás ruborizado y un poco sudado. Parado allí, piensas que estas sensaciones son normales.",N/A,Las personas probablemente...,No te verán sudar ya que la habitación está poco iluminada.,Notarán que estás sudando.,https://drive.google.com/file/d/1cfjkxrnn1-Ws7c5KzE7-FN0aIqqXiOQF/view?usp=sharing,409.jpg,all,
Salud Física,Situaciones Sociales,,Positive ,El dolor de muelas,"Tu diente ha estado doliendo recientemente, por lo que decides hacer una cita con el dentista. Piensas en el dolor y en lo que podría ser. Mientras esperas tu cita, te sientes tranquilo.",N/A,¿Puedes soportar ir al dentista?,Sí,,https://drive.google.com/file/d/1tx8o8w91aqw3k6CaxI1f-gxpAoV22yp6/view?usp=sharing,413.jpg,all,
Salud Física,Relaciones Románticas,,Resilience/Negation,Ruido repentino,"Estás caminando hacia el trabajo cuando, de repente, escuchas un ruido detrás de ti. Cuando giras rápidamente la cabeza para ver qué es, te sientes mareado y comienzas a preocuparte de que perderás el control.","Al notar estos pensamientos, decides que podrás afrontar la situación, así que sigues caminando.",¿Permitiste que las preocupaciones afectaran tu llegada al trabajo?,No,,https://drive.google.com/file/d/1EYgCsAXuhxtIYuCSSWKugZP_JiM8jjqz/view?usp=sharing,386.jpg,all,
Salud Física,,,Resilience/Negation,Día caluroso,"Regresando a casa en un día muy caluroso, te tomas un vaso grande de agua rápidamente. Pronto te sientes anormalmente lleno y un poco enfermo del estómago.",N/A,Respondes a la sensación en tu estómago...,Observando las sensaciones sin hacer nada.,Entrando en pánico por las sensaciones y llamando a una ambulancia.,https://drive.google.com/file/d/1zIU7R9B0aDdb2iU_AHp4YbObnLDAts0M/view?usp=sharing,336.jpg,all,
Salud Física,Situaciones Sociales,,Positive ,Una mesa sucia,"Te encuentras con un amigo para almorzar en un nuevo restaurante. Una vez que te sientas, te das cuenta de que tu mesa no fue limpiada después de que los clientes anteriores se fueron, lo que te pone ansioso por los gérmenes. Decides quedarte a almorzar con tu amigo, y tu ansiedad es tolerable.",N/A,"Mientras almuerzas con tu amigo, tu ...",eres capaces de disfrutar la conversación.,Estás insoportablemente ansiosos.,https://drive.google.com/file/d/1d3Tz4L7BbfVIgBMIOeEAk7SC_ZshiTvk/view?usp=sharing,403.jpg,all,
Salud Física,,,Positive,Resultados del chequeo anual,"Te extraen sangre para tu examen físico anual. Tu médico te dice que tendrás que esperar unos días para recibir los resultados, y te preocupas por lo que dirán. Durante los próximos días, tus preocupaciones son manejables.",N/A,¿Son tolerables tus preocupaciones sobre los resultados?,Sí,,https://drive.google.com/file/d/1BVKNqBpLdgfT2kJpyOrEvhicjUJSFpHZ/view?usp=sharing,400.jpg,all,
Salud Física,,,Negative,Un golpe accidental,"Una noche, estás subiendo las escaleras y accidentalmente golpeas tu cabeza contra un techo bajo. A la mañana siguiente, el dolor de cabeza todavía está presente ligeramente, y te preguntas qué has hecho. Ya a la hora del almuerzo, el dolor ha disminuido.",N/A,Piensas que el dolor de cabeza es señal que...,"Estás seriamente lesionado.",Estás mejorando.,https://drive.google.com/file/d/146ppWjMD-jv8MsLWh8oFtUXFi-waMntP/view?usp=sharing,405.jpg,all,
Salud Física,Situaciones Sociales,,Positive,Seguridad de la trampolina,"Tus hijos están rebotando en un trampolín. Se están divirtiendo, pero también consideras su seguridad, sabiendo que los trampolines pueden ser peligrosos. Mientras los ves rebotar arriba y abajo, sientes que están bastante seguros.",N/A,A medida que continúes viendo a sus hijos en el trampolín probablemente...,disfrutarás viéndolos,te preocuparás de que se lastimen,https://drive.google.com/file/d/1CUsrIf1BGnnhCTX1GHmaVbo11NgeEMgr/view?usp=sharing,407.jpg,all,
Salud Física,,,Positive,Subiendo escaleras,El ascensor de tu edificio está roto otra vez y tienes que subir varias plantas por las escaleras para llegar a donde necesitas ir. Sientes que tu pecho se aprieta y te quedas sin aliento al llegar al último escalón. Te sientes vigorizado.,N/A,¿Te sientes ansioso/a en la cima de las escaleras?,No,,https://drive.google.com/file/d/1HzEJ1c_3jX-C44g32T1z0Bt1R84I3mJW/view?usp=sharing,419.jpg,all,
Salud Física,,,Positive,Agarrando el ritmo,"Estás tomando una clase de baile y, durante un descanso, sientes que tus piernas se vuelven inestables. Te enfocas en estas sensaciones mientras tomas un trago de agua. Piensas que las piernas inestables probablemente signifiquen que te estás esforzando.",N/A,¿Tus piernas inestables son una señal de que no te estás mal?,No,,https://drive.google.com/file/d/1xY_MqEc3uOEL5xvE9lYTGJ6OJPlAArWS/view?usp=sharing,427.jpg,all,
Salud Física,Vida Familiar y Doméstica,,Positive ,Boca seca,Has sentido sequedad en la boca durante unos días. Esto es algo que no has sentido antes. La probabilidad de que la sequedad de boca signifique un problema de salud grave es baja.,N/A,¿Tu boca seca indica que estás enfermo?,No,,https://drive.google.com/file/d/1eG4x0HMf4jIlTARyW3hf9EE8Q_PSqHPE/view?usp=sharing,337.jpg,all,
Salud Física,,,Write Your Own,Write Your Own,,,,,,,,write your own,
Salud Física,,,Write Your Own,Write Your Own,,,,,,,,write your own,
Salud Física,,,Write Your Own,Write Your Own,,,,,,,,write your own,
Salud Física,Situaciones Sociales,,Positive ,Manejando el estrés,"Tienes que hacer una presentación para tus compañeros de trabajo hoy. Cuando te pones de pie frente a ellos, sientes que te arden las mejillas y te tiemblan las manos. Crees que estas sensaciones serán manejables.",N/A,¿Puedes manejar tus síntomas de ansiedad mientras haces tu presentación?,Sí,,https://drive.google.com/file/d/1JLUIkzxiJ2P-eVOgnLmb1zyker17wj7l/view?usp=sharing,431.jpg,1,
Salud Física,,,Resilience/Negation,Tomando transporte,"Estás en el aeropuerto corriendo para alcanzar un avión. Sientes que tu corazón late rápidamente mientras te subes y te sientas. Comienzas a sudar y a respirar rápido, temiendo que puedas tener un ataque de pánico.","sientes un impulso fuerte de bajarte del avión y volver a casa, pero te sientas en el asiento más cercano. En lugar de salir, decides observar estas sensaciones y quedarte sentado.",¿Es necesario bajarse del avión porque sientes que tu corazón late rápidamente?,No,,https://drive.google.com/file/d/1-ZaRhY6rkkEMRjIZb6GczmTpynme4Zhc/view?usp=sharing,153.jpg,1,
Salud Física,,,Resilience/Negation,Problemas de visión,"Cuando te despiertas por la mañana, te sientas rápidamente. Tu visión se vuelve borrosa y luego todo se pone negro por un momento. Tu visión regresa después de ese momento, y te convences de que no es nada grave.","Respiras y te das cuenta de que tu visión completamente. Luego, recuerdas que a veces esto pasa cuando te sientas demasiado rápido. ",¿Tu visión borrosa temporariamente significa que te estás quedando siego?,No,,https://drive.google.com/file/d/1zilnZ-Hg2NZiL6TR6YmDYtIdKcj2JFhH/view?usp=sharing,423.jpg,1,
Salud Física,,,Positive ,Funciones normales,"Estás tomando una clase de baile y, durante un descanso, sientes que tus piernas se vuelven inestables. Te enfocas en estas sensaciones mientras tomas un trago de agua. Piensas que las piernas inestables probablemente signifiquen que te estás esforzando.",N/A,¿Tus piernas inestables son una señal de que no te estás mal?,No,,https://drive.google.com/file/d/1Wch_kcxO-_MSrBd4tyGQsC_dXyOttIIF/view?usp=sharing,428.jpg,1,
Salud Física,,,Positive,Cancelación de concierto,"Compraste tiquetes para un concierto y finalmente se acerca la fecha. Sin embargo, los casos de COVID están aumentando en tu estado y puede que se cancele el concierto en el último momento. Aceptas esto y sabes que la banda reprogramará si es necesario.",N/A,¿Te preocupa que cancelen el concierto?,No,,https://drive.google.com/file/d/1_B3CLNZYw6j6jB-EIfyI0zEH5EdNmetw/view?usp=sharing,450.jpg,1,
Salud Física,,,Positive,Sensaciones de dormir,Estás acostado en tu cama y a punto de dormir. Comienzas a sentir una pesadez en el pecho mientras intentas dormir. Piensas en esta presión y te sientes cansado.,N/A,¿Te preocupa la pesadez en el pecho al quedarte dormido?,No,,https://drive.google.com/file/d/1izJIViWYKVGzESq3qfuHbCfkmMbXkVuc/view?usp=sharing,426.jpg,1,
Salud Física,Salud Mental,,Negative,Dolor de estómago,"Has estado nervioso por una próxima evaluación en el trabajo. El día de la evaluación, notas que te duele el estómago. Piensas que el dolor probablemente se deba a la ansiedad.",N/A,¿El dolor de estómago se debe a la ansiedad?,Sí,No,https://drive.google.com/file/d/1rbCs8iZS6b3LtSyDCOMcEXH8GAlOt4qZ/view?usp=sharing,352.jpg,1,
Salud Física,,,Positive,Subiendo escaleras,El ascensor de tu edificio está roto otra vez y tienes que subir varias plantas por las escaleras para llegar a donde necesitas ir. Sientes que tu pecho se aprieta y te quedas sin aliento al llegar al último escalón. Te sientes vigorizado.,N/A,¿Te sientes ansioso/a en la cima de las escaleras?,No,,https://drive.google.com/file/d/1HzEJ1c_3jX-C44g32T1z0Bt1R84I3mJW/view?usp=sharing,419.jpg,1,
Salud Física,Situaciones Sociales,,Positive,Vecino amigable,"Te das cuenta de que no has visto a tu vecino mayor recientemente. Normalmente lo visitas con frecuencia, por lo que es extraño no haberlo visto últimamente. Probablemente tu vecino esté bien.",N/A,¿Tu vecino mayor probablemente ha estado enfermo?,No,,https://drive.google.com/file/d/14_16MBBgKRM9oZwTGSN9GJblFNuwndpf/view?usp=sharing,408.jpg,1,
Salud Física,,,Positive,Primera vez pantinaje sobre hielo,"Tu amigo disfruta patinando sobre hielo y te convence de probarlo. En la pista te pones los patines y comienzas a patinar. Te deslizas hacia adelante lentamente al principio, luego más rápido, y piensas que tus posibilidades de lesionarte son mínimas.",N/A,"A medida que continúes patinando sobre hielo, probablemente...",Patines con éxito alrededor de la pista varias veces.,Te caigas y te lastimes.,https://drive.google.com/file/d/1DDUPUz1PJYIlmUsQ4fi7k8l6xKAqzb0q/view?usp=sharing,415.jpg,1,
Salud Física,Salud Mental,,Positive,Sentirse mareado,"Has estado trabajando duro todo el día y no has comido mucho. Al levantarte de tu escritorio, te sientes mareado y débil, y esto te preocupa un poco.",Decides prestar atención a las sensaciones sin juzgarlas como buenas o malas. Esto reduce tu preocupación y te hace sentir más tranquilo.,¿Disminuirá tu ansiedad si observas tus sensaciones sin juzgar?,Sí,,https://drive.google.com/file/d/1DivZOcoKB52Y-av9UMmPiIogDTLacT_W/view?usp=sharing,360.jpg,1,
Salud Física,,,Resilience/Negation,Subiendo una montaña,"Estás en una caminata con un grupo de amigos y todos quieren subir una montaña bastante alta. Mientras escalas, miras hacia abajo y sientes cómo se te cae el estómago. Piensas que esta caminata será aterradora.","Llegas a la cima de las montañas y tus amigos están tomando fotos. Aunque estás ansioso, miras alrededor y sonríes.",¿Pudiste superar tu ansiedad y disfrutar de la caminata?,Sí,,https://drive.google.com/file/d/1gYGD8SnyvMsNgSmeWgF1xZiAFm5Pllca/view?usp=sharing,430.jpg,1,
Salud Física,Relaciones Románticas,,Resilience/Negation,El malestar de estómago,Te has estado sintiendo mal del estómago durante unos días. Haces una cita con tu médico. Las náuseas probablemente signifiquen que estás enfermo.,Te reúnes con el médico y te dice lo que probablemente está pasando. Lo piensas y te das cuenta de que enfermarse a veces es normal.,¿Es normal enfermarse a veces?,Sí,,https://drive.google.com/file/d/1prtRSSRBp4ryNBbiHEfOgJJIMpOsf_o3/view?usp=sharing,446.jpg,1,
Salud Física,,,Positive,Nadando en la playa,"Después de enterarte de que un amigo está enfermo, decides ir a la playa para relajarte. Cuando intentas nadar en el mar, te cuesta aguantar la respiración bajo el agua. Probablemente sea porque hace tiempo que no nadas.",N/A,¿Tu dificultad para nadar en una señal de que tienes la enfermedad?,No,,https://drive.google.com/file/d/1EDAskGZeJln12DePCekZITDjifvl8aXY/view?usp=sharing,444.jpg,1,
Salud Física,,,Positive,Dolor de cabeza en la oficina médica,"Estás en el consultorio del médico y te preguntan si tienes algún síntoma de COVID. Mencionan los dolores de cabeza como un posible síntoma, algo que has estado sintiendo pero no reconociste como un problema, y eso te asusta porque recuerdas lo enfermos que se pusieron tus amigos. Recuerdas que puedes enfocarte en tu salud y descansar hasta que te sientas mejor.",N/A,¿Tu dolor de cabeza significa que te pondrás tan enfermo como tus amigos?,No,,https://drive.google.com/file/d/1E_zU43NdPQrQs_EbbgIeOVJr1IAQ1b_O/view?usp=sharing,442.jpg,1,
Salud Física,Situaciones Sociales,,Negative,Corriendo con un amigo,Tienes planeado correr mañana con un amigo que corre todos los días. No has corrido en bastante tiempo y te preocupa si podrás mantener el ritmo o no. Crees que las posibilidades de seguirle el ritmo son bajas.,N/A,Imaginas que la carrera será...,"Demasiado rápida para ti, sin importar cuánto te esfuerces.",A un ritmo que puedes lograr si te esfuerzas mucho.,https://drive.google.com/file/d/1eJ-08i7HtFvPYHdRnELsblgm6tY079fj/view?usp=sharing,416.jpg,1,
Salud Física,Situaciones Sociales,,Positive,Amigo en el hospital,"Recibes un mensaje de texto de un amigo diciendo que está en el hospital, pero no te dicen por qué. Comienzas a preocuparte por si estará bien. Mientras piensas en tu amigo, te sientes tranquilo.",N/A,¿Es probable que tu amigo esté bien?,Sí,,https://drive.google.com/file/d/1ZSpeFIL5uWXLKjxoqf96tykotj5G5J-Q/view?usp=sharing,343.jpg,1,
Salud Física,,,Positive,Serpientes venenosas,Tu amigo te convence de dar un paseo por un parque local. Has oído que hay serpientes venenosas en ese parque y comienzas a sentirte preocupado. Piensas que las posibilidades de ver una son pequeñas.,N/A,¿Es probable que te muerda una serpiente venenosa?,No,,https://drive.google.com/file/d/1U2_8uATTliNhBZDx61INANKTKxk7cpTi/view?usp=sharing,421.jpg,1,
Salud Física,,,Positive,Evaluación de salud,"En tu cita médica anual, tu doctor decide hacerte unas pruebas para evaluar tu salud en función del historial médico de tu familia. Tus resultados estarán listos en una semana. Mientras esperas los resultados, crees que probablemente estás sano.",N/A,Crees que tus resultados enseñarán que...,Tienes buena salud.,Tienes un problema muy grande con tu salud.,https://drive.google.com/file/d/1WUA_iuY9HxHRZBVvI8Hq39NskzbzC-0e/view?usp=sharing,375.jpg,1,
Salud Física,,,Positive,Un dolor de garganta,"Al levantarte esta mañana, notas que te pica la garganta más de lo normal. Piensas en por qué puede ser. Decides que probablemente es porque tienes sed.",N/A,¿Tomar agua mejorará tu picazón de garganta?,Sí,,https://drive.google.com/file/d/118UoiMp2MPYeDFHJgRZF-D2-TtLE53Ov/view?usp=sharing,376.jpg,1,
Salud Física,,,Positive,Sala de espera del hospital,"Vas al hospital a visitar a un amigo. En la sala de espera, alguien detrás de ti tose. Si te lavas las manos, la probabilidad de enfermarte es mínima.",N/A,"si te lavas las manos, lo más probable es que...",Te mantienes sano.,Te enfermas de todos modos.,https://drive.google.com/file/d/1v4HCkO7m3y4tylqtqv5CzAn0rfRfST7m/view?usp=sharing,373.jpg,1,
Salud Física,,,Resilience/Negation,Preocupaciones por el ritmo cardíaco,"Estás en un evento y comienzas a hablar con algunos conocidos. A medida que la sala se llena, sientes que tu corazón late rápidamente y esto te asusta. Cuando el evento se vuelve más ruidoso, consideras irte, pero decides quedarte y seguir socializando.",N/A,Cuando tu corazón comenzó a latir muy rápido...,Manejaste tu ansiedad y te quedaste.,Dejaste de bailar debido a tu ansiedad.,https://drive.google.com/file/d/1cTKQhk1Gcvsa36S3yS-5EU4WtbW56xaQ/view?usp=sharing,363.jpg,1,
Salud Física,,,Resilience/Negation,Nadando vueltas,"Es domingo por la mañana y estás nadando en la piscina. Después de un par de vueltas, te quedas sin aliento y decides descansar un minuto al final del carril. Respirar con dificultad te hace sentir ansioso, y quieres parar de nadar.",N/A,¿Seguiste haciendo ejercicio a pesar de sentirte ansioso?,Sí,,https://drive.google.com/file/d/1VALnSYTdN8clzOrVZO4oEh1vWMUO7WgK/view?usp=sharing,350.jpg,1,
Salud Física,,,Positive,Hora para dormir,"Estás acostado en tu cama, a punto de dormir. A medida que todo se calma, comienzas a respirar más lento de lo normal. Esto es relajante.",N/A,La reducción de tu ritmo cardíaco y respiración probablemente significa...,Tu cuerpo necesita descansar después de un largo día de trabajo.,No estás recibiendo suficiente oxígeno y te desmayarás.,https://drive.google.com/file/d/1GciXsHlPyobvmEXy0TGbJk0MTPGBdpWE/view?usp=sharing,378.jpg,1,
Salud Física,,,Positive,Paracaidismo por primera vez,"Estás tomando una clase de paracaidismo. Cuando piensas en saltar del avión, tu cuerpo comienza a temblar. Esto es divertido.",N/A,¿Te sientes emocionado?,Sí,,https://drive.google.com/file/d/1jsDqBgpjjv3U7WRb6PJBRv1QYy5LFlHi/view?usp=sharing,379.jpg,1,
Salud Física,,,Negative,Controles en el dentista.,"Tienes una cita de rutina con el dentista y descubres que necesitas algunas pruebas para comprobar la salud de tus encías y dientes. Después de que el dentista realiza las pruebas, continúas recostado en el sillón mientras esperas los resultados. Crees que tus dientes y encías probablemente están sanos.",N/A,¿Crees que tienes enfermedad de las encías?,Sí,No,https://drive.google.com/file/d/1PUQshZgNL6tX5cS4aP636BXA9VNXNVpq/view?usp=sharing,389.jpg,1,
Salud Física,,,Positive,Amigo tosiendo,Ayer te reuniste con un amigo que tosió algunas veces mientras estaban juntos. Estás nervioso de que podrías haber contraído algo de tu amigo. Decides que tu ansiedad es manejable.,N/A,¿Puedes manejar tu ansiedad sobre la posibilidad de enfermarte?,Sí,No,https://drive.google.com/file/d/14wxdQT03SW3H6H1dQsVqj2B6s1GhUSY7/view?usp=sharing,368.jpg,1,
Salud Física,,,Positive,Tajada de fruta,"Estás almorzando en una mesa de picnic con algunos compañeros de trabajo cuando te cortas el dedo accidentalmente cortando fruta. No puedes lavarlo inmediatamente con agua y jabón porque estás afuera. En unos días, tu herida sanará.",N/A,Tu herida probablemente...,Sanará rápidamente.,Se infectará.,https://drive.google.com/file/d/1Mu4B99f_8N1nQxTYtHOfiGj2lIRhn65P/view?usp=sharing,369.jpg,1,
Salud Física,,,Positive,Carrera matutina del domingo,"Es domingo por la mañana y acabas de correr una milla al aire libre. Al quitarte los zapatos en el pasillo, estás sin aliento. Te sientes orgulloso.",N/A,Debes...,Tomarte una botella de ague y comerte un bocado despues del ejecicio.,Hacer una llamada de emergencia porque esto es señal de algo grave.,https://drive.google.com/file/d/1ivYW6KDjJ0KCp241kGMdYMgTi3vLVLa2/view?usp=sharing,370.jpg,1,
Salud Física,,,Positive,Vacacionando en avión,"Estás viajando hacia tu destino de vacaciones en avión. A medida que el avión acelera durante el despegue, sientes que tu pecho se tensa. A pesar de eso, te sientes relajado.",N/A,¿Tienes miedo de que no puedas respirar correctamente?,No,,https://drive.google.com/file/d/10RtFjWCJpEFr6Za1p4F3jIp8a2V2fEg5/view?usp=sharing,371.jpg,1,
Salud Física,Salud Mental,,Positive,Resultados de análisis de sangre,"En tu última cita con el médico, tu doctor te hizo unos análisis de sangre. Te dijo que te darán los resultados en unos días, y te sientes nervioso mientras los esperas. Crees que tus nervios son manejables.",N/A,¿Tus nervios son insoportables mientras esperas tus resultados?,No,,https://drive.google.com/file/d/1op21VnIDCX_kpphMiw4zXhVcpVx_Znwn/view?usp=sharing,328.jpg,2,
Salud Física,,,Resilience/Negation,Problemas de visión,"Cuando te despiertas por la mañana, te sientas rápidamente. Tu visión se vuelve borrosa y luego todo se pone negro por un momento. Tu visión regresa después de ese momento, y te convences de que no es nada grave.","Respiras y te das cuenta de que tu visión completamente. Luego, recuerdas que a veces esto pasa cuando te sientas demasiado rápido. ",¿Tu visión borrosa temporariamente significa que te estás quedando siego?,No,,https://drive.google.com/file/d/1zilnZ-Hg2NZiL6TR6YmDYtIdKcj2JFhH/view?usp=sharing,423.jpg,2,
Salud Física,,,Resilience/Negation,Tomando transporte,"Estás en el aeropuerto corriendo para alcanzar un avión. Sientes que tu corazón late rápidamente mientras te subes al avión y te sientas. Comienzas a sudar y a respirar rápido, temiendo que puedas tener un ataque de pánico.","sientes un impulso fuerte de bajarte del avión y volver a casa, pero te sientas en el asiento más cercano. En lugar de salir, decides observar estas sensaciones y quedarte sentado.",¿Es necesario bajarse del avión porque sientes que tu corazón late rápidamente?,No,,https://drive.google.com/file/d/1-ZaRhY6rkkEMRjIZb6GczmTpynme4Zhc/view?usp=sharing,153.jpg,2,
Salud Física,,,Positive,Corte de dedo,"Te cortaste un poco el dedo por accidente mientras cocinabas. Limpiaste la herida rápidamente y te pusiste una curita. Más tarde esa noche, la herida te duele un poco, y piensas que probablemente se esté curando.",N/A,¿Está seriamente infectado tu dedo?,No,,https://drive.google.com/file/d/1nOyp1h4xXHZTxnQALqhJ08E4YeNJ6C6p/view?usp=sharing,380.jpg,2,
Salud Física,,,Positive,Montar a caballo durante el fin de semana,"Estás yendo a montar a caballo durante el fin de semana. Cuando llegas, el instructor te da un caballo grande para montar. Pronto, el caballo comienza a correr rápidamente y te sientes emocionado.",N/A,¿Es divertido intentar montar al caballo?,Sí,,https://drive.google.com/file/d/1gp4EB_H5pnsJTvhJfzP4qEeoWkq9bVqP/view?usp=sharing,381.jpg,2,
Salud Física,,,Positive,Prueba de enfermedad,"En tu cita médica anual, te piden que te hagas una prueba para detectar una enfermedad. Después de la prueba, esperas los resultados en la sala de espera por mucho tiempo. Crees que las posibilidades de tener la enfermedad son mínimas.",N/A,¿Crees que los resultados enseñarán que tienes la enfermedad?,No,,https://drive.google.com/file/d/1mtIOu31sfSD7VQLjrcgYMpLTPYt_4eFO/view?usp=sharing,382.jpg,2,
Salud Física,,,Positive,Explorando una cueva estrecha,"Has decidido hacer un recorrido por una cueva, a pesar de que te sientes nervioso por estar en un espacio tan cerrado. A medida que te adentras en la primera cueva, crees que las posibilidades de quedar atrapado son pequeñas.",N/A,"Mientras estés en la cueva, probablemente...",Aprenderás cosas interesantes.,No podrás encontrar la salida.,https://drive.google.com/file/d/15ni4MeSzSvzNK7ApghKU2XnMk019M6x1/view?usp=sharing,383.jpg,2,
Salud Física,,,Negative,Dolor de estómago,"Has estado nervioso por una próxima evaluación en el trabajo. El día de la evaluación, notas que te duele el estómago. Piensas que el dolor probablemente se deba a la ansiedad.",N/A,¿El dolor de estómago se debe a la ansiedad?,Sí,No,https://drive.google.com/file/d/1rbCs8iZS6b3LtSyDCOMcEXH8GAlOt4qZ/view?usp=sharing,352.jpg,2,
Salud Física,Situaciones Sociales,,Positive,en un barco,"Pasas el día en un barco con tus amigos. Cuando bajas del barco, sientes las piernas raras y tienes problemas para caminar. Esta sensación es divertida.",La sensación en tus piernas probablemente es...,Temporal y nada de lo que debas preocuparte.,Algo que deberías preocuparte.,,https://drive.google.com/file/d/1NC-kP-pSY9wJdrgbZnKbNcCzbSV962qB/view?usp=sharing,384.jpg,2,
Salud Física,,,Positive,Un pastel de cumpleaños,"Tu amigo te compra un pastel para tu cumpleaños. Cuando lo traen por la noche, notas que recientemente han estado enfermos. Sosteniendo el pastel, piensas que tus posibilidades de enfermarte son mínimas.",N/A,"si te comes el pastel, probablemente...",No te enfermarás.,Te enfermarás.,https://drive.google.com/file/d/1HQHBTRpNUNY2kQ0B3sOzw3AIKiQ5XsJl/view?usp=sharing,391.jpg,2,
Salud Física,,,Positive,Dando vueltas,"Vas a dar una vuelta en una atracción de carnaval. Cuando bajas, te sientes mareado. Estás encantado.",N/A,¿Te divierte sentirte mareado después de las atracciones de feria que dan vuelta?,Sí,,https://drive.google.com/file/d/1G1sHiVYDnKlOh6uW2-ZdFkqpUQkZOV0x/view?usp=sharing,392.jpg,2,
Salud Física,,,Resilience/Negation,Corriendo una maratón,"Has corrido unos 10 kilómetros y estás pensando en entrenar para correr una maratón. Disfrutas la sensación de logro cuando terminas una carrera de 10 km, pero te preocupa si tienes lo necesario para correr más de cuatro veces esa distancia.","Cuando consideras la idea de correr un maratón, no crees que sea demasiado para ti porque crees que probablemente serás lo suficientemente bueno.",¿Crees que serás incapaz de completar un maratón?,,,https://drive.google.com/file/d/1Xq6CIdmWrno41D0PJ3EsiJ_L_tH3iRmg/view?usp=sharing,417.jpg,2,
Salud Física,,Vida Familiar y Doméstica,Resilience/Negation,Caminata con amigos,"Tú y tus amigos han decidido ir de caminata, aunque temes agotarte demasiado. Un rato después de comenzar la caminata, empiezas a respirar con dificultad. Piensas que las posibilidades de tener que parar son altas.",Observas que tus amigos también están cansándose. Decides que probablemente estarás bien.,¿Es probable que estés seguro en la caminata?,Sí,,https://drive.google.com/file/d/1_h-ZuOeEI_atTR4dz223E24V5sWlPdAn/view?usp=sharing,454.jpg,2,
Salud Física,,,Positive,Película intermitente,Estás viendo una película en el cine. Hay muchos planos de cámara rápidos que te hacen sentir mareado. Esta sensación te parece curiosa.,N/A,¿Es angustiante cuando te sientes mareado?,No,,https://drive.google.com/file/d/1SjRDhO4HJ_WO82IWqrR9SG8vahCwKzNn/view?usp=sharing,393.jpg,2,
Salud Física,,,Positive,Dedos hormigueando,Estás ayudando a un amigo a pintar una casa y has tenido la mano levantada durante mucho tiempo. Tus dedos comienzan a hormiguear. Esta sensación es graciosa.,N/A,¿Te hacen sentir nervioso los hormigueos en los dedos?,No,,https://drive.google.com/file/d/1fj906rRvObqRqYlvQh_8sC4u8vkYHYJP/view?usp=sharing,394.jpg,2,
Salud Física,,,Negative,Celebraciones en un juego deportivo,Estás en un juego deportivo. La multitud está animando ruidosamente a tu equipo y tu cabeza late con fuerza. Te sientes preocupado.,N/A,¿Te preocupa que el golpeo en tu cabeza signifique algo grave?,Sí,,https://drive.google.com/file/d/1BxmUUVgj2Iau_pHkovTQetlDHezR_Wkp/view?usp=sharing,388.jpg,2,
Salud Física,,,Positive,Quemadura,"Mientras preparas la cena, accidentalmente tocas una sartén muy caliente. Rápidamente pones tu dedo bajo agua fría y ves que tu piel se está poniendo roja. Después de unos minutos, piensas que la quemadura es leve.
",N/A,"Después de correr agua sobre tu dedo, la quemadura probablemente...",Dolerá mucho menos.,"
Permanecerá muy dolorosa.",https://drive.google.com/file/d/1G2YWXv0p1YZmB6Gsfe2dO0xdWf6LUeVB/view?usp=sharing,387.jpg,2,
Salud Física,,,Positive,Celebraciones en un juego deportivo,Estás en un juego deportivo. La multitud está animando ruidosamente a tu equipo y tu cabeza late con fuerza. Te sientes emocionado.,N/A,¿Te preocupa que el golpeo en tu cabeza signifique algo grave?,No,,https://drive.google.com/file/d/1BxmUUVgj2Iau_pHkovTQetlDHezR_Wkp/view?usp=sharing,388.jpg,2,
Salud Física,,,Positive,Controles en el dentista.,"Tienes una cita de rutina con el dentista y descubres que necesitas algunas pruebas para comprobar la salud de tus encías y dientes. Después de que el dentista realiza las pruebas, continúas recostado en el sillón mientras esperas los resultados. Crees que tus dientes y encías probablemente están enfermos.",N/A,¿Crees que tienes enfermedad de las encías?,Sí,No,https://drive.google.com/file/d/1PUQshZgNL6tX5cS4aP636BXA9VNXNVpq/view?usp=sharing,389.jpg,2,
Salud Física,,,Positive,Boca seca,Has sentido sequedad en la boca durante unos días. Te preguntas si la boca seca es un efecto secundario menor de un medicamento que acabas de empezar a tomar o algo más grave. La probabilidad de que la boca seca refleje un problema de salud grave es mínima.,N/A,Tu boca seca probablemente se deba a...,Una medicacion nueva.,Una enfermedad seria.,https://drive.google.com/file/d/1IeejxodAEOPnBK-2VdYiVAvRH6sKjGMd/view?usp=sharing,395.jpg,2,
Salud Física,,,Positive,Corriendo tu primera carrera,"El fin de semana pasado corriste tu primera carrera. Desde entonces, has estado sintiendo un dolor leve en la cadera. Mientras caminas, crees que este dolor probablemente no tiene importancia.",N/A,Piensas que el dolor en tu cadera es...,Temporario.,Una señal de lesión grave.,https://drive.google.com/file/d/1aiVn1lJHaTkvfQFGg2fqKpjSdp-hUxUC/view?usp=sharing,396.jpg,2,
Salud Física,,Vida Familiar y Doméstica,Resilience/Negation,Alergias de primavera,"Es un día frío de primavera y estás caminando afuera en el parque, jugando fútbol. Al pasar por los árboles, te sientes cada vez más congestionado y adolorido. Empiezas a sentir miedo.","Mirando alrededor, ves todo el polen en el aire. Te das cuenta de que normalmente tienes la nariz congestionada debido a las alergias y probablemente estás cansado de jugar fútbol despues de una hora. Te sientes aliviado.",¿Tu congestión y dolor significan que algo malo está pasando?,No,,https://drive.google.com/file/d/1XwVIMD-qlNp532-AByRuhQltoTAlm_qS/view?usp=sharing,447.jpg,2,
Salud Física,,,Resilience/Negation,sintiendo mareos,Decides girar rápidamente en una silla de oficina. Sientes mariposas en el estómago y te mareas cuando la silla se desacelera. Estas sensaciones probablemente significan que estás bien.,"En vez de entrar en pánico, decides respirar profundamente. Lentamente, tu mareo desaparece y tu estómago se siente mejor.",¿Te preocupa desmayarte?,No,,https://drive.google.com/file/d/1fYamTMa1ZB3CzDOyWxCfhKI3L2j1vR7J/view?usp=sharing,414.jpg,2,
Salud Física,,,Positive,Cómodo sofá,"Has tenido un día muy ocupado y por la noche finalmente puedes relajarte. Mientras te sientas en el sofá, te sientes desorientado. Estás tranquilo.",N/A,Te sientes extraño porque ...,Sólo tomaste un vaso de agua hoy.,Te estás enfermando de gripe.,https://drive.google.com/file/d/18GluoIzVFP_yuVpBX8Em1bx0GIg1TuH2/view?usp=sharing,397.jpg,2,
Salud Física,,,Positive,Desconectandote,"Estás en una reunión escuchando a alguien hablar. Dejas de prestar atención y te desconectas por uno o dos minutos. Cuando vuelves a prestar atención, estás relajado.",N/A,¿Te sientes tranquilo después de desconectarte durante la reunión?,Sí,,https://drive.google.com/file/d/1KAtEMGAr-LWfEzuwFy2roR4vCQ_ecl0O/view?usp=sharing,402.jpg,2,
Salud Física,Salud Mental,,Positive,Revisión física anual,"Estás recibiendo tu revisión médica anual. Después de un examen inicial, tu médico indica que algo parece inusual y dice que necesitarán obtener una segunda opinión. Cuando se trata de manejar tu ansiedad mientras esperas en la sala de examen, eres capaz.",N/A,¿Eres capaz de manejar tu ansiedad mientras esperas al doctor?,Sí,,https://drive.google.com/file/d/1gfUANnECP3LDzTjUtm_9lBpdAe3s4Xyw/view?usp=sharing,355.jpg,2,
Salud Física,Situaciones Sociales,,Positive,Una mesa sucia,"Te encuentras con un amigo para almorzar en un nuevo restaurante. Una vez que te sientas, te das cuenta de que tu mesa no fue limpiada después de que los clientes anteriores se fueron, lo que te pone ansioso por los gérmenes. Decides quedarte a almorzar con tu amigo y tu ansiedad es tolerable.
",N/A,"Mientras almuerzas con tu amigo, tu ...",eres capaces de disfrutar la conversación.,Estás insoportablemente ansiosos.,https://drive.google.com/file/d/1d3Tz4L7BbfVIgBMIOeEAk7SC_ZshiTvk/view?usp=sharing,403.jpg,2,
Salud Física,,,Negative,Película intermitente,Estás viendo una película en el cine. Hay muchos planos de cámara rápidos que te hacen sentir mareado. Esta sensación te asusta.,N/A,¿Es angustiante cuando te sientes mareado?,Sí,No,https://drive.google.com/file/d/1OfA4w2yQ1uGy66zPDmyH7KN8PoG0ItOh/view?usp=sharing,390.jpg,2,
Salud Física,,,Positive,Visión borrosa,"Estás muy cansado. Mientras te acuestas en tu cama, tu visión comienza a desenfocarse. Te sientes relajado.",N/A,Te das cuenta de que...,Estás especialmente cansado.,Podrías estar perdiendo tu visión permanentemente.,https://drive.google.com/file/d/1p3MZ2l74Zw8yLG7DGA22YUKqeK1K3i0n/view?usp=sharing,404.jpg,2,
Salud Física,Situaciones Sociales,,Positive,Visitando a los vecinos,"Te das cuenta de que no has visto a tu vecino mayor recientemente. Normalmente lo visitas con frecuencia, por lo que es extraño que no lo hayas visto últimamente. Probablemente tu vecino esté bien.",N/A,¿Tu vecino mayor probablemente ha estado enfermo?,No,,https://drive.google.com/file/d/14_16MBBgKRM9oZwTGSN9GJblFNuwndpf/view?usp=sharing,408.jpg,2,
Salud Física,Situaciones Sociales,,Positive,Conociendo alguien nuevo,"Estás en una fiesta de cumpleaños para un amigo de un amigo. Te das cuenta de que estás ruborizado y un poco sudado. Parado allí, piensas que estas sensaciones son normales.",N/A,Las personas probablemente...,No te verán sudar ya que la habitación está poco iluminada.,Notarán que estás sudando.,https://drive.google.com/file/d/1cfjkxrnn1-Ws7c5KzE7-FN0aIqqXiOQF/view?usp=sharing,409.jpg,all,
Salud Física,Finanzas,,Resilience/Negation,Corriendo con un amigo,"Tienes planeado correr mañana con un amigo que corre todos los días. No has corrido en bastante tiempo y te preocupa si podrás mantener el ritmo o no.
","Crees que mañana no te quedarás atrás, y las posibilidades de que puedas seguir el ritmo de tu amigo son altas.",¿Podrás seguir el ritmo de tu amigo mañana?,Sí,No,https://drive.google.com/file/d/1eJ-08i7HtFvPYHdRnELsblgm6tY079fj/view?usp=sharing,416.jpg,all,
Salud Física,Situaciones Sociales,,Resilience/Negation,El malestar de estómago,Te has estado sintiendo mal del estómago durante unos días. Haces una cita con tu médico. Las náuseas probablemente signifiquen que estás enfermo.,Te reúnes con el médico y te dice lo que probablemente está pasando. Lo piensas y te das cuenta de que enfermarse a veces es normal.,¿Es normal enfermarse a veces?,Sí,,https://drive.google.com/file/d/1prtRSSRBp4ryNBbiHEfOgJJIMpOsf_o3/view?usp=sharing,446.jpg,all,
Salud Física,,,Positive,Un golpe accidental,"Una noche, estás subiendo las escaleras y accidentalmente golpeas tu cabeza contra un techo bajo. A la mañana siguiente, el dolor de cabeza todavía está presente ligeramente, y te preguntas qué has hecho. Ya a la hora del almuerzo, el dolor ha disminuido.",N/A,Piensas que el dolor de cabeza es señal que...,Estás mejorando.,Estás seriamente lesionado.,https://drive.google.com/file/d/146ppWjMD-jv8MsLWh8oFtUXFi-waMntP/view?usp=sharing,405.jpg,all,
Salud Física,,,Positive,Aprendiendo a esquíar,"Estás de vacaciones en un resort de montaña y estás aprendiendo a esquiar. Este es tu primer intento de esquiar cuesta abajo solo. Te acercas a la primera curva a una velocidad moderada y piensas que esquiar es divertido.
",N/A,"Una vez que llegues a la curva, probablemente...",Vas a sobrepasarla y seguir esquiando cuesta abajo.,Vas a caerte.,https://drive.google.com/file/d/17uXb5H0kSMesHVAR7r1_6NraiAfQA0yi/view?usp=sharing,406.jpg,all,
Salud Física,,,Positive,Seguridad de la trampolina,"Tus hijos están rebotando en un trampolín. Se están divirtiendo, pero también consideras su seguridad, sabiendo que los trampolines pueden ser peligrosos. Mientras los ves rebotar arriba y abajo en el trampolín, sientes que son bastante seguros. ",N/A,A medida que continúes viendo a sus hijos en el trampolín probablemente...,disfrutarás viéndolos,te preocuparás de que se lastimen,https://drive.google.com/file/d/1CUsrIf1BGnnhCTX1GHmaVbo11NgeEMgr/view?usp=sharing,407.jpg,all,
Salud Física,Relaciones Románticas,,Negative,Controles en el dentista.,"Tienes una cita de rutina con el dentista y descubres que necesitas algunas pruebas para comprobar la salud de tus encías y dientes. Después de que el dentista realiza las pruebas, continúas recostado en el sillón del dentista mientras  esperas los resultados. Crees que tus dientes y encías probablemente estén enfermos.",N/A,¿Crees que tienes enfermedad de las encías?,Sí,No,https://drive.google.com/file/d/1PUQshZgNL6tX5cS4aP636BXA9VNXNVpq/view?usp=sharing,389.jpg,all,
Salud Física,,,Positive,Un vuelo internacional,"Estás viajando a otro país. Durante el vuelo, miras por la ventana y te das cuenta de que nunca has estado tan alto sobre el océano. Te sientes emocionado.",N/A,¿Es emocionante estar tan alto?,Sí,,https://drive.google.com/file/d/1GYk2FDBdJrt2X79wPnOBoOZF2QH6AcbW/view?usp=sharing,398.jpg,all,
Salud Física,,,Positive,Pensamientos en la estación de tren,"Estás en una parada de metro esperando un tren. Parado en el borde, te das cuenta de que nunca has pensado en la distancia de la caída hasta las vías debajo. Te sientes fascinado.",N/A,"Mientras esperas el tren, piensas en cómo...",Estás seguro parado encima de las vías.,Estás en peligro de caerte.,https://drive.google.com/file/d/1ClAbuwZR2mkRJo44BvUWsBonRFgqp8o9/view?usp=sharing,399.jpg,all,
Salud Física,,,Positive,Resultados del chequeo anual,"Te extraen sangre para tu examen físico anual. Tu médico te dice que tendrá que esperar unos días para recibir los resultados y te preocupas por lo que dirán los resultados. Durante los próximos días, las preocupaciones son soportables.",N/A,¿Son tolerables tus preocupaciones sobre los resultados?,Sí,,https://drive.google.com/file/d/1BVKNqBpLdgfT2kJpyOrEvhicjUJSFpHZ/view?usp=sharing,400.jpg,all,
Salud Física,,,Positive,Picadura de araña,"Mientras estás caminando, te pica una araña. Tu amigo te asegura que la araña no era venenosa y que estarás bien. Te preocupa que podría haber sido una araña mortal, pero continúas con la caminata de todos modos, y tus preocupaciones durante el resto de la caminata son manejables.",N/A,¿Puedes manejar tus preocupaciones mientras terminas tu caminata?,Sí,,https://drive.google.com/file/d/1toIitkmj6xnqEM3CAiCHxzQrhXRD_p_Q/view?usp=sharing,401.jpg,all,
Salud Física,,,Resilience/Negation,Pánico de una presentación,"Estás dando una presentación, lo que causa que te sientas nervioso. Mientras hablas, sientes un nudo en la garganta y comienzas a toser. Estos sentimientos probablemente significan que estás entrando en pánico.","Decides tomar un respiro lento y profundo. Al empezar a hablar de nuevo, te das cuenta de que lo que sentiste era normal.",¿Es normal toser durante una presentación?,Sí,,https://drive.google.com/file/d/10fLWhto09ulpTOoQ_oICa06UK6vWzttW/view?usp=sharing,46.jpg,all,
Salud Física,,,Resilience/Negation,Corriendo fuerte,Terminas de correr una distancia larga. Te das cuenta que tu corazón late muy rápido y sientes presión en el pecho. Piensas que estás a punto de entrar en pánico.,Quieres ir a un lugar privado para estar lejos de los demás. Decides quedarte donde estás y respirar lentamente.,¿Es necesario salir de un área pública debido a tu corazón acelerado?,No,,https://drive.google.com/file/d/1b6SHlzW0ox4gYWPHJ4V0XNGxwHqJO5rg/view?usp=sharing,438.jpg,all,
Salud Física,,,Positive,Recuperando el aliento,Es una mañana fresca y estás subiendo unas escaleras para llegar a tu trabajo. Empiezas a sentirte realmente sin aliento cuando llegas al último escalón. Tomas un segundo para respirar y sentirte tranquilo.,N/A,¿Sentirte sin aliento te da miedo?,No,,https://drive.google.com/file/d/1xz59u0B6S3xO0AcB31N0mgdTPMRySk9a/view?usp=sharing,410.jpg,all,
Salud Física,,,Positive,Primera vez patinas sobre hielo,"Tu amigo disfruta patinando sobre hielo y te convence de probarlo. En la pista te pones los patines y empiezas a patinar. Te deslizas hacia adelante lentamente al principio, luego más rápido, y piensas que tus posibilidades de lesionarte son mínimas. ",N/A,"A medida que continúes patinando sobre hielo, probablemente...",Patines con éxito alrededor de la pista varias veces.,Te caigas y te lastimes.,https://drive.google.com/file/d/1DDUPUz1PJYIlmUsQ4fi7k8l6xKAqzb0q/view?usp=sharing,415.jpg,all,
Salud Física,,,Positive,Serpientes venenosas,Tu amigo te convence a dar un paseo por un parque local. Has oído que hay serpientes venenosas en ese parque y comienzas a sentirte preocupado. Piensas que las posibilidades de ver ese tipo de serpiente son pequeñas.,N/A,¿Es probable que te muerda una serpiente venenosa?,No,,https://drive.google.com/file/d/1U2_8uATTliNhBZDx61INANKTKxk7cpTi/view?usp=sharing,421.jpg,all,
Salud Física,,,Positive,Evaluación de salud,"En tu cita médica anual, tu doctor decide hacerte unas pruebas para evaluar tu salud en función del historial médico de tu familia. Tus resultados estarán listos en una semana. Mientras esperas los resultados, crees que probablemente estás sano.",N/A,¿Probablemente estás enfermo?,No,,https://drive.google.com/file/d/1skss2BI_-uGWDYIrkmbfefHHXDWYy7yn/view?usp=sharing,422.jpg,all,
Salud Física,Relaciones Románticas,,Negative,Un pastel de cumpleaños,"Tus amigos te compras un pastel para tu cumpleaños. Cuando lo traen por la noche, recuerdas que recientemente han estado enfermos. Sosteniendo el pastel, piensas que tu posibilidad de enfermarse es bastante alta. ",N/A,"Si te comes el pastel, probablemente...",Te enfermarás.,No te enfermarás.,https://drive.google.com/file/d/1HQHBTRpNUNY2kQ0B3sOzw3AIKiQ5XsJl/view?usp=sharing,391.jpg,all,
Salud Física,,,Positive,Te sientes maread﻿o / Sintiéndote mareado,Estás en una fiesta y comienzas a bailar con tus amigos. Empiezas a sentirte mareado cuando el ritmo se acelera. Piensas que esta sensación es una señal de emoción.,N/A,¿Te preocupa sentirte mareado?,No,,https://drive.google.com/file/d/11iBGMQfdQzKS4Wie-FoCiOstUhF1691I/view?usp=sharing,418.jpg,all,
Salud Física,,,Positive,Subiendo escaleras,El ascensor en tu edificio está roto de nuevo y tienes que subir por unas cuantas plantas de escaleras para llegar a donde necesitas ir. Sientes que tu pecho se aprieta y te quedas sin aliento al llegar a la última escalera. Te sientes vigorizado.,N/A,¿Te sientes ansioso en la cima de las escaleras?,No,,https://drive.google.com/file/d/1HzEJ1c_3jX-C44g32T1z0Bt1R84I3mJW/view?usp=sharing,419.jpg,all,
Salud Física,,,Positive,Corriendo una milla,Estás corriendo una milla y quieres pasar un buen rato. Notas que tu corazón acelera más rápido de lo habitual después de detenerse. Crees que esto es normal.,N/A,¿Es malo que tu corazón se acelere después de correr?,No,,https://drive.google.com/file/d/1Ba88gEkP7CKNLp4OYy0jKaTec5G1fIIh/view?usp=sharing,420.jpg,all,
Salud Física,Situaciones Sociales,,Resilience/Negation,Tomando el autobús,"Es lunes por la mañana y corriste por la calle para tomar el autobús. Sientes que tu corazón se acelera cuando te subes al bús y te sientas. Al empezar a sudar y respirar rápidamente, temas que estás sufriendo de un ataque de pánico.","Sientes una necesidad de bajarte del bús y regresar a casa, pero te sientas en el asiento más cercano. En lugar de salir, decides observar estas sensaciones y quedarte sentado.",¿Es necesario bajarte del bús porque sientes que tu corazón está latiendo rápidamente?,No,Sí,https://drive.google.com/file/d/1saWw5hAmt88t6pBS8EupcpjG-BuCir45/view?usp=sharing,462.jpg,all,
Salud Física,Vida Familiar y Doméstica,,Resilience/Negation,Caminando para despejar la mente,Hace frío afuera y sales a caminar para calmar tu mente. Tus manos empiezan a temblar y tu corazón late rápidamente mientras subes una cuesta. Tienes miedo.,Recuerdas que es la primera vez en unas semanas que caminas una distancia larga. Probablemente sientes que el latido de tu corazón se acelera debido a la cuesta.,¿Tu latido de corazón rápido significa que algo malo está pasando?,No,Sí,https://drive.google.com/file/d/1oiPUPbb3k3wmoRn3s5fSAPMdPX11UgYp/view?usp=sharing,463.jpg,all,
Salud Física,,,Positive,Clase de baile,Estás tomando una clase de baile y durante un descanso sientes que tus piernas se vuelven inestables. Te enfocas en estas sensaciones mientras tomas un trago de agua. Piensas que las piernas inestables probablemente significan que te estás esforzando.,N/A,¿Tus piernas inestables son una señal de que no te estás mal?,No,,https://drive.google.com/file/d/1xY_MqEc3uOEL5xvE9lYTGJ6OJPlAArWS/view?usp=sharing,427.jpg,all,
Salud Física,,,Positive,Sudando a través de tu camisa,"Llevas/Usas una camisa para ir a la escuela que te queda ajustada alrededor de las axilas. A mitad del día notas que tienes marcas de sudor. Después de pensarlo, te das cuenta de que sudar a lo largo del día es normal.",N/A,¿Es sudor una función corporal normal?,Sí,,https://drive.google.com/file/d/1Wch_kcxO-_MSrBd4tyGQsC_dXyOttIIF/view?usp=sharing,428.jpg,all,
Salud Física,,,Positive,Garganta seca,Estás hablando con un amigo sobre tu día y de repente sientes que tu garganta se seca. Toses un poco y buscas un vaso de agua. El agua te ayuda un poco y te das cuenta de que la sequedad en la garganta probablemente no fue nada.,N/A,¿Tu garganta seca significa que estás enfermo?,No,,https://drive.google.com/file/d/1EYKumlSsrqKHNA6TbZfnrscg0F5KgSYg/view?usp=sharing,429.jpg,all,
Salud Física,,,Negative,Carrera en un día frío,Hace frío afuera y estás corriendo. Tu corazón empieza a latir rápidamente después de unos minutos. Decides que este sentimiento te da miedo.,N/A,¿Te dan miedo los latidos rápidos de tu corazón?,Sí,No,https://drive.google.com/file/d/1FS-osT_v7dH6pF1URFaIMXwErnTMFWu-/view?usp=sharing,439.jpg,all,
Salud Física,,,Positive,Estar cerca de alguien enfermo,Vas al hospital para visitar a un amigo. Alguien detrás de ti tose un par de veces mientras estás en la sala de espera. La probabilidad de que te enfermes es baja.,N/A,¿Es probable que te enfermes?,No,,https://drive.google.com/file/d/14p-MA9AmO3Kf44iLqLgrc1KHWBpaRA8G/view?usp=sharing,412.jpg,all,
Salud Física,,,Positive,El dolor de muelas,"Te duelen unos de tus dientes recientemente, por lo que decides hacer una cita con el dentista. Piensas en el dolor de tu diente y de lo que podría ser. Mientras esperas tu cita, te sientes tranquilo. ",N/A,¿Puedes soportar ir al dentista?,Sí,,https://drive.google.com/file/d/1tx8o8w91aqw3k6CaxI1f-gxpAoV22yp6/view?usp=sharing,413.jpg,all,
Salud Física,,,Positive,Recuperando el aliento,Es una mañana fresca y estás subiendo unas escaleras para llegar a tu trabajo. Empiezas a sentirte realmente sin aliento cuando llegas al último escalón. Tomas un segundo para respirar y sentirte tranquilo.,N/A,¿Sentirte sin aliento te da miedo?,No,,https://drive.google.com/file/d/1xz59u0B6S3xO0AcB31N0mgdTPMRySk9a/view?usp=sharing,410.jpg,all,
Salud Física,,,Write Your Own,Write Your Own,,,,,,,,write your own,
Salud Física,,,Write Your Own,Write Your Own,,,,,,,,write your own,
Salud Física,,,Write Your Own,Write Your Own,,,,,,,,write your own,
Salud Física,,,Positive,Dando vueltas,Decides girar rápidamente en una silla de oficina. Sientes mariposas en el estómago y te mareas cuando la silla se desacelera. Estas sensaciones probablemente significan que estás bien.,N/A,¿Te preocupas sentirte mareado?,No,,https://drive.google.com/file/d/1fYamTMa1ZB3CzDOyWxCfhKI3L2j1vR7J/view?usp=sharing,414.jpg,1,
Salud Física,Situaciones Sociales,Relaciones Románticas,Resilience/Negation,Larga caminata afuera,Hace frío afuera y sales a caminar para calmar tu mente. Tus manos empiezan a temblar y tu corazón late rápidamente mientras subes una cuesta. Tienes miedo.,Recuerdas que es la primera vez en unas semanas que caminas una distancia larga. Probablemente sientes que el latido de tu corazón se acelera debido a la cuesta.,¿Tu latido de corazón rápido significa que algo malo está pasando?,No,Sí,https://drive.google.com/file/d/1lcMOCr0PYGVo5UIUZXEXzXL0JU5_MIgg/view?usp=sharing,364.jpg,1,
Salud Física,Vida Familiar y Doméstica,,Resilience/Negation,Subiendo una montaña,"Estás en una caminata con un grupo de amigos y todos quieren subir una montaña bastante alta. Mientras escalas la montaña, miras hacia abajo y sientes cómo se te cae el estómago. Piensas que esta caminata será aterradora.","Llegas a la cima de las montañas y tus amigos están tomando fotos. Aunque estás ansioso, miras alrededor y sonríes.",¿Pudiste superar tu ansiedad y disfrutar de la caminata?,Sí,,https://drive.google.com/file/d/1gYGD8SnyvMsNgSmeWgF1xZiAFm5Pllca/view?usp=sharing,430.jpg,1,
Salud Física,Situaciones Sociales,,Positive,Manejando el estrés,"Tienes que hacer una presentación para tus compañeros de trabajo hoy. Cuando te pones de pie frente a tus compañeros, sientes que te arden las mejillas y te tiemblan las manos. Crees que estas sensaciones serán manejables.",N/A,¿Puedes manejar tus síntomas de ansiedad mientras haces tu presentación?,Sí,,https://drive.google.com/file/d/1JLUIkzxiJ2P-eVOgnLmb1zyker17wj7l/view?usp=sharing,431.jpg,1,
Salud Física,,,Positive,Boca seca,Has sentido sequedad en la boca durante unos días. Esto es algo que no has sentido antes. La probabilidad de que la sequedad de boca signifique un problema de salud grave es baja.,N/A,¿Tu boca seca indica que estás enfermo?,No,,https://drive.google.com/file/d/1eG4x0HMf4jIlTARyW3hf9EE8Q_PSqHPE/view?usp=sharing,337.jpg,1,
Salud Física,,,Negative,Un golpe accidental,"Una noche, estás subiendo las escaleras y por accidente golpeas tu cabeza contra un techo bajo. Por la mañana siguiente, el dolor de cabeza todavía está presente ligeramente, y te preguntas qué has hecho. Ya por la hora del almuerzo, el dolor ha disminuido.",N/A,Piensas que el dolor de cabeza es una señal que...,"
Estás seriamente lesionado.",Estás mejorando.,https://drive.google.com/file/d/146ppWjMD-jv8MsLWh8oFtUXFi-waMntP/view?usp=sharing,405.jpg,1,
Salud Física,,,Positive,Poniéndose al día con los amigos,Ves a tus amigos al otro lado de la calle y corres hacia ellos. Te sientes un poco desorientado y mareado al llegar a ellos. Consideras lo que esto significa y te das cuenta de que probablemente signifique que corriste rápido.,N/A,¿Tienes miedo al sentirte un poco desorientado después de tu breve trote?,No,,https://drive.google.com/file/d/1pczJLTVnLyHDjo-fmzd5s_A2lnG8fHM7/view?usp=sharing,424.jpg,1,
Salud Física,Salud Mental,,Positive,Boca seca,Has sentido sequedad en la boca durante unos días. Esto es algo que no has sentido antes. La probabilidad de que la sequedad de boca signifique un problema de salud grave es baja.,N/A,¿Tu boca seca indica que estás enfermo?,No,,https://drive.google.com/file/d/1eG4x0HMf4jIlTARyW3hf9EE8Q_PSqHPE/view?usp=sharing,337.jpg,1,
Salud Física,,,Positive,Sensaciones desconocidas,Estás caminando con unos amigos después del almuerzo y de repente sientes un hormigueo en las yemas de los dedos. Esto es algo que realmente no has experimentado antes. Esto probablemente significa que estás bien.,N/A,¿El hormigueo en los dedos significa que estás enfermo?,No,,https://drive.google.com/file/d/1TaGhr-WWip-eRu9sYUy8KrsB9UlfG_Im/view?usp=sharing,425.jpg,1,
Salud Física,,,Positive,Yendo a dormir,Estás acostado en tu cama y a punto de dormir. Comienzas a sentir una pesadez en el pecho mientras intentas dormir. Piensas en esta presión y te sientes cansado.,N/A,¿Te preocupas la pesadez en el pecho al quedarte dormido?,No,,https://drive.google.com/file/d/1izJIViWYKVGzESq3qfuHbCfkmMbXkVuc/view?usp=sharing,426.jpg,1,
Salud Física,Situaciones Sociales,,Positive,Viendo a un viejo amigo,Ves a un viejo amigo con el que no has hablado en años. Tu corazón da un vuelco. Te sientes emocionado.,N/A,¿Está bien que sientas que tu corazón da un vuelco?,Sí,,https://drive.google.com/file/d/1y8Ol0_urR_KdDlcWEw9hZ979KBQ_ozHp/view?usp=sharing,432.jpg,1,
Salud Física,Situaciones Sociales,,Resilience/Negation,Problemas de visión,"Cuando te despiertas por la mañana, te sientas rápidamente. Tu visión se vuelve borrosa y luego todo se pone negro por un momento. Tu visión regresa despues de ese momento, y te convences que te estás quedando ciego. ","Respiras y te das cuenta de que tu visión completamente. Luego, recuerdas que a veces esto pasa cuando te sientas demasiado rápido. ",¿Tu visión borrosa temporariamente significa que te estás quedando ciego?,No,,https://drive.google.com/file/d/1zilnZ-Hg2NZiL6TR6YmDYtIdKcj2JFhH/view?usp=sharing,423.jpg,1,
Salud Física,Situaciones Sociales,,Resilience/Negation,Tomando transporte,"Estás en el aeropuerto corriendo para alcanzar un avión. Sientes que tu corazón late rápidamente mientras te subes al avión y te sientas. Comienzas a sudar y respirar rápido, temiendo que puedas tener un ataque de pánico.","Sientes un impulso fuerte de bajarte del avión y volver a casa, pero te sientas en el asiento más cercano. En lugar de salir, decides observar estas sensaciones y quedarte sentado.",¿Es necesario bajarse del avión porque sientes que tu corazón late rápidamente?,No,,https://drive.google.com/file/d/1-ZaRhY6rkkEMRjIZb6GczmTpynme4Zhc/view?usp=sharing,153.jpg,1,
Salud Física,Situaciones Sociales,,Positive,Conociendo alguien nuevo,Estás en una fiesta de cumpleaños para un amigo. Comienzas a sentir un nudo en el estómago mientras hablas con un desconocido. Esto probablemente significa que estás emocionado.,N/A,¿Te preocupa hablar con una persona nueva?,No,,https://drive.google.com/file/d/1m8Y-P-lBw6IkILN6LVQ2sO9xx9D8qSBD/view?usp=sharing,434.jpg,1,
Salud Física,,,Negative,Dolor de estómago,Has estado nervioso por una próxima evaluación en el trabajo. El día de la evaluación notas que te duele el estómago. Piensas que el dolor de estómago probablemente se debe a la ansiedad.,N/A,¿El dolor de estómago se debe a la ansiedad?,Sí,No,https://drive.google.com/file/d/1rbCs8iZS6b3LtSyDCOMcEXH8GAlOt4qZ/view?usp=sharing,352.jpg,1,
Salud Física,Situaciones Sociales,,Positive,Exposición reciente,"Estuviste expuesto recientemente a alguien que dio positivo, pero hiciste la prueba y no has experimentado ningún síntoma. Tus amigos te invitan a cenar con ellos y te preguntas si deberías ir. Das negativo y sales con tus amigos.",N/A,¿Prueba negativo?,Sí,,https://drive.google.com/file/d/1skPUUmw_frFjR4siPO4dIxk0mnDUH5UN/view?usp=sharing,435.jpg,1,
Salud Física,,,Positive,Distanciamiento social adentro,"Eres inmunocomprometido y has estado tomando precauciones para protegerte de enfermedades. Cuando llegas a una reunión un día, notas a un colega que está tosiendo sin cubrirse la boca. Le pides que se cubra la boca.",N/A,¿Estás tomando precauciones contra las enfermedades?,Sí,,https://drive.google.com/file/d/1ZaHC8JkZK3uAQbvp8hBPnP6YtIA2v7Kk/view?usp=sharing,436.jpg,1,
Salud Física,,,Positive,Tomar precauciones,"Tus hijos están de vuelta en persona en la escuela. Te preocupas que un compañero de clase pueda darles COVID, y que sus hijos puedan enfermarse realmente. Tú decides que te asegurarás de que se queden enmascarados y aprenderás a lavarse siempre las manos para mantenerlas seguras. ",N/A,¿Crees que tus hijos se contagiarán de COVID?,No,,https://drive.google.com/file/d/12Ul_sg1zLz6b3_PvH5k7LI2mG4PlWWmE/view?usp=sharing,437.jpg,1,
Salud Física,,,Positive,Vacaciones reprogramadas,"Has querido ir de vacaciones de verano a Europa por algunos años. Reprogramaste tu viaje desde el verano pasado hasta el verano que viene, pero te preocupas que el COVID se propague de nuevo y te impida ir por fin. Decides esperar pacientemente, y siempre puedes reprogramar de nuevo si es necesario. ",N/A,¿Te preocupas que el COVID vaya a cancelar tu viaje?,No,,https://drive.google.com/file/d/1_6GwYbw-AzOkHQkKGOeLLpvnQXbJojTw/view?usp=sharing,449.jpg,1,
Salud Física,,,Positive,Cancelación de concierto,"Comprastes boletos/tiquetes a un concierto y finalmente se acerca la fecha. sin embargo, los números de COVID están aumentando en tu estado y es posible que/ puede que se cancele el concierto en el último momento. Aceptas esto y sabes que la banda reprogramará si es necesario.",N/A,¿Te preocupas que cancelen el concierto?,No,,https://drive.google.com/file/d/1_B3CLNZYw6j6jB-EIfyI0zEH5EdNmetw/view?usp=sharing,450.jpg,1,
Salud Física,,,Positive,Tos después de salir,"Por los últimos días, has empezado a tener una tos. Saliste el fin de semana pasado y te preguntas si podrías haber contraído COVID. Decides hacerte la prueba.",N/A,¿Es tu tos una señal definitiva de COVID?,No,,https://drive.google.com/file/d/14wxdQT03SW3H6H1dQsVqj2B6s1GhUSY7/view?usp=sharing,368.jpg,1,
Salud Física,Vida Familiar y Doméstica,Salud Mental,Resilience/Negation,Ruido repentino,"Estás caminando hacia el trabajo cuando de repente escuchas un ruido detrás de ti. Cuando giras rápidamente la cabeza para ver lo que es, te sientes mareado y empiezas a preocuparte de que perderás el control.","Al notar estos pensamientos, decides que podrás afrontar la situación, así que sigues caminando.",¿Te permites que las preocupaciones afectan tu llegada al trabajo?,No,,https://drive.google.com/file/d/1EYgCsAXuhxtIYuCSSWKugZP_JiM8jjqz/view?usp=sharing,386.jpg,1,
Salud Física,Situaciones Sociales,,Resilience/Negation,Sentirse mareado,"Has trabajado duro todo el día y no has comido mucho. Al levantarte de su escritorio, te sientes mareado y débil, y esto te preocupas un poco.",Decides prestar atención a las sensaciones sin juzgarlas como buenas o malas. Esto reduce tu preocupación y te hace sentir más tranquilo.,¿Disminuirá tu ansiedad si observas tus sensaciones sin juzgarlas?,Sí,,https://drive.google.com/file/d/1DivZOcoKB52Y-av9UMmPiIogDTLacT_W/view?usp=sharing,360.jpg,1,
Salud Física,Situaciones Sociales,,Positive,Culpar para enfermar a otra persona,"Después de sentir que tu garganta te duele, decides hacerte prueba de COVID. Tu pareja casi no sale para protegerse y piensas que estará enojado por una transmisión posible. Esperas que te perdóne porque contraer COVID no está completamente a su arbitrio/ bajo tu control. ",N/A,¿Piensas que tu pareja se quedará enojado con tigo?,No,,https://drive.google.com/file/d/1LkohJTxupt7GsSvfr-gaezvukKm-FVKj/view?usp=sharing,451.jpg,1,
Salud Física,,,Positive,Vecino sin mascarilla,Estás trabajando en la biblioteca cuando otra persona se sienta a tu lado. No lleva una mascarilla y eso te hace sentir inseguro. Le dices al bibliotecario que esta persona está rompiendo las reglas.,N/A,¿Tomas la decisión correcta de contarle al bibliotecario sobre la persona desenmascarada?,Sí,,https://drive.google.com/file/d/1nUmCRu4wnqWaowKbc8AkUMsjxFN1g9BU/view?usp=sharing,452.jpg,1,
Salud Física,Relaciones Románticas,,Negative,Manejando con un amigo,Estás en el coche con un amigo que está manejando a la velocidad límite en la carretera. Sientes mariposas en el estómago al ver los coches pasar rápidamente. Esto te hace sentir asustado.,N/A,¿Las mariposas en tu estómago te hacen sentir emocionado?,No,Sí,https://drive.google.com/file/d/1Qg3RtlzGStLsvGsgkLm9QEhINOWo8MDV/view?usp=sharing,433.jpg,1,
Salud Física,,,Positive,Despertándote mareado,"Cuando te despiertas por la mañana, te sientas rápidamente. Tu visión se vuelve borrosa y luego todo se pone negro por un momento. Tu visión regresa despues de ese momento, y te convences que te estás quedando ciego. ",N/A,¿Tu visión borrosa temporariamente significa que te estás quedando ciego?,No,,https://drive.google.com/file/d/1zilnZ-Hg2NZiL6TR6YmDYtIdKcj2JFhH/view?usp=sharing,423.jpg,1,
Salud Física,,,Positive,Sentirse sin aliento,"Durante una caminata este fin de semana, notaste que te quedabas sin aliento más rápido de lo normal. Recuerdas que el COVID afecta a los pulmones y comienzas sentir pánico. Afortunadamente, sabes que has usado tu mascarilla y has hecho todo lo posible para prevenir el COVID.",N/A,¿Tu dificultad para respirar está relacionada con el COVID?,No,,https://drive.google.com/file/d/1Gq5CyYWiftqddMmYJBplTFqMqYY6Ao9r/view?usp=sharing,440.jpg,1,
Salud Física,,,Positive,Dando positivo en una prueba de enfermedad,"Unos días despues de ir a un cumpleaños con mucha gente, te das cuenta que te duele la garganta. Te haces una prueba de una enfermedad seria y sale positiva. Has tenido mucho cuidado debido a tus condiciones de salud subyacentes. Piensas en cómo afectará tu salúd y crees que podrás manejar los desafíos a medida que se presenten.",N/A,¿Podrás recuperarte de la enfermedad?,Sí,,https://drive.google.com/file/d/1swyXz0EX1z3WGXTnVs4rB7-lSbq05V5E/view?usp=sharing,441.jpg,1,
Salud Física,,,Positive,Dolor de cabeza en el consultorio,"Estás en el consultorio y el doctor te pregunta si tienes algún síntoma de COVID. Menciona el dolor de cabeza como un síntoma posible, algo que has estado sintiendo pero no reconociste como un problema, y eso te asusta porque recuerdas como tus amigos enfermaron con COVID. Recuerdas que puedes enfocarte en tu salud y descansar hasta que te sientas mejor.",N/A,¿Tu dolor de cabeza significa que te pondrás tan enfermo como tus amigos?,No,,https://drive.google.com/file/d/1E_zU43NdPQrQs_EbbgIeOVJr1IAQ1b_O/view?usp=sharing,442.jpg,1,
Salud Física,,,Resilience/Negation,Alergias de primavera,"Es un día frío en la primavera y estás caminando afuera en el parque, jugando fútbol. Al pasar por los árboles, te sientes cada vez más congestionado y adolorido. Empiezas a sentir miedo.","Mirando alrededor, ves todo el polen en el aire. Te das cuenta de que normalmente tienes la nariz congestionada debido a las alergias y probablemente estás cansado de jugar fútbol despues de una hora. Te sientes aliviado.",¿Tu congestión y dolor significan que algo malo está pasando?,No,,https://drive.google.com/file/d/1XwVIMD-qlNp532-AByRuhQltoTAlm_qS/view?usp=sharing,447.jpg,2,
Salud Física,,,Positive,Nadando en la playa,"Después de enterarte de que un amigo está enfermo, decides ir a la playa para un día relajante. Cuando intentas nadar en el mar, se vuelve difícil respirar bajo del agua. Probablemente es porque hace tiempo que no nadas. ",N/A,¿Tu dificultad para nadar es una señal de que tienes la enfermedad?,No,,https://drive.google.com/file/d/1EDAskGZeJln12DePCekZITDjifvl8aXY/view?usp=sharing,444.jpg,2,
Salud Física,,,Resilience/Negation,Mascarillas con piel sensible,"Tienes la piel sensible y usar una mascarilla te provoca brotes. Cuando ves personas sin máscaras, su piel está completamente clara. Te sientes inseguro acerca de cuánto acné tienes.","Después de pensarlo, te das cuenta de que tiendes a notar aspectos de ti mismo que los demás no notan. Te sientes bien al proteger a las personas al usar tu máscara.",¿Es bueno que llevas una mascarilla?,Sí,,https://drive.google.com/file/d/1kxwTqZLKkj_Ga1sxMdjcBk6LLutuz39T/view?usp=sharing,445.jpg,2,
Salud Física,Situaciones Sociales,,Positive,Entrega Responsable,"Uno de tus amigos cercanos sale positivo en la prueba de COVID y te pide que le lleves comida. No quieres exponerte estando cerca de su hogar, pero también quieres ayudar. Encuentras una manera de entregar la comida y mantener tu distancia.",N/A,¿Puedes ayudar a tu amigo?,Sí,,https://drive.google.com/file/d/1oXJuho3aF66WCQMZ_tTZRNA2Wc3QA5gx/view?usp=sharing,455.jpg,2,
Salud Física,Finanzas,,Negative,Corriendo en el frío,"Estás repasando tus gastos mensuales y te das cuenta de que gastaste más de lo que habías planeado en un nuevo pasatiempo. Esto no te coloca en una situación financiera comprometida en este momento, pero estás intentando ahorrar dinero para ir en un viaje de esquí que has estado planeando por meses. Al pensar en reducir tus gastos, no te imaginas gastando demasiado otra vez, y crees que ahorrar lo suficiente para tu viaje es imposible.",N/A,"Cuando llegue el momento de reservar el viaje, probablemente...",Tendrás que cancelar debido a problemas de dinero.,Podrás elegir un hotel bastante bonito.,https://drive.google.com/file/d/1HZH-0nM2AWwMrt0gJttn0l5Qxiyelr24/view?usp=sharing,254.jpg,2,
Salud Física,Salud Mental,,Positive,Conociendo alguien nuevo,Estás en una fiesta de cumpleaños para un amigo. Comienzas a sentir un nudo en el estómago mientras hablas con un desconocido. Esto probablemente significa que estás emocionado.,N/A,¿Te preocupas hablar con una persona nueva?,No,,https://drive.google.com/file/d/1m8Y-P-lBw6IkILN6LVQ2sO9xx9D8qSBD/view?usp=sharing,434.jpg,2,
Salud Física,Académicos/Trabajo/Desarrollo Profesional,,Positive,Despertándote mareado,"Cuando te despiertas por la mañana, te sientas rápidamente. Tu visión se vuelve borrosa y luego todo se pone negro por un momento. Tu visión regresa despues de ese momento, y te convences que te estás quedando ciego. ",N/A,¿Tu visión borrosa temporariamente significa que te estás quedando ciego?,No,,https://drive.google.com/file/d/1zilnZ-Hg2NZiL6TR6YmDYtIdKcj2JFhH/view?usp=sharing,423.jpg,2,
Salud Física,Situaciones Sociales,,Positive,Conocido sin mascarilla,Llegas a una reunión con tu mascarilla puesta. Te das cuenta de que uno de tus colegas no está usando una mascarilla. Piensas que probablemente se le olvidó.,N/A,¿Tu colega olvidó su mascarilla?,Sí,,https://drive.google.com/file/d/1FtHkL-AdkRCQvQ3tup-oLG_qljuCxq5w/view?usp=sharing,458.jpg,2,
Salud Física,Situaciones Sociales,,Positive,Confrontación de COVID,"Estás resfriado y porque salistes negativo a COVID, decidistes volver a trabajar. No puedes evitar toser un par de veces a lo largo del día y, cuando estás a punto de salir, un compañero de trabajo te confronta acusándote de venir a trabajar con COVID. Sientes que esa persona está pasando por un momento estresante.",N/A,¿Siempre puedes evitar preocupar a los demás?,No,,https://drive.google.com/file/d/1ZRX4djV0jNJx45cG7BKsaEWYgTgDJGha/view?usp=sharing,89.jpg,2,
Salud Física,Situaciones Sociales,,Positive,Clase de baile,"Estás tomando una clase de baile y, durante un descanso, te encuentras hablando con otro participante que viene quejando sobre tu trabajo. Mientras hablan, te das cuenta de que estás sudando. Ellos probablemente piensan que esto es resultado del baile.",N/A,¿La persona que conociste en la clase de baile pensó que estabas ansioso?,No,,https://drive.google.com/file/d/1yVXzFBXX6-Tsb9FVPimCrE8TubjyVWUU/view?usp=sharing,459.jpg,2,
Salud Física,,,Positive,Exposición reciente,"Estuviste expuesto recientemente a alguien que dio positivo, pero hiciste la prueba y no has experimentado ningún síntoma. Tus amigos te invitan a cenar con ellos y te preguntas si deberías ir. Das negativo y sales con tus amigos.",N/A,¿Prueba negativo?,Sí,,https://drive.google.com/file/d/1skPUUmw_frFjR4siPO4dIxk0mnDUH5UN/view?usp=sharing,435.jpg,2,
Salud Física,Académicos/Trabajo/Desarrollo Profesional,,Resilience/Negation,Día caluroso,"Regresando a casa en un día muy caluroso, te tomas un vaso grande de agua rápidamente. Pronto te sientes anormalmente lleno y un poco enfermo del estómago.","Esta sensación es sorprendente e incómoda, pero te das cuenta de que es algo que simplemente puedes observar.",Respondes a la sensación en tu estómago...,Observando las sensaciones sin hacer nada.,Entrando en pánico por las sensaciones y llamando a una ambulancia.,https://drive.google.com/file/d/1zIU7R9B0aDdb2iU_AHp4YbObnLDAts0M/view?usp=sharing,336.jpg,2,
Salud Física,Académicos/Trabajo/Desarrollo Profesional,,Resilience/Negation,Ejercicio con un amigo,"Es miércoles por la noche y tu amigo te convence ir a una clase de ejercicio cardiovascular de alta intensidad. En medio de la clase, dejas de hacer ejercicio porque sientes que no puedes recuperar el aliento.","Cuando comienzas a tener pensamientos ansiosos de desmayarte, decides simplemente notarlos.","Cuando sientes que no puedes recuperar el aliento, es mejor...",simplemente observar tus pensamientos y sensaciones de ansiedad sin juzgarlos.,Juzgar tu dificultad para respirar como algo malo o dañino.,https://drive.google.com/file/d/1Vlsi9LlwAnuIBOVvXzcOaRgcOTFzDdfO/view?usp=sharing,339.jpg,2,
Salud Física,Situaciones Sociales,,Positive,Demasiada atención,"Es tu cumpleaños y cuando llega la hora del pastel, la gente te rodean y empiezan a cantar. Sientes que tu corazón empieza a latir más rápido y empiezas a sudar. Tus amigos y familiares no se dan cuenta.",N/A,¿Tus amigos y familiares se dan cuenta que te sientes ansioso?,No,,https://drive.google.com/file/d/1m8Y-P-lBw6IkILN6LVQ2sO9xx9D8qSBD/view?usp=sharing,434.jpg,2,
Salud Física,Situaciones Sociales,,Positive,Manchas de sudor,Es un día caliente y tú y tus amigos están caminando afuera. Te das cuenta que estás empezando a sudar y puedes ver algunas manchas en tu camiseta. Conoces bien a estos amigos y no les importará.,N/A,¿Tus amigos se burlarán de las manchas en tu camiseta?,No,,https://drive.google.com/file/d/1Wch_kcxO-_MSrBd4tyGQsC_dXyOttIIF/view?usp=sharing,428.jpg,2,
Salud Física,Vida Familiar y Doméstica,,Positive,Visitar a una familia anciana,Vuelves a casa de tus padres durante las vacaciones y te das cuenta que tu madre parece frágil. Te preguntas sobre su salud y si está enferma. Cree que su salud probablemente será buena.,N/A,¿La salud de tu madre va a empeorar rápidamente?,No,,https://drive.google.com/file/d/1Gq9Sn1-xMI1EWDLSKgwCVl-6URaJ2yiG/view?usp=sharing,152.jpg,2,
Salud Física,,,Negative,Prueba positiva,Recientemente hiciste una prueba de COVID y esperas los resultados hoy. Estás en medio de una reunión cuando escuchas que suena tu teléfono y te preguntas si tu prueba fue positiva o negativa. Revisas tu teléfono y ves que diste positivo.,N/A,¿Pruebas posítivo?,Sí,,https://drive.google.com/file/d/1Fq-NpWkRkGr7cLwbrV84SzufV_aWAasr/view?usp=sharing,448.jpg,2,
Salud Física,Situaciones Sociales,,Positive,Comunicación tardía,"Tu amigo te invita a una cena y después de salir, casualmente menciona que una de las personas allí estaba enfermo. No puedes creer que tu amigo no te dijera esto antes de que te llegara a la cena. Decides hablar con tu amigo al respecto y ambos deciden aislarse por unos días  por si acaso uno se enferma y comunicarse mejor sobre situaciones de riesgo. ",N/A,¿Tu amigo te puso en una situación peligrosa a propósito?,No,,https://drive.google.com/file/d/1bUgYhh6J97bHW_fCGBklhFK19Hg6E412/view?usp=sharing,453.jpg,2,
Salud Física,Situaciones Sociales,,Positive,Corriendo con un amigo,Tienes planes para correr mañana con un amigo que corre todos los días. No has corrido en bastante tiempo y te preocupas si podrás mantener el ritmo o no. Crees que las posibilidades de que puedas seguir el ritmo de tu amigo son altas.,N/A,"Mañana, probablemente...",Podrás seguir el ritmo de tu amigo.,Te quedarás atrás de tu amigo.,https://drive.google.com/file/d/1eJ-08i7HtFvPYHdRnELsblgm6tY079fj/view?usp=sharing,416.jpg,2,
Salud Física,,,Positive,Planes para visitar a la familia,"Es el día antes de que planeas ir a visitar a tu familia, y tu amigo se da cuenta de que estuvo expuesto a alguien con COVID. Ambos se van a hacerse la prueba, pero los resultados suelen llegar en 72 horas y tienes un vuelo mañana. Cuando piensas en cómo reaccionará tu familia, crees que lo entenderán.",N/A,¿Siempre puedes reprogramar tu viaje para ver a tu familia?,Sí,,https://drive.google.com/file/d/1yuqh5SDNygg4LWsoT1Xy9YTyK0rxVKAg/view?usp=sharing,456.jpg,2,
Situaciones Sociales,,,Positive,Gente fiestera,"Llegas a una fiesta grande y te das cuenta rápidamente de que hay muchas personas que no conoces allí. Te sientes ansioso y consideras irte a casa. Mirando a tu alrededor, decides quedarte.",N/A,La fiesta probablemente será...,Emocionante porque tienes la oportunidad de conocer gente nueva.,Incómodo porque no conoces a muchas personas.,https://drive.google.com/file/d/1Zc-4xffN0v0XdDSXW-x1NAACedZAqgXQ/view?usp=sharing,340.jpg,1,
Situaciones Sociales,Académicos/Trabajo/Desarrollo Profesional,,Resilience/Negation,Practicando la presentación,"Tu supervisor te pide que hagas una presentación en una reunión. Después de practicar por varias semanas, finalmente te sientes listo. En la presentación, cometes un gran error. ","Después de la presentación, te das cuenta  que estos errores son comunes. El supervisor probablemente piensa que tu recuperación y capacidad para continuar presentado fue muy admirable. ",¿Tu supervisor está decepcionado con tu presentación?,No,,https://drive.google.com/file/d/1Cw3oPXTNc-8SRhdtrmQYyiTvDaszARPN/view?usp=sharing,37.jpg,1,
Situaciones Sociales,Académicos/Trabajo/Desarrollo Profesional,,Positive,Una presentación pequeña,"Estás trabajando en un proyecto que disfrutas. Sin embargo, te acaban de informar que durante la próxima reunión tendrás que dar una presentación oral de cinco minutos al resto del grupo. La noche antes de la presentación, sientes miedo ante la idea de hablar en público, y decides que tu miedo es tolerable.",N/A,¿Puedes manejar tu miedo de dar la presentación oral?,Sí,,https://drive.google.com/file/d/1V-HyzPWcCsiQCjmLetck1SbZQT1cVtgr/view?usp=sharing,91.jpg,1,
Situaciones Sociales,,,Positive,Mantenerse al día con los amigos,"Has estado muy ocupado y tienes problemas para mantener el contacto con uno de tus mejores amigos. Generalmente eres bueno llamándolos, pero tu agenda ha sido muy agitada.",N/A,"Probablemente, tu amigo...",Comprende que a veces las cosas se ponen muy ocupadas.,Está molesto contigo por no permanecer en contacto.,https://drive.google.com/file/d/1zs5Zen5SreRnD91mUn6rtDWU2U5Icoe_/view?usp=sharing,464.jpg,1,
Situaciones Sociales,,,Negative,Una cámara nueva,"Compraste una cámara nueva, pero cuando llegas a casa, descubres que no la te gusta. La devuelves a la tienda y recibes un reembolso. En el mostrador, el empleado no habla mucho mientras te ayuda, y piensas que te ven como alguien extraño.",N/A,¿Piensas que el asístente de ventas te encontró molesto?,No,,https://drive.google.com/file/d/1gIc6npFIezWPuRAQClkBHg3K5HpAwDTk/view?usp=sharing,465.jpg,1,
Situaciones Sociales,Académicos/Trabajo/Desarrollo Profesional,,Positive,Cambiar tus planes,"Has decidido aceptar un trabajo en otro departamento. Todos sus amigos cercanos están solicitando a los comités dentro de su departamento actual. Cuando piensas en tu decisión de cambiar de departamento, te sientes satisfecho. ",N/A,¿Estás contento con tu decisíón de cambiar de departamento?,Sí,No,https://drive.google.com/file/d/1vmEFLzq1i5guQSpr0uE5nLlEbZHH1whv/view?usp=sharing,110.jpg,1,
Situaciones Sociales,,,Positive,Nervios en un momento importante,"Estás a punto de dar una presentación y sientes que tu cuerpo tiembla. Normalmente, no te sientes así al hablar frente a las personas. Estas sensaciones de temblor significan que estás listo.",N/A,¿Las sensaciones de temblor significan que no estás preparado para la presentación?,No,,https://drive.google.com/file/d/1euj4QAMrOxGJVTxv0VX9mSsgDp8o5SwZ/view?usp=sharing,466.jpg,1,
Situaciones Sociales,Académicos/Trabajo/Desarrollo Profesional,,Positive,Desconectandote,Estás en una reunión en Zoom y te desconectas por un minuto. Tu jefa te hace una pregunta y no la escuchaste. Le pides que repita su pregunta y esto te hace sentir bien.,N/A,¿Te sientes cómodo pidiéndole a la jefa de tu departamento que repita su pregunta?,Sí,,https://drive.google.com/file/d/1ZxZ_841mwj2NoY_cCWf9GHGmHmnONE6A/view?usp=sharing,78.jpg,1,
Situaciones Sociales,,,Positive,Resolver un desacuerdo,"
Tienes un pequeño desacuerdo con un compañero de trabajo sobre la mejor manera de completar una tarea y decides preguntarle a tu jefe al respecto. Cuando hablas con tu jefe, olvidas momentáneamente lo que estabas a punto de decir. Tu jefe cree que suenas tranquilo.",N/A,Tu jefe probablemente piensa que...,Eres pensativo y recogido.,Eres estúpido y incompetente.,https://drive.google.com/file/d/1jaYm3TgI2IBWA2BUVVUogJ_o8-QMQZN1/view?usp=sharing,467.jpg,1,
Situaciones Sociales,Salud Mental,,Resilience/Negation,Compartir con alguien nuevo,"Estás hablando con unos compañeros de trabajo sobre una presentación en la que estás trabajando y parece que están muy interesados. Ellos preguntan si pueden mirarlo, y  tú estás de acuerdo. Antes de enciarles las diapositivas, lo miras y te sientes bien. ",N/A,¿Te preocupas lo que tus compañeros de trabajo piensa de tu presentación?,No,,https://drive.google.com/file/d/1499bBYkmYnrl8QqVGgqBcog_M-Ueo1__/view?usp=sharing,468.jpg,1,
Situaciones Sociales,,,Positive,Sugerencia para volver a encontrarnos,"Conoces a alguien en un evento y sientes que se llevan bien. Más tarde, llamas y sugieres volver a reunirse. La respuesta que recibes te hace sentir que la persona piensa que sería agradable volver a encontrarse.",N/A,La persona que conociste en el evento probablemente...,Dirá sí si sugieres volver a reunirse.,Dirá no si sugieres volver a reunirse.,https://drive.google.com/file/d/1zcSYCq7ymkaCpr9siJm7rsA3luVq-XEs/view?usp=sharing,469.jpg,1,
Situaciones Sociales,Académicos/Trabajo/Desarrollo Profesional,,Negative,Trabajando en grupo,Te asigna un proyecto para completar en el trabajo. Te agrupa con compañeros de trabajo que normalmente no contribuyen mucho a los proyectos laborales. Comienzas a pensar en cómo irá el proyecto y te sientes preocupado.,N/A,¿Te preocupas completar la presentación?,Sí,,https://drive.google.com/file/d/1EGxTcZKCBXrsb-DSPlRArXgAO9zeOHEV/view?usp=sharing,17.jpg,1,
Situaciones Sociales,,,Positive,Conversando en una fiesta,"Estás en una fiesta con personas que no conoces bien. Decides unirte a algunas personas que están conversando en un sofá. Cuando intentas entrar la conversación, las personas en el sofá continúan hablando entre ellos, probablemente porque estaban distraídos.",N/A,El grupo que estaba hablando probablemente te ignoró porque...,No te vieron.,No les caes bien.,https://drive.google.com/file/d/1P0yu1f5kMZ1J0BunhrRU8WrsyiIhwlKD/view?usp=sharing,470.jpg,1,
Situaciones Sociales,Vida Familiar y Doméstica,,Positive,Cena en una casa de amigos,"Tu familia no hace cenas sentadas juntas. Tu amiga te invita a unirte a su familia para la cena, y cuando llegas, todos se sientan a la mesa y se comienzan a hacer preguntas sobre como pasaron sus días. Cuando es tu turno, no estás seguro de cómo responder, pero después de decir algo, te sientes tranquilo. ",N/A,¿Eres capaz de mantener la calma aunque no sepas qué decir?,Sí,,https://drive.google.com/file/d/18ON-daCCgtQApC9SVxzPUIsZEHK2kZJK/view?usp=sharing,149.jpg,1,
Situaciones Sociales,,,Resilience/Negation,Plato típico,"Vas a una cena compartida, y quieres hacer un plato usando la receta de tu familia. Tienes la receta que te dieron tus padres, pero te preocupas que no tienes las habilidades culinarias para hacer el plato. ",Crees que las personas en la fiesta no pensarán que eres un mal cocinero y probablemente pensarán que tu comida sabe bien.,¿Crees que la gente le gustará tu comida?,Sí,No,https://drive.google.com/file/d/12kKvu8IBTJkLrM3hsryH2oaUOq9wkAyI/view?usp=sharing,471.jpg,1,
Situaciones Sociales,Salud Física,,Positive,Exposición reciente,"Estuviste expuesto recientemente a alguien que salió positivo, pero hiciste la prueba y no has experimentado ningún síntoma. Tus amigos te invitan a cenar con ellos y te preguntas si deberías ir. Tu prueba sale negativo y sales con tus amigos.",N/A,¿Tu prueba sale negativa?,Sí,,https://drive.google.com/file/d/1skPUUmw_frFjR4siPO4dIxk0mnDUH5UN/view?usp=sharing,435.jpg,1,
Situaciones Sociales,Académicos/Trabajo/Desarrollo Profesional,,Positive,Sentirse diferente,Estás participando en una conferencia en línea y miras el video de todos. Te das cuenta que entre el grupo de personas te ves diferente a los demás. Piensas en esto y te das cuenta de que está bien.,N/A,¿Es malo que te sientas diferente a los demás en tu campo?,No,,https://drive.google.com/file/d/1f1VN6tb5Yysg0HFc0gI9BB2IvxzQ6l5K/view?usp=sharing,97.jpg,1,
Situaciones Sociales,Salud Mental,,Resilience/Negation,Sin aliento,"Corres a una reunión en el trabajo porque crees que podrías llegar tarde. Llegas a tiempo a la sala de reuniones, pero respiras con dificultad y te sientes avergonzado porque la gente te está mirando.",Te recuerdas a ti mismo que es normal necesitar recuperar el aliento después de correr y que la gente sólo te miró por unos segundos. Encuentras tu asiento y empiezas a relajarte.,¿Es vergonzoso que tienes que recuperar el aliento?,No,,https://drive.google.com/file/d/1fK5cnosN9juhwT1bAWSq2FvsfWWj1gyO/view?usp=sharing,353.jpg,1,
Situaciones Sociales,Relaciones Románticas,,Positive,Decepción de aniversario,"Tu aniversario con tu pareja es este fin de semana, pero no te ha mencionado que hizo grandes planes. Las expectativas defraudadas parece ser algo recurrente, y crees que es hora de hablar con tu pareja. Descubres una manera de hablar con calma, sin comenzar una pelea. ",N/A,¿Esperas que tu conversación con tu pareja termine en una pelea?,No,,https://drive.google.com/file/d/1CgrLjr1VnBJzGXYveoJeXLo40-5Mt3ny/view?usp=sharing,472.jpg,1,
Situaciones Sociales,Salud Mental,,Positive,Tu nueva publicación,"Acabas de publicar una nueva foto hace una hora. Cuando compruebas el número de personas que le han ""gustado"" tu foto, ves que a nadie le ha gustado todavía. Es tarde por la noche, lo que significa que todos están durmiendo.",N/A,¿La gente ignoró tu publicación?,No,,https://drive.google.com/file/d/1TU-vDyoLAB5--Mx4gvO5P_0Cu9AVyDqC/view?usp=sharing,365.jpg,1,
Situaciones Sociales,Académicos/Trabajo/Desarrollo Profesional,,Resilience/Negation,Presentación importante,"Te han pedido que hagas una presentación sobre algunos de tus últimos proyectos en una conferencia importante. Esta es una gran oportunidad para resaltar el buen trabajo que han hecho, pero te sientes nervioso al hablar frente a un grupo tan grande de compañeros.",N/A,¿Crees que tus compañeros pensarán que te veías nervioso?,No,Sí,https://drive.google.com/file/d/1mDkkEgN6DM4uUXlBqKzoV3AT0Fc6OUwv/view?usp=sharing,55.jpg,1,
Situaciones Sociales,,,Positive,Escuchando tu nombre,"En el trabajo, escuchas algunos compañeros hablando de otras personas. Cuando te acercas a ellos, escuchas tu nombre. Cuando te ven, sonríen y te saludan, y piensas que probablemente estaban diciendo algo agradable de ti.",N/A,Tus compañeros probablemente estaban...,Dándote un complimento.,Hablando mal de ti.,https://drive.google.com/file/d/1h_Ml-gofAzajKf38xvJglnz-ungcO067/view?usp=sharing,473.jpg,1,
Situaciones Sociales,Salud Mental,Salud Física,Positive,Amigo en el hospital,"Recibes un mensaje de texto de un amigo diciendo que está en el hospital, pero no te dice por qué. Comienzas a preocuparte por si va a estar bien. Mientras piensas en tu amigo, te sientes tranquilo.",N/A,¿Es probable que tu amigo esté bien?,Sí,,https://drive.google.com/file/d/1ZSpeFIL5uWXLKjxoqf96tykotj5G5J-Q/view?usp=sharing,343.jpg,1,
Situaciones Sociales,,,Positive,Viendo un amigo,"Mientras caminas por una calle llena de gente, ves a tu compañero de trabajo al otro lado. Llamas, pero no te responde. Piensas que está distraído.",N/A,¿Tu compañero te ignoró a propósito en la calle?,No,,https://drive.google.com/file/d/1ed7CaenQ9rbkqDg31nHg13-TRsdjeflf/view?usp=sharing,474.jpg,1,
Situaciones Sociales,,,Positive,"Nueva ciudad, nuevos amigos","Acabas de mudarte a una nueva ciudad y has conocido a mucha gente realmente interesante. Sin embargo, sientes que todavía no tienes un grupo de amigos muy cercano en quien confiar y extrañas a tus amigos más cercanos de tu ciudad anterior. Decides pasar más tiempo con las personas que has conocido para que se conviertan  en amigos más cercanos.",N/A,¿Eres optimista cuando piensas en tus nuevos amigos?,Sí,,https://drive.google.com/file/d/1l4o_T3GLD5cbWUmtwBa9KMSTQ5brDFsA/view?usp=sharing,475.jpg,1,
Situaciones Sociales,Salud Mental,,Positive,Planes para el fin de semana,"Es viernes y escuchas a unos compañeros de trabajo hablando sobre sus planes para el fin de semana. No tienes ningún plan, y sientes que no eres  suficientemente sociable para estar al nivel de tus compañeros. Cuando imaginas relajarte después de una semana difícil de trabajo, te sientes satisfecho.",N/A,¿Tienes que ser más social?,No,,https://drive.google.com/file/d/13ZH_IEWc7TBZAJNIPDnJW3vs_q7opGcv/view?usp=sharing,359.jpg,1,
Situaciones Sociales,Académicos/Trabajo/Desarrollo Profesional,,Resilience/Negation,Breve introducción,"Estás en un taller, y el líder pide a todos los asistentes que se levanten y se presenten. Durante tu breve presentación, olvidas momentáneamente lo que planeaste decir, y la audiencia te mira con molestia.","Al final, te das cuenta de que todos tienen estos momentos, y te recuperas rápidamente. Mientras terminas de presentarte, ves que los demás están escuchando con gran interés.",¿Los demás pensaron que eres aburrido?,No,,https://drive.google.com/file/d/1lgF7Z1c-zfEyeOyad_Bo6EmeBmmYmSe7/view?usp=sharing,66.jpg,1,
Situaciones Sociales,,,Negative,Mantenerse al día con los amigos,"Has estado muy ocupado y tienes problemas para mantener el contacto con uno de tus mejores amigos. Generalmente eres bueno llamándolos, pero tu agenda ha sido muy agitada.",N/A,"Como no has estado en contacto, tu amigo probablemente está pensando...","""Supongo que esta amistad no vale mucho"".","""Estoy seguro de que las cosas están muy ocupadas en este momento"".",https://drive.google.com/file/d/1zs5Zen5SreRnD91mUn6rtDWU2U5Icoe_/view?usp=sharing,464.jpg,1,
Situaciones Sociales,Vida Familiar y Doméstica,,Positive,Apartamento nuevo para ti,Acabas de mudarte a un nuevo apartamento y vives solo por primera vez en mucho tiempo. Tus días son muy tranquilos y a menudo te quedas en casa los fines de semana con muchos menos planes que cuando vivías con gente. Esto se siente como un relajante cambio de ritmo.,N/A,¿Estás aburrido viviendo solo?,No,,https://drive.google.com/file/d/1VlSJxjX6YZt0epDm0HUx0I8HU-2SSjKk/view?usp=sharing,168.jpg,1,
Situaciones Sociales,Académicos/Trabajo/Desarrollo Profesional,,Positive,Un trago de agua,"Te dice que tienes que hacer una presentación ante tus compañeros de trabajo. Cuando llega el momento de presentar, tomas un trago de agua y te preguntas qué pensarán tus compañeros de ti. Al comenzar a hablar, sientes miedo pero decides continuar.",N/A,Cuando sientes ansiedad durante una presentación...,Tienes la capacidad de continuar con tu exposición.,Tienes que parar tu exposición y huir de la situación.,https://drive.google.com/file/d/1M2nmwy6Vs-FYWSeplo1FuQ51PqchzdnB/view?usp=sharing,33.jpg,1,
Situaciones Sociales,,,Positive,Ir al cine solo,"Vas a ver una película la noche del estreno. Cuando llegas al teatro, te das cuenta que eres la única persona sentada sola. Te sientes emocionado para que comience la película.",N/A,¿Estás bien sentarte solo?,Sí,,https://drive.google.com/file/d/1WgfEzWjUdv0P2mkkCPQgevH6Jh-5EtJa/view?usp=sharing,476.jpg,2,
Situaciones Sociales,,,Resilience/Negation,Futuras amistades,"Cuando piensas en tu jubilación, te preguntas qué amigos seguirán siendo parte de tu vida. Esperas mantener el contacto con tus amigos más cercanos, pero sabes que será difícil.","Cuando te imaginas haciendo la transición a la jubilación, no piensas que te habrás distanciado de tus buenos amigos, y te imaginas a ti mismo junto a tus amigos cercanos.",¿Piensas que seguirás siendo cercano a tus amigos actuales en el futuro?,Sí,No,https://drive.google.com/file/d/1eXwD9o73h1m91y7aWEv3Bl50xvzzUvu-/view?usp=sharing,477.jpg,2,
Situaciones Sociales,Académicos/Trabajo/Desarrollo Profesional,,Positive,Hilo de pensamientos,"Estás dando una presentación en el trabajo. Durante una de tus diapositivas, pierdes el hilo de tus pensamientos y tienes que tomar un momento para revisar tus notas. Mientras comienzas de nuevo, piensas que perder el hilo de los pensamientos durante una presentación es normal.",N/A,¿Es normal perder el hilo de pensamientos durante una presentación?,Sí,,https://drive.google.com/file/d/18pUrF5Rmh-siXj_KnjOng6LwnpmobMit/view?usp=sharing,67.jpg,2,
Situaciones Sociales,Salud Física,,Positive,Confrontación de COVID,"Estás resfriado y porque salistes negativo a COVID, decidistes volver a trabajar. No puedes evitar toser un par de veces a lo largo del día y, cuando estás a punto de salir, un compañero de trabajo te confronta acusándote de venir a trabajar con COVID. Sientes que esa persona está pasando por un momento estresante.",N/A,¿Siempre puedes evitar preocupar a los demás?,No,,https://drive.google.com/file/d/1ZRX4djV0jNJx45cG7BKsaEWYgTgDJGha/view?usp=sharing,89.jpg,2,
Situaciones Sociales,,,Positive,Un regalo casero,"Tu amigo va a tener una gran fiesta de cumpleaños con la asistencia de todos tus amigos. Sabes que no puedes permitirte un regalo para tu amigo. Llegas con una tarjeta hecha en casa, tu amigo te lo agradece. ",N/A,¿Tu amigo está triste porque no le trajiste un regalo?,No,,https://drive.google.com/file/d/1UoBTJwOaRbMpWrYnOWNPOBzR-axREE4s/view?usp=sharing,148.jpg,2,
Situaciones Sociales,,,Positive,Tu fiesta de cumpleaños,"Tu mejor amigo está organizando una fiesta de cumpleaños para ti en su casa. Invitaron a mucha gente que estará ahí para ti. Cuando piensas en toda la gente que viene, te sientes emocionado. ",,¿Estás emocionado de tener gente allí para celebrar tu cumpleaños?,Sí,No,https://drive.google.com/file/d/1UoBTJwOaRbMpWrYnOWNPOBzR-axREE4s/view?usp=sharing,148.jpg,2,
Situaciones Sociales,Académicos/Trabajo/Desarrollo Profesional,,Negative,Presentación de recaudación de fondos,"Te ponen a cargo los esfuerzos de recaudación de fondos de tu oficina y rápidamente te das cuenta que  tus compañeros de trabajo no les interesa mucho la recaudación de fondos. En una reunión, das una presentación sobre la importancia de ayudar con la recaudación de fondos, durante la cual tus compañeros de trabajo permanecen callados. Cuando te sientas después de tu presentación, piensas que parecían aburridos.",N/A,Los compañeros de trabajo probablemente están pensando...,Que no quieren ayudarte con la recaudación de fondos.,Que quieren ayudarte con la recaudación de fondos.,https://drive.google.com/file/d/1r3qtHj-urHxM3pju6-ipIBlJU-tXgwex/view?usp=sharing,120.jpg,2,
Situaciones Sociales,Académicos/Trabajo/Desarrollo Profesional,,Positive,Proyecto de grupo,"Estás trabajando en un proyecto de equipo muy importante. La fecha límite del proyecto se acerca y tus colegas aún no han completado su parte, y te preguntas si deberías hacerlas. Te comunicas con ellos expresando tus preocupaciones sobre la fecha límite y la carga de trabajo, y comienzan a trabajar de manera oportuna.",N/A,Tus colegas probablemente están...,Agradecidos de que hayas comunicado tus preocupaciones educadamente.,Molestos de que les estés diciendo qué hacer.,https://drive.google.com/file/d/1ZodO1F5ZuiDVjiFxjsv5k2GCuLpQwIRf/view?usp=sharing,75.jpg,2,
Situaciones Sociales,,,Resilience/Negation,Sintiéndote excluido por amigos,"Mientras te quedas después del trabajo, escuchas que algunos de tus compañeros de trabajo salieron a cenar anoche sin ti. No recibiste una invitación para salir con ellos. Te das cuenta de que a veces tus compañeros de trabajo salen sin ti y te sientes excluido.","No te gusta que te excluyan. Pero, decides que puedes tolerar este sentimiento.",¿Puedes manejar que a veces tus compañeros de trabajo salgan sin ti?,Sí,,https://drive.google.com/file/d/1V3qcOIHvtf7LmQss0ruGtHPfIMlyIauX/view?usp=sharing,21.jpg,2,
Situaciones Sociales,,,Positive,Comparaciones de redes sociales,"Te das cuenta que hay muchas personas atractivas que publican fotografías en un sitio de redes sociales. Te sientes un poco incómodo al publicar una foto tuya, pero publícala de todos modos. Te sientes seguro.",N/A,¿Te abstienes de publicar una foto tuya porque no te sientes tan atractivo como las personas que ves en otras publicaciones de las redes sociales?,No,,https://drive.google.com/file/d/1sVKizgA3QnMOtyy7qNs8X9ndbUMsWmuE/view?usp=sharing,478.jpg,2,
Situaciones Sociales,,,Positive,Encontrando un campo para sentarte,Estás en tu primera reunión de personal en un nuevo departamento y llegas temprano. Un grupo de personas se calla después de que les preguntas si puedes sentarte en su mesa. Piensas que probablemente sean amables.,N/A,"
¿Eran amables las personas del grupo?",Sí,,https://drive.google.com/file/d/1T8fbtlJZcRwfzooXEoNBepkxSHE2HJjG/view?usp=sharing,479.jpg,2,
Situaciones Sociales,,,Positive,Asistir a una boda solo,Es un fin de semana largo y estás invitado al matrimonio de un amigo. Cuando llegas al evento te das cuenta que mucha gente ha traído un acompañante y tú has venido solo. Te das cuenta de que aún puedes disfrutar de la boda  y conocer a otros invitados que están solos.,N/A,¿Disfrutas de tu tiempo en la boda?,Sí,,https://drive.google.com/file/d/1NMhgtm8VnCvrZsw5E6INJmkmxBzil_FZ/view?usp=sharing,480.jpg,2,
Situaciones Sociales,,,Positive,Segundo encuentro,"En una cena, conoces a una persona nueva y le hablas por un rato. Cuando le llamas la siguiente semana para sugerir que se reunen, pausa por un momento. Probablemente piensa que reunirse contigo sería genial.",N/A,¿Tu nuevo amigo quiere volverte a ver?,Sí,,https://drive.google.com/file/d/1TUZM7VRE-kaXxaSnsiFIuTIx8VaTSuqG/view?usp=sharing,481.jpg,2,
Situaciones Sociales,Salud Física,,Negative,Comportamiento de riesgo,"Has  limitado los tamaños de tus reuniones y usando máscaras cuando estás en espacios públicos. Tu jefe, por otro lado, te ha  contado sobre las fiestas a las que ha asistido. Quieres hablar con él al respecto, porque temes que pueda traer COVID a tus reuniones, pero crees que comenzará una pelea. ",N/A,¿Te preocupas que decirle a tu jefe cómo te sientes te cause problemas?,Sí,,https://drive.google.com/file/d/1LEdLgbjZhIOXekPN_M_E_a06C-DcFmYs/view?usp=sharing,461.jpg,2,
Situaciones Sociales,Salud Mental,,Positive,Invitar gente,"Te das cuenta que tu casa es más pequeña y no tan espaciosa como las casas de otras personas que conoces. Tus compañeros de trabajo nunca han estado en tu casa, pero quieren venir. Crees que su reacción hacia tu hogar será respetuosa.",N/A,¿Tus compañeros de trabajo juzgarán tu casa?,No,,https://drive.google.com/file/d/1cta4lpPhoahfL1nlRrl3fYCs86bhsNjd/view?usp=sharing,344.jpg,2,
Situaciones Sociales,,,Positive,Una salida organizada,"Organizas un día al aire libre con tus amigos. La salida no va muy bien y te sientes desanimado. Mientras regresas a casa, piensas que los demás pensaron que el evento no salió bien debido a la lluvia.",N/A,Tus amigos no disfrutaron la excursión porque ...,El clima era desagradable.,Lo planeaste mal.,https://drive.google.com/file/d/1DUJ30Sl4i34yGG5leZIL91AAOYQypycm/view?usp=sharing,482.jpg,2,
Situaciones Sociales,Académicos/Trabajo/Desarrollo Profesional,,Positive,Presentación opcional,"Tu jefe ha contratado a algunos pasantes para el verano. Tu jefe te pide que te quedes después del trabajo para darles una breve presentación sobre los objetivos y valores de la organización, pero te dice que esto es completamente opcional. Te sientes un poco nervioso por dar la presentación, pero decides quedarte. ",N/A,¿Te quedas a dar la presentación opcional?,Sí,,https://drive.google.com/file/d/1f7AX8AtByV-EKIO86OXhrR2a6P9gCwXU/view?usp=sharing,61.jpg,2,
Situaciones Sociales,,,Resilience/Negation,Sin planes para el fin de semana,Es sábado y no tienes planes para el día. Te das cuenta de que no has visto a tus amigos en mucho tiempo y te preguntas si se están distanciando de ti. Crees que es posible que se hayan olvidado de ti.,Entiendes que todos tienen vidas ocupadas y que es más difícil pasar tiempo juntos. Han sido buenos amigos por mucho tiempo y solamente un tiempo de separación no es suficiente para dañar estas amistades. Decides contactarlos.,¿Tus amingos se han alejado de ti?,No,Sí,https://drive.google.com/file/d/1WprnNTr-lwJIy8bPx1_XS9PE6E6RaPPg/view?usp=sharing,483.jpg,2,
Situaciones Sociales,Académicos/Trabajo/Desarrollo Profesional,,Resilience/Negation,Recuperándote despues de un error,"Estás dando una presentación en una reunión y accidentalmente omites una sección, así que tienes que empezar de nuevo. Te sientes avergonzado por el error y te preocupas lo que pensó la audiencia. La audiencia probablemente piensa que tu presentación fue incómoda.","Más tarde ese día, te das cuenta de que es normal cometer errores al presentar. Probablemente la audiencia pensó que tu presenación después de comenzar de nuevo fue admirable.",¿Crees que la audiencia piensas que eres incómodo por cometer un error?,No,,https://drive.google.com/file/d/10fLWhto09ulpTOoQ_oICa06UK6vWzttW/view?usp=sharing,46.jpg,2,
Situaciones Sociales,,,Positive,Conversación con un desconocido,"Estás en una fiesta de cumpleaños para un amigo y estás hablando con alguien que acabas de conocer. No puedes decir si la persona piensa que eres interesante o aburrido, y decides que está bien no saber.",N/A,"En general, la conversación probablemente fue...",Una oportunidad relajada y agradable para conocer a una nueva persona.,"Una sítuación estresante, porque la persona podría haberte encontrado aburrido.",https://drive.google.com/file/d/1xYq4Dvk8Dk8PkSkRy32Uyga7CXkJ8vAX/view?usp=sharing,484.jpg,2,
Situaciones Sociales,,,Positive,Entrando a una discoteca,"Estás en una ciudad visitando amigos y decides salir a bailar. Al entrar a una discoteca por primera vez, sientes que las cosas a tu alrededor son muy irreales. Esto es interesante.",N/A,Las luces y los sonidos de la discoteca te hacen sentir...,Emocionado y animado.,Desorientado y asustado.,https://drive.google.com/file/d/1gTUlz1D2Dwpj9xB2ihIEsUZXzfXYzERs/view?usp=sharing,485.jpg,2,
Situaciones Sociales,,,Resilience/Negation,Amigo importante,"Estás hablando con tu mejor amigo de muchos años. Durante la conversación, te critica, diciendo que no cree que valga la pena seguir en tu trabajo. Te preguntas si deberías seguir siendo amigos con él.",N/A,¿Vas a permitir que un desacuerdo arruine su amistad?,No,,https://drive.google.com/file/d/13C46DCNwa01dfLqreKVRIq8Gnv03aKQI/view?usp=sharing,166.jpg,2,
Situaciones Sociales,Académicos/Trabajo/Desarrollo Profesional,,Positive,Alzar la voz en una clase,Tu jefe está hablando sobre uno de tus modelos a seguir en tu campo de trabajo durante una reunión y le pregunta si alguien sabe de su trabajo. Frente a todos levantas rápidamente la mano y tus colegas se vuelven hacia ti. Te das cuenta de que te sientes seguro.,N/A,¿Te da vergüenza haber levantado la mano?,No,,https://drive.google.com/file/d/1qGMXNyoVsjti9RZVA8vAZ6RjVRacfgBv/view?usp=sharing,31.jpg,2,
Situaciones Sociales,,,Positive,Confianza en las redes sociales,"Conoces a un nuevo compañero de trabajo atractivo durante una reunión. Después del trabajo, te solicita seguirte en las redes sociales. Antes de dejar que te siga, revisas tu propio feed y te sientes seguro.",N/A,¿Te preocupas lo que la otra persona piensa de tu feed?,No,,https://drive.google.com/file/d/1PNlqc0Jg4bm9KOsakVSsKmJDaQwqLGrB/view?usp=sharing,486.jpg,2,
Situaciones Sociales,Salud Física,,Resilience/Negation,Miedo al COVID,"Tu amigo ha tosido durante unos días y cuando le pides que vaya al doctor, se niega, diciendo que no debería de estar enfermo porque no estuvo expuesto a ninguna enfermedad. Quieres hablar con él al respecto y entender su perspectiva, pero te preocupas cómo reaccionarán.",Decides hablar con tu amigo y aprender que estaba evitando ir al doctor porque le faltaba información sobre el proceso. Le dices lo que sabes y te alegras de haber sido capaz de proporcionar apoyo,¿Fuiste capaz de ayudar a tu amigo?,Sí,,https://drive.google.com/file/d/1uhh5L7klH8OgV65X8ksU7J-lH6GYnN4-/view?usp=sharing,457.jpg,2,
Situaciones Sociales,Vida Familiar y Doméstica,,Positive,Casa bilingüe,"Estás cenando con un compañero de trabajo. Mientras comen juntos, recibes una llamada  de un miembro de tu familia y cambias entre español y otro idioma. Nunca le dijiste a tu compañero de trabajo que tus familiares son bilingües. Piensas en la reacción de tu compañero y crees que le parecerá interesante.",N/A,¿Tu compañero de trabajo juzga a tu familia bilingüe?,No,,https://drive.google.com/file/d/1vTuw-1aglVPbYE4oaEYbIP6LLuikDSFt/view?usp=sharing,144.jpg,2,
Situaciones Sociales,,,Negative,Encontrarte con un viejo conocido,Un conocido de hace muchos años se acaba de mudar a tu ciudad y te invita a tomar un café. Estás nervioso por volver a verlos después de tantos años y podrías decirles que estás demasiado ocupado. Estás en casa cuando te llama para coordinar el café y decides contestar.,N/A,¿Le contestas a tu conocido para encontrarse para un café?,Sí,,https://drive.google.com/file/d/1pyQstjJZOoKDUECn8lpjVkVEJglsi_E8/view?usp=sharing,487.jpg,2,
Situaciones Sociales,,,Positive,Un país extranjero,"Te vas de paseo a una ciudad nueva por la primera vez. Mientras estás allí, todo se siente nuevo y extraño. Crees que esto es increíble. ",N/A,"En esta ciudad, piensas que te encontrarás en...",Oportunidades para aprender.,situaciónes problemáticas,https://drive.google.com/file/d/1RVjCxZh50qy4aIic-aY3PWjSmy2oAgVm/view?usp=sharing,488.jpg,2,
Situaciones Sociales,,,Positive,Chistes con amigos,"Un grupo de tus compañeros están susurrando y mirando en tu dirección. Algunos se están riendo mucho. No tienes tiempo de ir a saludarlos, y piensas que probablemente se estaban riendo de un chiste. ",N/A,¿Se estaban burlando de ti?,No,,https://drive.google.com/file/d/12y3RCcUA6c2px4Via0vV9blbTbjsS6yw/view?usp=sharing,489.jpg,2,
Situaciones Sociales,Relaciones Románticas,Vida Familiar y Doméstica,Positive ,Planes de vacaiones,"Tus suegros te han invitado a reunirse con ellos para los días festivos. Estás emocionado de pasar tiempo con la familia de tu pareja, pero te preocupas que tus propios padres se sientan decepcionados de no estar con ellos. Cuando piensas en decirles a tus padres que te gustaría pasar los días festivos con tu pareja y su familia, crees que serán comprensivos. ",N/A,Es probable que tus padres piensen que...,Solo estás emocionado de pasar los días festivos con tu pareja y no lo tomarán como algo personal.,A ti no te importan o que no quieres verlos.,https://drive.google.com/file/d/1KbeTT5hK7TLxBUVg38Kcs6Sq1jNtXzD5/view?usp=sharing,147.jpg,2,
Situaciones Sociales,Finanzas,,Resilience/Negation,Planes divertidos,"Tus amigos te piden que salgas a cenar a un restaurante de lujo con ellos este fin de semana. Es muy caro y sabes que no podrás pagarlo. Cuando te imaginas diciéndole a tus amigos que no puedes ir, te sientes nervioso. ",N/A,¿Tus amigos se molestarán porque no puedes salir a cenar?,No,,https://drive.google.com/file/d/18cLoBxquxdCG-Bu2BOxDQ5YPcrZOF1cn/view?usp=sharing,248.jpg,all,
Situaciones Sociales,Salud Física,,Positive,Conocido sin mascarilla,Llegas a una reunión con tu mascarilla puesta. Te das cuenta de que uno de tus colegas no está usando una mascarilla. Piensas que probablemente se le olvidó.,N/A,¿Tu colega se olvidó su mascarilla?,Sí,,https://drive.google.com/file/d/1FtHkL-AdkRCQvQ3tup-oLG_qljuCxq5w/view?usp=sharing,458.jpg,all,
Situaciones Sociales,Finanzas,,Positive,Preocupándote por gastar,"Unos amigos van a salir a cenar y te invitan. Sabes que ellos han salido a cenar mucho recientemente, y no sabes si puedes seguir así. Les dices a tus amigos que saldrás con ellos la próxima vez, y estás felíz quedarte en casa por la noche. ",N/A,¿Estás cómodo no ir a esta cena?,Sí,,https://drive.google.com/file/d/1eLJnrJZBFA0pUisiuLxNVgNJfC_xJB7I/view?usp=sharing,252.jpg,all,
Situaciones Sociales,,,Resilience/Negation,Comparación de puntuaciones en redes sociales,Tú y tus compañeros de trabajo están comparando experiencias de trabajo. Has tenido dificultades para completar tareas administrativas a tiempo y tus compañeros comienzan a burlarse de ti de manera desenfadada. Empiezas a sentirte inseguro.,No has tenido mucha experiencia con este aspecto y tus compañeros lo saben. Probablemente han pasado por experiencias similares y no estaban tratando de ser malos.,¿Tus compañeros de trabajo estaban tratando de hacerte sentir inseguro/a por tener problemas con tus trabajos administrativos?,No,,https://drive.google.com/file/d/1FT6P2q_cktpRqA58pw5JI58tA9R0P3BS/view?usp=sharing,490.jpg,all,
Situaciones Sociales,Finanzas,,Positive,Visitar a un nuevo amigo,"Te ha invitado a pasar unas vacaciones en casa de un amigo y quieres llevarle un regalo, pero no puedes permitirte comprarlo. Decides escribir un poema y recitarlo para la familia de tu amigo. Cuando te imaginas leyéndolo, te emocionas.",N/A,¿Te preocupas recitar un poema para la familia de tu amigo?,No,,https://drive.google.com/file/d/1gqs34RS_CsCnUbNlLaEigxSxuKvzjTSX/view?usp=sharing,259.jpg,all,
Situaciones Sociales,,,Positive,Viendo una película con amigos,"Tú y algunos amigos están viendo una película en tu casa. Al final de la película, tu amigo pregunta ""¿qué es ese olor raro?"". Sabes que es tu cena y, al pensar en cómo responder, tienes hambre.",N/A,¿Te sientes ansioso por decirle a tu amigo que el olor es tu cena?,No,,https://drive.google.com/file/d/1ycooBDYhbqicxiNW3ADymBujgdMVhh8h/view?usp=sharing,491.jpg,all,
Situaciones Sociales,Relaciones Románticas,,Negative,Mensajes en redes sociales,Uno de tus amigos ha comenzado a enviarte imágenes chistosos por redes sociales. Hoy te das cuenta que abrieron tu última imagen y no respondieron. Deben haberse olvidado.a,N/A,¿Tu amigo se olvidó de responder a tu mensaje?,Sí,No,https://drive.google.com/file/d/1KHcNfS-rLgCp7he0M7v9PyUWv91bKKlq/view?usp=sharing,223.jpg,all,
Situaciones Sociales,,,Positive,Amigo Tarde,"Te encontrarás con un amigo en un parque local. Después de 20 minutos, tu amigo todavía no ha llegado. Crees que probablemente vendrá.",N/A,¿Tu amigo te dejó solo?,No,,https://drive.google.com/file/d/1GJPQZOTJ47ZRiIKEu_ijYwvfBNaT4KA5/view?usp=sharing,492.jpg,all,
Situaciones Sociales,Académicos/Trabajo/Desarrollo Profesional,,Positive,Prepararte para tener éxito,"En tu reunión de hoy, tienes una presentación importante. Para seguir las instrucciones de tu jefe, debes presentar por 15 minutos. Cuando piensas en completar esta presentación, te sientes preparado.",N/A,¿Eres capaz de completar la presentación?,Sí,,https://drive.google.com/file/d/1pQHZTO39FaMtxe96k3wQ-bwUufBsPYvC/view?usp=sharing,64.jpg,all,
Situaciones Sociales,Vida Familiar y Doméstica,,Positive,Invitar a alguien,"Invitas a un compañero de trabajo a cenar una noche y estás a cargo de la comida. No eres el mejor cocinero y podrías avergonzarte delante de tu compañero de trabajo. Cuando llega tu compañero de trabajo, estás tranquilo.",N/A,¿Estás ansioso cuando llega tu compañero de trabajo?,No,,https://drive.google.com/file/d/18ON-daCCgtQApC9SVxzPUIsZEHK2kZJK/view?usp=sharing,149.jpg,all,
Situaciones Sociales,,,Positive,Contacto alternativo,"Conoces a un nuevo miembro del personal en la reunión en línea de tu departamento y te pregunta si tienes Facebook. Cuando le dices que no tienes Facebook, se calla. Es posible que esté pensando en otras formas de contactarte, lo que te hará sentir feliz.",N/A,¿Tu conocido se quedó callado porque te estaba juzgando?,No,,https://drive.google.com/file/d/1PEUKUXMS1lyIs1M8OykJgDxAj2U0uhUM/view?usp=sharing,493.jpg,all,
Situaciones Sociales,,,Positive,Tomando el mando,"Durante tu reunión de departamento por Zoom, te coloca en salas separadas. Cuando comienzas la discusión, tu cámara está encendida pero todos los demás mantienen sus cámaras apagadas y sus micrófonos silenciados. Piensas que los demás pensarán que estás listo.",N/A,¿Los demás en la reunión te están juzgando?,No,,https://drive.google.com/file/d/1ZxZ_841mwj2NoY_cCWf9GHGmHmnONE6A/view?usp=sharing,78.jpg,all,
Situaciones Sociales,Salud Física,,Positive,Clase de baile,"Estás tomando una clase de baile y, durante un descanso, te encuentras hablando con otro participante que viene quejando sobre tu trabajo. Mientras hablan, te das cuenta de que estás sudando. Ellos probablemente piensan que esto es resultado del baile.",N/A,¿La persona que conociste en la clase de baile pensó que estabas ansioso?,No,,https://drive.google.com/file/d/1yVXzFBXX6-Tsb9FVPimCrE8TubjyVWUU/view?usp=sharing,459.jpg,all,
Situaciones Sociales,Académicos/Trabajo/Desarrollo Profesional,,Resilience/Negation,Equilibrio de trabajo y amistades,"Estás lidiando con mucho en el trabajo en este momento. Tu amigo, a quien no has visto en un tiempo, te ha pedido pasar tiempo juntos la noche antes de una fecha límite importante. Sabes que necesitas priorizar tu trabajo, pero te preocupas que tu amigo se moleste si no haces tiempo para él.",Sabes que tendrás más flexibilidad en las próximas semanas para ver a tu amigo y que ellos entenderán que necesitas trabajar.,¿Tu amigo estará enojado contigo por no verlo?,No,,https://drive.google.com/file/d/1l7EYIU9EAQNPZ729hAe8kKcigikut6sh/view?usp=sharing,29.jpg,all,
Situaciones Sociales,,,Positive,Corriendo,"Estás corriendo afuera y ves a un grupo de personas más adelante. Al pasar junto a ellos, tropiezas ligeramente y te sientes un poco tonto. Los escuchas reír mientras pasas y supones que se están riendo de bromas.",N/A,El grupo de corredores probablemente se estaba riendo porque...,Alguien contó una broma chistosa.,Te vieron tropezar.,https://drive.google.com/file/d/1btP0ByonbcpU8OlzF6uesqxs04pCNP6H/view?usp=sharing,494.jpg,all,
Situaciones Sociales,,,Positive,Recogiendo a un viejo amigo,"Te vas a encontrar con un amigo que no has visto en muchos años. Manejas a la estación de tren para recogerlo. Cuando llegas, sabes que pasarán un buen rato contigo.",N/A,¿Crees que tu amigo se divertirá contigo?,Sí,,https://drive.google.com/file/d/1IiQh9VjcPADWHw-EUkf-WjJmJgtCUIl6/view?usp=sharing,495.jpg,all,
Situaciones Sociales,Académicos/Trabajo/Desarrollo Profesional,,Positive,Tartamudeo en la oficina,"Estás hablando con tu supervisor en su oficina. Te das cuenta de que estás tartamudeando un poco más de lo normal. A medida que continúa la conversación, decides que está bien.",N/A,¿Te sientes avergonzado por tartamudear al hablar?,No,,https://drive.google.com/file/d/1aUoa1C9eagfLdwz6V8WTzXzAjHHYPXaJ/view?usp=sharing,26.jpg,all,
Situaciones Sociales,Salud Física,,Positive,Comunicación tardía,"Tu amigo te invita a una cena y después de salir, casualmente menciona que una de las personas allí estaba enfermo. No puedes creer que tu amigo no te dijera esto antes de que te llegara a la cena. Decides hablar con tu amigo al respecto y ambos deciden aislarse por unos días  por si acaso uno se enferma y comunicarse mejor sobre situaciones de riesgo. ",N/A,¿Tu amigo te puso en una situación peligrosa a propósito?,No,,https://drive.google.com/file/d/1bUgYhh6J97bHW_fCGBklhFK19Hg6E412/view?usp=sharing,453.jpg,all,
Situaciones Sociales,,,Negative,Tropezar en público,"Estás llamado a ponerte de pie y presentarte a un nuevo miembro del equipo en la reunión de tu departamento. Tropiezas al levantarte de tu silla. Cuando piensas que todos te han visto tropezar, te sientes avergonzado.",N/A,¿Estás de acuerdo  que la gente te vea tropezar?,No,,https://drive.google.com/file/d/11-uMVO6c3eldXkQ4PgY3t0lVEBXj_ULF/view?usp=sharing,496.jpg,all,
Situaciones Sociales,Académicos/Trabajo/Desarrollo Profesional,,Resilience/Negation,Error en una tarea,Eres nuevo en un trabajo y tu jefe te pide hacer una tarea. La completas antes de la fecha límite y tu jefe inmediatamente señala que cometiste un error. Tu jefe probablemente piensa que eres un fracaso.,"Al final, te das cuenta de que tu jefe es rápido en darte correciones porque está invirtiendo en ti y está interesados en verte progresar.",¿Tu jefe cree que eres un trabajador capaz?,Sí,,https://drive.google.com/file/d/1tC0cMmiULCKntvdx723RkckKVjWOaipd/view?usp=sharing,104.jpg,all,
Situaciones Sociales,,,Positive,Puntuaciones de redes sociales,"Recientemente descargaste una aplicación de redes sociales y cuando comparas tu puntuación con la de otras personas que conoces, notas que la tuya es muy baja. Si  alguien ve tu puntuación, sabrá que no utilizas la aplicación tanto como ellos. Esto te hace sentir despreocupado.",N/A,¿Te importa que la gente sepa que no usas mucho esta aplicación?,No,,https://drive.google.com/file/d/16Mn418BJmgaCo2BI0gZ-yjV4YknV-Me0/view?usp=sharing,180.jpg,all,
Situaciones Sociales,Académicos/Trabajo/Desarrollo Profesional,,Positive,Apoyándose en sus compañeros,"Recibes tu evaluación hoy y tus resultados son más bajos de lo que esperabas. Tus compañeros hablan de sus resultados y son más positivos que los tuyos. Si les cuentas a tus compañeros sobre los resultados de tu evaluación, serán comprensivos.",N/A,¿Tus compañeros te juzgarán por obtener resultados de evaluación más negativos que ellos?,No,,https://drive.google.com/file/d/1ruzqRzoiX02FLhAnwN6oJ70yaCOV9usy/view?usp=sharing,25.jpg,all,
Situaciones Sociales,,,Positive,Nuevo atuendo,Llegas a una fiesta con ropa nueva. Todos se giran para mirarte mientras entras. Decides que deben pensar que luces con estilo.,N/A,¿A todos en la fiesta les gustó tu ropa nueva?,Sí,,https://drive.google.com/file/d/1_hrtZAUE_T1qvBetL3T-XeNx8JUHxnnC/view?usp=sharing,497.jpg,all,
Situaciones Sociales,,,Negative,Cumpleaños de un amigo cercano,Mañana es el cumpleaños de un buen amigo. Olvidaste comprarle un regalo y no tienes mucho tiempo para buscar algo bueno. Recoges algo mediocre en una tienda cercana y piensas que estará molestos.,N/A,"Imaginas que cuando llegues al cumpleaños de tu amigo, pensará","""Esto es casi peor que no recibir ningún regalo.""","""Au. Fue muy amable de mi amigo traerme un regalo.""",https://drive.google.com/file/d/16h_-lULKttrNQ6et7wAaHuwzwzv0K8cp/view?usp=sharing,498.jpg,all,
Situaciones Sociales,Académicos/Trabajo/Desarrollo Profesional,,Positive,Una presentación grande,Estás a punto de dar una presentación importante. Te sientes ansioso al respecto. Esta sensación te produce entusiasmo.,N/A,¿Te sientes emocionado por la presentación?,Sí,,https://drive.google.com/file/d/1Isymza3G0kL57wzhqwxZgxIn5utKL9wO/view?usp=sharing,2.jpg,all,
Situaciones Sociales,Salud Física,,Positive,Culpar para enfermar a otra persona,"Después de sentir que tu garganta te duele, decides hacerte prueba de COVID. Tu pareja casi no sale para protegerse y piensas que estará enojado por una transmisión posible. Esperas que te perdóne porque contraer COVID no está completamente bajo tu control. ",N/A,¿Piensas que tu pareja se quedará enojado contigo?,No,,https://drive.google.com/file/d/1LkohJTxupt7GsSvfr-gaezvukKm-FVKj/view?usp=sharing,451.jpg,all,
Situaciones Sociales,,,Resilience/Negation,Tiempo en silencio,"Una día estás con un amigo y te das cuenta de que la conversación se ha quedado en silencio. Ninguno de los dos dice nada por un rato, y tu amigo puede percibir que te sientes incómodo.","Esa noche, te das cuenta de que es completamente normal tener pausas de silencio durante las conversaciones. Crees que tu amigo piensa que fue mejor quedarse en silencio que inventar cosas que decir y probablemente lo agradeció.",¿Tu amigo piensa que estás bien con el silencio?,Sí,,https://drive.google.com/file/d/1uPswEtGbVoTygCiTFVT2mLvmuTMOUQ8A/view?usp=sharing,499.jpg,all,
Situaciones Sociales,,,Positive,Encontrarte con un viejo conocido,Un conocido de hace muchos años se acaba de mudar a tu ciudad y te invita a tomar un café. Estás nervioso por volver a verlos después de tantos años y podrías decirles que estás demasiado ocupado. Estás en casa cuando te llaman para coordinar el café y decides contestar.,N/A,¿Le contestas a tu conocido para encontrarse para un café?,Sí,,https://drive.google.com/file/d/1pyQstjJZOoKDUECn8lpjVkVEJglsi_E8/view?usp=sharing,487.jpg,all,
Situaciones Sociales,,,Resilience/Negation,El escaparate de danza,"Has  tomado una clase de baile en el centro comunitario local y ha llegado el momento de tu exhibición del fin de clase. Quieres invitar a tus amigos y familiares al escaparate, pero te preocupas quedar en ridículo si no eres muy bueno.","Mientras decides si invitas o no gente a tu programa, piensas que no tendrás un mal desempeño y te ves bailando bien.",¿Crees que te irá mal en tu exhibición de baile?,No,Sí,https://drive.google.com/file/d/1i0Fyi1U2KcNHbvvvDIlINUkFHD4jNSh-/view?usp=sharing,500.jpg,all,
Situaciones Sociales,,,Positive,Miedo a perderse algo,"Cuando llegas al trabajo, escuchas a algunos colegas hablando sobre la noche divertida que pasaron juntos anoche. No recuerdas haber sido invitado a salir con ellos. Piensas en perderte la diversión y consideras que no fuiste invitado porque estás ocupado.",N/A,¿Te excluyeron porque no les caes bien?,No,,https://drive.google.com/file/d/1FT6P2q_cktpRqA58pw5JI58tA9R0P3BS/view?usp=sharing,490.jpg,all,
Situaciones Sociales,,,Write Your Own,Write Your Own,,,,,,,,write your own,
Situaciones Sociales,,,Write Your Own,Write Your Own,,,,,,,,write your own,
Situaciones Sociales,,,Write Your Own,Write Your Own,,,,,,,,write your own,
Situaciones Sociales,,,Positive,Amigo descuidando las tareas,"Un amigo se está quedando en tu casa por un tiempo y te das cuenta de que a menudo ignoran sus tareas. Un día, llegas a la casa y vez la pila llena de trastes sucios. Él ya salió pero decides llamarlo para resolver este problema. ",N/A,¿Debes ignorar el problema?,No,,https://drive.google.com/file/d/1se82yTl2XkZXiHxyTBVHQ5lEx33YqpxM/view?usp=sharing,501.jpg,1,
Situaciones Sociales,Académicos/Trabajo/Desarrollo Profesional,,Positive,Dando una presentación,"Tienes mucho trabajo para la evaluación de tu trabajo. Una de tus tareas más importantes es hacer una presentación extensa y bien preparada para tus compañeros de trabajo. Cuando te imaginas dando tu presentación, te sientes emocionado.",N/A,¿Estás deseando dar tu presentación a tus compañeros de trabajo?,Sí,,https://drive.google.com/file/d/1_2rE9XRzKQTqhk0TQjBqftLX-RvYtkqL/view?usp=sharing,59.jpg,1,
Situaciones Sociales,,,Resilience/Negation,Esperando una respuesta,"Estás en casa y es el primer fin de semana que tienes tiempo libre en un rato. Después de enviar un mensaje de texto a un amigo para hacer planes hace varias horas, te das cuenta que aún no ha respondido. Ves que ha estado activos en sus cuentas de redes sociales y te preguntas si te está ignorando o si no quiere pasar tiempo contigo.","Después de pensarlo, reconoces que tu amigo es una persona ocupada y que las personas a menudo se pierden las notificaciones. Reenvías tu mensaje y descubres que tu amigo olvidó responder, pero está muy entusiasmado por hacer planes contigo.",¿No recibir una respuesta rápida significa que a tu amigo no le gusta?,No,,https://drive.google.com/file/d/1WuPmRt-VoQfR_ZkT1nzIhMKeljNVUJMz/view?usp=sharing,174.jpg,1,
Situaciones Sociales,,,Positive,Encontrándote con alguien,"Al salir del trabajo, haces una parada en el baño. Cuando sales del cubículo del baño, tu compañero de trabajo te pasa y te mira de manera extraña. Probablemente tu compañero está distraído.",N/A,¿Tu compañero de trabajo te está juzgando negativamente cuando sales del baño?,No,,https://drive.google.com/file/d/12a320KFU49Q22OyTOvACDVixcRer1v4H/view?usp=sharing,502.jpg,1,
Situaciones Sociales,,,Resilience/Negation,Gustos musicales diferentes,"Estás en el carro con tu suegra y pones la radio. Mientras discutes qué estación escucharás, te das cuenta de que tú y tu suegra tienen gustos musicales muy diferentes.","Después de hablar sobre los pros y los contras de diferentes estilos de música, te das cuenta de que probablemente a ella no le importa que tengan gustos diferentes y simplemente te ve como alguien entendido en música.",¿Tu suegra piensa que no sabes nada sobre música?,No,,https://drive.google.com/file/d/1EIJHJqxTwq3QNeS2pfh80hovd4qwlmcq/view?usp=sharing,503.jpg,1,
Situaciones Sociales,,,Negative,El torneo de fútbol,"Después de no jugar por un tiempo, te uníste a un equipo de futbol recreativo. Hay un torneo al final de la temporada. ",Crees que no defraudarás a tus compañeros y contribuirás al éxito del equipo.,¿Tu desempeño contribuirá al éxito del equipo?,Sí,No,https://drive.google.com/file/d/1PQ_kdmKXsfTKUUEZbyfP4dhmzJiKXw8g/view?usp=sharing,504.jpg,1,
Situaciones Sociales,Académicos/Trabajo/Desarrollo Profesional,,Positive,Esta reunión,"Estás caminando a una reunión importante con tu jefe. De repente, tu mente se queda en blanco y piensas que esto es normal.",N/A,¿Te da miedo que tu mente se quedó en blanco antes de tu reunión?,No,,https://drive.google.com/file/d/1v_4FGXs96Yggu3t319aUfGuvOfo--Ji7/view?usp=sharing,1.jpg,1,
Situaciones Sociales,,,Positive,Compartir redes sociales con un nuevo amigo,"Conoces a un nuevo compañero de trabajo y te pide tu correo electrónico para poder contactarlo y hacer planes. Cuando le dices que rara vez recibes correos electrónicos, se calla. Debe pensar que eres diferente y está bien.",N/A,¿Está bien que tu compañero de trabajo piense que eres diferente?,Sí,,https://drive.google.com/file/d/14E87lNQCbYQYaw2WEZUgqpLVllxzh0qo/view?usp=sharing,197.jpg,1,
Situaciones Sociales,,,Positive ,Futuras amistades,"Cuando piensas en tu jubilación, te preguntas qué amigos seguirán siendo parte de tu vida. Esperas mantener el contacto con tus amigos más cercanos, pero sabes que será difícil. Cuando te imaginas haciendo la transición a la jubilación, te imaginas a ti manteniéndose cercanos.",N/A,Piensas que manteniéndose cercano a tus amigos,Será algo que te brinde felicidad por muchos años.,Es casi imposible a largo plazo.,https://drive.google.com/file/d/1eXwD9o73h1m91y7aWEv3Bl50xvzzUvu-/view?usp=sharing,477.jpg,1,
Situaciones Sociales,Salud Mental,,Positive,Tiempo para ti mismo,"Tu parte favorita del día es relajarte para cenar. Cuando empiezas a preparar la cena, te das cuenta de que has comido solo mucho recientemente, y te sientes triste. Decides que estás bien con este hecho, ya que te da tiempo para reflexionar sobre tu día. ",N/A,¿Estás bién comer solo?,Sí,,https://drive.google.com/file/d/18ON-daCCgtQApC9SVxzPUIsZEHK2kZJK/view?usp=sharing,149.jpg,1,
Situaciones Sociales,,,Positive,Conexión perdida,Estás sentado en una cafetería cuando ves a tu amigo. Pasa junto a ti y se sienta al lado de otra persona. Es probable que está distraído.,N/A,¿Tu amigo está enojado contigo?,No,,https://drive.google.com/file/d/1W-3y9MBzBjx8H95X6f2oIWBLj-DtqM3n/view?usp=sharing,505.jpg,1,
Situaciones Sociales,Vida Familiar y Doméstica,,Resilience/Negation,El coche de tu familia,"Tu familia compró un coche viejo que tiene una gran abolladura en la parte delantera. Hoy lo estás conduciendo al trabajo. Cuando piensas en tus colegas viendo tu coche, te sientes nervioso. ","Al salir del coche en frente de tu trabajo, ves a algunos de tus colegas. Sonríen y te saludan con la mano, y te sientes aliviado. ",¿Tus colegas juzgan tu coche?,No,,https://drive.google.com/file/d/1jkOOfJWbCDVRymQ01TrUAX4_GRkDLWoN/view?usp=sharing,156.jpg,1,
Situaciones Sociales,Académicos/Trabajo/Desarrollo Profesional,,Positive,Presentación importante,"Te han pedido que hagas una presentación sobre algunos de tus últimos proyectos en una conferencia importante. Esta es una gran oportunidad para resaltar el buen trabajo que has estado haciendo, pero te sientes nervioso al hablar frente a un grupo tan grande de compañeros.",N/A,"En la conferencia, la gente probablemente pensará que...",Haces un buen trabajo explicando tu trabajo reciente.,Te ves incómodo dando tu presentación.,https://drive.google.com/file/d/1mDkkEgN6DM4uUXlBqKzoV3AT0Fc6OUwv/view?usp=sharing,55.jpg,1,
Situaciones Sociales,,,Positive,El partido de futból,"Estás caminando a casa después de un partido de fútbol recreativo en que jugaste. Mientras tu mente divaga, piensas en el gol que no metiste. En general, consideras que tu desempeño fue un éxito.",N/A,"¿Pensando en el partido de fútbol, crees que jugaste bien?",Sí,,https://drive.google.com/file/d/1wDb4XmW_yBIpT0LS0HM1Nf2eSspveQIp/view?usp=sharing,506.jpg,1,
Situaciones Sociales,,,Negative,Tu mejor amigo,"Tú y tu mejor amigo se han conocido por muchos años. Ahora trabajan en profesiones diferentes y tienen intereses distintos, y te preocupas que no se relacionarán a medida que envejecen. Cuando piensas en próximos eventos importantes de la vida, piensas que no te apoyará.",N/A,"Años en el futuro, esperas que tú y tu amigo...",Se habrán distanciado y realmente no se entenderán mutuamente.,Habrán permanecido cercanos aunque hayan desarrollado algunos intereses diferentes.,https://drive.google.com/file/d/1j-GXdH0RVew2yK6cL-6R3AjG0Sq_ydWc/view?usp=sharing,507.jpg,1,
Situaciones Sociales,,,Positive,Reconforto sobre la vacunación,Estás en un festival al aire libre. Hay mucha gente y no estás seguro si todos están vacunados. Piensas en que estás protegido contra el COVID-19 porque te vacunaste.,N/A,¿Estás vacunado?,Sí,,https://drive.google.com/file/d/1Zc-4xffN0v0XdDSXW-x1NAACedZAqgXQ/view?usp=sharing,340.jpg,1,
Situaciones Sociales,Académicos/Trabajo/Desarrollo Profesional,,Resilience/Negation,Malentendido,Estás en una reunión y estás guardando tu teléfono cuando el nuevo jefe de tu departamento comienza a hablar. Él interpreta esto como si estuvieras enviando mensajes de texto durante la reunión y lo te llama la atención frente a todos. Te acercas después para disculparte y no puedes interpretar la expresión de tu jefe del departamento.,"Después de explicar lo que sucedió al jefe de tu departamento, él dice que entiende. sientes que aún podrás causar una buena impresión.",¿Tu jefe de departamento te verá de manera negativa debido a esto?,No,,https://drive.google.com/file/d/1IWa-EEURHSxlNpAS12GWFYwnCr78Qli0/view?usp=sharing,80.jpg,1,
Situaciones Sociales,Salud Mental,,Positive,Club de lectura,"Estás intentando conocer gente nueva y decides unirte a un club de lectura. El libro de la semana es realmente interesante, pero cuando llegas a la reunión, las personas hacen preguntas sobre el libro que parecen más profundas de lo que puedes responder. Recuerdas que también leíste el libro y tienes pensamientos valiosos, al igual que los demás.",N/A,¿Puedes participar en la discusión del club de lectura?,Sí,,https://drive.google.com/file/d/1A1f5i2QjKCaDwo5rm3VkBWBNRDlH60lC/view?usp=sharing,366.jpg,1,
Situaciones Sociales,,,Positive,Ninguna respuesta,Le enviaste un mensaje de texto a un buen amigo hace un par de horas. Pasa un día y todavía no ha respondido. Piensas que tu amigo no usa su teléfono con frecuencia y te sientes mejor.,N/A,¿Está bien que tu amigo no haya respondido todavía?,Sí,,https://drive.google.com/file/d/1klpzcCJzVJGxqFyO7_kTDiM6lw5TxuU8/view?usp=sharing,43.jpg,1,
Situaciones Sociales,,,Positive,Saliendo en ropa de día,"Una noche, tus compañeros de trabajo deciden salir a cenar y te invitan. Aceptas, pero tendrás que llevar tu ropa de trabajo. Cuando llegas, las otras personas en el restaurante se giran para mirarte. Piensas que te miran porque te ves con estilo.",N/A,¿Crees que los demás piensan que estás vestido inapropiadamente?,No,,https://drive.google.com/file/d/1Dy28jSdmZo4fX1XDHXxVQVxNVpf54tdw/view?usp=sharing,508.jpg,1,
Situaciones Sociales,,,Positive,El escaparate de danza,"Has  tomado una clase de baile en el centro comunitario local y ha llegado el momento de tu exhibición del fin de clase. Quieres invitar a tus amigos y familiares al escaparate, pero te preocupas quedar en ridículo si no eres muy bueno.Mientras decides si invitas o no gente a tu programa, te ves bailando bien.",N/A,"Según cómo te veas bailando, invitar a tus amigos y familiares probablemente será...",Una buena idea.,Una mala idea.,https://drive.google.com/file/d/1i0Fyi1U2KcNHbvvvDIlINUkFHD4jNSh-/view?usp=sharing,500.jpg,1,
Situaciones Sociales,,,Positive,Un estilo diferente,"Compras un traje nuevo, que es muy diferente a tu estilo habitual de ropa. Te lo pruebas para mostrarlo a tu amigo. Cuando te ve, hace una pausa. Luego comenta que te hace lucir bien.",N/A,¿Tu amigo pensó que tu nuevo traje se veía ridículo?,No,,https://drive.google.com/file/d/1bi2kmjYCh6-ORzrj20fXYjuM_hXG5ZH6/view?usp=sharing,509.jpg,1,
Situaciones Sociales,,,Negative,Pensamientos del grupo de teatro,"Estás en el comité de un teatro comunitario local, que está planeando nuevas producciones. En la primera reunión, el director te pide ideas sobre qué obra interpretar. Todos hacen una pausa después de que dices tus ideas, y piensas que los demás encuentran tus ideas aburridas.",Probablemente todos creen que...,Tienes ideas terribles.,Tienes ideas innovadoras.,,https://drive.google.com/file/d/1LReBi4l_MLl7STd2g4biqxzTxAx9bA4a/view?usp=sharing,510.jpg,1,
Situaciones Sociales,,,Positive,No recibir una invitación,"Tu amigo va a tener una reunión de amigos esta noche. A ti no te invitó, pero a la mayoría de tus amigos sí. Cuando lo piensas, te das cuenta de que es porque estás ocupado. ",N/A,¿No te invitó porque estabas ocupado?,Sí,,https://drive.google.com/file/d/1KbeTT5hK7TLxBUVg38Kcs6Sq1jNtXzD5/view?usp=sharing,147.jpg,1,
Situaciones Sociales,Salud Mental,,Positive,Redes sociales,"Mientras te desplazas por tus redes sociales, ves una foto de todos tus amigos pasándolo bien en una llamada de video. No te invitaron a pasar el rato con ellos en línea. Lo piensas y decides que puedes sobrellevar tus sentimientos.",N/A,¿Puedes manejar que a veces tus amigos pasan tiempo sin ti?,Sí,,https://drive.google.com/file/d/1C2a62EXZZgDQ05jLqV6S9eO4NUs2R1SU/view?usp=sharing,356.jpg,1,
Situaciones Sociales,,,Resilience/Negation,Atención en la tienda,"Estás en una tienda y accidentalmente derribas algunos marcos de fotos en uno de los pasillos. Sientes que tus mejillas se ponen calientes mientras la gente en la tienda se gira para mirarte. Cuando el dueño de la tienda se acerca para reorganizar los marcos de fotos, está frunciendo el ceño.","Después de unos momentos, los otros compradores se alejan; simplemente se sorprendieron por el ruido fuerte. El dueño de la tienda acepta amablemente tus disculpas y te dice que no te preocupes por el desorden, así que entonces te sientes tranquilo.",Los otros compradores probablemente piensan que eres...,Considerado por pedir disculpas.,Incómodo y descoordinado.,https://drive.google.com/file/d/1bNjz8xEGK6sK4_mFB7n0BzUStvi02qzP/view?usp=sharing,511.jpg,1,
Situaciones Sociales,,,Resilience/Negation,Desordenado para vivir,"Tu pareja no ha estado en casa mucho recientemente. Sin embargo, cuando llega a casa, deja su basura en la mesa, boronas en el mostrador, y nunca le pone seguro a la puerta cuando sale. Piensas que es hora de hablar con tu pareja. ","Cuando lo mencionas, explica que ha estado extremadamente abrumado recientemente y que ha sido difícil mantenerse al día con las cosas. Llegan a un acuerdo sobre cómo mantener limpio el espacio. ",¿Estás enojado con tu pareja?,No,,https://drive.google.com/file/d/1JNelGvZOtNigBMeI28EU25cBpiRNps7Q/view?usp=sharing,512.jpg,1,
Situaciones Sociales,,,Positive,Dolor de garganta en la cena,"Haces planes para salir a cenar con unos amigos, pero no estás seguro de si has estado con un grupo grande de personas recientemente. Cuando llegan a cenar, siguen tomando sorbos de agua y explican que les hace cosquillas en la garganta. Supongo que probablemente sea por hablar mucho durante la cena.",N/A,¿Crees que el hormigueo en la garganta de tus amigos son una señal de COVID?,No,,https://drive.google.com/file/d/1iUBlU7ly1x8P0g1Y7J45h4DQfcscVbxj/view?usp=sharing,513.jpg,1,
Situaciones Sociales,,,Positive,Llevando algo viejo,"Te invitan a una fiesta en la oficina y decides llevar un traje que compraste el año pasado. Llegas y todos los demás parecen tener un atuendo nuevo. Mientras caminas, el anfitrión se te acerca y te dice que luces bien.",N/A,¿El anfitrión de la fiesta piensa que te ves mal?,No,,https://drive.google.com/file/d/17W0dNbQ648WWbCLDQ3kAkeR0bT1bWMyW/view?usp=sharing,146.jpg,1,
Situaciones Sociales,,,Positive,Haciendo un brindis,"Estás en una fiesta de cumpleaños con algunos amigos. Más tarde en la noche, tu amigo te pide que hagas un brindis aunque no tengas nada preparado. Después, sientes que a los demás les gustó tu brindis.",N/A,¿Disfrutaron tus amigos tu brindis?,Sí,,https://drive.google.com/file/d/1ZlGhKJn0gPeVaG-j9i5hygojegHpn_Y_/view?usp=sharing,514.jpg,1,
Situaciones Sociales,Finanzas,,Positive,Chistes de compras,Estás solo en el supermercado. Observas a otros dos miembros de la facultad juntos en la otra parte de la tienda riéndose. Probablemente se estén riendo de un chiste.,N/A,¿Tus compañeros se ríen de ti?,No,,https://drive.google.com/file/d/1JsdRFiM3aVAyDyf-2dZQW18DvuAcRaZN/view?usp=sharing,256.jpg,2,
Situaciones Sociales,,,Positive,Planes de cena,Un amigo te dijo que se iba a reunir contigo para cenar en tu restaurante favorito una noche. Le mandas un mensaje esa mañana para preguntarle a que hora se reunirán. Ya es la tarde pero no te ha contestado y estás bien enojado. Piensas que probablemente está ocupado en el trabajo.,N/A,¿Tu amigo se olvidó de ti?,No,,https://drive.google.com/file/d/1K7ORGQIqTYIzljlMvQhtWTqduHeVOJL5/view?usp=sharing,515.jpg,2,
Situaciones Sociales,,,Resilience/Negation,Conociendo nuevos amigos,"En el trabajo, te asignan a un nuevo proyecto en el que no conoces a nadie. El primer día de reunión, te esfuerzas por hacer nuevos amigos.","Cuando piensas en preguntarle a algunos colegas si quieren tomar café después del trabajo, no crees que te rechazarán, y esperas que acepten.",¿Crees que tus nuevos compañeros de trabajo aceptarán la invitación de tomar un café contigo?,Sí,No,https://drive.google.com/file/d/1vmEFLzq1i5guQSpr0uE5nLlEbZHH1whv/view?usp=sharing,110.jpg,2,
Situaciones Sociales,,,Negative,La nueva ciudad,"Llevas unos meses viviendo en una ciudad nueva y has tenido problemas para hacer nuevos amigos. Has estado muy ocupado desde que te mudaste, pero sabes que es importante establecer buenas relaciones aquí en tu nuevo hogar. Cuando piensas en la vida en tu nueva ciudad, crees que estarás solo.",N/A,Crees que tu dificultad inicial para hacer amigos...,Continuarán mientras vivas en esta ciudad.,"Con el tiempo, pasarán y conocerás gente con la que disfrutarás pasar el rato.",https://drive.google.com/file/d/1vmg4TsmrtbYfXhY-wPcqKCSfD3CWS8Kl/view?usp=sharing,516.jpg,2,
Situaciones Sociales,,,Positive,Una pregunta personal,Estás sentado en el sofá viendo televisión con un amigo. Tu amigo te hace una pregunta personal. Respondes honestamente y piensas que probablemente tu amigo te ve como una persona abierta.,N/A,¿Tu amigo tiene una opinión más negativa de ti después de que compartiste información personal?,No,,https://drive.google.com/file/d/1-z3J-aAsUl9AyUVITEDWCFy0J_WDtUQG/view?usp=sharing,517.jpg,2,
Situaciones Sociales,,,Positive,Pasando tiempo con amigos,Estás pasando tiempo con algunos amigos. Uno de ellos invita a otro por ir a su casa otro día sin ti. Lo piensas y te das cuenta de que te sientes bien.,N/A,¿Te molesta que no fuiste invitado?,No,,https://drive.google.com/file/d/1fiU4LXhMtwbHsk-TL8j4fPXdxTFpO-rz/view?usp=sharing,518.jpg,2,
Situaciones Sociales,Académicos/Trabajo/Desarrollo Profesional,,Resilience/Negation,Mente va en blanco,Tu jefe te llama para que respondas una pregunta sobre los planes que acabas de discutir. No sabes qué decir. Tu mente se queda en blanco.,"Te das un momento para ordenar tus pensamientos y luego responder a la pregunta. Cuando piensas en la respuesta que diste, te sientes bien. ",¿Eres capaz de responder a la pregunta?,Sí,,https://drive.google.com/file/d/1peJsSeWbW75_7SXUaFUQcsUBkEkp3q7I/view?usp=sharing,24.jpg,2,
Situaciones Sociales,,,Positive,Una perspectiva diferente,"Estás cenando con unos amigos. Durante la cena, un amigo dice algo con lo que realmente no estás de acuerdo. Cuando expresas tu opinión, tus amigos se callan porque están impresionados.",N/A,¿A tus amigos les molesta tu punto de vista?,No,,https://drive.google.com/file/d/1EGN7Oh0nTqJYmrV8vRFSe_aLVr8zrbgx/view?usp=sharing,519.jpg,2,
Situaciones Sociales,Vida Familiar y Doméstica,,Positive,Asistir a una cena,"Tu pareja te pide que vayas a cenar con sus nuevos amigos. No has conocido a estas personas antes y te preguntas qué pensarán de ti. Preparándote para ir, piensas que la gente nueva te encontrará interesante. ",N/A,¿Tus nuevos conocidos no te gustarán?,No,,https://drive.google.com/file/d/1RMWKinAHjtpGA8EDTjoC6H1qWZ9tnyh1/view?usp=sharing,162.jpg,2,
Situaciones Sociales,Académicos/Trabajo/Desarrollo Profesional,,Positive,Permitiendo que otros vean tu trabajo,"Un amigo sugiere que te unas a una organización de escritura creativa. Te dice que otros miembros del grupo leerán y criticarán tu escritura. Mientras escuchas a tu amigo, la idea de que otras personas lean tu escritura te hace sentir entusiasmo. ",N/A,¿Esperas sentirte incómodo si otros ven tu escritura?,No,,https://drive.google.com/file/d/1_v0XVyjgJOJpCTokQcFjgQ8I8d4-jNxu/view?usp=sharing,126.jpg,2,
Situaciones Sociales,,,Resilience/Negation,Noticias controvertidas,"Estás conversando con un compañero de trabajo sobre una historia controvertida reciente en las noticias. Expresas tu opinión sobre el asunto, y tu compañero de trabajo parece sorprendido y está totalmente en desacuerdo.","Al final de la conversación, te das cuenta de que aunque la discusión fue intensa, tu compañero probablemente piensa que ambos tienen convicciones fuertes. Te has ganado el respeto de tu compañero de trabajo.","La próxima vez que se encuentren, tu compañero probablemente... ",Iniciará una conversación.,Evitará hablar contigo.,https://drive.google.com/file/d/1WhBEvVG2zKE6RE_RLPbh8jfuPj-DLb3e/view?usp=sharing,520.jpg,2,
Situaciones Sociales,,,Positive,Asumir un riesgo," Un orador que admiras viene a dar una charla en tu departamento. Quieres hacerle una pregunta despues de la presentación, pero no quieres avergonsarte en frente de todos. Cuando piesas en hablar con él, sientes entusiasmo. ",N/A,¿Tienes ansiedad al hablar con el orador?,No,,https://drive.google.com/file/d/1eeWWueF2uNIcda6eMxEzMmmmtLVhxaH8/view?usp=sharing,521.jpg,2,
Situaciones Sociales,,,Positive,Comentarios en las redes sociales,Le enviaste un mensaje de texto a un buen amigo hace un par de horas. Pasa un día y todavía no ha respondido. Piensas en que tu amigo no usa su teléfono con frecuencia y te sientes mejor.,N/A,¿Está bien que tu amigo no haya respondido todavía?,Sí,,https://drive.google.com/file/d/1klpzcCJzVJGxqFyO7_kTDiM6lw5TxuU8/view?usp=sharing,43.jpg,2,
Situaciones Sociales,,,Resilience/Negation,Tomando una llamada,Trabajas en una oficina grande con tus supervisores. Una mañana tienes que llamar a tu padre y discutir un asunto importante. Todos los demás trabajan en silencio y varios compañeros levantan la vista y parecen molestos.,"Después de colgar, te das cuenta de que, aunque todos pudieron escuchar tu conversación, fue una llamada breve y estabas lo más callado posible. Crees que tus compañeros de trabajo probablemente piensen que llamar a tu padre desde el trabajo significa que te preocupas.",¿Los demás te juzgaron negativamente porque llamaste a tu padre desde el trabajo?,No,,https://drive.google.com/file/d/1Lp034Cj9l7De83NlAPpj8-5fMxqPrb8C/view?usp=sharing,522.jpg,2,
Situaciones Sociales,,,Positive,Invitación a cenar,"Un amigo te invita a una cena que está organizando. Te dice los nombres de los otros invitados, pero no conoces a nadie. Vas de cualquier manera y en camino a la fiesta, piensas que los otros invitados te encontrarán amable. ",N/A,¿Le caerás bien a los otros invitados?,Sí,,https://drive.google.com/file/d/1s0lSdcl9afdDlvTXYzKPm_70WTjqmo3Z/view?usp=sharing,523.jpg,2,
Situaciones Sociales,Académicos/Trabajo/Desarrollo Profesional,,Positive,Resolución de problemas,"En el trabajo, tu jefe te da la responsabilidad de resolver un problema complicado. Tienes una idea que crees que podría funcionar, pero te preguntas si es demasiado simplista. Mientras consideras compartir tu idea, decides intentarlo.",N/A,¿Tus compañeros de trabajo te juzgan negativamente mientras compartes tu idea?,No,,https://drive.google.com/file/d/1ZGds5rpjl0oMQ7bK9zYR2oVUgY4X4Lql/view?usp=sharing,83.jpg,2,
Situaciones Sociales,Salud Mental,,Negative,Un malentendido,Decides enviar un correo electrónico a tu departamento promocionando algo importante para ti. Alguien responde de manera grosera porque malinterpretó lo que escribiste. Te preguntas qué piensa esta persona sobre ti y te sientes preocupado.,N/A,¿Te preocupas lo que esa persona piensa de ti?,Sí,,https://drive.google.com/file/d/1azOE2eRIrdOPl9AdAR61tTkqUFdsq0zB/view?usp=sharing,109.jpg,2,
Situaciones Sociales,,,Positive,Opinión diferente,"Conoces a alguien nuevo en una organización local y tienes una discusión estimulante. Hacia el final descubres que no está de acuerdo con algo que dijiste. La próxima vez que la organización se reúna, esperas que lo incluya.",N/A,"Al reencontrarse, piensas que...",Otros miembros estarán emocionados de escuchar sus  contribuciones valiosas.,Otros miembros te excluirán debido a tus opiniones.,https://drive.google.com/file/d/13jEwppiT8qS5mOqlYMd5R6Jvm04tUxpq/view?usp=sharing,524.jpg,2,
Situaciones Sociales,Salud Física,,Positive,Demasiada atención,"Es tu cumpleaños y cuando llega la hora del pastel, la gente te rodean y empiezan a cantar. Sientes que tu corazón empieza a latir más rápido y empiezas a sudar. Tus amigos y familiares no se dan cuenta.",N/A,¿Tus amigos y familiares se dan cuenta que te sientes ansioso?,No,,https://drive.google.com/file/d/1m8Y-P-lBw6IkILN6LVQ2sO9xx9D8qSBD/view?usp=sharing,434.jpg,2,
Situaciones Sociales,Académicos/Trabajo/Desarrollo Profesional,,Positive,Prestando de un amigo,"Tu amigo te prestó su cargador hoy. Cuando llegas a casa, te das cuenta de que el cargador todavía está en tu mochila. Piensas que tu amigo lo entenderá.",N/A,¿Tu amigo pensará que llevaste su cargador a propósito?,No,,https://drive.google.com/file/d/1kxajUeAIo1kGPWTGuY4l9K2eCVfHTfWZ/view?usp=sharing,93.jpg,2,
Situaciones Sociales,Salud Física,,Positive,En un barco,"Pasas el día en un barco con tus amigos. Cuando bajas del barco, sientes las piernas raras y tienes problemas para caminar. Esta sensación es divertida.",La sensación en tus piernas probablemente es...,Temporal y nada de lo que debas preocuparte.,Algo que deberías preocuparte.,,https://drive.google.com/file/d/1NC-kP-pSY9wJdrgbZnKbNcCzbSV962qB/view?usp=sharing,384.jpg,2,
Situaciones Sociales,,,Resilience/Negation,Ver a otros salir,En las historias de las redes sociales ves que un grupo de colegas están juntos. No estabas invitado y parece que ellos pasan genial. Probablemente tus compañeros no te invitaron porque se olvidaron.,Estás triste porque no te invitaron a pasar el rato con tus colegas. Tu respuesta a esta situación es normal.,¿Tus compañeros te excluyeron a propósito?,No,,https://drive.google.com/file/d/1Rtk2PuVwS-VsNcuMIgiqosi_r-cXJ7HJ/view?usp=sharing,525.jpg,2,
Situaciones Sociales,,,Positive,Pedido de un niño,"Estás cuidando al hijo de un amigo. El niño te pide ir a un parque en un vecindario diferente. En tu opinión, una salida normal como esta es segura.",N/A,¿Es peligroso ir a un parque en un vecindario diferente?,No,,https://drive.google.com/file/d/1tX2agdycBIu3O0qdoVYjKYA_m3wzz7yi/view?usp=sharing,526.jpg,2,
Situaciones Sociales,Salud Física,,Negative,Mascarillas para los invitados,"Tu pareja invita a algunos amigos a pasar la noche, y ambos estuvieron de acuerdo en que todos usarían máscaras. Cuando sus amigos llegan, no tienen máscaras y tu pareja no les dice nada. Apartas a tu pareja a un lado y le pides que hable con sus amigos. ",N/A,¿Te sientes cómodo hablando con tu pareja?,Sí,,https://drive.google.com/file/d/1VlSJxjX6YZt0epDm0HUx0I8HU-2SSjKk/view?usp=sharing,168.jpg,2,
Situaciones Sociales,Académicos/Trabajo/Desarrollo Profesional,,Positive,No invitado a cenar,"Acabas de empezar en un nuevo trabajo y trabajas con mucha gente nueva. Escuchas a algunos de ellos reírse juntos y hablar de salir a cenar. Esperas a que te inviten, entusiasto por hacer amigos, pero no lo hacen. Cuando piensas en tu futuro con este grupo, te sientes bien.",N/A,¿Es demasiado tarde para hacerse amigo de tus nuevos compañeros de trabajo?,No,,https://drive.google.com/file/d/1nVCrQvzsMF5KCRUZMiYr0rakkwQqslrO/view?usp=sharing,15.jpg,2,
Situaciones Sociales,,,Positive,Recibir mensajes explícitos en las redes sociales,"Tienes muchos correos electrónicos que no has leído. Cuando revisas tu bandeja de entrada hoy, te das cuenta de un mensaje explícito por una dirección de correo electrónico que no conoces. Decides bloquear al remitente y sentirte más relajado.",N/A,¿Te pones ansioso por el correo electrónico que recibiste?,No,,https://drive.google.com/file/d/1KHcNfS-rLgCp7he0M7v9PyUWv91bKKlq/view?usp=sharing,223.jpg,2,
Situaciones Sociales,,,Resilience/Negation,Problemas de amigos,"Tu amigo va a tener una reunión de amigos esta noche. A ti no te invitó, pero a la mayoría de tus amigos sí. Cuando lo piensas, esto te hace sentir excluido. ",Te das cuenta de que les dijiste a tus amigos que tenías muchas otras cosas que hacer esta noche. Esto te hace sentir aliviado.,¿No te invitó porque estabas ocupado?,Sí,,https://drive.google.com/file/d/1wpVK9cNa6EqqGi4Arps8be0GLRJOn4LZ/view?usp=sharing,527.jpg,2,
Situaciones Sociales,,,Positive,Rechazar una bebida,"Sales con unos amigos y están hablando de pedir bebidas en el bar. Te preguntan si quieres tomar una bebida, pero no tienes ganas de beber esta noche. Si les dices la verdad pensarán que eres honesto.",,¿Tus amigos te juzgan por no beber?,No,,https://drive.google.com/file/d/1b59wrb9HS-snxNHTc5BoAcGwAL1lB0Rz/view?usp=sharing,528.jpg,2,
Situaciones Sociales,,,Positive,Cumpleaños de un amigo cercano,Mañana es el cumpleaños de un buen amigo. Olvidaste comprarle un regalo y no tienes mucho tiempo para buscar algo bueno. Recoges algo mediocre en una tienda cercana y piensas que lo apreciarán.,N/A,Piensas que tu amigo probablemente considere tu regalo como,Un buen gesto para su cumpleaños.,No lo suficientemente bueno.,https://drive.google.com/file/d/16h_-lULKttrNQ6et7wAaHuwzwzv0K8cp/view?usp=sharing,498.jpg,2,
Situaciones Sociales,,,Positive,Un saludo de bienvenida,Es el fin de semana y ves a un amigo que no has visto en mucho tiempo. Tu amigo te da un gran abrazo y te sientes asfixiado. Este sentimiento es agradable.,N/A,Mientras abrazas a tu amigo te sientes...,Extrañado y amado.,Como si no pudieras respirar.,https://drive.google.com/file/d/1aYVo11BbHjCNVlQCgjgs7aqhzmTaikXj/view?usp=sharing,529.jpg,2,
Situaciones Sociales,,,Resilience/Negation,No sentirse apoyado,Acabas de recibir un premio por un proyecto en que trabajaste. Solo has recibido felicitaciones de unas pocas personas y ahora pensabas que tendrías más reacciones. Te preguntas si la gente no te felicita porque no cree que te lo mereces.,"Recuerdas por qué trabajaste en el proyecto en primer lugar. Después de pensarlo, aprecias lo duro que trabajaste y te sientes mejor.",¿Te preocupas lo que piensen los demás?,No,,https://drive.google.com/file/d/1mDkkEgN6DM4uUXlBqKzoV3AT0Fc6OUwv/view?usp=sharing,55.jpg,all,
Situaciones Sociales,,,Positive,Una gran risa,"En una cena, tu amigo cuenta un chiste. Te ries tanto que sientes que no puedes respirar suficiente. Esta experiencia es agradable. ",N/A,¿Es divertido reirte tanto?,Sí,,https://drive.google.com/file/d/1ROKk7mE-G6EUNhfR7a4vAXrr6UQFpbXw/view?usp=sharing,530.jpg,all,
Situaciones Sociales,,,Positive,Amigo ruidoso,"Estás de compras con un amigo que tiende a ser muy ruidoso. Cuando entran a una tienda de electrónica, otros compradores se detienen y les miran a ti y a tu amigo. La experiencia es tolerable.",N/A,¿Está bien que la gente les mire a ti y a tu amigo mientras andan de compras?,Sí,,https://drive.google.com/file/d/1lCd-SCfT9816X9flrqFPlQGnbH_QEmac/view?usp=sharing,531.jpg,all,
Situaciones Sociales,Vida Familiar y Doméstica,,Resilience/Negation,Cambio de planes,Tu familia espera que te asciendas en tu trabajo. Todavía no le has dicho que en realidad quieres tomarte unos años sabáticos para viajar. Piensas en decírselo y te sientes ansioso.,"Decides decírselo de todos modos. Cuando le cuentas tus planes, te sientes aliviado. ",¿Te sientes mejor después de hablar con tu familia sobre tus planes?,Sí,,https://drive.google.com/file/d/1Z0nzrIQHVjl7UmtuA4nngOFyGYVvmBB-/view?usp=sharing,54.jpg,all,
Situaciones Sociales,,,Positive,Broma interna,Publicas un video corto. Tu mejor amigo comenta algo realmente vergonzoso. Tus seguidores pensarán que tú y tu amigo son cercanos.,N/A,¿Otros te juzgan por el comentario de tu amigo en tu publicación?,No,,https://drive.google.com/file/d/1828HR7oyHuDJpNFSn5JmLlYAZ24vA7x7/view?usp=sharing,342.jpg,all,
Situaciones Sociales,Salud Física,,Positive,Entrega Responsable,"Uno de tus amigos cercanos sale positivo en la prueba de COVID y te pide que le lleves comida. No quieres exponerte estando cerca de su hogar, pero también quieres ayudar. Encuentras una manera de entregar la comida y mantener tu distancia.",N/A,¿Puedes ayudar a tu amigo?,Sí,,https://drive.google.com/file/d/1oXJuho3aF66WCQMZ_tTZRNA2Wc3QA5gx/view?usp=sharing,455.jpg,all,
Situaciones Sociales,,,Positive,Sábado sin planes,Es sábado por la noche y estás en casa. Escuchas que tus vecinos tienen una fiesta y personas se están riéndo en el corredor. Te sientes triste porque no tienes planes ni amigos con quienes pasar la noche. Recuerdas que habrá muchas otras oportunidades de ver a tus amigos y te sientes feliz de descansar en casa.,N/A,¿Pasarás todos tus fines de semana así?,No,,https://drive.google.com/file/d/1mmOSGJ31nNLEVlpLFer3vLZ79Sz6CfU7/view?usp=sharing,532.jpg,all,
Situaciones Sociales,,,Negative,Tocando el piano,"Mientras estás en la casa de un amigo para una cena, tu amigo menciona que eres un buen pianista y te pide que toques algo en el piano para los demás invitados. Conoces algunas piezas que puedes tocar bien, pero te sientes nervioso tocando en el momento sin práctica. Acercándote al piano, piensas que los invitados van a estar decepcionados. ",N/A,"Cuando terminas de tocar, esperas que los demás invitados...",Estarán alegres de que hayas terminado.,Desearán que tocaras más.,https://drive.google.com/file/d/1OEiiByo6EwwTJ47zU248adoofQ2X5ZIs/view?usp=sharing,533.jpg,all,
Situaciones Sociales,Salud Mental,,Positive,Foto con amigos,"Tú y tu amigo tomaron algunas fotos juntos. Ves que te etiquetaron en una publicación y realmente no te gusta cómo te ves, pero sabes que a largo plazo no importará.",N/A,¿Te preocupas tu apariencia en la foto publicada?,No,,https://drive.google.com/file/d/1NvTM1g3vx1Kut8y_4vvBJo79qKHzUztk/view?usp=sharing,330.jpg,all,
Situaciones Sociales,Salud Física,,Positive,Conociendo alguien nuevo,Estás en una fiesta de cumpleaños para un amigo. Comienzas a sentir un nudo en el estómago mientras hablas con un desconocido. Esto probablemente significa que estás emocionado.,N/A,¿Te preocupas hablar con una persona nueva?,No,,https://drive.google.com/file/d/1m8Y-P-lBw6IkILN6LVQ2sO9xx9D8qSBD/view?usp=sharing,434.jpg,all,
Situaciones Sociales,Académicos/Trabajo/Desarrollo Profesional,,Positive,Contribuir a una discusión,Tu jefe convoca a una reunión para discutir un nuevo proyecto que involucrará a la mayoría del personal de tu oficina. De repente se te pide que contribuya con tus ideas a la discusión. Rápidamente se te ocurren algunas ideas en el momento y piensas que tus colegas encontrarán que tus ideas son emocionantes.,N/A,Las personas en su oficina probablemente...,apoyen tus ideas,no les gustan tus ideas,https://drive.google.com/file/d/1JLyALw0FAi4CqbIXE3sRzXwYRToDyEgw/view?usp=sharing,57.jpg,all,
Situaciones Sociales,Salud Mental,,Positive,Fiesta con amigos,Estás en una fiesta con algunos amigos y algunos de ellos están haciendo cosas con las que no te sientes cómodo. Decides no participar. Tus amigos piensan que eres normal.,N/A,¿Tus amigos piensan que no eres genial al no participar?,No,,https://drive.google.com/file/d/1ooVd4XP2M8uvAgD3jqy3SN9TjXcZXBCO/view?usp=sharing,347.jpg,all,
Situaciones Sociales,Vida Familiar y Doméstica,,Positive,Conversación durante la cena,Estás en casa de tu amigo para cenar y te pregunta sobre tus padres. No estás seguro de cómo responder porque tus padres están divorciados y no has visto a tu madre por mucho tiempo. Piensas en qué dirás y te sientes seguro.,N/A,¿Puedes hablar sobre tus padres divorciados?,Sí,,https://drive.google.com/file/d/18ON-daCCgtQApC9SVxzPUIsZEHK2kZJK/view?usp=sharing,149.jpg,all,
Situaciones Sociales,Vida Familiar y Doméstica,,Negative,Equilibrar la vida familiar y los amigos,"Tu pareja dirige una guardería en tu casa, por lo que siempre está ruidoso cuando llegas a casa del trabajo. Su colega viene hoy para tomar café. Piensas en cómo va a reaccionar tu colega al ruido y te preocupas. ",N/A,¿Estás tranquilo acerca de que tu colega venga esta tarde?,No,,https://drive.google.com/file/d/1ahnx3c5S7xhmW9qeHplPosctvWEMV4oh/view?usp=sharing,160.jpg,all,
Situaciones Sociales,,,Positive ,Tu mejor amigo,"Tú y tu mejor amigo se han conocido por muchos años. Ahora trabajan en profesiones diferentes y tienen intereses distintos, y te preocupas que no se relacionarán a medida que envejecen. Cuando piensas en próximos eventos importantes de la vida, piensas que no te apoyará.",N/A,Cuando piensas en los eventos próximos en tu vida...,Esperas que tu mejor amigo trate de entender lo que estás pasando.,Piensas que tu mejor amigo no empatizará con tus experiencias.,https://drive.google.com/file/d/1j-GXdH0RVew2yK6cL-6R3AjG0Sq_ydWc/view?usp=sharing,507.jpg,all,
Situaciones Sociales,,,Resilience/Negation,Mantenerse al día con los amigos,"Has estado muy ocupado y tienes problemas para mantener el contacto con uno de tus mejores amigos. Generalmente eres bueno llamándolos, pero tu agenda ha sido muy agitada.","Mientras piensas en tu reacción antes de esta pausa en el contacto, no te preocupas por la fuerza de tu amistad y crees que tu amigo será comprensivo.",¿Entenderá tu amigo por qué has estado desconectado últimamente?,Sí,No,https://drive.google.com/file/d/1zs5Zen5SreRnD91mUn6rtDWU2U5Icoe_/view?usp=sharing,464.jpg,all,
Situaciones Sociales,Académicos/Trabajo/Desarrollo Profesional,,Positive,Participación,"Consideras asistir a un taller práctico en el que se requerirá tu opinión con frecuencia, a pesar de que no te gusta hablar frente a los demás. Después de asistir al taller, te das cuenta de que fue una decisión excelente.",N/A,¿Estás contento al asisitr el taller?,Sí,,https://drive.google.com/file/d/1Dh2em2eifFjm2KkfZDfxM2WuvxRCmMV7/view?usp=sharing,63.jpg,all,
Situaciones Sociales,,,Resilience/Negation,Conociendo gente nueva,"Empezaste a trabajar en una nueva escuela este otoño. Como todas las clases son en línea, no has podido conocer a ninguno de tus colegas en persona. Has visto a algunos de ellos pasar el rato y te sientes solo.",Decides tomar la iniciativa y pedirles sus números. Te sientes esperanzado.,¿Puedes hacerte amigo de tus colegas aunque todo esté en línea?,Sí,,https://drive.google.com/file/d/17rrY5glWx7HLnwQXqltgLjRQtnDJN7lu/view?usp=sharing,534.jpg,all,
Situaciones Sociales,,,Positive,Hablando sobre televisión,"Estás hablando con un grupo de amigos sobre programas de televisión. Cuando compartes tu opinión sobre un viejo programa que acabas de descubrir, nadie responde. Probablemente están pensando en lo interesante que suena la trama.",N/A,¿Tus amigos te juzgan por lo que dijiste sobre el programa de televisión?,No,Sí,https://drive.google.com/file/d/1opDxSogFwDYpEb5PGw4jTADE96Y2WtG7/view?usp=sharing,346.jpg,all,
Situaciones Sociales,,,Positive,Genio cómico,"Sales a almorzar con un grupo de amigos. Haces una broma que crees que es muy divertida, pero nadie se ríe realmente. Probablemente estaban distraídos.",N/A,¿Dijiste algo inapropriado?,No,,https://drive.google.com/file/d/12Y4uqZNuPSg8HgswTCK3obdaz50gCnDn/view?usp=sharing,535.jpg,all,
Situaciones Sociales,Salud Mental,,Positive,Charla de oficina,"Estás teniendo una discusión con tu jefe en su oficina, lo cual te provoca un poco de ansiedad. Piensas en terminar la discusión temprano. Después de una breve pausa, decides quedarte.",N/A,¿Puedes continuar la discusión con tu jefe?,Sí,,https://drive.google.com/file/d/1EVK1YWntA3eHXiFL5ok7Rw3ZBpkKE_D7/view?usp=sharing,317.jpg,all,
Situaciones Sociales,,,Positive,El torneo de fútbol,"Después de no jugar por un tiempo, te uniste a un equipo de futbol recreativo. Hay un torneo al final de la temporada. ",Crees que no defraudarás a tus compañeros y contribuirás al éxito del equipo.,¿Tu desempeño contribuirá al éxito del equipo?,Sí,No,https://drive.google.com/file/d/1PQ_kdmKXsfTKUUEZbyfP4dhmzJiKXw8g/view?usp=sharing,504.jpg,all,
Situaciones Sociales,,,Resilience/Negation,Comentarios honestos,"Te pones un traje nuevo por la mañana antes de partir por el día. A mitad del día, te das cuenta que te sientes un poco diferente con este nuevo conjunto. Te encanta este sentimiento y estás feliz de usar el atuendo.",N/A,¿Estás contento con el nuevo atuendo que elegiste?,Sí,,https://drive.google.com/file/d/1MNDJWhiyhDklhx41uB8UVxq9CTdhBPJd/view?usp=sharing,536.jpg,all,
Situaciones Sociales,,,Positive,Confianza creativa,"Te invitan a una fiesta de Halloween y solo conocerás a un par de personas allí. Decides llevar un disfraz realmente elaborado. Cuando llegas, todos te miran y probablemente piensan que eres creativo.",N/A,¿Las personas en la fiesta están juzgando negativamente tu disfraz?,No,,https://drive.google.com/file/d/16gkTECYcnvJgqAf4b7F6zKXjVETn1PHf/view?usp=sharing,537.jpg,all,
Situaciones Sociales,,,Positive,Usando un chiste diferente,"Estás intentando pensar en un buen chiste para incluir en el próximo correo que enviarás a tus compañeros de trabajo. Encuentras uno realmente divertido en un sitio web después de hacer una búsqueda rápida, pero esta es la primera vez que terminas tus correos con un chiste. Crees que a tus compañeros les parecerá gracioso.",N/A,¿A tus compañeros de trabajo les gusta tu chiste?,Sí,,https://drive.google.com/file/d/1azOE2eRIrdOPl9AdAR61tTkqUFdsq0zB/view?usp=sharing,109.jpg,all,
Situaciones Sociales,,,Negative,Fotos divertidas,Le envías una foto tuya intencionalmente mala a tu amigo por mensaje de texto. Te responde diciendo que tomó una captura de pantalla de tu foto. Probablemente tu amigo piense que te ves horrible.,N/A,¿Tu amigo piensa que te ves bien?,No,,https://drive.google.com/file/d/1J0J4QXLGvuGwdAr6_obR3Til-vHIuVs2/view?usp=sharing,538.jpg,all,
Situaciones Sociales,,,Positive,Compañero de autobús,"Después de un largo dia de compras, te montas al bus con muchas bolsas y te das cuenta que el único asiento libre está al frente de otro pasajero. Cuando te sientas, el otro pasajero en frente de ti no te mira. Probablemente está pensando en otras cosas. ",N/A,El pasajero probablemente está...,Distraído e inconsciente de su ambiente.,Pensando que eres una persona antipática.,https://drive.google.com/file/d/1tuHpaMEnlH6wA-juuHtOHelz5PnulV7e/view?usp=sharing,539.jpg,all,
Situaciones Sociales,,,Positive,Hablando con tu jefe,"Hay una pregunta personal que has querido hacerle a tu jefe por un tiempo, pero no lo has hecho. Te imaginas haciéndola cuando se reunan la próxima vez. Mientras piensas en la pregunta, te sientes preparado.",N/A,¿Te sientes entutiasmado por hacerle una pregunta a tu jefe?,Sí,,https://drive.google.com/file/d/14mVSNxKB88kHmK1Nd3S6M-2rUVzmmoxr/view?usp=sharing,540.jpg,all,
Situaciones Sociales,,,Resilience/Negation,Conflictos de convivencia,"Tú y tu pareja llevan unos meses viviendo juntos y han surgido algunos problemas. Tu amigo va a visitar pronto y, al preguntarle a tu pareja si tu amigo puede quedarse contigo mientras está en la ciudad, tu pareja se enoja y comienza a subir la voz.","Después de hablar más, tu pareja se calma y escucha tu punto de vista. La conversación resulta  productiva, y esperas comunicarte más en el futuro sobre los problemas.","La próxima vez que tú y tu pareja tengan un problema, probablemente...",Lo hablarán y encontrarán un acuerdo.,Tendrán una gran discusión.,https://drive.google.com/file/d/1MrPuOeWOe6yhwEGqHCJmj3SG5bnQbQww/view?usp=sharing,139.jpg,all,
Situaciones Sociales,Salud Mental,,Positive,Sintiéndote ansioso,"Estos últimos meses, te has sentido muy ansioso y no has podido disfrutar de tu vida sin preocuparte. Te preguntas qué pensarían las personas en tu vida si buscas ayuda. Piensas que te considerarían valiente.",N/A,¿Las personas en tu vida te apoyarían si buscas ayuda?,Sí,,https://drive.google.com/file/d/1UBORN__WOk3N5lP4X-qA_lwYYhlyyYqS/view?usp=sharing,11.jpg,all,
Situaciones Sociales,,,Write Your Own,Write Your Own,,,,,,,,write your own,
Situaciones Sociales,,,Write Your Own,Write Your Own,,,,,,,,write your own,
Situaciones Sociales,,,Write Your Own,Write Your Own,,,,,,,,write your own,
Situaciones Sociales,Salud Física,,Positive,Manejando el estrés,"Tienes que hacer una presentación para tus compañeros de trabajo hoy. Cuando te pones de pie frente a tus compañeros, sientes que te arden las mejillas y te tiemblan las manos. Crees que estas sensaciones serán manejables.",N/A,¿Puedes manejar tus síntomas de ansiedad mientras haces tu presentación?,Sí,,https://drive.google.com/file/d/1JLUIkzxiJ2P-eVOgnLmb1zyker17wj7l/view?usp=sharing,431.jpg,1,
Situaciones Sociales,Académicos/Trabajo/Desarrollo Profesional,,Positive,Presentación estresante,"Tienes que hacerle una presentación a tu jefe. Mientras piensas en la charla, sientes mariposas en el estómago. La mañana de la charla, te sientes nervioso y crees que tus nervios serán manejables.",N/A,¿Eres capaz de tolerar tu ansiedad?,Sí,,https://drive.google.com/file/d/16jiyG_dY7BTG2s8QjNuSQJn_RwkLlqXH/view?usp=sharing,28.jpg,1,
Situaciones Sociales,,,Negative ,Futuras amistades,"Cuando piensas en tu jubilación, te preguntas qué amigos seguirán siendo parte de tu vida. Esperas mantener el contacto con tus amigos más cercanos, pero sabes que será difícil. Cuando te imaginas haciendo la transición a la jubilación, te imaginas a ti y a tus amigos cercanos separados.",N/A,"Cuando piensas en tu jubilación, tus amigos...",Desaparecen de tu vida con el tiempo.,Permanecen una parte importante de tu vida.,https://drive.google.com/file/d/1eXwD9o73h1m91y7aWEv3Bl50xvzzUvu-/view?usp=sharing,477.jpg,1,
Situaciones Sociales,Salud Física,,Resilience/Negation,Corriendo con un amigo,Tienes planes para correr en la mañana con un amigo que corre todos los días. No has corrido en bastante tiempo y te preocupas si podrás mantener el ritmo o no.,"Crees que mañana no te quedarás atrás, y las posibilidades de que puedas seguir el ritmo de tu amigo son altas.",¿Podrás seguir el ritmo de tu amigo mañana?,Sí,No,https://drive.google.com/file/d/1eJ-08i7HtFvPYHdRnELsblgm6tY079fj/view?usp=sharing,416.jpg,1,
Situaciones Sociales,Salud Física,,Positive,Visitando a los vecinos,"Te das cuenta de que no has visto a tu vecino mayor recientemente. Normalmente le visitas habitualmente, por lo que es extraño que no le hayas visto últimamente. Probablemente tu vecino haya estado bien.",N/A,¿Tu vecino mayor probablemente ha estado enfermo?,No,,https://drive.google.com/file/d/14_16MBBgKRM9oZwTGSN9GJblFNuwndpf/view?usp=sharing,408.jpg,1,
Situaciones Sociales,Académicos/Trabajo/Desarrollo Profesional,,Positive,Evaluaciones entre compañeros,"Estás debatiendo con tus compañeros sobre una tarea en tu trabajo. Las otras personas tienen más experiencia que tú. Cuando piensas en argumentar tu posición, te sientes seguro.",N/A,¿Estás preocupado por el debate?,No,,https://drive.google.com/file/d/1Gf9_VnvtNkCVWOZu8VQ1INYnQFjRuB7m/view?usp=sharing,44.jpg,1,
Situaciones Sociales,,,Positive,Truco o trato,Tu hijo quiere ir a truco o trato en El Césped y te rogó que te vistiera con él. Llevas un disfraz y te encuentras algunas personas del trabajo que no están disfrazadas. Piensan que tu disfraz es genial.,N/A,¿La gente del trabajo piensa que eres soso por ir a truco o trato?,No,,https://drive.google.com/file/d/1rrV-LGMh61x6R9PewBmeTL1d64KcHetZ/view?usp=sharing,541.jpg,1,
Situaciones Sociales,,,Positive,Nueva oportunidad para amigos,"Recientemente te has unido a un nuevo departamento dentro de tu trabajo. Cuando llegas a la primera reunión del equipo, te das cuenta que la mayoría de las personas se sienten con otros amigos. Al tomar tu asiento solo, te das cuenta de que siempre existe la oportunidad de hacer nuevas amistades a medida que avanza el año.",N/A,¿Habrá oportunidades futuras para hacer nuevos amigos?,Sí,,https://drive.google.com/file/d/10fLWhto09ulpTOoQ_oICa06UK6vWzttW/view?usp=sharing,46.jpg,1,
Situaciones Sociales,Relaciones Románticas,Vida Familiar y Doméstica,Resilience/Negation,Planes de vacaciones,"Tus suegros te han invitado a reunirse a ellos para los días festivos. Estás emocionado de pasar tiempo con la familia de tu pareja, pero te preocupas que tus propios padres se sientan decepcionados de no estar con ellos. Cuando piensas en decirles a tus padres que te gustaría pasar los días festivos con tu pareja y su familia, crees que se tomarán mal la noticia.","Cuando piensas en decirles a tus padres que te gustaría pasar los días festivos con tu pareja, no esperas que se molesten y crees que se tomarán bien la noticia. ",¿Tus padres se molestarán si pasas los días festivos con la familia de tu pareja?,No,Sí,https://drive.google.com/file/d/1KbeTT5hK7TLxBUVg38Kcs6Sq1jNtXzD5/view?usp=sharing,147.jpg,1,
Situaciones Sociales,,,Positive,Tocando el piano,"Mientras estás en la casa de un amigo para una cena, tu amigo menciona que eres un buen pianista y te pide que toques algo en el piano para los demás invitados. Conoces algunas piezas que puedes tocar bien, pero te sientes nervioso tocando en el momento sin práctica. Acercándote al piano, piensas que los invitados lo van a disfrutar. ",N/A,¿Cómo crees que se sentirán los demás invitados a la fiesta acerca de tu actuación en el piano?,Pensarán que eres talentoso.,Pensarán que necesitas practicar más.,https://drive.google.com/file/d/1OEiiByo6EwwTJ47zU248adoofQ2X5ZIs/view?usp=sharing,533.jpg,1,
Situaciones Sociales,Vida Familiar y Doméstica,,Positive,Celebraciones culturales familiares,"Tus colegas te piden que vayas a una conferencia, pero es la noche de una celebración cultural importante para tu familia. Estás deseando la celebración con tu familia, pero no quieres que tus colegas piensen que eres diferente. Al pensar en contárselo a tus colegas, te das cuenta de que tu cultura es importante. ",N/A,¿Te da vergüenza decirles a tus colegas que no puedes ir a la conferencia?,No,,https://drive.google.com/file/d/1mnjPZpYIVahZEm1gr4Zu9gKZfMCjl2Tk/view?usp=sharing,45.jpg,1,
Situaciones Sociales,,,Positive,Una cámara nueva,"Compraste una cámara nueva, pero cuando llegas a casa, descubres que no la te gusta. La devuelves a la tienda y recibes un reembolso. En el mostrador, el empleado no habla mucho mientras te ayuda, y piensas que te ven como alguien extraño.",N/A,¿Piensas que el asistente de ventas te encontró molesto?,No,,https://drive.google.com/file/d/1gIc6npFIezWPuRAQClkBHg3K5HpAwDTk/view?usp=sharing,465.jpg,1,
Situaciones Sociales,,,Positive,Plato típico,"Vas a una cena compartida, y quieres hacer un plato usando la receta de tu familia. Tienes la receta que te dieron tus padres, pero te preocupas no tener las habilidades culinarias para hacer el plato. Piensas que probablemente las personas en la fiesta creen que tu comida no tiene buen sabor.",N/A,Los otros invitados probablemente pensarán que tu comida...,Es deliciosa.,Sabe terrible.,https://drive.google.com/file/d/12kKvu8IBTJkLrM3hsryH2oaUOq9wkAyI/view?usp=sharing,471.jpg,1,
Situaciones Sociales,,,Resilience/Negation,No tener mucho que decir,Estás en un gran grupo de tus amigos. Todos comparten historias pero no has dicho nada durante toda la conversación. Probablemente tus amigos piensen que eres aburrido.,"Mientras escuchas a tus amigos, recuerdas que tu amigo estaba callado el otro día. Decides que no siempre compartir es normal.",¿Es normal no compartir todo el tiempo?,Sí,,https://drive.google.com/file/d/1kCPmxpqPwahYN9Zk_mUwXoNnwNeBw6-w/view?usp=sharing,542.jpg,1,
Situaciones Sociales,Salud Mental,,Positive,Temprano en la mañana,Acabas de empezar en un nuevo trabajo y unos amigos del trabajo quieren llevarte a una fiesta esta noche. Les haces saber que tienes que levantarte temprano por la mañana para un evento importante y que no puedes ir con ellos y parecen decepcionados. Crees que tus nuevos amigos respetarán tu decisión de anteponer tus necesidades.,N/A,¿Tus amigos te juzgan por no salir con ellos?,No,,https://drive.google.com/file/d/1Zc-4xffN0v0XdDSXW-x1NAACedZAqgXQ/view?usp=sharing,340.jpg,1,
Situaciones Sociales,Salud Mental,,Positive,Una invitación,"Invitas a tu supervisor a un evento este fin de semana. Eres el único de tus amigos que es cercano a tu supervisor y no estás seguro de cómo te percibirán los demás. Mientras te preparas para el evento, te sientes feliz.",N/A,¿Estás contento de que tu supervisor asista al evento de tu escuela?,Sí,,https://drive.google.com/file/d/1b0lHedBVO7x_rukR1faGc_vfaGCmTSgj/view?usp=sharing,341.jpg,1,
Situaciones Sociales,Relaciones Románticas,Vida Familiar y Doméstica,Negative ,Planes de vacaciones,"Tus suegros te han invitado a reunirse a ellos para los días festivos. Estás emocionado de pasar tiempo con la familia de tu pareja, pero te preocupa que tus propios padres se sientan decepcionados de no estar con ellos. Cuando piensas en decirles a tus padres que te gustaría pasar los días festivos con tu pareja, crees que se tomarán mal la noticia.",N/A,"Cuando les cuentes a tus padres sobre la invitación, es probable que ...",Se sientan muy decepcionados y heridos.,Se alegren de que hayas conocido a una pareja que te hace feliz.,https://drive.google.com/file/d/1KbeTT5hK7TLxBUVg38Kcs6Sq1jNtXzD5/view?usp=sharing,147.jpg,1,
Situaciones Sociales,,,Positive,Silencio en un viaje en coche,"Estás en un viaje largo en coche  con un amigo. Te das cuenta de que ninguno de los dos ha dicho nada por unos minutos. Concentrando en la carretera, piensas que tu amigo siente que el silencio es completamente normal.",N/A,¿Tu amigo se siente incómodo contigo cuando hay silencio durante el viaje?,No,,https://drive.google.com/file/d/1sGtKCHYC5PGhGGovL--qGa1f1C0k0nOV/view?usp=sharing,543.jpg,1,
Situaciones Sociales,,,Positive,Amigos del club de lectura,"Recientemente te uniste a un club de lectura local y crees que los demás miembros son geniales. Te gustaría salir más a menudo, pero te preocupas si querrán ser amigos fuera del club de lectura. Consideras invitarlos a cenar y crees que pensarán que eres divertido.",N/A,Los otros miembros del club de lectura probablemente...,Disfrutarán de tu compañía fuera del club de lectura.,No querrán ser amigos fuera del club de lectura.,https://drive.google.com/file/d/1A1f5i2QjKCaDwo5rm3VkBWBNRDlH60lC/view?usp=sharing,366.jpg,1,
Situaciones Sociales,,,Resilience/Negation,Tocando el piano,"Mientras estás en la casa de un amigo para una cena, tu amigo menciona que eres un buen pianista y te pide que toques algo en el piano para los demás invitados. Conoces algunas piezas que puedes tocar bien, pero te sientes nervioso tocando en el momento sin práctica.","Acercándote al piano, piensas para ti mismo: ""Esto no es motivo de preocupación, estas personas van a estar contentas"".",¿Crees que a los invitados van a disfrutar tu actuación en el piano?,Sí,No,https://drive.google.com/file/d/1OEiiByo6EwwTJ47zU248adoofQ2X5ZIs/view?usp=sharing,533.jpg,1,
Situaciones Sociales,Vida Familiar y Doméstica,,Positive,Compañero de cuarto ausente,"Estás visitando a tu hermana en una ciudad diferente por un período prolongado. Tu hermana parece conocer a mucha gente en la zona y siempre está fuera del apartamento, dejándote solo. Piensas que es agradable que no esté en casa a menudo porque prefieres estar solo para relajarte al final del día.",N/A,¿Te molesta la ausencia de tu hermana?,No,,https://drive.google.com/file/d/1pOKjumfIC5ABON2fMxlUDPuMpMP6LjE4/view?usp=sharing,169.jpg,1,
Situaciones Sociales,,,Resilience/Negation,Reunión de mañana,"Llegas a una reunión justo a tiempo, pero eres el último que llega. Tus compañeros te miran mientras sacas tu silla, y haces un ruido fuerte. Todos se giran para mirarte con un entrecejo fruncido.",N/A,¿Tus colegas te juzgan negativamente?,No,,https://drive.google.com/file/d/1ugNcKK4aK5sfykfGJelCbC0BlHQmzJue/view?usp=sharing,544.jpg,1,
Situaciones Sociales,,,Positive,Conociendo gente nueva,Estás saliendo con un nuevo grupo de personas. Cuentas un chiste gracioso que crees que va con el tema de conversación y nadie se ríe. Los nuevos amigos te encontrarán amigable.,N/A,¿La gente del nuevo grupo piensa que eres amable?,Sí,,https://drive.google.com/file/d/1yiiOYH44i6dc55AQDM7o7eycfFI39XwW/view?usp=sharing,545.jpg,1,
Situaciones Sociales,Salud Mental,,Positive,Aceptando elogios,"Durante el fin de semana, pasaste tiempo con algunos amigos viejos. Les contaste sobre el trabajo que estás haciendo y hacen comentarios sobre lo inteligente que debes ser, pero tú no consideras que el trabajo sea tan especial. De todos modos, te permites sentirte orgulloso de lo que estás haciendo.",N/A,¿Tienes orgullo del trabajo que estás haciendo?,Sí,,https://drive.google.com/file/d/1RZKgj6SgXHvcTwD5hi3tDnL24akXydT0/view?usp=sharing,335.jpg,1,
Situaciones Sociales,,,Negative,Sintiéndote abandonado por un amigo cercano,"Mientras te desplazas por tus redes sociales, ves que tu mejor amigo está con alguien que no conoces. Te preguntas quién es esta persona y por qué no has oído tu amigo hablar de ella. Cuando piensas en tu amistad con este amigo, te sientes preocupado.",N/A,¿Te molesta que tu amigo no te djio de esta persona?,Sí,,https://drive.google.com/file/d/1sVKizgA3QnMOtyy7qNs8X9ndbUMsWmuE/view?usp=sharing,478.jpg,1,
Situaciones Sociales,Académicos/Trabajo/Desarrollo Profesional,,Positive,Taller de escritura,"Un compañero de trabajo sugiere que tu equipo participe en un taller sobre escritura para el lugar de trabajo. Lees información en línea sobre el taller. Mientras navegas el sitio, la idea de otras personas que leen tu escritura te hace sentir entusiasmo. ",N/A,¿Esperas sentirte incómodo si otros miran tu trabajo?,No,,https://drive.google.com/file/d/1vQbs0ifLnQbnC1ejFEq6WujzKLqZl7vv/view?usp=sharing,32.jpg,1,
Situaciones Sociales,,,Resilience/Negation,Ayudando un vecino mayor,"Un día después del trabajo, ves a un vecino mayor llevando bolsas de comestibles de su carro a su casa. Le preguntas si necesita ayuda y él se gira y te mira, pareciendo ofendido.","Cuando llegas a casa, te das cuenta de que tu vecino probablemente estaba teniendo un mal día y que fue apropiado ofrecer tu ayuda. Tu vecino probablemente piensa que eres amable.",¿Tu vecino aprecia tu oferta de ayuda con las compras?,Sí,,https://drive.google.com/file/d/1B36NDbsAD14_1cBxKfNBFE2bacoiiIA-/view?usp=sharing,546.jpg,1,
Situaciones Sociales,Relaciones Románticas,,Positive,Expresar tus sentimientos,"Tu pareja te lleva a cenar y está hablando mientras espera la comida. Menciona algo que te molesta, pero te preocupas que si le enfrentas al respecto, se enojará. Finalmente, decides decirle que lo que dijó te molestó y se disculpa.",N/A,¿Tu pareja estaba enojada contigo por expresar tu preocupación?,No,Sí,https://drive.google.com/file/d/1_3R4q50xu1yCQG9gAsv0N7Y30gmNDBsG/view?usp=sharing,183.jpg,1,
Situaciones Sociales,Académicos/Trabajo/Desarrollo Profesional,,Positive,Presentación de recaudación de fondos,"Te ponen a cargo los esfuerzos de recaudación de fondos de tu oficina y rápidamente te das cuenta  que tus compañeros de trabajo no les interesa mucho la recaudación de fondos. En una reunión, das una presentación sobre la importancia de ayudar con la recaudación de fondos, durante la cual tus compañeros de trabajo permanecen callados. Cuando te sientas después de tu presentación, piensas que parecían emocionados.",N/A,Los compañeros de trabajo probablemente están pensando...,Que quieren ayudarte con la recaudación de fondos.,Que no quieren ayudarte con la recaudación de fondos.,https://drive.google.com/file/d/1nvhxgdonABblwXeezmU2M9X2wRhpd7rd/view?usp=sharing,121.jpg,1,
Situaciones Sociales,Vida Familiar y Doméstica,,Positive,Publicar sobre la familia,Miras a través de tus redes sociales. Te diste cuenta que tus hijos de escuela secundaria solo publican fotografías con tus amigos. Publicaste una foto familiar y etiquetaste a tus hijos. Tus hijos deben pensar que eres genuino.,N/A,¿Están tus hijos molestos porque los etiquetó en una foto familiar?,No,,https://drive.google.com/file/d/1CZ3q4YAXdB5vZOsWDR7bPvWclLmbpBgm/view?usp=sharing,163.jpg,1,
Situaciones Sociales,,,Positive,Almuerzo maloliente,"Publicas una foto tuya en las redes sociales en la que sientes que te ves muy bien. Después de un par de días, ves que has recibido muy pocas gustas y comentarios. Todavía te sientes seguro en la foto a pesar de tu participación en las redes sociales.",N/A,¿Te ves bien en la foto que publicaste?,Sí,,https://drive.google.com/file/d/1x6YtYEy6hdyz4-M5McGewICI16YWjtav/view?usp=sharing,357.jpg,2,
Situaciones Sociales,,,Positive,La nueva ciudad,"Llevas unos meses viviendo en una ciudad nueva y has tenido problemas para hacer nuevos amigos. Has estado muy ocupado desde que se mudó, pero sabes que es importante establecer buenas relaciones aquí en su nuevo hogar. Cuando piensas en la vida en tu nueva ciudad, crees que harás amigos.",N/A,"Al pensar en la vida futura en su nuevo hogar, imagina:",Un nuevo grupo de amigos en el que puedes confiar.,Una necesidad de hacerlo todo usted mismo.,https://drive.google.com/file/d/1vmg4TsmrtbYfXhY-wPcqKCSfD3CWS8Kl/view?usp=sharing,516.jpg,2,
Situaciones Sociales,Salud Mental,,Resilience/Negation,Recuerdo conduciendo,"Estás manejando a la casa de un amigo en el pueblo donde vivías antes. Cuando llegas a la entrada, tienes un fuerte recuerdo de cuando solías visitar esta casa hace muchos años. Empiezas a sentir ansiedad por sentirte desorientado, y decides que lo que harás con estos sentimientos es simplemente dejarlos pasar.",N/A,"Cuando te sientes desorientado, es útil...",simplemente observar y aceptar los sentimientos.,Ponerte ansioso por sentirte desorientado.,https://drive.google.com/file/d/111tmTqhti30waD2ToHBnhDXMWZr6Fiv3/view?usp=sharing,324.jpg,2,
Situaciones Sociales,,,Resilience/Negation,Tu mejor amigo,"Tú y tu mejor amigo se han conocido por muchos años. Ahora trabajan en profesiones diferentes y tienen intereses distintos, y te preocupas que no se relacionarán a medida que envejecen. Cuando piensas en próximos eventos importantes de la vida, piensas que no te apoyará.","Cuando piensas en eventos importantes de la vida, crees que tu amigo no se distanciará, sino que esperas que sean comprensivos.",¿Esperas que tu mejor amigo te apoye durante eventos importantes de la vida?,Sí,No,https://drive.google.com/file/d/1j-GXdH0RVew2yK6cL-6R3AjG0Sq_ydWc/view?usp=sharing,507.jpg,2,
Situaciones Sociales,Salud Física,,Positive,Viendo a un viejo amigo,Ves a un viejo amigo con el que no has hablado en años. Tu corazón da un vuelco. Te sientes emocionado.,N/A,¿Está bien que sientas que tu corazón da un vuelco?,Sí,,https://drive.google.com/file/d/1y8Ol0_urR_KdDlcWEw9hZ979KBQ_ozHp/view?usp=sharing,432.jpg,2,
Situaciones Sociales,,,Positive,Conociendo nuevos amigos,"En el trabajo, te asignan al nuevo proyecto en el que no conoces a nadie más. El primer día de reunión, te esfuerzas por hacer nuevos amigos. Cuando piensas en preguntarles a algunos colegas si quieren tomar café después del trabajo, esperas que digan que sí.",N/A,"Si les preguntas a tus compañeros de trabajo si quieren tomar un café después del trabajo, probablemente...",Estén de acuerdo en que tomar café es una buena idea.,Rechacen cortésmente tu invitación.,https://drive.google.com/file/d/1vmEFLzq1i5guQSpr0uE5nLlEbZHH1whv/view?usp=sharing,110.jpg,2,
Situaciones Sociales,,,Positive,Almuerzo con un amigo,"Sales a almorzar con un amigo. Mientras comes tu ensalada y hablas con él, te mira. Probablemente piensa que eres interesante.  ",N/A,Probablemente te estaba mirando porque...,Eres una excelente compañía.,Tienes malos modales.,https://drive.google.com/file/d/1em0l3V7p1ogxMfcVABV3Q6jMzd0__bfK/view?usp=sharing,547.jpg,2,
Situaciones Sociales,Vida Familiar y Doméstica,,Positive,Presentando a tus amigos,Invitaste a tu cónyuge a encontrarse con tus amigos del trabajo esta noche. Sabes que a menudo puede contar historias vergonzosas sobre ti a otras personas. Piensas en lo que va a hacer esta noche y te sientes tranquilo.,N/A,¿Estás preocupado por lo que dirá tu cónyuge esta noche?,No,,https://drive.google.com/file/d/1jGKwLrtXqcIGGrJzcL9eRsCy8D-KQGvl/view?usp=sharing,150.jpg,2,
Situaciones Sociales,,,Negative,Plato típico,"Vas a una cena compartida, y quieres hacer un plato usando la receta de tu familia. Tienes la receta que te dieron tus padres, pero te preocupas no tener las habilidades culinarias para hacer el plato. Piensas que probablemente las personas en la fiesta crean que tu comida tiene muy buen sabor.",N/A,"Cuando piensas en las reacciones a tu comida, te imaginas que los otros invitados...",Dejan  sus porciones en sus platos.,Se sirven una segunda vez.,https://drive.google.com/file/d/12kKvu8IBTJkLrM3hsryH2oaUOq9wkAyI/view?usp=sharing,471.jpg,2,
Situaciones Sociales,Salud Mental,,Positive,Un comentario grosero,Publicas una foto en la que estás realmente seguro. Ves un comentario realmente grosero cuando regresas para revisar tus comentarios. Respiras profundamente y decides no sentirte molesto.,N/A,¿Te molesta mucho el comentario grosero en tu publicación?,No,,https://drive.google.com/file/d/1RkgHCc_BENHGzRjkp5-Y-7TvU7m58if8/view?usp=sharing,334.jpg,2,
Situaciones Sociales,Finanzas,,Resilience/Negation,Saludando gente en bibliotecas,Te estás quedando tarde para terminar unos trabajos y te das cuenta a dos compañeros. Se van juntos y te saludan mientras pasan. Te sientes avergonzado.,Te das cuenta que podrían estar yendo a terminar algún trabajo juntos. Esto te hace sentir mejor.,¿Te sientes ansioso después de ver a tus amigos?,No,,https://drive.google.com/file/d/1Clctht43jDXF2QSySK6_NttDqJAW6LRW/view?usp=sharing,260.jpg,2,
Situaciones Sociales,,,Positive,Un corte de pelo diferente,"Mientras estás en la peluquería, decides en un corte de pelo completamente diferente. Cuando ves a tu amigo después, se sorprende. Probablemente su sorpresa signifique que piensa que el nuevo estilo te queda genial.",N/A,¿A tu amigo le gusta tu nuevo corte de pelo?,Sí,,https://drive.google.com/file/d/1nxCfWyJ_lSYhZLviVa67EuNv-JzlUoEO/view?usp=sharing,548.jpg,2,
Situaciones Sociales,Finanzas,,Positive,Ahorrar dinero,"Necesitas ahorrar dinero y siempre llevas la comida de casa a tu trabajo. Cuando comes con tus amigos, te das cuenta que todos salen a comer cada almuerzo. Te das cuenta que tienes una situación diferente en comparación con tus amigos y está bien.",N/A,¿Eres duro a ti mismo porque no compras el almuerzo como tus amigos?,No,,https://drive.google.com/file/d/1GlgWw9CNYkuvPqXiAgChQuDim1Uuife8/view?usp=sharing,257.jpg,2,
Situaciones Sociales,,,Negative,Amigos del club de lectura,"Recientemente te uniste a un club de lectura local y crees que los demás miembros son geniales. Te gustaría salir más a menudo, pero te preocupas si querrán ser amigos fuera del club de lectura. Consideras invitarlos a cenar y crees que pensarán que eres aburrido.",N/A,"Si los miembros del club de lectura acepten tu invitación a cenar, ellos probablemente...",Se sentirán decepcionado de tu compañía.,Disfrutarán de la reunión durante la cena.,https://drive.google.com/file/d/1A1f5i2QjKCaDwo5rm3VkBWBNRDlH60lC/view?usp=sharing,366.jpg,2,
Situaciones Sociales,,,Positive,Dejado sin respuesta,"Puedes ver que tu amigo abrió la foto que enviaste pero no te respondió. Sabes que está publicando otras cosas, así que probablemente no te respondió porque se le olvidó.",N/A,¿Tu amigo te está ignorando a propósito?,No,,https://drive.google.com/file/d/16Mn418BJmgaCo2BI0gZ-yjV4YknV-Me0/view?usp=sharing,180.jpg,2,
Situaciones Sociales,Académicos/Trabajo/Desarrollo Profesional,,Positive,Una audiencia captada,"Tienes que dar una presentación a un grupo de colegas de trabajo que conoces bien. Todos están callados durante tu presentación. Mientras lo piensas más tarde en casa, crees que tus colegas encontraron tu presentación interesante.",N/A,Tus compañeros probablemente estaban callados porque...,Estaban enfocados en tu presentación.,Estaban aburridos con tu presentación.,https://drive.google.com/file/d/12S8nfxTZe8xGCPO8jz-sGM6I1c8zCe1q/view?usp=sharing,35.jpg,2,
Situaciones Sociales,Vida Familiar y Doméstica,Finanzas,Positive,Inicio Presentaciones,"Te das cuenta que tu casa no es como la de tus compañeros. Tu mejor amigo nunca ha estado en tu casa, pero quiere venir a cenar una noche. Crees que su reacción hacia tu hogar será respetuosa.",N/A,¿Tu amigo juzgará tu casa?,No,,https://drive.google.com/file/d/1VCybtiOeMs0Sxk93nEyA51k4mVoIITAu/view?usp=sharing,165.jpg,2,
Situaciones Sociales,,,Resilience/Negation,Nuevo ambiente,"Tienes miedo de la naturaleza salvaje. Este fin de semana, acamparás con amigos y sabes que se han avistado con frecuencia animales salvajes en la zona. Al pensar en el viaje, sientes miedo.","Piensas un poco más en el paseo de acampar, y te das cuenta que disfrutarás tanto de la experiencia y el miedo se disipará. Te sientes más tranquilo.",¿El viaje será miserable?,No,,https://drive.google.com/file/d/1yzXkc052e-ZcwIMbWLOvGO0t6qcqKbgg/view?usp=sharing,549.jpg,2,
Situaciones Sociales,Académicos/Trabajo/Desarrollo Profesional,,Positive,Faltando una reunión,"Aunque normalmente llegas a tiempo a los eventos de trabajo, hoy recibes un correo electrónico de tu jefe diciendo que estás unos minotos tarde a una reunion, de la cual te olvidaste completamente. Mientras llegas rápidamente a la ofinica, te preguntas si te va a juzgar por llegar tarde. Al entrar en la oficina, su ansiedad es tolerable.",N/A,"¿Durante la reunion, tu jefe pensará que probablemente eres...","Competente, a pesar de que cometiste un error.",Irresponsable y nervioso.,https://drive.google.com/file/d/1Xtpog7JLHTLu8uPpNq90GkgqP4CpvcjD/view?usp=sharing,42.jpg,2,
Situaciones Sociales,Vida Familiar y Doméstica,,Positive,Reconciliándote con tu amigo,"Unos días después de un pleito con tu amigo, decides romper el hielo y le propones que vayan a tomar un café. Te alistas y cuando estás por irte, te llama para decirte que después de todo no puede llegar. Cuando cuelgas, piensas que canceló debido a que está cansado. ",N/A,¿Tu amigo canceló la reunion porque está...,Cansado de una semana ocupada.,Enojado con tí.,https://drive.google.com/file/d/1LZnhgjX_Ooy4zJ7r99Iydqi6bvIOcszd/view?usp=sharing,127.jpg,2,
Situaciones Sociales,Salud Mental,,Positive,Broma interna,Publicas un video corto. Tu mejor amigo comenta algo realmente vergonzoso. Tus seguidores pensarán que tú y tu amigo sois cercanos.,N/A,¿Otros te juzgan por el comentario de tu amigo en tu publicación?,No,,https://drive.google.com/file/d/1828HR7oyHuDJpNFSn5JmLlYAZ24vA7x7/view?usp=sharing,342.jpg,2,
Situaciones Sociales,Académicos/Trabajo/Desarrollo Profesional,,Positive,Expresando tus ideas,"Mientras trabajas en un proyecto de grupo colaborativo en el trabajo, compartes tus ideas con tu grupo. Los demás miembros del grupo no reaccionan. Deben estar pensando en el proyecto.",N/A,¿Los miembros del grupo piensan que tus ideas son malas?,No,,https://drive.google.com/file/d/1LZX5Q9czPuvVzkKhTglyiF6nhzh1mqA1/view?usp=sharing,73.jpg,2,
Situaciones Sociales,Salud Física,,Resilience/Negation,Pánico de presentación,"Estás dando una presentación que has estado realmente nervioso por dar. Mientras hablas, sientes un nudo en la garganta y comienzas a toser. Estos sentimientos probablemente significan que estás entrando en pánico.","Decides tomar un respiro lento y profundo. Al empezar a hablar de nuevo, te das cuenta de que lo que sentiste era normal.",¿Es normal toser durante una presentación?,Sí,,https://drive.google.com/file/d/10fLWhto09ulpTOoQ_oICa06UK6vWzttW/view?usp=sharing,46.jpg,2,
Situaciones Sociales,,,Positive,Usando lo que tienes,"Has sido invitado a un evento formal de tu trabajo. No puedes permitirte comprar algo nuevo para llevar, así que tendrás que ponerte ropa que ya tienes. Cuando piensas en la opinión de todos sobre el hecho de que llevas ropa vieja, sabes que te sentirás seguro.",N/A,¿Te preocupas lo que otros pensarán de tu ropa vieja?,No,,https://drive.google.com/file/d/1IGCUmxaQ4KuTOm8JOXB9j9H66jDnC7k5/view?usp=sharing,550.jpg,2,
Situaciones Sociales,Salud Física,,Positive,Fiesta sensacional,"Estás en una fiesta de cumpleaños para un amigo de un amigo. Te das cuenta que estás ruborizado y un poco sudado. Parado allí, piensas que estas sensaciones son normales.",N/A,Las personas probablemente...,No te verán tu sudor ya que la habitación está poco iluminada.,Notarán que estás sudando.,https://drive.google.com/file/d/1cfjkxrnn1-Ws7c5KzE7-FN0aIqqXiOQF/view?usp=sharing,409.jpg,2,
Situaciones Sociales,,,Positive,Pensamientos del grupo de teatro,"Estás en el comité de un teatro comunitario local, que está planeando nuevas producciones. En la primera reunión, el director te pide ideas sobre qué obra interpretar. Todos hacen una pausa después de que dices tus ideas, y piensas que los demás encuentran tus ideas interesantes.",Probablemente todos creen que...,Tienes ideas innovadoras.,Tienes ideas terribles.,,https://drive.google.com/file/d/1LReBi4l_MLl7STd2g4biqxzTxAx9bA4a/view?usp=sharing,510.jpg,2,
Situaciones Sociales,,,Negative,Aprender a bailar en las redes sociales,"Estás pensando en un nuevo juego que compraste mientras estás en el trabajo. Realmente quieres invitar a la gente y aprender a jugarlo, pero no quieres avergonzarte frente a tus compañeros de trabajo. Decides no mencionarlo ya que estás nervioso, y te sientes triste. ",N/A,¿Estás ansioso por jugar este juego frente a tus compañeros de trabajo?,Sí,,https://drive.google.com/file/d/1snZWjNgaZvOZOvpi3m_lca-YuYQL6EBD/view?usp=sharing,551.jpg,2,
Situaciones Sociales,Académicos/Trabajo/Desarrollo Profesional,,Resilience/Negation,Corrección rápida,"En el pasillo del trabajo, tu jefe te hace una pregunta y te das cuenta que has respondido incorrectamente. Tu jefe te corrige. Crees que la experiencia de ser corregido por tu jefe es terrible.","Al final, recuerdas que cometer errores ocasionalmente no te hace un mal empleado. Tu jefe te corregió amablemente, porque es su trabajo, y sientes que toda la interacción estuvo bien.",¿Está bien responder incorrectamente de vez en cuando a una pregunta de su jefe?,Sí,,https://drive.google.com/file/d/1LkIEzSKHGt3ThPYYrQWPZjfUroEcuFve/view?usp=sharing,60.jpg,2,
Situaciones Sociales,,,Positive,Interrumpiendo el silencio,Entras en una sala de reuniones tranquila unos minutos tarde. La puerta chirría muy fuerte cuando entras y tus compañeros de trabajo miran en tu dirección. Probablemente se sientan sorprendidos.,N/A,¿Tus compañeros de trabajo están molestos porque les molestaste?,No,,https://drive.google.com/file/d/1To4f_zxdcC6nVMeuf42V-32MmiEU5jxS/view?usp=sharing,552.jpg,2,
Situaciones Sociales,,,Positive,Exponer a un amigo,"Recientemente visitaste a un amigo al que no habías visto en mucho tiempo y, cuando regresas, descubres que tu pareja se ha despertado con dolor de garganta. Tu pareja se hará una prueba de COVID hoy, pero tú estás preocupado por los resultados y tienes miedo de haber expuesto accidentalmente a tu amigo. Piensas en lo que sucederá si tu pareja da positivo y sientes que tu amigo te entenderá y te perdonará.",N/A,¿Tu amiga se enojará contigo por exponerla?,No,,https://drive.google.com/file/d/1qAWjFQka56L2bKl6Z_LGoTqGb_lPiUg-/view?usp=sharing,553.jpg,2,
Situaciones Sociales,,,Positive,Fin de semana largo solo,"Tienes el lunes libre por un feriado y sabes que la gente hará planes para el fin de semana largo. Después de que un amigo cercano te dijo que estaba fuera de la ciudad durante el fin de semana, te das cuenta que no tienes a nadie con quien pasar el fin de semana largo. Esto te hace optimista acerca de hacer nuevos amigos la próxima semana.",N/A,¿Estás triste por el fin de semana largo?,No,,https://drive.google.com/file/d/1_c7NWSgduJgJbKTFdnL3lsFX-QU5EPAG/view?usp=sharing,554.jpg,all,
Situaciones Sociales,,,Negative ,Conociendo nuevos amigos,"En el trabajo, te asignan al nuevo proyecto en el que no conoces a nadie más. El primer día de reunión, te esfuerzas por hacer nuevos amigos. Cuando piensas en preguntarles a algunos colegas si quieren tomar café después del trabajo, esperas que digan que no.",N/A,"Cuando les preguntas a tus compañeros de trabajo si quieren tomar un café después del trabajo, probablemente pensarán...","""Prefiero mantener nuestras interacciones profesionales por ahora.""","""Esa es una idea maravillosa. Sería agradable conocerte fuera del trabajo.""",https://drive.google.com/file/d/1vmEFLzq1i5guQSpr0uE5nLlEbZHH1whv/view?usp=sharing,110.jpg,all,
Situaciones Sociales,Salud Mental,,Positive,Probando un dicho divertido,Estás intentando pensar en un cierre para un correo que enviarás a tus compañeros de trabajo. Se te ocurre un chiste que a tus amigos más cercanos les encantará. Tus compañeros de trabajo lo encontrarán gracioso.,N/A,¿Te preocupas lo que pensarán tus compañeros acerca de tu chiste?,No,,https://drive.google.com/file/d/1828HR7oyHuDJpNFSn5JmLlYAZ24vA7x7/view?usp=sharing,342.jpg,all,
Situaciones Sociales,Vida Familiar y Doméstica,,Resilience/Negation,Traer un nuevo amigo a casa,"Vives con algunos miembros de tu familia extendida. Tu colega te pregunta si puede venir a cenar algún día y no sabe cuántas personas viven en tu casa. Cuando imaginas a tu colega entrando a tu casa, crees que te sorprenderás.","Considera que vive en una situación diferente a la de su colega. También sabes que tu colega es muy amable, por lo que lo aceptará.",¿Tu colega te juzga por vivir con muchos miembros de tu familia extendida?,No,,https://drive.google.com/file/d/1scmmozRrE86kB6Z8kfBY87Pr17Q0gA1O/view?usp=sharing,161.jpg,all,
Situaciones Sociales,,,Positive,Amigos pasando tiempo juntos,"Mientras te desplazas por tus redes sociales, ves que tus amigos salieron sin ti anoche. No recibiste una invitación para salir con ellos. Te das cuenta que a veces tus amigos pasan tiempo sin ti y que la próxima vez puedes iniciar.",N/A,¿Iniciarás planes con tus amigos para pasar tiempo con ellos la próxima vez?,Sí,,https://drive.google.com/file/d/1NQOsEWtgZnLSr1Ii5PB_SnSTL28Emh96/view?usp=sharing,555.jpg,all,
Situaciones Sociales,Salud Física,,Positive,Corriendo con un amigo,Tienes planes para correr mañana con un amigo que corre todos los días. No has corrido en bastante tiempo y te preocupas si podrás mantener el ritmo o no. Crees que las posibilidades de que puedas seguir el ritmo de tu amigo son altas.,N/A,"Mañana, probablemente...",Podrás seguir el ritmo de tu amigo.,Te quedarás atrás de tu amigo durante tu carrera.,https://drive.google.com/file/d/1eJ-08i7HtFvPYHdRnELsblgm6tY079fj/view?usp=sharing,416.jpg,all,
Situaciones Sociales,,,Positive,Planes cancelados,"Tienes planes para encontrarte con un amigo en la ciudad. La última vez que se vio, tuves un desacuerdo. Justo antes de salir, te llama para decir que no puede llegar. Al colgar el teléfono, piensas que esto se debe a que está ocupados.",N/A,Tu amigo probablemente canceló los planes porque...,Recordó que tenía una reunión importante en el trabajo al mismo tiempo.,Está enojado contigo debido a su desacuerdo anterior.,https://drive.google.com/file/d/1XmEF3Y_EVn1lonn_hWKIbtSjgRFn_dbg/view?usp=sharing,333.jpg,all,
Situaciones Sociales,,,Positive,Saludando a alguien,"Mientras estás caminando, ves a un vecino al que no conoces bien. Decides saludarlo de pasada, pero luego te preguntas si en realidad molestaste al vecino. Mientras sigues caminando, crees que piensan que eres amigable.",N/A,¿Tu vecino piensa que eres amigable?,Sí,,https://drive.google.com/file/d/1e09wHUhmcISoqWIDA3wsE84400vKN5qM/view?usp=sharing,556.jpg,all,
Situaciones Sociales,,,Positive,Viejos amigos,Estás haciendo trabajo voluntario en un evento comunitario y te das cuenta a dos compañeros de trabajo que no has visto en un tiempo. Se acercan a saludar mientras pasan. Probablemente piensan que eres una persona normal.,N/A,¿Tus amigos te están juzgando por hacer trabajo voluntario?,No,,https://drive.google.com/file/d/19C7toEPndzExnPZqhv9WwfUM2jnf7-8D/view?usp=sharing,557.jpg,all,
Situaciones Sociales,Salud Mental,Académicos/Trabajo/Desarrollo Profesional,Resilience/Negation,Opinión importante,"Terminas una tarea que tienes que entregar la próxima semana para le pides la opinión a tu jefe. Te dice que el trabajo está bien, excepto por una sección incompleta. Sientes que piensa que eres descuidado.","Al final, te das cuenta que señaló el error para que pudieras mejorarlo antes de enviarlo. Corriges la sección incompleta y crees que tu jefe piensa que estás aprendiendo.",¿Tu jefe quedó satisfecho con tu progreso?,Sí,,https://drive.google.com/file/d/1sS8e3ZmixCVH2YAFPuVlOAoIhpt-vfWE/view?usp=sharing,58.jpg,all,
Situaciones Sociales,,,Positive,Cambio de planes,"Hiciste planes con tus amigos que has estado esperando toda la semana. Cuando conduces hasta tu casa y llamas para decirles que estás allí, parece que ya están saliendo con otras personas y te cuelgan abruptamente. Crees que tus amigos están ocupados.",N/A,¿Quisieron tus amigos dejarte fuera?,No,,https://drive.google.com/file/d/1mmOSGJ31nNLEVlpLFer3vLZ79Sz6CfU7/view?usp=sharing,532.jpg,all,
Situaciones Sociales,,,Positive,Publicando nuevo contenido,"Decides crear una publicación creativa que es muy diferente de lo que sueles publicar. Compartes algo nuevo y aún no recibes ninguna respuesta. Cuando piensas en el desafío de crear contenido creativo, te sientes entusiasmado.",N/A,¿Dejas que el desafío de crear publicaciones creativas te detenga?,No,,https://drive.google.com/file/d/19_33CkWxNa7YBxB_t2IlU0acbzpfLAJi/view?usp=sharing,558.jpg,all,
Situaciones Sociales,Académicos/Trabajo/Desarrollo Profesional,,Positive,Evaluación importante,Ya casi has completado un proyecto importante.  Tus compañeros de trabajo  determinan parte de tu evaluación.Conoces bien a la mayoría de ellos y sientes que te evalúen favorablemente.,N/A,Tus compañeros de trabajo probablemente...,Te darán una buena puntuación.,Te darán una mala puntuación.,https://drive.google.com/file/d/1FcB5CvXNaJdV8qJE0nz1NN6MVKPtk2zJ/view?usp=sharing,76.jpg,all,
Situaciones Sociales,,,Positive,Viejo amigo,"Mientras estás en un festival, ves a un amigo no muy lejos y le llamas el nombre. No te responde. Decides que es porque está distraído.",N/A,Tu amigo probablemente no te respondió porque...,No te escucharó.,No le caes bien.,https://drive.google.com/file/d/1FzEAS5eWYKUvzFSsM4Wh2iUAZMohz6Mw/view?usp=sharing,559.jpg,all,
Situaciones Sociales,Salud Física,,Positive,Manchas de sudor,Es un día caliente y tú y tus amigos están caminando afuera. Te das cuenta que estás empezando a sudar y puedes ver algunas manchas en tu camiseta. Conoces bien a estos amigos y no les importará.,N/A,¿Tus amigos se burlarán de las manchas en tu camiseta?,No,,https://drive.google.com/file/d/1Wch_kcxO-_MSrBd4tyGQsC_dXyOttIIF/view?usp=sharing,428.jpg,all,
Situaciones Sociales,Salud Mental,,Negative,Compartiendo programas favoritos,"Estás hablando con un grupo de compañeros de trabajo sobre programas de televisión. Cuando dices lo que te gusta de un programa viejo que acabas de descubrir, nadie responde. Probablemente piensan que eres raro.",N/A,¿Tus compañeros de trabajo te juzgan por lo que dijiste sobre el programa de televisión?,Sí,,https://drive.google.com/file/d/1opDxSogFwDYpEb5PGw4jTADE96Y2WtG7/view?usp=sharing,346.jpg,all,
Situaciones Sociales,,,Resilience/Negation,Risa en la esquina,"Estás dando una presentación durante tu reunión de tarde. Mientras hablas, escuchas a algunos de tus compañeros de trabajo riendo en la esquina. Los miras y te das cuenta que probablemente se estaban riendo de ti.","Después de un momento, recuerdas situaciones en las que tú y tus compañeros de trabajo se han reído de cosas no relacionadas con quien está hablando. Continúas con tu presentación y la completas con éxito. ",¿Tus compañeros se estaban riendo de ti?,No,,https://drive.google.com/file/d/1TT4fuIpUKuMK-jVrWlcStBgpHS3YAMh6/view?usp=sharing,560.jpg,all,
Situaciones Sociales,Finanzas,,Resilience/Negation,Devolución de chaqueta,"Estás en la tienda departamental para devolver una chaqueta. Cuando hablas con un asociado de ventas en el mostrador, no sonríe y te mira con molestia.","Al final, te das cuenta que la persona en el mostrador estaba muy estresada debido a un cliente anterior, y cuando empezó a ayudarte, fue muy amable.",El asociado de ventas no sonreía mucho porque...,Estaba molesto con otra persona.,Estaba molesto contigo.,https://drive.google.com/file/d/18b-tqKcB1o6S6rl8tPxY7UqRfh43e5mH/view?usp=sharing,258.jpg,all,
Situaciones Sociales,,,Positive,Almorzando solo,"Durante la hora del almuerzo, tienes tiempo para comer en una cafetería cerca del trabajo. Cuando entras, ves que la mayoría de la gente está sentada con un amigo, pero no tienes a nadie con quien comer. Decide que es normal comer solo y disfrutas de tu comida.",N/A,¿Comer solo te molesta?,No,,https://drive.google.com/file/d/19bu8gAX5fJudIIeey_0qKXwzZ-Lpgg8Q/view?usp=sharing,561.jpg,all,
Situaciones Sociales,Académicos/Trabajo/Desarrollo Profesional,,Positive,Palabra tropiezo,"Tienes que hacer una presentación sobre tu trabajo a tus compañeros y a tu jefe. Al empezar, te topas con las primeras palabras. Siguiendo con ello, crees que tu desempeño será evaluado positivamente.",N/A,¿Crees que a los otros les gustará tu presentación?,Sí,,https://drive.google.com/file/d/1xUVHP-lj26dCvOIiMMMta2bgIGRH5hR9/view?usp=sharing,10.jpg,all,
Situaciones Sociales,Salud Física,,Positive,Una mesa sucia,"Te encuentras con un amigo para almorzar en un nuevo restaurante. Una vez que te sientas, te das cuenta que tu mesa no fue limpiada después de que los clientes anteriores se fueron, lo que te pone ansioso por los gérmenes. Decides quedarte a almorzar con tu amigo y tu ansiedad es tolerable.",N/A,"Mientras almuerzas con tu amigo, tu ...",eres capaz de disfrutar la conversación.,Estás insoportablemente ansioso.,https://drive.google.com/file/d/1d3Tz4L7BbfVIgBMIOeEAk7SC_ZshiTvk/view?usp=sharing,403.jpg,all,
Situaciones Sociales,,,Positive,Hablando de ti,"Durante el fin de semana, decides publicar un video y algunas fotos en tus redes sociales. Cuando llegas al trabajo el lunes, escuchas a tus compañeros de trabajo chismeando sobre tus imágenes y videos. Probablemente piensan que eres chévere.",N/A,¿Te preocupas lo que están diciendo tus compañeros de trabajo?,No,,https://drive.google.com/file/d/1ykY60oGbVNzm3vm41Sw4Ts1kDiSO5gjp/view?usp=sharing,562.jpg,all,
Situaciones Sociales,,,Resilience/Negation,Opiniones inusuales,"Durante una conversación, terminas discutiendo un tema con tus compañeros de trabajo. Más tarde, te das cuenta que pensaron que tus puntos de vistas son extraños.  Cuando el tema vuelve a aparecer en otra conversación, esperas que te excluyan.","Al final, aunque tus compañeros no compartían tu opinión, la encontraron interesante. La próxima vez que surge el problema, te preguntan tu opinión y te sientes incluido.",Tus compañeros probablemente piensan que tus opiniones son...,Interesantes,Ofensivos,https://drive.google.com/file/d/1MIRt_i8n5z7nk9CNWYXVsQ6oMzfE70xz/view?usp=sharing,563.jpg,all,
Situaciones Sociales,,,Positive,Situación de embriaguez,"Estás en una fiesta con tu pareja y está ebrio. Cuando sugieres que es hora de irse a casa, dice que no y se aleja de ti. Piensas que se está divirtiendo.",N/A,¿Tu pareja está molesto contigo?,No,,https://drive.google.com/file/d/1Zc-4xffN0v0XdDSXW-x1NAACedZAqgXQ/view?usp=sharing,340.jpg,all,
Situaciones Sociales,,,Positive,Un conocido,Te encuentras en la calle con alguien que no conoces bien y al que admiras. Le preguntas cómo está y sigues caminando. Este conocido probablemente piensa que eres amable.,N/A,¿No le agradas al conocido?,No,,https://drive.google.com/file/d/1C-zce9kzLUaNTvKVjPkRBpmnQOMidjcp/view?usp=sharing,564.jpg,all,
Situaciones Sociales,,,Resilience/Negation,Una discusión acalorada,"Invitas a compañeros de trabajo a tu casa para una cena, aunque sabes que no siempre se llevan bien. Durante la cena, la discusión se vuelve muy ruidosa y polémica.","Mientras limpias después, te das cuenta que fue un debate acolorado, la conversación entre tus invitados fue respetuoso y refrescante. Probablemente la fiesta les pareció entretenida.",Tus invitados probablemente pensaron que la cena era...,Un éxito y una buena idea.,Un fracaso y una mala idea.,https://drive.google.com/file/d/1DEZz52RsghdgI_jZTMn-mx0br1fwpFru/view?usp=sharing,565.jpg,all,
Situaciones Sociales,Salud Física,,Negative,Corriendo con un amigo,Tienes planes para correr mañana con un amigo que corre todos los días. No has corrido en bastante tiempo y te preocupas si podrás mantener el ritmo o no. Crees que las posibilidades de que puedas seguir el ritmo de tu amigo son bajas.,N/A,Imaginas que la carrera será...,"Demasiado rápida para ti, sin importar cuánto te esfuerces.",A un ritmo que puedes lograr si te esfuerzas mucho.,https://drive.google.com/file/d/1eJ-08i7HtFvPYHdRnELsblgm6tY079fj/view?usp=sharing,416.jpg,all,
Situaciones Sociales,,,Positive,Recogiendo a un viejo amigo,"Te vas a encontrar con un amigo que no has visto en muchos años. Manejas a la estación de tren para recogerlo. Cuando llegas, sabes que pasarán un buen rato contigo.",N/A,¿Crees que tu amigo se divertirá contigo?,Sí,,https://drive.google.com/file/d/1IiQh9VjcPADWHw-EUkf-WjJmJgtCUIl6/view?usp=sharing,495.jpg,all,
Situaciones Sociales,,,Positive,Chistes con Amigos,"Un grupo de tus compañeros están susurrando y mirando en tu dirección. Algunos se están riendo mucho. No tienes tiempo de ir a saludarlos, y piensas que probablemente se estaban riendo de un chiste. ",N/A,¿Se estaban burlando de ti?,No,,https://drive.google.com/file/d/12y3RCcUA6c2px4Via0vV9blbTbjsS6yw/view?usp=sharing,489.jpg,all,
Situaciones Sociales,Académicos/Trabajo/Desarrollo Profesional,,Positive,Esta reunión,"Estás caminando a una reunión importante con tu jefe. De repente, tu mente se queda en blanco y piensas que esto es normal.",N/A,¿Te da miedo que tu mente se quedó en blanco antes de tu reunión?,No,,https://drive.google.com/file/d/1v_4FGXs96Yggu3t319aUfGuvOfo--Ji7/view?usp=sharing,1.jpg,all,
Situaciones Sociales,,,Write Your Own,Write Your Own,,,,,,,,write your own,
Situaciones Sociales,,,Write Your Own,Write Your Own,,,,,,,,write your own,
Situaciones Sociales,,,Write Your Own,Write Your Own,,,,,,,,write your own,
Situaciones Sociales,Académicos/Trabajo/Desarrollo Profesional,,Positive,Participación,"Consideras asistir a un taller práctico en el que se requerirá tu opinión con frecuencia, a pesar de que no te gusta hablar frente a los demás. Después de asistir al taller, te das cuenta que fue una decisión excelente.",N/A,¿Estás contento de haber asistido al taller?,Sí,,https://drive.google.com/file/d/1Dh2em2eifFjm2KkfZDfxM2WuvxRCmMV7/view?usp=sharing,63.jpg,1,
Situaciones Sociales,,,Negative,El escaparate de danza,"Has estado tomando una clase de baile en el centro comunitario local y ha llegado el momento de tu exhibición de fin de clase. Quieres invitar a tus amigos y familiares al escaparate, pero te preocupas quedar en ridículo si no eres muy bueno. Mientras decides si invitas o no gente a tu programa, te ves fracasando.",N/A,"Si invitas a tus amigos y familiares, probablemente pensarán que...",Parecías muy tonto y esperan que no vuelvas a invitarlos.,Hiciste un buen trabajo y esperan que los invites a futuras presentaciones.,https://drive.google.com/file/d/1i0Fyi1U2KcNHbvvvDIlINUkFHD4jNSh-/view?usp=sharing,500.jpg,1,
Situaciones Sociales,Académicos/Trabajo/Desarrollo Profesional,,Positive,Una presentación grande,Estás a punto de dar una presentación importante. Te sientes ansioso al respecto. Esta sensación te produce excitación.,N/A,¿Te sientes emocionado por la presentación?,Sí,,https://drive.google.com/file/d/1Isymza3G0kL57wzhqwxZgxIn5utKL9wO/view?usp=sharing,2.jpg,1,
Situaciones Sociales,Vida Familiar y Doméstica,,Resilience/Negation,Tensión familiar,"Tú y un miembro de la familia tuvieron una conversación tensa hace unos meses. No han hablado desde esa interacción, pero se acerca un evento festivo al que ambos asistirán. Te preguntas si te enfrentará nuevamente.","Después de pensarlo, decides que el tema del desacuerdo sigue siendo importante para ti. Optas por evitar al miembro de la familia para evitar encontrarte en una situación incómoda.",¿Intentarás otra vez tener una conversación con el miembro de la familia?,No,,https://drive.google.com/file/d/1g5l905rSslaK-uHj6vY5LZpSy42h1tjN/view?usp=sharing,151.jpg,1,
Situaciones Sociales,,,Positive,Viejo amigo,"Mientras estás en un festival, ves a un amigo no muy lejos y le llamas el nombre. No te responde. Decides que es porque está distraído.",N/A,Tu amigo probablemente no te respondió porque...,No te escucharó.,No le caes bien.,https://drive.google.com/file/d/1FzEAS5eWYKUvzFSsM4Wh2iUAZMohz6Mw/view?usp=sharing,559.jpg,1,
Situaciones Sociales,,,Resilience/Negation,El torneo de fútbol,"Después de no jugar por un tiempo, te uníste a un equipo de futbol recreativo. Hay un torneo al final de la temporada. ",Crees que no defraudarás a tus compañeros y contribuirás al éxito del equipo.,¿Tu desempeño contribuirá al éxito del equipo?,Sí,No,https://drive.google.com/file/d/1PQ_kdmKXsfTKUUEZbyfP4dhmzJiKXw8g/view?usp=sharing,504.jpg,1,
Situaciones Sociales,,,Positive,Hablando sobre televisión,"Estás hablando con un grupo de amigos sobre programas de televisión. Cuando compartes tu opinión sobre un programa viejo que acabas de descubrir, nadie responde. Probablemente están pensando en lo interesante que suena la trama.",N/A,¿Tus amigos te juzgan por lo que dijiste sobre el programa de televisión?,No,Sí,https://drive.google.com/file/d/1opDxSogFwDYpEb5PGw4jTADE96Y2WtG7/view?usp=sharing,346.jpg,1,
Situaciones Sociales,Vida Familiar y Doméstica,,Positive,Apartamento nuevo para ti,Acabas de mudarte a un nuevo apartamento y vives solo por primera vez en mucho tiempo. Tus días son muy tranquilos y a menudo te quedas en casa los fines de semana con muchos menos planes que cuando vivías con gente. Esto se siente como un relajante cambio de ritmo.,N/A,¿Estás aburrido viviendo solo?,No,,https://drive.google.com/file/d/1VlSJxjX6YZt0epDm0HUx0I8HU-2SSjKk/view?usp=sharing,168.jpg,1,
Situaciones Sociales,,,Positive,Llevar algo viejo,"Te invitan a una fiesta en la oficina y decides llevar un traje que compraste el año pasado. Llegas y todos los demás parecen tener un atuendo nuevo. Mientras caminas, el anfitrión se te acerca y te dice que luces bien.",N/A,¿El anfitrión de la fiesta piensa que te ves mal?,No,,https://drive.google.com/file/d/17W0dNbQ648WWbCLDQ3kAkeR0bT1bWMyW/view?usp=sharing,146.jpg,1,
Situaciones Sociales,Académicos/Trabajo/Desarrollo Profesional,,Positive,Sentirse diferente,Estás participando en una conferencia en línea y miras el video de todos. Te das cuenta que entre el grupo de personas te ves diferente a los demás. Piensas en esto y te das cuenta que está bien.,N/A,¿Es malo que te sientas diferente a los demás en tu campo?,No,,https://drive.google.com/file/d/1f1VN6tb5Yysg0HFc0gI9BB2IvxzQ6l5K/view?usp=sharing,97.jpg,1,
Situaciones Sociales,Académicos/Trabajo/Desarrollo Profesional,,Positive,Desconectandote,Estás en una reunión en Zoom y te desconectas por un minuto. Tu jefa te hace una pregunta y no la escuchaste. Le pides que repita su pregunta y esto te hace sentir bien.,N/A,¿Te sientes cómodo pidiéndole a la jefa de tu departamento que repita su pregunta?,Sí,,https://drive.google.com/file/d/1ZxZ_841mwj2NoY_cCWf9GHGmHmnONE6A/view?usp=sharing,78.jpg,1,
Situaciones Sociales,Salud Mental,,Positive,Tiempo para ti mismo,"Tu parte favorita del día es relajarte para cenar. Cuando empiezas a preparar la cena, te das cuenta que has estado comiendo solo mucho recientemente, y te sientes triste. Decides que estás bien con este hecho, ya que te da tiempo para reflexionar sobre tu día. ",N/A,¿Estás bién comer solo?,Sí,,https://drive.google.com/file/d/18ON-daCCgtQApC9SVxzPUIsZEHK2kZJK/view?usp=sharing,149.jpg,1,
Situaciones Sociales,,,Resilience/Negation,La nueva ciudad,"Llevas unos meses viviendo en una ciudad nueva y has tenido problemas para hacer nuevos amigos. Has estado muy ocupado desde que te mudaste, pero sabes que es importante establecer buenas relaciones aquí en tu nuevo hogar.","Cuando piensas en la vida en tu nueva ciudad, no crees que tengas que estar solo y crees que harás amigos.",¿Crees que terminarás estando solo mucho en tu nueva ciudad?,No,Sí,https://drive.google.com/file/d/1vmg4TsmrtbYfXhY-wPcqKCSfD3CWS8Kl/view?usp=sharing,516.jpg,1,
Situaciones Sociales,,,Resilience/Negation,Fotos en redes sociales,"Te invitan a un evento y decides llevar ropa nueva que no es tu estilo típico. Al día siguiente, ves que tu foto ha sido publicada en un sitio de redes sociales. El pensamiento de que todos verán tu foto te hace sentir avergonzado.","Al final, te das cuenta que muchas personas se sienten avergonzadas al ver su propia foto en público. Otras personas probablemente disfrutarán viendo tu foto en el sitio de redes sociales.",¿Estás deseando que otros vean tu foto en el sitio web?,Sí,,https://drive.google.com/file/d/1sVKizgA3QnMOtyy7qNs8X9ndbUMsWmuE/view?usp=sharing,478.jpg,1,
Situaciones Sociales,,,Positive,Gente fiestera,"Llegas a una fiesta grande y te das cuenta rápidamente de que hay muchas personas que no conoces allí. Te sientes ansioso y consideras irte a casa. Mirando a tu alrededor, decides quedarte.",N/A,La fiesta probablemente será...,Emocionante porque tienes la oportunidad de conocer gente nueva.,Incómodo porque no conoces a muchas personas.,https://drive.google.com/file/d/1Zc-4xffN0v0XdDSXW-x1NAACedZAqgXQ/view?usp=sharing,340.jpg,1,
Situaciones Sociales,,,Positive,Pedido de un niño,"Estás cuidando al hijo de un amigo. El niño pide ir a un parque de un vecindario diferente. En tu opinión, una salida normal como esta es segura.",N/A,¿Es peligroso ir a un parque de un vecindario diferente?,No,,https://drive.google.com/file/d/1tX2agdycBIu3O0qdoVYjKYA_m3wzz7yi/view?usp=sharing,526.jpg,1,
Situaciones Sociales,Académicos/Trabajo/Desarrollo Profesional,,Negative,Presentación importante,"Te han pedido que hagas una presentación sobre algunos de tus últimos proyectos en una conferencia importante. Esta es una gran oportunidad para resaltar el buen trabajo que has estado haciendo, pero te sientes nervioso al hablar frente a un grupo tan grande de compañeros.",N/A,"Después de tu presentación, la gente del público probablemente pensará en...",Cuántos problemas tuviste para dar la charla.,Que bien lo hiciste en tu charla.,https://drive.google.com/file/d/1mDkkEgN6DM4uUXlBqKzoV3AT0Fc6OUwv/view?usp=sharing,55.jpg,1,
Situaciones Sociales,,,Positive,Confianza creativa,"Te invitan a una fiesta de Halloween y solo conocerás a un par de personas allí. Decides llevar un disfraz realmente elaborado. Cuando llegas, todos te miran y probablemente piensan que eres creativo.",N/A,¿Las personas en la fiesta están juzgando negativamente tu disfraz?,No,,https://drive.google.com/file/d/16gkTECYcnvJgqAf4b7F6zKXjVETn1PHf/view?usp=sharing,537.jpg,1,
Situaciones Sociales,Salud Física,,Positive,Entrega Responsable,"Uno de tus amigos cercanos sale positivo en la prueba de COVID y te pide que le lleves comida. No quieres exponerte estando cerca de su hogar, pero también quieres ayudar. Encuentras una manera de entregar la comida y mantener tu distancia.",N/A,¿Puedes ayudar a tu amigo?,Sí,,https://drive.google.com/file/d/1oXJuho3aF66WCQMZ_tTZRNA2Wc3QA5gx/view?usp=sharing,455.jpg,1,
Situaciones Sociales,,,Positive ,Tu mejor amigo,"Tú y tu mejor amigo se han conocido por muchos años. Ahora trabajan en profesiones diferentes y tienen intereses distintos, y te preocupas que no se relacionarán a medida que envejecen. Cuando piensas en próximos eventos importantes de la vida, esperas que te apoyará.",N/A,Cuando piensas en los eventos próximos en tu vida...,Esperas que tu mejor amigo trate de entender lo que estás pasando.,Piensas que tu mejor amigo no empatizará con tus experiencias.,https://drive.google.com/file/d/1j-GXdH0RVew2yK6cL-6R3AjG0Sq_ydWc/view?usp=sharing,507.jpg,1,
Situaciones Sociales,,,Positive,Conexión perdida,Estás sentado en una cafetería cuando ves a tu amigo. Pasa junto a ti y se sienta al lado de otra persona. Es probable que está distraído. ,N/A,¿Tu amigo está enojado contigo?,No,,https://drive.google.com/file/d/1W-3y9MBzBjx8H95X6f2oIWBLj-DtqM3n/view?usp=sharing,505.jpg,1,
Situaciones Sociales,Académicos/Trabajo/Desarrollo Profesional,,Resilience/Negation,Llamada breve,"Estás en una reunión, y durante un breve descanso llamas a tu pareja para hablar. Llegas tarde de vuelta a la sala de reuniones y todos levantan la vista cuando abres la puerta. Los demás ven tus acciones como disruptivas.","Después de la reunión, te das cuenta que tus compañeros de trabajo probablemente se sorprendieron porque la puerta se abrió de repente. Es probable que piensen que abrir y cerrar la puerta silenciosamente demuestra que eres considerado.",¿La gente pensó que volver tarde a la reunión fue irrespetuoso?,No,,https://drive.google.com/file/d/1erMRFTmY4lmvlMrKvVk2If-RizKCWZ0l/view?usp=sharing,95.jpg,1,
Situaciones Sociales,Académicos/Trabajo/Desarrollo Profesional,,Positive,Prepararte para tener éxito,"En tu reunión de hoy, tienes una presentación importante. Para seguir las instrucciones de tu jefe, debes presentar por 15 minutos. Cuando piensas en completar esta presentación, te sientes preparado.",N/A,¿Eres capaz de completar la presentación?,Sí,,https://drive.google.com/file/d/1pQHZTO39FaMtxe96k3wQ-bwUufBsPYvC/view?usp=sharing,64.jpg,1,
Situaciones Sociales,,,Positive,Conversación con un desconocido,"Estás en una fiesta de cumpleaños para un amigo y estás hablando con alguien que acabas de conocer. No puedes decir si la persona piensa que eres interesante o aburrido, y decides que está bien no saber.",N/A,"En general, la conversación probablemente fue...",Una oportunidad relajada y agradable para conocer a una nueva persona.,"situación estresante, porque la persona podría haberte encontrado aburrido.",https://drive.google.com/file/d/1xYq4Dvk8Dk8PkSkRy32Uyga7CXkJ8vAX/view?usp=sharing,484.jpg,1,
Situaciones Sociales,,,Positive,Planes cancelados,"Tienes planes para encontrarte con un amigo en la ciudad. La última vez que se vio, tuvieron un desacuerdo. Justo antes de salir, te llama para decir que no puede llegar. Al colgar el teléfono, piensas que esto se debe a que está ocupado.",N/A,Tu amigo probablemente canceló los planes porque...,Recordó que tenía una reunión importante en el trabajo al mismo tiempo.,Está enojado contigo debido a su desacuerdo anterior.,https://drive.google.com/file/d/1XmEF3Y_EVn1lonn_hWKIbtSjgRFn_dbg/view?usp=sharing,333.jpg,1,
Situaciones Sociales,,,Positive,Nuevo atuendo,Llegas a una fiesta con ropa nueva. Todos se giran para mirarte mientras entras. Decides que deben pensar que luces con estilo.,N/A,¿A todos en la fiesta les gustó tu ropa nueva?,Sí,,https://drive.google.com/file/d/1_hrtZAUE_T1qvBetL3T-XeNx8JUHxnnC/view?usp=sharing,497.jpg,1,
Situaciones Sociales,,,Resilience/Negation,Experiencia en el supermercado,Estás en un supermercado. Mientras estás mirando algunos estantes accidentalmente tiras varias latas al suelo y los compradores dan la vuelta para mirarte. Los compradores ven las latas en el suelo y responden con molestia.,"Al final, te das cuenta que probablemente las personas simplemente se sorprendieron por el ruido y dieron vuelta reflejamente. Los compradores vieron que nadie resultó herido y probablemente se sintieron aliviados.",Los otros compradores probablemente se sintieron...,Aliviados de que nadie fue herido.,Molestos por el sonido fuerte.,https://drive.google.com/file/d/1aeBYvXXRRb7XOm5OW_eMlyeAIEi7Zc5t/view?usp=sharing,566.jpg,1,
Situaciones Sociales,,,Negative,El escaparate de danza,"Has estado tomando una clase de baile en el centro comunitario local y ha llegado el momento de tu exhibición de fin de clase. Quieres invitar a tus amigos y familiares al escaparate, pero te preocupas quedar en ridículo si no eres muy bueno. Mientras decides si invitas o no gente a tu programa, te ves fracasando.",N/A,"Si invitas a tus amigos y familiares, probablemente pensarán que...",Parecías muy tonto y esperan que no vuelvas a invitarles.,Hiciste un buen trabajo y esperan que los invites a futuras presentaciones.,https://drive.google.com/file/d/1i0Fyi1U2KcNHbvvvDIlINUkFHD4jNSh-/view?usp=sharing,500.jpg,1,
Situaciones Sociales,Vida Familiar y Doméstica,,Positive,Conversación durante la cena,Estás en casa de tu amigo para cenar y te preguntan sobre tus padres. No estás seguro de cómo responder porque tus padres están divorciados y no has visto a tu madre por mucho tiempo. Piensas en qué dirás y te sientes seguro.,N/A,¿Puedes hablar sobre tus padres divorciados?,Sí,,https://drive.google.com/file/d/18ON-daCCgtQApC9SVxzPUIsZEHK2kZJK/view?usp=sharing,149.jpg,1,
Situaciones Sociales,Académicos/Trabajo/Desarrollo Profesional,,Positive,Un trago de agua,"Te dicen que tienes que hacer una presentación ante tus compañeros de trabajo. Cuando llega el momento de presentar, tomas un trago de agua y te preguntas qué pensarán tus compañeros de ti. Al comenzar a hablar, sientes miedo pero decides continuar.",N/A,Cuando sientes ansiedad durante una presentación...,Tienes la capacidad de continuar con tu exposición.,Tienes que parar tu exposición y huir de la situación.,https://drive.google.com/file/d/1M2nmwy6Vs-FYWSeplo1FuQ51PqchzdnB/view?usp=sharing,33.jpg,1,
Situaciones Sociales,Académicos/Trabajo/Desarrollo Profesional,,Positive,Palabra tropiezo,"Tienes que hacer una presentación sobre tu trabajo a tus compañeros y a tu jefe. Al empezar, te topas con las primeras palabras. Siguiendo con ello, crees que tu desempeño será evaluado positivamente.",N/A,¿Crees que a los otros les gustará tu presentación?,Sí,,https://drive.google.com/file/d/1xUVHP-lj26dCvOIiMMMta2bgIGRH5hR9/view?usp=sharing,10.jpg,2,
Situaciones Sociales,,,Negative,Plato típico,"Vas a una cena compartida, y quieres hacer un plato usando la receta de tu familia. Tienes la receta que te dieron tus padres, pero te preocupas no tener las habilidades culinarias para hacer el plato. Piensas que probablemente las personas en la fiesta crean que tu comida tiene muy buen sabor.",N/A,"Cuando piensas en las reacciones a tu comida, te imaginas a los otros invitados...",Dejando sus porciones en sus platos.,Sirviéndose una segunda vez.,https://drive.google.com/file/d/12kKvu8IBTJkLrM3hsryH2oaUOq9wkAyI/view?usp=sharing,471.jpg,2,
Situaciones Sociales,Salud Mental,Relaciones Románticas,Resilience/Negation,Zambullirte,Estás en la piscina local. Está lleno y te das cuenta que mucha gente podrá verte en tu traje de baño. Piensas en esto y te sientes inseguro.,Recuerdas que estarán concentrados en nadar y que todos los demás también estarán usando trajes de baño. Esto te reconforta.,¿Te sientes bien llevando tu traje de baño frente a ellos?,Sí,,https://drive.google.com/file/d/14PpW4hP6WC0D2w8vTG9u7dihy5qj4aKs/view?usp=sharing,207.jpg,2,
Situaciones Sociales,Vida Familiar y Doméstica,,Positive,Casa bilingüe,"Estás cenando con un compañero de trabajo. Mientras comen juntos, recibes una llamada telefónica de un miembro de tu familia y cambias entre español y otro idioma. Nunca le dijiste a tu compañero de trabajo que tus familiares son bilingües. Piensas en la reacción de tu compañero y crees que le parecerá interesante.",N/A,¿Tu compañero de trabajo juzga a tu familia bilingüe?,No,,https://drive.google.com/file/d/1vTuw-1aglVPbYE4oaEYbIP6LLuikDSFt/view?usp=sharing,144.jpg,2,
Situaciones Sociales,Salud Mental,,Positive,Foto con amigos,"Tú y tu amigo tomaron algunas fotos juntos. Ves que te etiquetaron en una publicación y realmente no te gusta cómo te ves, pero sabes que a largo plazo no importará.",N/A,¿Te preocupas tu apariencia en la foto publicada?,No,,https://drive.google.com/file/d/1NvTM1g3vx1Kut8y_4vvBJo79qKHzUztk/view?usp=sharing,330.jpg,2,
Situaciones Sociales,,,Positive,Contacto alternativo,"Conoces a un nuevo miembro del personal en la reunión en línea de tu departamento y te preguntan si tienes Facebook. Cuando le dices que no tienes Facebook, se calla. Es posible que esté pensando en otras formas de contactarte, lo que te hará sentir feliz.",N/A,¿Tu conocido se quedó callado porque te estaba juzgando?,No,,https://drive.google.com/file/d/1PEUKUXMS1lyIs1M8OykJgDxAj2U0uhUM/view?usp=sharing,493.jpg,2,
Situaciones Sociales,Salud Mental,Relaciones Románticas,Resilience/Negation,Zambullirte,Estás en la piscina local. Está lleno y te das cuenta que mucha gente podrá verte en tu traje de baño. Piensas en esto y te sientes inseguro.,Recuerdas que estarán concentrados en nadar y que todos los demás también estarán usando trajes de baño. Esto te reconforta.,¿Te sientes bien llevando tu traje de baño frente a ellos?,Sí,,https://drive.google.com/file/d/14PpW4hP6WC0D2w8vTG9u7dihy5qj4aKs/view?usp=sharing,207.jpg,2,
Situaciones Sociales,,,Positive,Fin de semana largo solo,"Tienes libre el lunes por un feriado y sabes que la gente hará planes para el fin de semana largo. Después de que un amigo cercano te dijo que estaban fuera de la ciudad durante el fin de semana, te das cuenta que no tienes a nadie con quien pasar el fin de semana largo. Esto te hace optimista acerca de hacer nuevos amigos la próxima semana.",N/A,¿Estás triste por el fin de semana largo?,,,https://drive.google.com/file/d/1_c7NWSgduJgJbKTFdnL3lsFX-QU5EPAG/view?usp=sharing,554.jpg,2,
Situaciones Sociales,Salud Física,,Positive,Fiesta sensacional,"Estás en una fiesta de cumpleaños para un amigo de un amigo. Te das cuenta que estás ruborizado y un poco sudado. Parado allí, piensas que estas sensaciones son normales.",N/A,Las personas probablemente...,No te verán tu sudor ya que la habitación está poco iluminada.,Notarán que estás sudando.,https://drive.google.com/file/d/1cfjkxrnn1-Ws7c5KzE7-FN0aIqqXiOQF/view?usp=sharing,409.jpg,2,
Situaciones Sociales,Salud Física,,Positive,Viendo a un viejo amigo,Ves a un viejo amigo con el que no has hablado en años. Tu corazón da un vuelco. Te sientes emocionado.,N/A,¿Está bien que sientas que tu corazón da un vuelco?,Sí,,https://drive.google.com/file/d/1y8Ol0_urR_KdDlcWEw9hZ979KBQ_ozHp/view?usp=sharing,432.jpg,2,
Situaciones Sociales,Académicos/Trabajo/Desarrollo Profesional,,Resilience/Negation,Cafetería,"Estás trabajando en un proyecto con un colega en una pequeña mesa en una cafetería. Cuando llega tu café, accidentalmente lo derramas sobre todos sus papeles, haciendo que tu colega salte con angustia.","Después de limpiar el desorden lo mejor que puedes, te das cuenta que su reacción fue normal, una respuesta rápida. Te dice que no está molesto contigo, y crees que es sincero.",Tu compañero de trabajo probablemente...,No está molesto.,Está molesto.,https://drive.google.com/file/d/1g0Aaap92WMbAwnbJvE20t419aXKMEHdi/view?usp=sharing,119.jpg,2,
Situaciones Sociales,,,Positive,Hablando con tu jefe,"Hay una pregunta personal que has querido hacerle a tu jefe por un tiempo, pero no lo has hecho. Te imaginas haciéndola cuando se reunan la próxima vez. Mientras piensas en la pregunta, te sientes preparado.",N/A,¿Te sientes entusiasmado por hacerle una pregunta a tu jefe?,Sí,,https://drive.google.com/file/d/14mVSNxKB88kHmK1Nd3S6M-2rUVzmmoxr/view?usp=sharing,540.jpg,2,
Situaciones Sociales,,,Positive,Interrumpiendo el silencio,Entras en una sala de reuniones tranquila unos minutos tarde. La puerta chirría muy fuerte cuando entras y tus compañeros de trabajo miran en tu dirección. Probablemente se sientan sorprendidos.,N/A,¿Tus compañeros de trabajo están molestos porque los molestaste?,No,,https://drive.google.com/file/d/1To4f_zxdcC6nVMeuf42V-32MmiEU5jxS/view?usp=sharing,552.jpg,2,
Situaciones Sociales,,,Negative,Encontrarte con un viejo conocido,Un conocido de hace muchos años se acaba de mudar a tu ciudad y te invita a tomar un café. Estás nervioso por volver a verlos después de tantos años y podrías decirles que estás demasiado ocupado. Estás en casa cuando llama para coordinar el café y decides contestar.,N/A,¿Le contestas a tu conocido para encontrarse para un café?,Sí,,https://drive.google.com/file/d/1pyQstjJZOoKDUECn8lpjVkVEJglsi_E8/view?usp=sharing,487.jpg,2,
Situaciones Sociales,,,Positive,Genio cómico,"Sales a almorzar con un grupo de amigos. Haces una broma que crees que es muy divertida, pero nadie se ríe realmente. Probablemente estaban distraídos.",N/A,¿Dijiste algo incorrecto?,No,,https://drive.google.com/file/d/12Y4uqZNuPSg8HgswTCK3obdaz50gCnDn/view?usp=sharing,535.jpg,2,
Situaciones Sociales,,,Positive,Nervios en un momento importante,"Estás a punto de dar una presentación y sientes que tu cuerpo tiembla. Normalmente, no te sientes así al hablar frente a las personas. Estas sensaciones de temblor significan que estás listo.",N/A,¿Las sensaciones de temblor significan que no estás preparado para la presentación?,No,,https://drive.google.com/file/d/1euj4QAMrOxGJVTxv0VX9mSsgDp8o5SwZ/view?usp=sharing,466.jpg,2,
Situaciones Sociales,Académicos/Trabajo/Desarrollo Profesional,,Positive,No invitado a cenar,"Acabas de empezar un nuevo trabajo y trabajas con mucha gente nueva. Escuchas a algunos de ellos reírse juntos y hablar de salir a cenar y esperas a que te inviten, ansioso por hacer amigos, pero no lo hacen. Cuando piensas en tu futuro con este grupo, te sientes bien.",N/A,¿Es demasiado tarde para hacerse amigo de tus nuevos compañeros de trabajo?,No,,https://drive.google.com/file/d/1nVCrQvzsMF5KCRUZMiYr0rakkwQqslrO/view?usp=sharing,15.jpg,2,
Situaciones Sociales,,,Positive,Dolor de garganta en la cena,"Haces planes para salir a cenar con un amigo, pero no estás seguro de si ha estado con un grupo grande de personas recientemente. Cuando llegan a cenar, el amigo sigue tomando sorbos de agua y explica que le hace cosquillas en la garganta. Supones que probablemente sea por hablar mucho durante la cena.",N/A,¿Crees que el hormigueo en la garganta de tu amigo es una señal de COVID?,No,,https://drive.google.com/file/d/1iUBlU7ly1x8P0g1Y7J45h4DQfcscVbxj/view?usp=sharing,513.jpg,2,
Situaciones Sociales,Salud Mental,,Positive,Temprano en la mañana,Acabas de empezar  un nuevo trabajo y unos amigos del trabajo quieren llevarte a una fiesta esta noche. Les haces saber que tienes que levantarte temprano  por la mañana para un evento importante y que no puedes ir con ellos y parecen decepcionados. Crees que tus nuevos amigos respetarán tu decisión de anteponer tus necesidades.,N/A,¿Tus amigos te juzgan por no salir con ellos?,No,,https://drive.google.com/file/d/1Zc-4xffN0v0XdDSXW-x1NAACedZAqgXQ/view?usp=sharing,340.jpg,2,
Situaciones Sociales,,,Resilience/Negation,Escuchando tu nombre,"En el trabajo, escuchas algunos compañeros hablando de otras personas y escuchas que mencionan tu nombre. No escuchas todo lo que dicen, pero cuando pasas por ellos, de repente miran hacia otro lado culpablemente.","Después, te das cuenta que muchas personas chismean en la oficina de vez en cuando y que tus compañeros probablemente no quisieron hacerte sentir mal. De hecho, es posible que estaban diciendo algo positivo.",¿Tus compañeros estaban diciendo algo negativo sobre ti?,No,,https://drive.google.com/file/d/1luHbcPLj4BFquei2XFd_e4PgL9z8fBaB/view?usp=sharing,321.jpg,2,
,,,,,,,,,,,,,
,,,,,,,,,,,,,